fact_id,entity,attribute,answer,template_id,row_1nn_prediction,row_1nn_correct,row_1nn_similarity,centroid_prediction,centroid_correct,centroid_rank,true_centroid_similarity,best_wrong_centroid_similarity,centroid_margin,variant,query_split
subject joked|registry_id,subject joked,registry_id,carved,validation-0,subject joked|registry_id,True,0.9076083302497864,subject joked|registry_id,True,1,0.8953439593315125,0.6219784617424011,0.27336549758911133,R0,validation
subject joked|registry_id,subject joked,registry_id,carved,validation-1,subject joked|registry_id,True,0.956379771232605,subject joked|registry_id,True,1,0.9542177319526672,0.6566469669342041,0.29757076501846313,R0,validation
subject joked|city_code,subject joked,city_code,prize,validation-0,subject joked|access_code,False,0.9210578799247742,subject joked|access_code,False,8,0.4019458293914795,0.9142150282859802,-0.5122691988945007,R0,validation
subject joked|city_code,subject joked,city_code,prize,validation-1,subject joked|city_code,True,0.9524686336517334,subject joked|city_code,True,1,0.9461642503738403,0.609007716178894,0.3371565341949463,R0,validation
subject joked|access_code,subject joked,access_code,train,validation-0,subject joked|access_code,True,0.8956283330917358,subject joked|access_code,True,1,0.878420352935791,0.6752699017524719,0.2031504511833191,R0,validation
subject joked|access_code,subject joked,access_code,train,validation-1,subject joked|access_code,True,0.9784336090087891,subject joked|access_code,True,1,0.9778224229812622,0.5732083320617676,0.40461409091949463,R0,validation
subject clut|registry_id,subject clut,registry_id,guide,validation-0,subject clut|registry_id,True,0.9171756505966187,subject clut|registry_id,True,1,0.9171385169029236,0.5994395017623901,0.31769901514053345,R0,validation
subject clut|registry_id,subject clut,registry_id,guide,validation-1,subject clut|registry_id,True,0.9734042882919312,subject clut|registry_id,True,1,0.9755501747131348,0.5209528803825378,0.4545972943305969,R0,validation
subject clut|city_code,subject clut,city_code,connecting,validation-0,subject clut|access_code,False,0.9332815408706665,subject clut|access_code,False,4,0.5138294696807861,0.9200063943862915,-0.40617692470550537,R0,validation
subject clut|city_code,subject clut,city_code,connecting,validation-1,subject clut|city_code,True,0.9724949598312378,subject clut|city_code,True,1,0.9685469269752502,0.5006760358810425,0.46787089109420776,R0,validation
subject clut|access_code,subject clut,access_code,calm,validation-0,subject clut|access_code,True,0.9328188896179199,subject clut|access_code,True,1,0.92991042137146,0.6349780559539795,0.29493236541748047,R0,validation
subject clut|access_code,subject clut,access_code,calm,validation-1,subject clut|access_code,True,0.9610284566879272,subject clut|access_code,True,1,0.9536241888999939,0.5981718897819519,0.355452299118042,R0,validation
subject louder|registry_id,subject louder,registry_id,worries,validation-0,subject louder|registry_id,True,0.873484194278717,subject louder|registry_id,True,1,0.8599144816398621,0.5967777371406555,0.26313674449920654,R0,validation
subject louder|registry_id,subject louder,registry_id,worries,validation-1,subject louder|registry_id,True,0.9696148037910461,subject louder|registry_id,True,1,0.958537757396698,0.5996761322021484,0.35886162519454956,R0,validation
subject louder|city_code,subject louder,city_code,glow,validation-0,subject louder|access_code,False,0.895948588848114,subject louder|access_code,False,9,0.35224130749702454,0.8829331398010254,-0.5306918323040009,R0,validation
subject louder|city_code,subject louder,city_code,glow,validation-1,subject louder|city_code,True,0.9408804178237915,subject louder|city_code,True,1,0.9282850027084351,0.6369690895080566,0.2913159132003784,R0,validation
subject louder|access_code,subject louder,access_code,glanc,validation-0,subject louder|access_code,True,0.8814303278923035,subject louder|access_code,True,1,0.8691872358322144,0.6465691924095154,0.22261804342269897,R0,validation
subject louder|access_code,subject louder,access_code,glanc,validation-1,subject louder|access_code,True,0.9477830529212952,subject louder|access_code,True,1,0.9355549812316895,0.5355880856513977,0.39996689558029175,R0,validation
subject deer|registry_id,subject deer,registry_id,beep,validation-0,subject deer|registry_id,True,0.8845244646072388,subject deer|registry_id,True,1,0.8716404438018799,0.6020807027816772,0.26955974102020264,R0,validation
subject deer|registry_id,subject deer,registry_id,beep,validation-1,subject clut|registry_id,False,0.8040800094604492,subject deer|registry_id,True,1,0.7632150053977966,0.7538833618164062,0.00933164358139038,R0,validation
subject deer|city_code,subject deer,city_code,students,validation-0,subject deer|access_code,False,0.9330986142158508,subject deer|access_code,False,3,0.536816418170929,0.9150016903877258,-0.3781852722167969,R0,validation
subject deer|city_code,subject deer,city_code,students,validation-1,subject deer|city_code,True,0.7430457472801208,subject deer|city_code,True,1,0.72162926197052,0.7127618193626404,0.008867442607879639,R0,validation
subject deer|access_code,subject deer,access_code,bond,validation-0,subject deer|access_code,True,0.9268414378166199,subject deer|access_code,True,1,0.9191859364509583,0.6134463548660278,0.3057395815849304,R0,validation
subject deer|access_code,subject deer,access_code,bond,validation-1,subject deer|access_code,True,0.7278843522071838,subject deer|access_code,True,1,0.7250292301177979,0.6994231939315796,0.02560603618621826,R0,validation
subject sent|registry_id,subject sent,registry_id,butterf,validation-0,subject sent|registry_id,True,0.9097948670387268,subject sent|registry_id,True,1,0.9011891484260559,0.6075316667556763,0.29365748167037964,R0,validation
subject sent|registry_id,subject sent,registry_id,butterf,validation-1,subject sent|registry_id,True,0.9090498685836792,subject sent|registry_id,True,1,0.8928796052932739,0.7365589141845703,0.1563206911087036,R0,validation
subject sent|city_code,subject sent,city_code,clapped,validation-0,subject sent|access_code,False,0.9338152408599854,subject sent|access_code,False,3,0.5086353421211243,0.912889838218689,-0.4042544960975647,R0,validation
subject sent|city_code,subject sent,city_code,clapped,validation-1,subject sent|city_code,True,0.9616484642028809,subject sent|city_code,True,1,0.9511037468910217,0.6865091919898987,0.26459455490112305,R0,validation
subject sent|access_code,subject sent,access_code,breathe,validation-0,subject sent|access_code,True,0.9436968564987183,subject sent|access_code,True,1,0.9322286248207092,0.6513755321502686,0.2808530926704407,R0,validation
subject sent|access_code,subject sent,access_code,breathe,validation-1,subject sent|access_code,True,0.9606934785842896,subject sent|access_code,True,1,0.9451915621757507,0.7498101592063904,0.19538140296936035,R0,validation
subject shimmered|registry_id,subject shimmered,registry_id,shining,validation-0,subject shimmered|registry_id,True,0.8583467602729797,subject shimmered|registry_id,True,1,0.8478502631187439,0.5949132442474365,0.2529370188713074,R0,validation
subject shimmered|registry_id,subject shimmered,registry_id,shining,validation-1,subject shimmered|registry_id,True,0.9360175132751465,subject shimmered|registry_id,True,1,0.9291732907295227,0.6149645447731018,0.3142087459564209,R0,validation
subject shimmered|city_code,subject shimmered,city_code,house,validation-0,subject shimmered|access_code,False,0.9141021370887756,subject shimmered|access_code,False,10,0.3542076647281647,0.904840886592865,-0.5506332218647003,R0,validation
subject shimmered|city_code,subject shimmered,city_code,house,validation-1,subject shimmered|city_code,True,0.9305263161659241,subject shimmered|city_code,True,1,0.9264691472053528,0.6432628631591797,0.2832062840461731,R0,validation
subject shimmered|access_code,subject shimmered,access_code,inno,validation-0,subject shimmered|access_code,True,0.882250964641571,subject shimmered|access_code,True,1,0.8621389865875244,0.6752614378929138,0.1868775486946106,R0,validation
subject shimmered|access_code,subject shimmered,access_code,inno,validation-1,subject shimmered|access_code,True,0.9280058741569519,subject shimmered|access_code,True,1,0.9186581969261169,0.6206433773040771,0.2980148196220398,R0,validation
subject solved|registry_id,subject solved,registry_id,bottle,validation-0,subject solved|registry_id,True,0.9133804440498352,subject solved|registry_id,True,1,0.9089449644088745,0.6736218333244324,0.23532313108444214,R0,validation
subject solved|registry_id,subject solved,registry_id,bottle,validation-1,subject solved|registry_id,True,0.955812931060791,subject solved|registry_id,True,1,0.9512296319007874,0.5957728028297424,0.3554568290710449,R0,validation
subject solved|city_code,subject solved,city_code,gloom,validation-0,subject solved|access_code,False,0.9327477216720581,subject solved|access_code,False,3,0.5566129684448242,0.9195685386657715,-0.36295557022094727,R0,validation
subject solved|city_code,subject solved,city_code,gloom,validation-1,subject solved|city_code,True,0.9451215863227844,subject solved|city_code,True,1,0.9427374005317688,0.6251581311225891,0.3175792694091797,R0,validation
subject solved|access_code,subject solved,access_code,huge,validation-0,subject solved|access_code,True,0.9568700790405273,subject solved|access_code,True,1,0.9413930177688599,0.6147109270095825,0.32668209075927734,R0,validation
subject solved|access_code,subject solved,access_code,huge,validation-1,subject solved|access_code,True,0.9521404504776001,subject solved|access_code,True,1,0.9397872090339661,0.6304646730422974,0.3093225359916687,R0,validation
subject swim|registry_id,subject swim,registry_id,whatever,validation-0,subject swim|registry_id,True,0.9157131910324097,subject swim|registry_id,True,1,0.9014341235160828,0.5832619071006775,0.3181722164154053,R0,validation
subject swim|registry_id,subject swim,registry_id,whatever,validation-1,subject swim|registry_id,True,0.9532986283302307,subject swim|registry_id,True,1,0.9434500336647034,0.6769552826881409,0.2664947509765625,R0,validation
subject swim|city_code,subject swim,city_code,arms,validation-0,subject swim|access_code,False,0.9122642278671265,subject swim|access_code,False,4,0.5132912993431091,0.8963513374328613,-0.3830600380897522,R0,validation
subject swim|city_code,subject swim,city_code,arms,validation-1,subject swim|city_code,True,0.9602216482162476,subject swim|city_code,True,1,0.9553791880607605,0.6037812232971191,0.35159796476364136,R0,validation
subject swim|access_code,subject swim,access_code,gems,validation-0,subject swim|access_code,True,0.9212481379508972,subject swim|access_code,True,1,0.9076371192932129,0.6968256831169128,0.21081143617630005,R0,validation
subject swim|access_code,subject swim,access_code,gems,validation-1,subject swim|access_code,True,0.9750049114227295,subject swim|access_code,True,1,0.9645121097564697,0.5683680772781372,0.3961440324783325,R0,validation
subject deter|registry_id,subject deter,registry_id,jumped,validation-0,subject deter|registry_id,True,0.8820030689239502,subject deter|registry_id,True,1,0.8741133809089661,0.5464918613433838,0.3276215195655823,R0,validation
subject deter|registry_id,subject deter,registry_id,jumped,validation-1,subject deter|registry_id,True,0.9258620142936707,subject deter|registry_id,True,1,0.9177736639976501,0.604863703250885,0.31290996074676514,R0,validation
subject deter|city_code,subject deter,city_code,snowman,validation-0,subject deter|access_code,False,0.9439769387245178,subject deter|access_code,False,3,0.4684905409812927,0.9327813982963562,-0.4642908573150635,R0,validation
subject deter|city_code,subject deter,city_code,snowman,validation-1,subject deter|city_code,True,0.9349824786186218,subject deter|city_code,True,1,0.9347813725471497,0.5916603803634644,0.3431209921836853,R0,validation
subject deter|access_code,subject deter,access_code,after,validation-0,subject deter|access_code,True,0.9445674419403076,subject deter|access_code,True,1,0.9310638308525085,0.5956162810325623,0.3354475498199463,R0,validation
subject deter|access_code,subject deter,access_code,after,validation-1,subject deter|access_code,True,0.926277756690979,subject deter|access_code,True,1,0.921203076839447,0.546464741230011,0.37473833560943604,R0,validation
subject excited|registry_id,subject excited,registry_id,tricky,validation-0,subject excited|registry_id,True,0.9022486209869385,subject excited|registry_id,True,1,0.9029642343521118,0.5725635290145874,0.3304007053375244,R0,validation
subject excited|registry_id,subject excited,registry_id,tricky,validation-1,subject excited|registry_id,True,0.9352663159370422,subject excited|registry_id,True,1,0.9087205529212952,0.6606356501579285,0.2480849027633667,R0,validation
subject excited|city_code,subject excited,city_code,conqu,validation-0,subject excited|access_code,False,0.9357976317405701,subject excited|access_code,False,7,0.38000816106796265,0.9203054904937744,-0.5402973294258118,R0,validation
subject excited|city_code,subject excited,city_code,conqu,validation-1,subject excited|city_code,True,0.9633641242980957,subject excited|city_code,True,1,0.9512845873832703,0.5694893002510071,0.3817952871322632,R0,validation
subject excited|access_code,subject excited,access_code,imag,validation-0,subject excited|access_code,True,0.9134918451309204,subject excited|access_code,True,1,0.898741602897644,0.6377415060997009,0.2610000967979431,R0,validation
subject excited|access_code,subject excited,access_code,imag,validation-1,subject excited|access_code,True,0.9400286078453064,subject excited|access_code,True,1,0.926670491695404,0.5653709769248962,0.3612995147705078,R0,validation
subject encour|registry_id,subject encour,registry_id,safely,validation-0,subject swim|registry_id,False,0.6358827948570251,subject swim|registry_id,False,4,0.5449354648590088,0.6197850704193115,-0.07484960556030273,R0,validation
subject encour|registry_id,subject encour,registry_id,safely,validation-1,subject clut|registry_id,False,0.7940899133682251,subject clut|registry_id,False,2,0.755251944065094,0.7696809768676758,-0.014429032802581787,R0,validation
subject encour|city_code,subject encour,city_code,snowf,validation-0,subject swim|access_code,False,0.7359505295753479,subject swim|access_code,False,30,-0.12356775999069214,0.727007269859314,-0.8505750298500061,R0,validation
subject encour|city_code,subject encour,city_code,snowf,validation-1,subject encour|city_code,True,0.7306795716285706,subject encour|city_code,True,1,0.6931384801864624,0.6848410964012146,0.008297383785247803,R0,validation
subject encour|access_code,subject encour,access_code,uncover,validation-0,subject encour|access_code,True,0.8069781064987183,subject encour|access_code,True,1,0.7756359577178955,0.7286347150802612,0.04700124263763428,R0,validation
subject encour|access_code,subject encour,access_code,uncover,validation-1,subject clut|access_code,False,0.790627658367157,subject clut|access_code,False,5,0.5560494661331177,0.7712019085884094,-0.21515244245529175,R0,validation
subject finds|registry_id,subject finds,registry_id,transform,validation-0,subject finds|registry_id,True,0.8881564140319824,subject finds|registry_id,True,1,0.8756483793258667,0.5885374546051025,0.28711092472076416,R0,validation
subject finds|registry_id,subject finds,registry_id,transform,validation-1,subject finds|registry_id,True,0.9536485075950623,subject finds|registry_id,True,1,0.9328186511993408,0.6130828857421875,0.3197357654571533,R0,validation
subject finds|city_code,subject finds,city_code,spirit,validation-0,subject finds|access_code,False,0.9346368908882141,subject finds|access_code,False,5,0.4693607985973358,0.9289876818656921,-0.4596268832683563,R0,validation
subject finds|city_code,subject finds,city_code,spirit,validation-1,subject finds|city_code,True,0.9656083583831787,subject finds|city_code,True,1,0.9644416570663452,0.559806764125824,0.40463489294052124,R0,validation
subject finds|access_code,subject finds,access_code,door,validation-0,subject finds|access_code,True,0.933995246887207,subject finds|access_code,True,1,0.9212771654129028,0.6147773265838623,0.3064998388290405,R0,validation
subject finds|access_code,subject finds,access_code,door,validation-1,subject finds|access_code,True,0.9730411767959595,subject finds|access_code,True,1,0.9736148715019226,0.5412774085998535,0.4323374629020691,R0,validation
subject skills|registry_id,subject skills,registry_id,seek,validation-0,subject skills|registry_id,True,0.8935284614562988,subject skills|registry_id,True,1,0.8833369612693787,0.6038103699684143,0.27952659130096436,R0,validation
subject skills|registry_id,subject skills,registry_id,seek,validation-1,subject skills|registry_id,True,0.9762240052223206,subject skills|registry_id,True,1,0.9692615270614624,0.601078450679779,0.36818307638168335,R0,validation
subject skills|city_code,subject skills,city_code,sank,validation-0,subject skills|access_code,False,0.9301779270172119,subject skills|access_code,False,3,0.5263816714286804,0.9110417366027832,-0.3846600651741028,R0,validation
subject skills|city_code,subject skills,city_code,sank,validation-1,subject skills|city_code,True,0.9603280425071716,subject skills|city_code,True,1,0.958207368850708,0.5977972745895386,0.36041009426116943,R0,validation
subject skills|access_code,subject skills,access_code,whale,validation-0,subject skills|access_code,True,0.9373172521591187,subject skills|access_code,True,1,0.9245565533638,0.6048108339309692,0.3197457194328308,R0,validation
subject skills|access_code,subject skills,access_code,whale,validation-1,subject skills|access_code,True,0.9647817611694336,subject skills|access_code,True,1,0.9571859240531921,0.5734603404998779,0.3837255835533142,R0,validation
subject dawn|registry_id,subject dawn,registry_id,sneak,validation-0,subject dawn|registry_id,True,0.8748539686203003,subject dawn|registry_id,True,1,0.8663082122802734,0.5514801144599915,0.314828097820282,R0,validation
subject dawn|registry_id,subject dawn,registry_id,sneak,validation-1,subject dawn|registry_id,True,0.9425125122070312,subject dawn|registry_id,True,1,0.9404487609863281,0.5610221028327942,0.37942665815353394,R0,validation
subject dawn|city_code,subject dawn,city_code,shiny,validation-0,subject dawn|access_code,False,0.9015435576438904,subject dawn|access_code,False,8,0.3757682144641876,0.896955668926239,-0.5211874544620514,R0,validation
subject dawn|city_code,subject dawn,city_code,shiny,validation-1,subject dawn|city_code,True,0.9617013335227966,subject dawn|city_code,True,1,0.9534696340560913,0.5981278419494629,0.3553417921066284,R0,validation
subject dawn|access_code,subject dawn,access_code,pretending,validation-0,subject dawn|access_code,True,0.8759442567825317,subject dawn|access_code,True,1,0.8507636785507202,0.7284735441207886,0.12229013442993164,R0,validation
subject dawn|access_code,subject dawn,access_code,pretending,validation-1,subject dawn|access_code,True,0.949708878993988,subject dawn|access_code,True,1,0.937140166759491,0.5189066529273987,0.4182335138320923,R0,validation
subject swung|registry_id,subject swung,registry_id,outs,validation-0,subject swung|registry_id,True,0.8700775504112244,subject swung|registry_id,True,1,0.8618239760398865,0.5791162252426147,0.28270775079727173,R0,validation
subject swung|registry_id,subject swung,registry_id,outs,validation-1,subject swung|registry_id,True,0.9366708397865295,subject swung|registry_id,True,1,0.9284552335739136,0.622830331325531,0.30562490224838257,R0,validation
subject swung|city_code,subject swung,city_code,loomed,validation-0,subject swung|access_code,False,0.9020059108734131,subject swung|access_code,False,5,0.4303359091281891,0.8913152813911438,-0.4609793722629547,R0,validation
subject swung|city_code,subject swung,city_code,loomed,validation-1,subject swung|city_code,True,0.9409295916557312,subject swung|city_code,True,1,0.9372553825378418,0.6151283383369446,0.3221270442008972,R0,validation
subject swung|access_code,subject swung,access_code,heavy,validation-0,subject swung|access_code,True,0.8870261907577515,subject swung|access_code,True,1,0.8738248348236084,0.744017481803894,0.12980735301971436,R0,validation
subject swung|access_code,subject swung,access_code,heavy,validation-1,subject swung|access_code,True,0.9734693169593811,subject swung|access_code,True,1,0.9745774865150452,0.5662705302238464,0.40830695629119873,R0,validation
subject lovely|registry_id,subject lovely,registry_id,swayed,validation-0,subject lovely|registry_id,True,0.9033815860748291,subject lovely|registry_id,True,1,0.889961302280426,0.577410101890564,0.31255120038986206,R0,validation
subject lovely|registry_id,subject lovely,registry_id,swayed,validation-1,subject lovely|registry_id,True,0.9541325569152832,subject lovely|registry_id,True,1,0.9543235898017883,0.5512252449989319,0.40309834480285645,R0,validation
subject lovely|city_code,subject lovely,city_code,favorite,validation-0,subject lovely|access_code,False,0.9130902290344238,subject lovely|access_code,False,6,0.4180837571620941,0.9070128202438354,-0.48892906308174133,R0,validation
subject lovely|city_code,subject lovely,city_code,favorite,validation-1,subject lovely|city_code,True,0.9688289165496826,subject lovely|city_code,True,1,0.9675725102424622,0.6112554669380188,0.35631704330444336,R0,validation
subject lovely|access_code,subject lovely,access_code,higher,validation-0,subject lovely|access_code,True,0.8886310458183289,subject lovely|access_code,True,1,0.8816653490066528,0.6339616179466248,0.24770373106002808,R0,validation
subject lovely|access_code,subject lovely,access_code,higher,validation-1,subject lovely|access_code,True,0.9630452990531921,subject lovely|access_code,True,1,0.9613880515098572,0.5571348667144775,0.40425318479537964,R0,validation
subject joked|registry_id,subject joked,registry_id,carved,test-0,subject joked|registry_id,True,0.9070479869842529,subject joked|registry_id,True,1,0.9042452573776245,0.6446846127510071,0.25956064462661743,R0,development
subject joked|registry_id,subject joked,registry_id,carved,test-1,subject joked|access_code,False,0.853004515171051,subject joked|access_code,False,2,0.7287233471870422,0.8485665321350098,-0.11984318494796753,R0,development
subject joked|registry_id,subject joked,registry_id,carved,test-2,subject joked|registry_id,True,0.9171792268753052,subject joked|registry_id,True,1,0.9026797413825989,0.6589819192886353,0.24369782209396362,R0,development
subject joked|registry_id,subject joked,registry_id,carved,test-3,subject joked|registry_id,True,0.9593862295150757,subject joked|registry_id,True,1,0.9540829062461853,0.5673699975013733,0.386712908744812,R0,development
subject joked|city_code,subject joked,city_code,prize,test-0,subject joked|access_code,False,0.8668240904808044,subject joked|access_code,False,2,0.8038438558578491,0.8533739447593689,-0.049530088901519775,R0,development
subject joked|city_code,subject joked,city_code,prize,test-1,subject joked|access_code,False,0.9580573439598083,subject joked|access_code,False,6,0.49928614497184753,0.9514244198799133,-0.4521382749080658,R0,development
subject joked|city_code,subject joked,city_code,prize,test-2,subject joked|access_code,False,0.8895580768585205,subject joked|access_code,False,2,0.7121623158454895,0.8885030746459961,-0.1763407588005066,R0,development
subject joked|city_code,subject joked,city_code,prize,test-3,subject joked|city_code,True,0.8906066417694092,subject joked|city_code,True,1,0.8762267827987671,0.643322765827179,0.23290401697158813,R0,development
subject joked|access_code,subject joked,access_code,train,test-0,subject joked|city_code,False,0.8594371676445007,subject joked|city_code,False,2,0.7582811713218689,0.8403013944625854,-0.08202022314071655,R0,development
subject joked|access_code,subject joked,access_code,train,test-1,subject joked|access_code,True,0.9249837398529053,subject joked|access_code,True,1,0.918912947177887,0.6767487525939941,0.24216419458389282,R0,development
subject joked|access_code,subject joked,access_code,train,test-2,subject joked|access_code,True,0.947974681854248,subject joked|access_code,True,1,0.9425556659698486,0.6512703895568848,0.29128527641296387,R0,development
subject joked|access_code,subject joked,access_code,train,test-3,subject joked|access_code,True,0.9248588681221008,subject joked|access_code,True,1,0.9128576517105103,0.7026336193084717,0.21022403240203857,R0,development
subject clut|registry_id,subject clut,registry_id,guide,test-0,subject clut|registry_id,True,0.9519783854484558,subject clut|registry_id,True,1,0.9445112943649292,0.5737781524658203,0.3707331418991089,R0,development
subject clut|registry_id,subject clut,registry_id,guide,test-1,subject clut|access_code,False,0.8594932556152344,subject clut|access_code,False,2,0.7613385319709778,0.8450489044189453,-0.08371037244796753,R0,development
subject clut|registry_id,subject clut,registry_id,guide,test-2,subject clut|registry_id,True,0.8595513105392456,subject clut|registry_id,True,1,0.8460667133331299,0.5404906272888184,0.3055760860443115,R0,development
subject clut|registry_id,subject clut,registry_id,guide,test-3,subject clut|registry_id,True,0.9614932537078857,subject clut|registry_id,True,1,0.9632393717765808,0.5415709614753723,0.4216684103012085,R0,development
subject clut|city_code,subject clut,city_code,connecting,test-0,subject clut|access_code,False,0.8402740955352783,subject clut|access_code,False,2,0.77627032995224,0.8155458569526672,-0.039275527000427246,R0,development
subject clut|city_code,subject clut,city_code,connecting,test-1,subject clut|access_code,False,0.9345130324363708,subject clut|access_code,False,3,0.5322166085243225,0.926943302154541,-0.3947266936302185,R0,development
subject clut|city_code,subject clut,city_code,connecting,test-2,subject clut|access_code,False,0.849814772605896,subject clut|access_code,False,2,0.5697896480560303,0.832825243473053,-0.2630355954170227,R0,development
subject clut|city_code,subject clut,city_code,connecting,test-3,subject clut|city_code,True,0.8533884286880493,subject clut|city_code,True,1,0.8380517363548279,0.7552939057350159,0.08275783061981201,R0,development
subject clut|access_code,subject clut,access_code,calm,test-0,subject clut|city_code,False,0.7626636028289795,subject clut|city_code,False,2,0.7331396341323853,0.7488915324211121,-0.015751898288726807,R0,development
subject clut|access_code,subject clut,access_code,calm,test-1,subject clut|access_code,True,0.9322953224182129,subject clut|access_code,True,1,0.928356409072876,0.6624974012374878,0.2658590078353882,R0,development
subject clut|access_code,subject clut,access_code,calm,test-2,subject clut|access_code,True,0.883206844329834,subject clut|access_code,True,1,0.8762943148612976,0.673100471496582,0.20319384336471558,R0,development
subject clut|access_code,subject clut,access_code,calm,test-3,subject clut|access_code,True,0.9266673922538757,subject clut|access_code,True,1,0.9186989665031433,0.6070944666862488,0.31160449981689453,R0,development
subject louder|registry_id,subject louder,registry_id,worries,test-0,subject louder|registry_id,True,0.9217695593833923,subject louder|registry_id,True,1,0.9098061919212341,0.6180374622344971,0.29176872968673706,R0,development
subject louder|registry_id,subject louder,registry_id,worries,test-1,subject louder|access_code,False,0.7586665153503418,subject louder|access_code,False,2,0.617106020450592,0.740777313709259,-0.12367129325866699,R0,development
subject louder|registry_id,subject louder,registry_id,worries,test-2,subject louder|registry_id,True,0.892861545085907,subject louder|registry_id,True,1,0.883811354637146,0.6068657636642456,0.2769455909729004,R0,development
subject louder|registry_id,subject louder,registry_id,worries,test-3,subject louder|registry_id,True,0.9331963658332825,subject louder|registry_id,True,1,0.9308403730392456,0.564645528793335,0.36619484424591064,R0,development
subject louder|city_code,subject louder,city_code,glow,test-0,subject louder|city_code,True,0.7914316654205322,subject louder|city_code,True,1,0.7629126906394958,0.7057924270629883,0.05712026357650757,R0,development
subject louder|city_code,subject louder,city_code,glow,test-1,subject louder|access_code,False,0.8087900280952454,subject louder|access_code,False,17,0.18631942570209503,0.7908722758293152,-0.6045528501272202,R0,development
subject louder|city_code,subject louder,city_code,glow,test-2,subject louder|access_code,False,0.8791316747665405,subject louder|access_code,False,2,0.6244187951087952,0.8644745349884033,-0.24005573987960815,R0,development
subject louder|city_code,subject louder,city_code,glow,test-3,subject louder|city_code,True,0.8178501725196838,subject louder|city_code,True,1,0.7955763339996338,0.6833786368370056,0.11219769716262817,R0,development
subject louder|access_code,subject louder,access_code,glanc,test-0,subject louder|city_code,False,0.8069508671760559,subject louder|city_code,False,3,0.6522685885429382,0.7803265452384949,-0.12805795669555664,R0,development
subject louder|access_code,subject louder,access_code,glanc,test-1,subject louder|access_code,True,0.8223888278007507,subject louder|access_code,True,1,0.8115847706794739,0.701836884021759,0.10974788665771484,R0,development
subject louder|access_code,subject louder,access_code,glanc,test-2,subject louder|access_code,True,0.9314892292022705,subject louder|access_code,True,1,0.9263851642608643,0.6956366896629333,0.2307484745979309,R0,development
subject louder|access_code,subject louder,access_code,glanc,test-3,subject louder|access_code,True,0.9108746647834778,subject louder|access_code,True,1,0.8951396942138672,0.559130072593689,0.3360096216201782,R0,development
subject deer|registry_id,subject deer,registry_id,beep,test-0,subject deer|registry_id,True,0.9249880313873291,subject deer|registry_id,True,1,0.9203968048095703,0.5960856080055237,0.32431119680404663,R0,development
subject deer|registry_id,subject deer,registry_id,beep,test-1,subject deer|access_code,False,0.7597692608833313,subject deer|access_code,False,2,0.6616982221603394,0.7520274519920349,-0.09032922983169556,R0,development
subject deer|registry_id,subject deer,registry_id,beep,test-2,subject deer|registry_id,True,0.8756057024002075,subject deer|registry_id,True,1,0.862678587436676,0.5644158124923706,0.2982627749443054,R0,development
subject deer|registry_id,subject deer,registry_id,beep,test-3,subject deer|registry_id,True,0.9456653594970703,subject deer|registry_id,True,1,0.9451970458030701,0.6333840489387512,0.31181299686431885,R0,development
subject deer|city_code,subject deer,city_code,students,test-0,subject deer|access_code,False,0.8225394487380981,subject deer|access_code,False,2,0.7767629027366638,0.8022091388702393,-0.02544623613357544,R0,development
subject deer|city_code,subject deer,city_code,students,test-1,subject deer|access_code,False,0.8842058777809143,subject deer|access_code,False,7,0.387196809053421,0.8714053630828857,-0.4842085540294647,R0,development
subject deer|city_code,subject deer,city_code,students,test-2,subject deer|access_code,False,0.7888995409011841,subject deer|access_code,False,2,0.7124032378196716,0.7682921290397644,-0.05588889122009277,R0,development
subject deer|city_code,subject deer,city_code,students,test-3,subject deer|city_code,True,0.8573375940322876,subject deer|city_code,True,1,0.8369196057319641,0.709723174571991,0.12719643115997314,R0,development
subject deer|access_code,subject deer,access_code,bond,test-0,subject deer|city_code,False,0.8266517519950867,subject deer|city_code,False,3,0.6057034134864807,0.8112285733222961,-0.20552515983581543,R0,development
subject deer|access_code,subject deer,access_code,bond,test-1,subject deer|access_code,True,0.8374904990196228,subject deer|access_code,True,1,0.8160185217857361,0.627437949180603,0.18858057260513306,R0,development
subject deer|access_code,subject deer,access_code,bond,test-2,subject deer|access_code,True,0.8825913667678833,subject deer|access_code,True,1,0.8698517680168152,0.6309759616851807,0.23887580633163452,R0,development
subject deer|access_code,subject deer,access_code,bond,test-3,subject deer|access_code,True,0.9117212891578674,subject deer|access_code,True,1,0.9028114080429077,0.603881299495697,0.2989301085472107,R0,development
subject sent|registry_id,subject sent,registry_id,butterf,test-0,subject sent|registry_id,True,0.9339708685874939,subject sent|registry_id,True,1,0.9101797342300415,0.6447088718414307,0.26547086238861084,R0,development
subject sent|registry_id,subject sent,registry_id,butterf,test-1,subject sent|access_code,False,0.8112147450447083,subject sent|access_code,False,2,0.7088168859481812,0.7919768691062927,-0.08315998315811157,R0,development
subject sent|registry_id,subject sent,registry_id,butterf,test-2,subject sent|registry_id,True,0.8763176202774048,subject sent|registry_id,True,1,0.838903546333313,0.6526464819908142,0.18625706434249878,R0,development
subject sent|registry_id,subject sent,registry_id,butterf,test-3,subject sent|registry_id,True,0.9531722664833069,subject sent|registry_id,True,1,0.9520705938339233,0.5992047190666199,0.35286587476730347,R0,development
subject sent|city_code,subject sent,city_code,clapped,test-0,subject sent|access_code,False,0.8979705572128296,subject sent|access_code,False,2,0.7360244393348694,0.8809598088264465,-0.14493536949157715,R0,development
subject sent|city_code,subject sent,city_code,clapped,test-1,subject sent|access_code,False,0.9191877841949463,subject sent|access_code,False,9,0.4511720538139343,0.9024938344955444,-0.4513217806816101,R0,development
subject sent|city_code,subject sent,city_code,clapped,test-2,subject sent|access_code,False,0.8968390226364136,subject sent|access_code,False,2,0.6585891246795654,0.8881648778915405,-0.2295757532119751,R0,development
subject sent|city_code,subject sent,city_code,clapped,test-3,subject sent|city_code,True,0.8935433626174927,subject sent|city_code,True,1,0.8708707094192505,0.7193508148193359,0.15151989459991455,R0,development
subject sent|access_code,subject sent,access_code,breathe,test-0,subject sent|city_code,False,0.8194319605827332,subject sent|city_code,False,2,0.7387258410453796,0.8002024292945862,-0.06147658824920654,R0,development
subject sent|access_code,subject sent,access_code,breathe,test-1,subject sent|access_code,True,0.9114294052124023,subject sent|access_code,True,1,0.8954197764396667,0.6709040999412537,0.22451567649841309,R0,development
subject sent|access_code,subject sent,access_code,breathe,test-2,subject sent|access_code,True,0.9409688711166382,subject sent|access_code,True,1,0.9286598563194275,0.6179105043411255,0.310749351978302,R0,development
subject sent|access_code,subject sent,access_code,breathe,test-3,subject sent|access_code,True,0.9436780214309692,subject sent|access_code,True,1,0.9287444353103638,0.6667159795761108,0.26202845573425293,R0,development
subject shimmered|registry_id,subject shimmered,registry_id,shining,test-0,subject shimmered|registry_id,True,0.8955079317092896,subject shimmered|registry_id,True,1,0.8885892629623413,0.5236729979515076,0.36491626501083374,R0,development
subject shimmered|registry_id,subject shimmered,registry_id,shining,test-1,subject shimmered|access_code,False,0.8380239605903625,subject shimmered|access_code,False,2,0.7658022046089172,0.8200656771659851,-0.05426347255706787,R0,development
subject shimmered|registry_id,subject shimmered,registry_id,shining,test-2,subject shimmered|registry_id,True,0.8553286790847778,subject shimmered|registry_id,True,1,0.8527390360832214,0.5292332768440247,0.3235057592391968,R0,development
subject shimmered|registry_id,subject shimmered,registry_id,shining,test-3,subject shimmered|registry_id,True,0.9391812682151794,subject shimmered|registry_id,True,1,0.9380915760993958,0.47487714886665344,0.4632144272327423,R0,development
subject shimmered|city_code,subject shimmered,city_code,house,test-0,subject shimmered|access_code,False,0.8846691846847534,subject shimmered|access_code,False,2,0.5993019938468933,0.8796522617340088,-0.2803502678871155,R0,development
subject shimmered|city_code,subject shimmered,city_code,house,test-1,subject shimmered|access_code,False,0.913421630859375,subject shimmered|access_code,False,4,0.4923792779445648,0.9124734401702881,-0.42009416222572327,R0,development
subject shimmered|city_code,subject shimmered,city_code,house,test-2,subject shimmered|access_code,False,0.8709700703620911,subject shimmered|access_code,False,2,0.5983213186264038,0.8435750603675842,-0.24525374174118042,R0,development
subject shimmered|city_code,subject shimmered,city_code,house,test-3,subject shimmered|city_code,True,0.8180041313171387,subject shimmered|city_code,True,1,0.7891952991485596,0.6300884485244751,0.15910685062408447,R0,development
subject shimmered|access_code,subject shimmered,access_code,inno,test-0,subject shimmered|city_code,False,0.7242057919502258,subject shimmered|city_code,False,2,0.6891796588897705,0.6998628973960876,-0.010683238506317139,R0,development
subject shimmered|access_code,subject shimmered,access_code,inno,test-1,subject shimmered|access_code,True,0.9444859623908997,subject shimmered|access_code,True,1,0.9311111569404602,0.6862255930900574,0.24488556385040283,R0,development
subject shimmered|access_code,subject shimmered,access_code,inno,test-2,subject shimmered|access_code,True,0.917123019695282,subject shimmered|access_code,True,1,0.9014561772346497,0.6655692458152771,0.23588693141937256,R0,development
subject shimmered|access_code,subject shimmered,access_code,inno,test-3,subject shimmered|access_code,True,0.8973966240882874,subject shimmered|access_code,True,1,0.8841947317123413,0.6650534272193909,0.21914130449295044,R0,development
subject solved|registry_id,subject solved,registry_id,bottle,test-0,subject solved|registry_id,True,0.9280782341957092,subject solved|registry_id,True,1,0.925493061542511,0.6163783073425293,0.3091147541999817,R0,development
subject solved|registry_id,subject solved,registry_id,bottle,test-1,subject solved|access_code,False,0.693190336227417,subject excited|access_code,False,3,0.5142497420310974,0.6644708514213562,-0.1502211093902588,R0,development
subject solved|registry_id,subject solved,registry_id,bottle,test-2,subject solved|registry_id,True,0.9106428623199463,subject solved|registry_id,True,1,0.9019919037818909,0.6211272478103638,0.2808646559715271,R0,development
subject solved|registry_id,subject solved,registry_id,bottle,test-3,subject solved|registry_id,True,0.9660653471946716,subject solved|registry_id,True,1,0.9614648818969727,0.5740565061569214,0.38740837574005127,R0,development
subject solved|city_code,subject solved,city_code,gloom,test-0,subject solved|access_code,False,0.8719242215156555,subject solved|access_code,False,2,0.7421078681945801,0.8583791851997375,-0.11627131700515747,R0,development
subject solved|city_code,subject solved,city_code,gloom,test-1,subject solved|access_code,False,0.8844488263130188,subject solved|access_code,False,15,0.23167948424816132,0.8695064783096313,-0.63782699406147,R0,development
subject solved|city_code,subject solved,city_code,gloom,test-2,subject solved|access_code,False,0.9021024703979492,subject solved|access_code,False,2,0.6632736325263977,0.879619300365448,-0.2163456678390503,R0,development
subject solved|city_code,subject solved,city_code,gloom,test-3,subject solved|city_code,True,0.8728253245353699,subject solved|city_code,True,1,0.8551995158195496,0.767651379108429,0.0875481367111206,R0,development
subject solved|access_code,subject solved,access_code,huge,test-0,subject solved|city_code,False,0.7922871112823486,subject solved|city_code,False,2,0.7561265826225281,0.7746384739875793,-0.01851189136505127,R0,development
subject solved|access_code,subject solved,access_code,huge,test-1,subject solved|access_code,True,0.8397704362869263,subject solved|access_code,True,1,0.8146229386329651,0.780903160572052,0.033719778060913086,R0,development
subject solved|access_code,subject solved,access_code,huge,test-2,subject solved|access_code,True,0.9423842430114746,subject solved|access_code,True,1,0.9281889200210571,0.717811107635498,0.21037781238555908,R0,development
subject solved|access_code,subject solved,access_code,huge,test-3,subject solved|access_code,True,0.9432406425476074,subject solved|access_code,True,1,0.9300370216369629,0.6379677057266235,0.29206931591033936,R0,development
subject swim|registry_id,subject swim,registry_id,whatever,test-0,subject swim|registry_id,True,0.9406420588493347,subject swim|registry_id,True,1,0.9423200488090515,0.6195434927940369,0.32277655601501465,R0,development
subject swim|registry_id,subject swim,registry_id,whatever,test-1,subject swim|access_code,False,0.7483397126197815,subject swim|access_code,False,2,0.6546782851219177,0.7245475053787231,-0.06986922025680542,R0,development
subject swim|registry_id,subject swim,registry_id,whatever,test-2,subject swim|registry_id,True,0.9307546615600586,subject swim|registry_id,True,1,0.9155727624893188,0.6514974236488342,0.2640753388404846,R0,development
subject swim|registry_id,subject swim,registry_id,whatever,test-3,subject swim|registry_id,True,0.9674577116966248,subject swim|registry_id,True,1,0.9637383818626404,0.5802966952323914,0.383441686630249,R0,development
subject swim|city_code,subject swim,city_code,arms,test-0,subject swim|access_code,False,0.8258711695671082,subject swim|access_code,False,2,0.7667598128318787,0.8017278909683228,-0.03496807813644409,R0,development
subject swim|city_code,subject swim,city_code,arms,test-1,subject swim|access_code,False,0.846041738986969,subject swim|access_code,False,6,0.4161793291568756,0.8352681398391724,-0.41908881068229675,R0,development
subject swim|city_code,subject swim,city_code,arms,test-2,subject swim|access_code,False,0.8888250589370728,subject swim|access_code,False,2,0.7774584889411926,0.8756459951400757,-0.09818750619888306,R0,development
subject swim|city_code,subject swim,city_code,arms,test-3,subject swim|city_code,True,0.8557543754577637,subject swim|city_code,True,1,0.8321983814239502,0.7329930663108826,0.09920531511306763,R0,development
subject swim|access_code,subject swim,access_code,gems,test-0,subject swim|city_code,False,0.7990182638168335,subject swim|city_code,False,2,0.6326677203178406,0.7747695446014404,-0.14210182428359985,R0,development
subject swim|access_code,subject swim,access_code,gems,test-1,subject swim|access_code,True,0.798846960067749,subject swim|access_code,True,1,0.7889457941055298,0.7559101581573486,0.03303563594818115,R0,development
subject swim|access_code,subject swim,access_code,gems,test-2,subject swim|access_code,True,0.9564563035964966,subject swim|access_code,True,1,0.9531704187393188,0.7124714851379395,0.2406989336013794,R0,development
subject swim|access_code,subject swim,access_code,gems,test-3,subject swim|access_code,True,0.9378310441970825,subject swim|access_code,True,1,0.919386625289917,0.6303854584693909,0.2890011668205261,R0,development
subject deter|registry_id,subject deter,registry_id,jumped,test-0,subject deter|registry_id,True,0.9059646129608154,subject deter|registry_id,True,1,0.90594083070755,0.4896909296512604,0.4162499010562897,R0,development
subject deter|registry_id,subject deter,registry_id,jumped,test-1,subject finds|access_code,False,0.6062042117118835,subject finds|access_code,False,5,0.4124384820461273,0.5908014178276062,-0.17836293578147888,R0,development
subject deter|registry_id,subject deter,registry_id,jumped,test-2,subject deter|registry_id,True,0.7968077659606934,subject deter|registry_id,True,1,0.7974793314933777,0.5680607557296753,0.2294185757637024,R0,development
subject deter|registry_id,subject deter,registry_id,jumped,test-3,subject deter|registry_id,True,0.9684434533119202,subject deter|registry_id,True,1,0.9715951681137085,0.47585737705230713,0.49573779106140137,R0,development
subject deter|city_code,subject deter,city_code,snowman,test-0,subject deter|access_code,False,0.7730644941329956,subject deter|city_code,True,1,0.7500600814819336,0.7266758680343628,0.0233842134475708,R0,development
subject deter|city_code,subject deter,city_code,snowman,test-1,subject deter|access_code,False,0.831998348236084,subject deter|access_code,False,15,0.2473984956741333,0.8121554851531982,-0.5647569894790649,R0,development
subject deter|city_code,subject deter,city_code,snowman,test-2,subject deter|access_code,False,0.888398289680481,subject deter|access_code,False,3,0.5309489965438843,0.8654261231422424,-0.33447712659835815,R0,development
subject deter|city_code,subject deter,city_code,snowman,test-3,subject deter|city_code,True,0.8715266585350037,subject deter|city_code,True,1,0.8425360321998596,0.7307956218719482,0.11174041032791138,R0,development
subject deter|access_code,subject deter,access_code,after,test-0,subject deter|city_code,False,0.7583341002464294,subject deter|city_code,False,2,0.6394487619400024,0.7361797094345093,-0.09673094749450684,R0,development
subject deter|access_code,subject deter,access_code,after,test-1,subject deter|access_code,True,0.8076537847518921,subject deter|access_code,True,1,0.7826706171035767,0.7458544373512268,0.036816179752349854,R0,development
subject deter|access_code,subject deter,access_code,after,test-2,subject deter|access_code,True,0.9065818190574646,subject deter|access_code,True,1,0.8897185921669006,0.7151477932929993,0.17457079887390137,R0,development
subject deter|access_code,subject deter,access_code,after,test-3,subject deter|access_code,True,0.922333300113678,subject deter|access_code,True,1,0.9203698039054871,0.48563534021377563,0.4347344636917114,R0,development
subject excited|registry_id,subject excited,registry_id,tricky,test-0,subject excited|registry_id,True,0.9462074637413025,subject excited|registry_id,True,1,0.9448201656341553,0.5881137251853943,0.356706440448761,R0,development
subject excited|registry_id,subject excited,registry_id,tricky,test-1,subject excited|access_code,False,0.8611907362937927,subject excited|access_code,False,2,0.7883064150810242,0.8489866852760315,-0.060680270195007324,R0,development
subject excited|registry_id,subject excited,registry_id,tricky,test-2,subject excited|registry_id,True,0.9157845377922058,subject excited|registry_id,True,1,0.908116340637207,0.639079749584198,0.26903659105300903,R0,development
subject excited|registry_id,subject excited,registry_id,tricky,test-3,subject excited|registry_id,True,0.9458821415901184,subject excited|registry_id,True,1,0.9416358470916748,0.6055102944374084,0.33612555265426636,R0,development
subject excited|city_code,subject excited,city_code,conqu,test-0,subject excited|access_code,False,0.842028021812439,subject excited|access_code,False,2,0.758547306060791,0.809651255607605,-0.051103949546813965,R0,development
subject excited|city_code,subject excited,city_code,conqu,test-1,subject excited|access_code,False,0.9503608345985413,subject excited|access_code,False,3,0.519799530506134,0.9404458999633789,-0.4206463694572449,R0,development
subject excited|city_code,subject excited,city_code,conqu,test-2,subject excited|access_code,False,0.8195565342903137,subject excited|access_code,False,2,0.7860398888587952,0.7975616455078125,-0.011521756649017334,R0,development
subject excited|city_code,subject excited,city_code,conqu,test-3,subject excited|city_code,True,0.855822741985321,subject excited|city_code,True,1,0.8139755725860596,0.7207395434379578,0.0932360291481018,R0,development
subject excited|access_code,subject excited,access_code,imag,test-0,subject excited|city_code,False,0.7898399829864502,subject excited|city_code,False,2,0.6717067360877991,0.7584540843963623,-0.08674734830856323,R0,development
subject excited|access_code,subject excited,access_code,imag,test-1,subject excited|access_code,True,0.951872706413269,subject excited|access_code,True,1,0.9503552317619324,0.6230963468551636,0.3272588849067688,R0,development
subject excited|access_code,subject excited,access_code,imag,test-2,subject excited|access_code,True,0.9601874351501465,subject excited|access_code,True,1,0.9543861746788025,0.6688311100006104,0.28555506467819214,R0,development
subject excited|access_code,subject excited,access_code,imag,test-3,subject excited|access_code,True,0.9271504282951355,subject excited|access_code,True,1,0.9042293429374695,0.585854172706604,0.3183751702308655,R0,development
subject encour|registry_id,subject encour,registry_id,safely,test-0,subject encour|registry_id,True,0.8888744115829468,subject encour|registry_id,True,1,0.8614032864570618,0.6248432993888855,0.23655998706817627,R0,development
subject encour|registry_id,subject encour,registry_id,safely,test-1,subject excited|access_code,False,0.656225323677063,subject excited|access_code,False,12,0.33082640171051025,0.6413525938987732,-0.31052619218826294,R0,development
subject encour|registry_id,subject encour,registry_id,safely,test-2,subject encour|registry_id,True,0.7876974940299988,subject encour|registry_id,True,1,0.7473400831222534,0.648314893245697,0.0990251898765564,R0,development
subject encour|registry_id,subject encour,registry_id,safely,test-3,subject encour|registry_id,True,0.8849940896034241,subject encour|registry_id,True,1,0.8554307818412781,0.6999059915542603,0.15552479028701782,R0,development
subject encour|city_code,subject encour,city_code,snowf,test-0,subject swim|city_code,False,0.6397872567176819,subject swim|city_code,False,18,0.07004129886627197,0.6147400736808777,-0.5446987748146057,R0,development
subject encour|city_code,subject encour,city_code,snowf,test-1,subject excited|access_code,False,0.7817347645759583,subject excited|access_code,False,31,-0.14116409420967102,0.77424156665802,-0.915405660867691,R0,development
subject encour|city_code,subject encour,city_code,snowf,test-2,subject swim|access_code,False,0.7136247158050537,subject swim|access_code,False,11,0.29652121663093567,0.6954086422920227,-0.39888742566108704,R0,development
subject encour|city_code,subject encour,city_code,snowf,test-3,subject encour|city_code,True,0.6139280200004578,subject encour|city_code,True,1,0.605866014957428,0.533149003982544,0.07271701097488403,R0,development
subject encour|access_code,subject encour,access_code,uncover,test-0,subject swim|city_code,False,0.5308681726455688,subject swim|city_code,False,23,0.06711819767951965,0.5179312825202942,-0.45081308484077454,R0,development
subject encour|access_code,subject encour,access_code,uncover,test-1,subject encour|access_code,True,0.8170011043548584,subject encour|access_code,True,1,0.7735008597373962,0.7733030319213867,0.00019782781600952148,R0,development
subject encour|access_code,subject encour,access_code,uncover,test-2,subject encour|access_code,True,0.8762381672859192,subject encour|access_code,True,1,0.8417139053344727,0.7172433137893677,0.12447059154510498,R0,development
subject encour|access_code,subject encour,access_code,uncover,test-3,subject swim|access_code,False,0.7385761737823486,subject swim|access_code,False,3,0.6774204969406128,0.7249042391777039,-0.047483742237091064,R0,development
subject finds|registry_id,subject finds,registry_id,transform,test-0,subject finds|registry_id,True,0.927356481552124,subject finds|registry_id,True,1,0.9167276620864868,0.6069869995117188,0.30974066257476807,R0,development
subject finds|registry_id,subject finds,registry_id,transform,test-1,subject finds|access_code,False,0.8061274290084839,subject finds|access_code,False,2,0.6589046716690063,0.7801833748817444,-0.12127870321273804,R0,development
subject finds|registry_id,subject finds,registry_id,transform,test-2,subject finds|registry_id,True,0.9212486147880554,subject finds|registry_id,True,1,0.9125609397888184,0.6911342144012451,0.22142672538757324,R0,development
subject finds|registry_id,subject finds,registry_id,transform,test-3,subject finds|registry_id,True,0.8931912183761597,subject finds|registry_id,True,1,0.8862687349319458,0.6832568645477295,0.2030118703842163,R0,development
subject finds|city_code,subject finds,city_code,spirit,test-0,subject finds|access_code,False,0.866588830947876,subject finds|access_code,False,2,0.7578456997871399,0.8502689599990845,-0.09242326021194458,R0,development
subject finds|city_code,subject finds,city_code,spirit,test-1,subject finds|access_code,False,0.9054524302482605,subject finds|access_code,False,5,0.46900060772895813,0.892180323600769,-0.4231797158718109,R0,development
subject finds|city_code,subject finds,city_code,spirit,test-2,subject finds|access_code,False,0.8980937004089355,subject finds|access_code,False,2,0.7612629532814026,0.8942519426345825,-0.13298898935317993,R0,development
subject finds|city_code,subject finds,city_code,spirit,test-3,subject finds|city_code,True,0.862245500087738,subject finds|city_code,True,1,0.8415287137031555,0.7327422499656677,0.10878646373748779,R0,development
subject finds|access_code,subject finds,access_code,door,test-0,subject finds|city_code,False,0.7980484962463379,subject finds|city_code,False,2,0.7536076307296753,0.7645508646965027,-0.010943233966827393,R0,development
subject finds|access_code,subject finds,access_code,door,test-1,subject solved|access_code,False,0.8335645794868469,subject solved|access_code,False,4,0.6618329882621765,0.8094074726104736,-0.14757448434829712,R0,development
subject finds|access_code,subject finds,access_code,door,test-2,subject finds|access_code,True,0.982509434223175,subject finds|access_code,True,1,0.9807050228118896,0.6133701205253601,0.36733490228652954,R0,development
subject finds|access_code,subject finds,access_code,door,test-3,subject finds|access_code,True,0.9337990880012512,subject finds|access_code,True,1,0.928308367729187,0.5597935318946838,0.3685148358345032,R0,development
subject skills|registry_id,subject skills,registry_id,seek,test-0,subject skills|registry_id,True,0.9565526843070984,subject skills|registry_id,True,1,0.954774796962738,0.5847117304801941,0.37006306648254395,R0,development
subject skills|registry_id,subject skills,registry_id,seek,test-1,subject skills|access_code,False,0.7919860482215881,subject skills|access_code,False,2,0.6996839642524719,0.772228479385376,-0.07254451513290405,R0,development
subject skills|registry_id,subject skills,registry_id,seek,test-2,subject skills|registry_id,True,0.9232295751571655,subject skills|registry_id,True,1,0.9046128988265991,0.6132522225379944,0.29136067628860474,R0,development
subject skills|registry_id,subject skills,registry_id,seek,test-3,subject skills|registry_id,True,0.9687129855155945,subject skills|registry_id,True,1,0.9641839861869812,0.586736798286438,0.3774471879005432,R0,development
subject skills|city_code,subject skills,city_code,sank,test-0,subject skills|access_code,False,0.8127769827842712,subject skills|city_code,True,1,0.7985125780105591,0.7865648865699768,0.011947691440582275,R0,development
subject skills|city_code,subject skills,city_code,sank,test-1,subject skills|access_code,False,0.9151265025138855,subject skills|access_code,False,6,0.4207257628440857,0.9051670432090759,-0.48444128036499023,R0,development
subject skills|city_code,subject skills,city_code,sank,test-2,subject skills|access_code,False,0.8600937128067017,subject skills|access_code,False,2,0.701910674571991,0.8552128672599792,-0.15330219268798828,R0,development
subject skills|city_code,subject skills,city_code,sank,test-3,subject skills|city_code,True,0.8719231486320496,subject skills|city_code,True,1,0.8616151213645935,0.7449663877487183,0.11664873361587524,R0,development
subject skills|access_code,subject skills,access_code,whale,test-0,subject skills|city_code,False,0.8100674748420715,subject skills|city_code,False,3,0.7011620998382568,0.7906490564346313,-0.08948695659637451,R0,development
subject skills|access_code,subject skills,access_code,whale,test-1,subject skills|access_code,True,0.8556565046310425,subject skills|access_code,True,1,0.8360956311225891,0.6786089539527893,0.1574866771697998,R0,development
subject skills|access_code,subject skills,access_code,whale,test-2,subject skills|access_code,True,0.9412829279899597,subject skills|access_code,True,1,0.9255627989768982,0.7141120433807373,0.2114507555961609,R0,development
subject skills|access_code,subject skills,access_code,whale,test-3,subject skills|access_code,True,0.9379199147224426,subject skills|access_code,True,1,0.9326584935188293,0.5912429690361023,0.34141552448272705,R0,development
subject dawn|registry_id,subject dawn,registry_id,sneak,test-0,subject dawn|registry_id,True,0.9358553886413574,subject dawn|registry_id,True,1,0.9290733933448792,0.6720924377441406,0.2569809556007385,R0,development
subject dawn|registry_id,subject dawn,registry_id,sneak,test-1,subject dawn|access_code,False,0.7910789251327515,subject dawn|access_code,False,2,0.7549310326576233,0.7732095718383789,-0.018278539180755615,R0,development
subject dawn|registry_id,subject dawn,registry_id,sneak,test-2,subject dawn|registry_id,True,0.8676073551177979,subject dawn|registry_id,True,1,0.8466402292251587,0.7055293321609497,0.14111089706420898,R0,development
subject dawn|registry_id,subject dawn,registry_id,sneak,test-3,subject dawn|registry_id,True,0.9612324833869934,subject dawn|registry_id,True,1,0.9540665745735168,0.6108232736587524,0.3432433009147644,R0,development
subject dawn|city_code,subject dawn,city_code,shiny,test-0,subject dawn|access_code,False,0.7459954619407654,subject dawn|city_code,True,1,0.7181900143623352,0.7158225178718567,0.0023674964904785156,R0,development
subject dawn|city_code,subject dawn,city_code,shiny,test-1,subject dawn|access_code,False,0.8973859548568726,subject dawn|access_code,False,6,0.4106917381286621,0.8807933330535889,-0.47010159492492676,R0,development
subject dawn|city_code,subject dawn,city_code,shiny,test-2,subject dawn|access_code,False,0.8218860626220703,subject dawn|access_code,False,3,0.6343562602996826,0.7951470613479614,-0.1607908010482788,R0,development
subject dawn|city_code,subject dawn,city_code,shiny,test-3,subject dawn|city_code,True,0.7938657999038696,subject dawn|city_code,True,1,0.7706230878829956,0.6962695121765137,0.07435357570648193,R0,development
subject dawn|access_code,subject dawn,access_code,pretending,test-0,subject dawn|city_code,False,0.7131680846214294,subject dawn|city_code,False,2,0.616126298904419,0.6809049248695374,-0.06477862596511841,R0,development
subject dawn|access_code,subject dawn,access_code,pretending,test-1,subject dawn|access_code,True,0.8804200887680054,subject dawn|access_code,True,1,0.8683764934539795,0.7453132271766663,0.12306326627731323,R0,development
subject dawn|access_code,subject dawn,access_code,pretending,test-2,subject dawn|access_code,True,0.8847329020500183,subject dawn|access_code,True,1,0.8741174936294556,0.7658709287643433,0.1082465648651123,R0,development
subject dawn|access_code,subject dawn,access_code,pretending,test-3,subject dawn|access_code,True,0.8851569294929504,subject dawn|access_code,True,1,0.8655486106872559,0.6116716265678406,0.2538769841194153,R0,development
subject swung|registry_id,subject swung,registry_id,outs,test-0,subject swung|registry_id,True,0.9449358582496643,subject swung|registry_id,True,1,0.9315195083618164,0.5361408591270447,0.39537864923477173,R0,development
subject swung|registry_id,subject swung,registry_id,outs,test-1,subject swung|access_code,False,0.8054515719413757,subject swung|access_code,False,2,0.6544640064239502,0.7970247864723206,-0.14256078004837036,R0,development
subject swung|registry_id,subject swung,registry_id,outs,test-2,subject swung|registry_id,True,0.8777322173118591,subject swung|registry_id,True,1,0.8626358509063721,0.5917375087738037,0.27089834213256836,R0,development
subject swung|registry_id,subject swung,registry_id,outs,test-3,subject swung|registry_id,True,0.9504782557487488,subject swung|registry_id,True,1,0.9506272077560425,0.6022592782974243,0.34836792945861816,R0,development
subject swung|city_code,subject swung,city_code,loomed,test-0,subject swung|city_code,True,0.7471897006034851,subject swung|city_code,True,1,0.7310665845870972,0.7242979407310486,0.006768643856048584,R0,development
subject swung|city_code,subject swung,city_code,loomed,test-1,subject swung|access_code,False,0.9508315920829773,subject swung|access_code,False,10,0.3909263610839844,0.948224663734436,-0.5572983026504517,R0,development
subject swung|city_code,subject swung,city_code,loomed,test-2,subject swung|access_code,False,0.8650073409080505,subject swung|access_code,False,2,0.6483436822891235,0.8449472784996033,-0.19660359621047974,R0,development
subject swung|city_code,subject swung,city_code,loomed,test-3,subject swung|city_code,True,0.788669764995575,subject swung|city_code,True,1,0.781091034412384,0.6579442024230957,0.12314683198928833,R0,development
subject swung|access_code,subject swung,access_code,heavy,test-0,subject swung|city_code,False,0.7475465536117554,subject swung|city_code,False,2,0.6539028882980347,0.7345396280288696,-0.08063673973083496,R0,development
subject swung|access_code,subject swung,access_code,heavy,test-1,subject swung|access_code,True,0.8883439302444458,subject swung|access_code,True,1,0.8696351051330566,0.6578177809715271,0.21181732416152954,R0,development
subject swung|access_code,subject swung,access_code,heavy,test-2,subject swung|access_code,True,0.9261289834976196,subject swung|access_code,True,1,0.9115803837776184,0.6240357756614685,0.2875446081161499,R0,development
subject swung|access_code,subject swung,access_code,heavy,test-3,subject swung|access_code,True,0.8815698623657227,subject swung|access_code,True,1,0.8745744824409485,0.7285596132278442,0.14601486921310425,R0,development
subject lovely|registry_id,subject lovely,registry_id,swayed,test-0,subject lovely|registry_id,True,0.9408887624740601,subject lovely|registry_id,True,1,0.9332969188690186,0.5474357604980469,0.3858611583709717,R0,development
subject lovely|registry_id,subject lovely,registry_id,swayed,test-1,subject lovely|access_code,False,0.8189022541046143,subject lovely|access_code,False,2,0.7295865416526794,0.8051613569259644,-0.07557481527328491,R0,development
subject lovely|registry_id,subject lovely,registry_id,swayed,test-2,subject lovely|registry_id,True,0.8676149845123291,subject lovely|registry_id,True,1,0.8404665589332581,0.6024081110954285,0.2380584478378296,R0,development
subject lovely|registry_id,subject lovely,registry_id,swayed,test-3,subject lovely|registry_id,True,0.9539283514022827,subject lovely|registry_id,True,1,0.9475229382514954,0.5046806335449219,0.4428423047065735,R0,development
subject lovely|city_code,subject lovely,city_code,favorite,test-0,subject lovely|city_code,True,0.8126347064971924,subject lovely|access_code,False,2,0.7663159966468811,0.7787837386131287,-0.012467741966247559,R0,development
subject lovely|city_code,subject lovely,city_code,favorite,test-1,subject lovely|access_code,False,0.9189132452011108,subject lovely|access_code,False,5,0.5128998756408691,0.9098445773124695,-0.39694470167160034,R0,development
subject lovely|city_code,subject lovely,city_code,favorite,test-2,subject lovely|city_code,True,0.8236657977104187,subject lovely|city_code,True,1,0.7903615236282349,0.7136673331260681,0.07669419050216675,R0,development
subject lovely|city_code,subject lovely,city_code,favorite,test-3,subject lovely|city_code,True,0.8345106244087219,subject lovely|city_code,True,1,0.8159551620483398,0.6464014649391174,0.1695536971092224,R0,development
subject lovely|access_code,subject lovely,access_code,higher,test-0,subject lovely|city_code,False,0.7823799848556519,subject lovely|city_code,False,2,0.6410853266716003,0.7482571005821228,-0.10717177391052246,R0,development
subject lovely|access_code,subject lovely,access_code,higher,test-1,subject lovely|access_code,True,0.914804220199585,subject lovely|access_code,True,1,0.9091728329658508,0.7337833046913147,0.17538952827453613,R0,development
subject lovely|access_code,subject lovely,access_code,higher,test-2,subject lovely|access_code,True,0.9219733476638794,subject lovely|access_code,True,1,0.9113994240760803,0.7551055550575256,0.1562938690185547,R0,development
subject lovely|access_code,subject lovely,access_code,higher,test-3,subject lovely|access_code,True,0.8977179527282715,subject lovely|access_code,True,1,0.8874119520187378,0.5955215692520142,0.29189038276672363,R0,development
subject joked|registry_id,subject joked,registry_id,carved,validation-0,subject joked|registry_id,True,0.9599270224571228,subject joked|registry_id,True,1,0.9565603733062744,0.5176154375076294,0.438944935798645,R1,validation
subject joked|registry_id,subject joked,registry_id,carved,validation-1,subject joked|registry_id,True,0.9460334181785583,subject joked|registry_id,True,1,0.9418100714683533,0.594995379447937,0.34681469202041626,R1,validation
subject joked|city_code,subject joked,city_code,prize,validation-0,subject joked|access_code,False,0.9281346797943115,subject joked|access_code,False,6,0.39948582649230957,0.9227116107940674,-0.5232257843017578,R1,validation
subject joked|city_code,subject joked,city_code,prize,validation-1,subject joked|city_code,True,0.960114598274231,subject joked|city_code,True,1,0.9509212970733643,0.5521730184555054,0.3987482786178589,R1,validation
subject joked|access_code,subject joked,access_code,train,validation-0,subject joked|access_code,True,0.9142751097679138,subject joked|access_code,True,1,0.8958598375320435,0.6031193733215332,0.29274046421051025,R1,validation
subject joked|access_code,subject joked,access_code,train,validation-1,subject joked|access_code,True,0.9777829051017761,subject joked|access_code,True,1,0.9746617674827576,0.4841414988040924,0.49052026867866516,R1,validation
subject clut|registry_id,subject clut,registry_id,guide,validation-0,subject clut|registry_id,True,0.9638580083847046,subject clut|registry_id,True,1,0.9622263312339783,0.5540592670440674,0.4081670641899109,R1,validation
subject clut|registry_id,subject clut,registry_id,guide,validation-1,subject clut|registry_id,True,0.97910076379776,subject clut|registry_id,True,1,0.9736966490745544,0.5250748991966248,0.4486217498779297,R1,validation
subject clut|city_code,subject clut,city_code,connecting,validation-0,subject clut|access_code,False,0.9224541783332825,subject clut|access_code,False,7,0.41336968541145325,0.9145348072052002,-0.501165121793747,R1,validation
subject clut|city_code,subject clut,city_code,connecting,validation-1,subject clut|city_code,True,0.9714603424072266,subject clut|city_code,True,1,0.9651886224746704,0.5403599739074707,0.4248286485671997,R1,validation
subject clut|access_code,subject clut,access_code,calm,validation-0,subject clut|access_code,True,0.9024625420570374,subject clut|access_code,True,1,0.8898218274116516,0.619172215461731,0.27064961194992065,R1,validation
subject clut|access_code,subject clut,access_code,calm,validation-1,subject clut|access_code,True,0.9583544731140137,subject clut|access_code,True,1,0.9541027545928955,0.5916591882705688,0.36244356632232666,R1,validation
subject louder|registry_id,subject louder,registry_id,worries,validation-0,subject louder|registry_id,True,0.9408823251724243,subject louder|registry_id,True,1,0.9385033845901489,0.507239580154419,0.43126380443573,R1,validation
subject louder|registry_id,subject louder,registry_id,worries,validation-1,subject louder|registry_id,True,0.9677889943122864,subject louder|registry_id,True,1,0.9576746821403503,0.47504791617393494,0.4826267659664154,R1,validation
subject louder|city_code,subject louder,city_code,glow,validation-0,subject louder|access_code,False,0.9169020652770996,subject louder|access_code,False,8,0.35629525780677795,0.9122868180274963,-0.5559915602207184,R1,validation
subject louder|city_code,subject louder,city_code,glow,validation-1,subject louder|city_code,True,0.9325560331344604,subject louder|city_code,True,1,0.9208760857582092,0.5774733424186707,0.3434027433395386,R1,validation
subject louder|access_code,subject louder,access_code,glanc,validation-0,subject louder|access_code,True,0.8825290203094482,subject louder|access_code,True,1,0.8694772124290466,0.6493081450462341,0.2201690673828125,R1,validation
subject louder|access_code,subject louder,access_code,glanc,validation-1,subject louder|access_code,True,0.9476516246795654,subject louder|access_code,True,1,0.9387004971504211,0.5067968964576721,0.431903600692749,R1,validation
subject deer|registry_id,subject deer,registry_id,beep,validation-0,subject deer|registry_id,True,0.9563533663749695,subject deer|registry_id,True,1,0.9478466510772705,0.5737066268920898,0.37414002418518066,R1,validation
subject deer|registry_id,subject deer,registry_id,beep,validation-1,subject deer|registry_id,True,0.8030257225036621,subject deer|registry_id,True,1,0.781254768371582,0.7599113583564758,0.0213434100151062,R1,validation
subject deer|city_code,subject deer,city_code,students,validation-0,subject deer|access_code,False,0.9532605409622192,subject deer|access_code,False,3,0.4997595548629761,0.9452160596847534,-0.44545650482177734,R1,validation
subject deer|city_code,subject deer,city_code,students,validation-1,subject encour|city_code,False,0.7585216760635376,subject encour|city_code,False,3,0.6896330714225769,0.722482442855835,-0.03284937143325806,R1,validation
subject deer|access_code,subject deer,access_code,bond,validation-0,subject deer|access_code,True,0.9368602633476257,subject deer|access_code,True,1,0.9322198629379272,0.5664923191070557,0.3657275438308716,R1,validation
subject deer|access_code,subject deer,access_code,bond,validation-1,subject deer|access_code,True,0.7297080755233765,subject deer|access_code,True,1,0.7189713716506958,0.6952776312828064,0.023693740367889404,R1,validation
subject sent|registry_id,subject sent,registry_id,butterf,validation-0,subject sent|registry_id,True,0.967339277267456,subject sent|registry_id,True,1,0.9640488028526306,0.5357961654663086,0.428252637386322,R1,validation
subject sent|registry_id,subject sent,registry_id,butterf,validation-1,subject sent|registry_id,True,0.913837730884552,subject sent|registry_id,True,1,0.9013031125068665,0.6975609064102173,0.20374220609664917,R1,validation
subject sent|city_code,subject sent,city_code,clapped,validation-0,subject sent|access_code,False,0.9328856468200684,subject sent|access_code,False,4,0.4682255685329437,0.9109768271446228,-0.4427512586116791,R1,validation
subject sent|city_code,subject sent,city_code,clapped,validation-1,subject sent|city_code,True,0.9588064551353455,subject sent|city_code,True,1,0.9437854290008545,0.666582465171814,0.2772029638290405,R1,validation
subject sent|access_code,subject sent,access_code,breathe,validation-0,subject sent|access_code,True,0.9448270201683044,subject sent|access_code,True,1,0.9366073608398438,0.5505858659744263,0.3860214948654175,R1,validation
subject sent|access_code,subject sent,access_code,breathe,validation-1,subject sent|access_code,True,0.9524251818656921,subject sent|access_code,True,1,0.9439910054206848,0.6442471146583557,0.2997438907623291,R1,validation
subject shimmered|registry_id,subject shimmered,registry_id,shining,validation-0,subject shimmered|registry_id,True,0.9301506280899048,subject shimmered|registry_id,True,1,0.9251848459243774,0.502872884273529,0.4223119616508484,R1,validation
subject shimmered|registry_id,subject shimmered,registry_id,shining,validation-1,subject shimmered|registry_id,True,0.9075329303741455,subject shimmered|registry_id,True,1,0.9016622304916382,0.5995582342147827,0.30210399627685547,R1,validation
subject shimmered|city_code,subject shimmered,city_code,house,validation-0,subject shimmered|access_code,False,0.922645092010498,subject shimmered|access_code,False,7,0.3447674512863159,0.9135576486587524,-0.5687901973724365,R1,validation
subject shimmered|city_code,subject shimmered,city_code,house,validation-1,subject shimmered|city_code,True,0.9587753415107727,subject shimmered|city_code,True,1,0.950261116027832,0.5947970151901245,0.3554641008377075,R1,validation
subject shimmered|access_code,subject shimmered,access_code,inno,validation-0,subject shimmered|access_code,True,0.8666993379592896,subject shimmered|access_code,True,1,0.8348298072814941,0.5671719908714294,0.2676578164100647,R1,validation
subject shimmered|access_code,subject shimmered,access_code,inno,validation-1,subject shimmered|access_code,True,0.9362069964408875,subject shimmered|access_code,True,1,0.9218038320541382,0.6190453171730042,0.30275851488113403,R1,validation
subject solved|registry_id,subject solved,registry_id,bottle,validation-0,subject solved|registry_id,True,0.9708821773529053,subject solved|registry_id,True,1,0.969649076461792,0.5057061314582825,0.4639429450035095,R1,validation
subject solved|registry_id,subject solved,registry_id,bottle,validation-1,subject solved|registry_id,True,0.9686509966850281,subject solved|registry_id,True,1,0.9572046995162964,0.6194019913673401,0.3378027081489563,R1,validation
subject solved|city_code,subject solved,city_code,gloom,validation-0,subject solved|access_code,False,0.9451677203178406,subject solved|access_code,False,3,0.5452653169631958,0.9373350143432617,-0.3920696973800659,R1,validation
subject solved|city_code,subject solved,city_code,gloom,validation-1,subject solved|city_code,True,0.9621118307113647,subject solved|city_code,True,1,0.9558348655700684,0.6394788026809692,0.3163560628890991,R1,validation
subject solved|access_code,subject solved,access_code,huge,validation-0,subject solved|access_code,True,0.9708737134933472,subject solved|access_code,True,1,0.9597030878067017,0.5665922164916992,0.39311087131500244,R1,validation
subject solved|access_code,subject solved,access_code,huge,validation-1,subject solved|access_code,True,0.9582961201667786,subject solved|access_code,True,1,0.9508374929428101,0.6235482096672058,0.32728928327560425,R1,validation
subject swim|registry_id,subject swim,registry_id,whatever,validation-0,subject swim|registry_id,True,0.963484525680542,subject swim|registry_id,True,1,0.9562336802482605,0.5841025710105896,0.3721311092376709,R1,validation
subject swim|registry_id,subject swim,registry_id,whatever,validation-1,subject swim|registry_id,True,0.9583525061607361,subject swim|registry_id,True,1,0.9544255137443542,0.6988174319267273,0.25560808181762695,R1,validation
subject swim|city_code,subject swim,city_code,arms,validation-0,subject swim|access_code,False,0.9265661835670471,subject swim|access_code,False,4,0.4750652015209198,0.9117214679718018,-0.43665626645088196,R1,validation
subject swim|city_code,subject swim,city_code,arms,validation-1,subject swim|city_code,True,0.9585058093070984,subject swim|city_code,True,1,0.9541190266609192,0.5891539454460144,0.3649650812149048,R1,validation
subject swim|access_code,subject swim,access_code,gems,validation-0,subject swim|access_code,True,0.9125445485115051,subject swim|access_code,True,1,0.9072006940841675,0.711668074131012,0.19553261995315552,R1,validation
subject swim|access_code,subject swim,access_code,gems,validation-1,subject swim|access_code,True,0.9690741896629333,subject swim|access_code,True,1,0.9628456234931946,0.5854542255401611,0.37739139795303345,R1,validation
subject deter|registry_id,subject deter,registry_id,jumped,validation-0,subject deter|registry_id,True,0.9426631331443787,subject deter|registry_id,True,1,0.9393448233604431,0.4792051911354065,0.4601396322250366,R1,validation
subject deter|registry_id,subject deter,registry_id,jumped,validation-1,subject deter|registry_id,True,0.9000299572944641,subject deter|registry_id,True,1,0.8929067254066467,0.5972512364387512,0.2956554889678955,R1,validation
subject deter|city_code,subject deter,city_code,snowman,validation-0,subject deter|access_code,False,0.9525951147079468,subject deter|access_code,False,4,0.4387403726577759,0.9497690796852112,-0.5110287070274353,R1,validation
subject deter|city_code,subject deter,city_code,snowman,validation-1,subject deter|city_code,True,0.9271790981292725,subject deter|city_code,True,1,0.9199965596199036,0.5416949391365051,0.37830162048339844,R1,validation
subject deter|access_code,subject deter,access_code,after,validation-0,subject deter|access_code,True,0.9488756060600281,subject deter|access_code,True,1,0.9374718070030212,0.5564965605735779,0.38097524642944336,R1,validation
subject deter|access_code,subject deter,access_code,after,validation-1,subject deter|access_code,True,0.9189873933792114,subject deter|access_code,True,1,0.916924774646759,0.500683605670929,0.4162411689758301,R1,validation
subject excited|registry_id,subject excited,registry_id,tricky,validation-0,subject excited|registry_id,True,0.9580814242362976,subject excited|registry_id,True,1,0.9564679265022278,0.4682121276855469,0.4882557988166809,R1,validation
subject excited|registry_id,subject excited,registry_id,tricky,validation-1,subject excited|registry_id,True,0.8783993721008301,subject excited|registry_id,True,1,0.8484723567962646,0.6492384076118469,0.19923394918441772,R1,validation
subject excited|city_code,subject excited,city_code,conqu,validation-0,subject excited|access_code,False,0.9435585141181946,subject excited|access_code,False,8,0.2776947021484375,0.9262892007827759,-0.6485944986343384,R1,validation
subject excited|city_code,subject excited,city_code,conqu,validation-1,subject excited|city_code,True,0.9643214344978333,subject excited|city_code,True,1,0.9533172845840454,0.5698491930961609,0.3834680914878845,R1,validation
subject excited|access_code,subject excited,access_code,imag,validation-0,subject excited|access_code,True,0.9080656170845032,subject excited|access_code,True,1,0.8917335271835327,0.6525343656539917,0.23919916152954102,R1,validation
subject excited|access_code,subject excited,access_code,imag,validation-1,subject excited|access_code,True,0.8909421563148499,subject excited|access_code,True,1,0.8787123560905457,0.5669949650764465,0.3117173910140991,R1,validation
subject encour|registry_id,subject encour,registry_id,safely,validation-0,subject encour|registry_id,True,0.6777499914169312,subject encour|registry_id,True,1,0.6505781412124634,0.6128358244895935,0.03774231672286987,R1,validation
subject encour|registry_id,subject encour,registry_id,safely,validation-1,subject clut|registry_id,False,0.8251813650131226,subject clut|registry_id,False,3,0.6613258719444275,0.7975820302963257,-0.1362561583518982,R1,validation
subject encour|city_code,subject encour,city_code,snowf,validation-0,subject encour|access_code,False,0.7343941926956177,subject encour|access_code,False,38,-0.312484472990036,0.7097120881080627,-1.0221965610980988,R1,validation
subject encour|city_code,subject encour,city_code,snowf,validation-1,subject encour|city_code,True,0.8050411939620972,subject encour|city_code,True,1,0.7727022767066956,0.7167916893959045,0.055910587310791016,R1,validation
subject encour|access_code,subject encour,access_code,uncover,validation-0,subject encour|access_code,True,0.8148205280303955,subject encour|access_code,True,1,0.795263946056366,0.7066665291786194,0.08859741687774658,R1,validation
subject encour|access_code,subject encour,access_code,uncover,validation-1,subject clut|access_code,False,0.797917366027832,subject clut|access_code,False,3,0.5905513763427734,0.7747499346733093,-0.1841985583305359,R1,validation
subject finds|registry_id,subject finds,registry_id,transform,validation-0,subject finds|registry_id,True,0.9485687017440796,subject finds|registry_id,True,1,0.9434914588928223,0.4837076961994171,0.45978376269340515,R1,validation
subject finds|registry_id,subject finds,registry_id,transform,validation-1,subject finds|registry_id,True,0.9646650552749634,subject finds|registry_id,True,1,0.9437766671180725,0.5549622774124146,0.38881438970565796,R1,validation
subject finds|city_code,subject finds,city_code,spirit,validation-0,subject finds|access_code,False,0.9466847777366638,subject finds|access_code,False,5,0.45088788866996765,0.939819872379303,-0.4889319837093353,R1,validation
subject finds|city_code,subject finds,city_code,spirit,validation-1,subject finds|city_code,True,0.9633908867835999,subject finds|city_code,True,1,0.9543513655662537,0.5954805612564087,0.35887080430984497,R1,validation
subject finds|access_code,subject finds,access_code,door,validation-0,subject finds|access_code,True,0.9399827718734741,subject finds|access_code,True,1,0.9339564442634583,0.6106964349746704,0.32326000928878784,R1,validation
subject finds|access_code,subject finds,access_code,door,validation-1,subject finds|access_code,True,0.9695545434951782,subject finds|access_code,True,1,0.9674414396286011,0.5595434308052063,0.4078980088233948,R1,validation
subject skills|registry_id,subject skills,registry_id,seek,validation-0,subject skills|registry_id,True,0.9523475170135498,subject skills|registry_id,True,1,0.9482501149177551,0.48159459233283997,0.46665552258491516,R1,validation
subject skills|registry_id,subject skills,registry_id,seek,validation-1,subject skills|registry_id,True,0.9779404401779175,subject skills|registry_id,True,1,0.9706599712371826,0.4825626611709595,0.48809731006622314,R1,validation
subject skills|city_code,subject skills,city_code,sank,validation-0,subject skills|access_code,False,0.9497775435447693,subject skills|access_code,False,4,0.48620298504829407,0.9356831908226013,-0.44948020577430725,R1,validation
subject skills|city_code,subject skills,city_code,sank,validation-1,subject skills|city_code,True,0.9692394137382507,subject skills|city_code,True,1,0.9669862985610962,0.5864658355712891,0.38052046298980713,R1,validation
subject skills|access_code,subject skills,access_code,whale,validation-0,subject skills|access_code,True,0.9387952089309692,subject skills|access_code,True,1,0.9284586906433105,0.5969420671463013,0.3315166234970093,R1,validation
subject skills|access_code,subject skills,access_code,whale,validation-1,subject skills|access_code,True,0.970652163028717,subject skills|access_code,True,1,0.9661195874214172,0.5807822942733765,0.38533729314804077,R1,validation
subject dawn|registry_id,subject dawn,registry_id,sneak,validation-0,subject dawn|registry_id,True,0.9518815279006958,subject dawn|registry_id,True,1,0.9428558349609375,0.6061632037162781,0.3366926312446594,R1,validation
subject dawn|registry_id,subject dawn,registry_id,sneak,validation-1,subject dawn|registry_id,True,0.9378197193145752,subject dawn|registry_id,True,1,0.9293670058250427,0.48861414194107056,0.44075286388397217,R1,validation
subject dawn|city_code,subject dawn,city_code,shiny,validation-0,subject dawn|access_code,False,0.927824079990387,subject dawn|access_code,False,7,0.3610621988773346,0.9126893877983093,-0.5516271889209747,R1,validation
subject dawn|city_code,subject dawn,city_code,shiny,validation-1,subject dawn|city_code,True,0.9740538597106934,subject dawn|city_code,True,1,0.967865526676178,0.5267918705940247,0.4410736560821533,R1,validation
subject dawn|access_code,subject dawn,access_code,pretending,validation-0,subject dawn|access_code,True,0.8639102578163147,subject dawn|access_code,True,1,0.8405230641365051,0.6930556893348694,0.14746737480163574,R1,validation
subject dawn|access_code,subject dawn,access_code,pretending,validation-1,subject dawn|access_code,True,0.9472161531448364,subject dawn|access_code,True,1,0.937529981136322,0.5571419596672058,0.3803880214691162,R1,validation
subject swung|registry_id,subject swung,registry_id,outs,validation-0,subject swung|registry_id,True,0.9186798930168152,subject swung|registry_id,True,1,0.9121299982070923,0.5477070808410645,0.36442291736602783,R1,validation
subject swung|registry_id,subject swung,registry_id,outs,validation-1,subject swung|registry_id,True,0.9254903793334961,subject swung|registry_id,True,1,0.915890097618103,0.6375237703323364,0.2783663272857666,R1,validation
subject swung|city_code,subject swung,city_code,loomed,validation-0,subject swung|access_code,False,0.9006990790367126,subject swung|access_code,False,9,0.2569645643234253,0.8801968693733215,-0.6232323050498962,R1,validation
subject swung|city_code,subject swung,city_code,loomed,validation-1,subject swung|city_code,True,0.9353436827659607,subject swung|city_code,True,1,0.9272012710571289,0.6712513566017151,0.2559499144554138,R1,validation
subject swung|access_code,subject swung,access_code,heavy,validation-0,subject swung|access_code,True,0.8610974550247192,subject swung|access_code,True,1,0.8460952639579773,0.7132372856140137,0.13285797834396362,R1,validation
subject swung|access_code,subject swung,access_code,heavy,validation-1,subject swung|access_code,True,0.9548850655555725,subject swung|access_code,True,1,0.9518094062805176,0.513182520866394,0.43862688541412354,R1,validation
subject lovely|registry_id,subject lovely,registry_id,swayed,validation-0,subject lovely|registry_id,True,0.9666251540184021,subject lovely|registry_id,True,1,0.9587427377700806,0.4429979622364044,0.5157447755336761,R1,validation
subject lovely|registry_id,subject lovely,registry_id,swayed,validation-1,subject lovely|registry_id,True,0.9481315016746521,subject lovely|registry_id,True,1,0.9446657299995422,0.5423221588134766,0.4023435711860657,R1,validation
subject lovely|city_code,subject lovely,city_code,favorite,validation-0,subject lovely|access_code,False,0.9278079271316528,subject lovely|access_code,False,8,0.3541761338710785,0.9249706864356995,-0.570794552564621,R1,validation
subject lovely|city_code,subject lovely,city_code,favorite,validation-1,subject lovely|city_code,True,0.979751467704773,subject lovely|city_code,True,1,0.9698078036308289,0.6040232181549072,0.36578458547592163,R1,validation
subject lovely|access_code,subject lovely,access_code,higher,validation-0,subject lovely|access_code,True,0.8638268709182739,subject lovely|access_code,True,1,0.8525035977363586,0.6448646783828735,0.2076389193534851,R1,validation
subject lovely|access_code,subject lovely,access_code,higher,validation-1,subject lovely|access_code,True,0.9488808512687683,subject lovely|access_code,True,1,0.9471359252929688,0.5876228213310242,0.3595131039619446,R1,validation
subject joked|registry_id,subject joked,registry_id,carved,test-0,subject joked|registry_id,True,0.9542229771614075,subject joked|registry_id,True,1,0.949692964553833,0.4988170862197876,0.4508758783340454,R1,development
subject joked|registry_id,subject joked,registry_id,carved,test-1,subject joked|registry_id,True,0.8143877387046814,subject joked|registry_id,True,1,0.8090235590934753,0.7434984445571899,0.0655251145362854,R1,development
subject joked|registry_id,subject joked,registry_id,carved,test-2,subject joked|registry_id,True,0.9394670128822327,subject joked|registry_id,True,1,0.9343665838241577,0.49437129497528076,0.43999528884887695,R1,development
subject joked|registry_id,subject joked,registry_id,carved,test-3,subject joked|registry_id,True,0.9740181565284729,subject joked|registry_id,True,1,0.9700576663017273,0.4956463873386383,0.474411278963089,R1,development
subject joked|city_code,subject joked,city_code,prize,test-0,subject joked|city_code,True,0.8761984705924988,subject joked|city_code,True,1,0.8547533750534058,0.8025588989257812,0.05219447612762451,R1,development
subject joked|city_code,subject joked,city_code,prize,test-1,subject joked|access_code,False,0.9305887818336487,subject joked|access_code,False,4,0.4828311800956726,0.9218043088912964,-0.4389731287956238,R1,development
subject joked|city_code,subject joked,city_code,prize,test-2,subject joked|access_code,False,0.8932076096534729,subject joked|access_code,False,2,0.7064779996871948,0.8839707970619202,-0.17749279737472534,R1,development
subject joked|city_code,subject joked,city_code,prize,test-3,subject joked|city_code,True,0.9032605290412903,subject joked|city_code,True,1,0.8944312930107117,0.6123748421669006,0.28205645084381104,R1,development
subject joked|access_code,subject joked,access_code,train,test-0,subject joked|city_code,False,0.8745275735855103,subject joked|city_code,False,2,0.7450888156890869,0.8564293384552002,-0.11134052276611328,R1,development
subject joked|access_code,subject joked,access_code,train,test-1,subject joked|access_code,True,0.9063252210617065,subject joked|access_code,True,1,0.8993443846702576,0.6184614300727844,0.28088295459747314,R1,development
subject joked|access_code,subject joked,access_code,train,test-2,subject joked|access_code,True,0.941140353679657,subject joked|access_code,True,1,0.9345358610153198,0.6193389296531677,0.3151969313621521,R1,development
subject joked|access_code,subject joked,access_code,train,test-3,subject joked|access_code,True,0.9374687671661377,subject joked|access_code,True,1,0.9278057813644409,0.5740352869033813,0.35377049446105957,R1,development
subject clut|registry_id,subject clut,registry_id,guide,test-0,subject clut|registry_id,True,0.9632561802864075,subject clut|registry_id,True,1,0.9617432951927185,0.5613530278205872,0.40039026737213135,R1,development
subject clut|registry_id,subject clut,registry_id,guide,test-1,subject clut|registry_id,True,0.8489159345626831,subject clut|registry_id,True,1,0.8338724374771118,0.7763644456863403,0.057507991790771484,R1,development
subject clut|registry_id,subject clut,registry_id,guide,test-2,subject clut|registry_id,True,0.8931409120559692,subject clut|registry_id,True,1,0.889036238193512,0.6220219135284424,0.2670143246650696,R1,development
subject clut|registry_id,subject clut,registry_id,guide,test-3,subject clut|registry_id,True,0.9700307250022888,subject clut|registry_id,True,1,0.9704156517982483,0.5643643736839294,0.40605127811431885,R1,development
subject clut|city_code,subject clut,city_code,connecting,test-0,subject clut|city_code,True,0.8158364295959473,subject clut|city_code,True,1,0.7976415157318115,0.79263836145401,0.005003154277801514,R1,development
subject clut|city_code,subject clut,city_code,connecting,test-1,subject clut|access_code,False,0.9280004501342773,subject clut|access_code,False,3,0.5234901309013367,0.9225143790245056,-0.39902424812316895,R1,development
subject clut|city_code,subject clut,city_code,connecting,test-2,subject clut|access_code,False,0.8644757270812988,subject clut|access_code,False,3,0.5265899896621704,0.8521670699119568,-0.3255770802497864,R1,development
subject clut|city_code,subject clut,city_code,connecting,test-3,subject clut|city_code,True,0.8329914212226868,subject clut|city_code,True,1,0.8240398168563843,0.7484129667282104,0.07562685012817383,R1,development
subject clut|access_code,subject clut,access_code,calm,test-0,subject clut|city_code,False,0.7605902552604675,subject clut|city_code,False,2,0.6864038109779358,0.7410465478897095,-0.05464273691177368,R1,development
subject clut|access_code,subject clut,access_code,calm,test-1,subject clut|access_code,True,0.9344475865364075,subject clut|access_code,True,1,0.9285775423049927,0.6183282136917114,0.31024932861328125,R1,development
subject clut|access_code,subject clut,access_code,calm,test-2,subject clut|access_code,True,0.8436838388442993,subject clut|access_code,True,1,0.8350030183792114,0.616837739944458,0.21816527843475342,R1,development
subject clut|access_code,subject clut,access_code,calm,test-3,subject clut|access_code,True,0.9013772010803223,subject clut|access_code,True,1,0.8984285593032837,0.6035391688346863,0.2948893904685974,R1,development
subject louder|registry_id,subject louder,registry_id,worries,test-0,subject louder|registry_id,True,0.9626785516738892,subject louder|registry_id,True,1,0.9503177404403687,0.5937532186508179,0.3565645217895508,R1,development
subject louder|registry_id,subject louder,registry_id,worries,test-1,subject louder|access_code,False,0.7437174320220947,subject louder|access_code,False,2,0.689916729927063,0.7321493625640869,-0.042232632637023926,R1,development
subject louder|registry_id,subject louder,registry_id,worries,test-2,subject louder|registry_id,True,0.943996787071228,subject louder|registry_id,True,1,0.9385733604431152,0.5494519472122192,0.389121413230896,R1,development
subject louder|registry_id,subject louder,registry_id,worries,test-3,subject louder|registry_id,True,0.9813510775566101,subject louder|registry_id,True,1,0.9754477143287659,0.5718207955360413,0.4036269187927246,R1,development
subject louder|city_code,subject louder,city_code,glow,test-0,subject louder|city_code,True,0.8599122762680054,subject louder|city_code,True,1,0.8356175422668457,0.7072460651397705,0.1283714771270752,R1,development
subject louder|city_code,subject louder,city_code,glow,test-1,subject louder|access_code,False,0.8223699927330017,subject louder|access_code,False,16,0.16647565364837646,0.7995586395263672,-0.6330829858779907,R1,development
subject louder|city_code,subject louder,city_code,glow,test-2,subject louder|access_code,False,0.9119548797607422,subject louder|access_code,False,2,0.6399446129798889,0.9026193022727966,-0.2626746892929077,R1,development
subject louder|city_code,subject louder,city_code,glow,test-3,subject louder|city_code,True,0.8136810064315796,subject louder|city_code,True,1,0.7865873575210571,0.674699068069458,0.11188828945159912,R1,development
subject louder|access_code,subject louder,access_code,glanc,test-0,subject louder|city_code,False,0.8478392362594604,subject louder|city_code,False,2,0.6790096759796143,0.8280753493309021,-0.14906567335128784,R1,development
subject louder|access_code,subject louder,access_code,glanc,test-1,subject louder|access_code,True,0.7924778461456299,subject louder|access_code,True,1,0.7774255275726318,0.6953189373016357,0.0821065902709961,R1,development
subject louder|access_code,subject louder,access_code,glanc,test-2,subject louder|access_code,True,0.944844126701355,subject louder|access_code,True,1,0.9382930397987366,0.595173180103302,0.34311985969543457,R1,development
subject louder|access_code,subject louder,access_code,glanc,test-3,subject louder|access_code,True,0.8973919153213501,subject louder|access_code,True,1,0.8863129019737244,0.5404269099235535,0.3458859920501709,R1,development
subject deer|registry_id,subject deer,registry_id,beep,test-0,subject deer|registry_id,True,0.9722104668617249,subject deer|registry_id,True,1,0.9674000144004822,0.5235015749931335,0.44389843940734863,R1,development
subject deer|registry_id,subject deer,registry_id,beep,test-1,subject deer|registry_id,True,0.8141616582870483,subject deer|registry_id,True,1,0.8013902902603149,0.7285023927688599,0.07288789749145508,R1,development
subject deer|registry_id,subject deer,registry_id,beep,test-2,subject deer|registry_id,True,0.9378671050071716,subject deer|registry_id,True,1,0.9318966865539551,0.6022697687149048,0.3296269178390503,R1,development
subject deer|registry_id,subject deer,registry_id,beep,test-3,subject deer|registry_id,True,0.9723427891731262,subject deer|registry_id,True,1,0.9629659056663513,0.6356358528137207,0.3273300528526306,R1,development
subject deer|city_code,subject deer,city_code,students,test-0,subject deer|city_code,True,0.8289326429367065,subject deer|city_code,True,1,0.802736759185791,0.802495002746582,0.00024175643920898438,R1,development
subject deer|city_code,subject deer,city_code,students,test-1,subject deer|access_code,False,0.8847560286521912,subject deer|access_code,False,8,0.34766799211502075,0.8727990388870239,-0.5251310467720032,R1,development
subject deer|city_code,subject deer,city_code,students,test-2,subject deer|access_code,False,0.7979769110679626,subject deer|access_code,False,2,0.7721534371376038,0.7838017344474792,-0.011648297309875488,R1,development
subject deer|city_code,subject deer,city_code,students,test-3,subject deer|city_code,True,0.8726127743721008,subject deer|city_code,True,1,0.8497496247291565,0.7074500322341919,0.1422995924949646,R1,development
subject deer|access_code,subject deer,access_code,bond,test-0,subject deer|city_code,False,0.8675249218940735,subject deer|city_code,False,3,0.6778774857521057,0.8474934697151184,-0.1696159839630127,R1,development
subject deer|access_code,subject deer,access_code,bond,test-1,subject deer|access_code,True,0.8134536147117615,subject deer|access_code,True,1,0.8026931285858154,0.5972868204116821,0.2054063081741333,R1,development
subject deer|access_code,subject deer,access_code,bond,test-2,subject deer|access_code,True,0.9186930656433105,subject deer|access_code,True,1,0.9024761915206909,0.5991225242614746,0.3033536672592163,R1,development
subject deer|access_code,subject deer,access_code,bond,test-3,subject deer|access_code,True,0.9328179955482483,subject deer|access_code,True,1,0.9259525537490845,0.6083622574806213,0.31759029626846313,R1,development
subject sent|registry_id,subject sent,registry_id,butterf,test-0,subject sent|registry_id,True,0.9766931533813477,subject sent|registry_id,True,1,0.9738668203353882,0.466352254152298,0.5075145661830902,R1,development
subject sent|registry_id,subject sent,registry_id,butterf,test-1,subject sent|registry_id,True,0.8216736316680908,subject sent|registry_id,True,1,0.8086324334144592,0.6481042504310608,0.16052818298339844,R1,development
subject sent|registry_id,subject sent,registry_id,butterf,test-2,subject sent|registry_id,True,0.94950270652771,subject sent|registry_id,True,1,0.9444035291671753,0.47827082872390747,0.4661327004432678,R1,development
subject sent|registry_id,subject sent,registry_id,butterf,test-3,subject sent|registry_id,True,0.9844512939453125,subject sent|registry_id,True,1,0.9828359484672546,0.5052301287651062,0.47760581970214844,R1,development
subject sent|city_code,subject sent,city_code,clapped,test-0,subject sent|access_code,False,0.894944429397583,subject sent|access_code,False,2,0.7433799505233765,0.8729113936424255,-0.12953144311904907,R1,development
subject sent|city_code,subject sent,city_code,clapped,test-1,subject sent|access_code,False,0.8866278529167175,subject sent|access_code,False,5,0.4172133505344391,0.8738111853599548,-0.45659783482551575,R1,development
subject sent|city_code,subject sent,city_code,clapped,test-2,subject sent|access_code,False,0.9445005059242249,subject sent|access_code,False,2,0.6458737254142761,0.9317387342453003,-0.28586500883102417,R1,development
subject sent|city_code,subject sent,city_code,clapped,test-3,subject sent|city_code,True,0.8650560975074768,subject sent|city_code,True,1,0.8281987905502319,0.680603563785553,0.14759522676467896,R1,development
subject sent|access_code,subject sent,access_code,breathe,test-0,subject sent|city_code,False,0.8060247302055359,subject sent|city_code,False,2,0.7408972382545471,0.7691056728363037,-0.028208434581756592,R1,development
subject sent|access_code,subject sent,access_code,breathe,test-1,subject sent|access_code,True,0.9081697463989258,subject sent|access_code,True,1,0.8921799659729004,0.6839381456375122,0.20824182033538818,R1,development
subject sent|access_code,subject sent,access_code,breathe,test-2,subject sent|access_code,True,0.9463374018669128,subject sent|access_code,True,1,0.9273834824562073,0.5853399038314819,0.34204357862472534,R1,development
subject sent|access_code,subject sent,access_code,breathe,test-3,subject sent|access_code,True,0.948686420917511,subject sent|access_code,True,1,0.9295118451118469,0.5312207341194153,0.39829111099243164,R1,development
subject shimmered|registry_id,subject shimmered,registry_id,shining,test-0,subject shimmered|registry_id,True,0.9393966794013977,subject shimmered|registry_id,True,1,0.9329128265380859,0.5396379232406616,0.3932749032974243,R1,development
subject shimmered|registry_id,subject shimmered,registry_id,shining,test-1,subject shimmered|registry_id,True,0.8589884638786316,subject shimmered|registry_id,True,1,0.8375616669654846,0.7072957158088684,0.1302659511566162,R1,development
subject shimmered|registry_id,subject shimmered,registry_id,shining,test-2,subject shimmered|registry_id,True,0.9201604723930359,subject shimmered|registry_id,True,1,0.9164776802062988,0.5800412893295288,0.33643639087677,R1,development
subject shimmered|registry_id,subject shimmered,registry_id,shining,test-3,subject shimmered|registry_id,True,0.9465879797935486,subject shimmered|registry_id,True,1,0.9426709413528442,0.5435771346092224,0.3990938067436218,R1,development
subject shimmered|city_code,subject shimmered,city_code,house,test-0,subject shimmered|access_code,False,0.883821964263916,subject shimmered|access_code,False,2,0.6873421669006348,0.8782222867012024,-0.19088011980056763,R1,development
subject shimmered|city_code,subject shimmered,city_code,house,test-1,subject shimmered|access_code,False,0.9104232788085938,subject shimmered|access_code,False,3,0.5308318138122559,0.9015975594520569,-0.370765745639801,R1,development
subject shimmered|city_code,subject shimmered,city_code,house,test-2,subject shimmered|access_code,False,0.9056678414344788,subject shimmered|access_code,False,2,0.6772187948226929,0.8931534290313721,-0.2159346342086792,R1,development
subject shimmered|city_code,subject shimmered,city_code,house,test-3,subject shimmered|city_code,True,0.8302891850471497,subject shimmered|city_code,True,1,0.8159804940223694,0.6286494135856628,0.18733108043670654,R1,development
subject shimmered|access_code,subject shimmered,access_code,inno,test-0,subject shimmered|city_code,False,0.8032633066177368,subject shimmered|city_code,False,2,0.6940592527389526,0.7892968058586121,-0.09523755311965942,R1,development
subject shimmered|access_code,subject shimmered,access_code,inno,test-1,subject shimmered|access_code,True,0.9355937838554382,subject shimmered|access_code,True,1,0.9204904437065125,0.5906450748443604,0.3298453688621521,R1,development
subject shimmered|access_code,subject shimmered,access_code,inno,test-2,subject shimmered|access_code,True,0.9301764965057373,subject shimmered|access_code,True,1,0.9085683226585388,0.5931997895240784,0.31536853313446045,R1,development
subject shimmered|access_code,subject shimmered,access_code,inno,test-3,subject shimmered|access_code,True,0.9008395075798035,subject shimmered|access_code,True,1,0.8824403882026672,0.5741738677024841,0.3082665205001831,R1,development
subject solved|registry_id,subject solved,registry_id,bottle,test-0,subject solved|registry_id,True,0.9757639765739441,subject solved|registry_id,True,1,0.9720786809921265,0.5370153784751892,0.43506330251693726,R1,development
subject solved|registry_id,subject solved,registry_id,bottle,test-1,subject solved|registry_id,True,0.6774684190750122,subject solved|registry_id,True,1,0.6425875425338745,0.6266050338745117,0.015982508659362793,R1,development
subject solved|registry_id,subject solved,registry_id,bottle,test-2,subject solved|registry_id,True,0.9665855169296265,subject solved|registry_id,True,1,0.9615850448608398,0.5317482948303223,0.4298367500305176,R1,development
subject solved|registry_id,subject solved,registry_id,bottle,test-3,subject solved|registry_id,True,0.9866623282432556,subject solved|registry_id,True,1,0.9851924180984497,0.534971296787262,0.45022112131118774,R1,development
subject solved|city_code,subject solved,city_code,gloom,test-0,subject solved|access_code,False,0.8824365139007568,subject solved|access_code,False,2,0.756251871585846,0.8655880689620972,-0.10933619737625122,R1,development
subject solved|city_code,subject solved,city_code,gloom,test-1,subject solved|access_code,False,0.8616397380828857,subject solved|access_code,False,12,0.27395811676979065,0.8562867641448975,-0.5823286473751068,R1,development
subject solved|city_code,subject solved,city_code,gloom,test-2,subject solved|access_code,False,0.9326872229576111,subject solved|access_code,False,2,0.6769953966140747,0.9170044660568237,-0.24000906944274902,R1,development
subject solved|city_code,subject solved,city_code,gloom,test-3,subject solved|city_code,True,0.8648281693458557,subject solved|city_code,True,1,0.844508945941925,0.7400583028793335,0.10445064306259155,R1,development
subject solved|access_code,subject solved,access_code,huge,test-0,subject solved|access_code,True,0.8028578162193298,subject solved|access_code,True,1,0.781937301158905,0.7725809216499329,0.009356379508972168,R1,development
subject solved|access_code,subject solved,access_code,huge,test-1,subject solved|access_code,True,0.8439862132072449,subject solved|access_code,True,1,0.8164772391319275,0.7995482683181763,0.01692897081375122,R1,development
subject solved|access_code,subject solved,access_code,huge,test-2,subject solved|access_code,True,0.9597280025482178,subject solved|access_code,True,1,0.9448647499084473,0.6554592847824097,0.2894054651260376,R1,development
subject solved|access_code,subject solved,access_code,huge,test-3,subject solved|access_code,True,0.9470536708831787,subject solved|access_code,True,1,0.9382914304733276,0.655556321144104,0.28273510932922363,R1,development
subject swim|registry_id,subject swim,registry_id,whatever,test-0,subject swim|registry_id,True,0.9719826579093933,subject swim|registry_id,True,1,0.9728026390075684,0.5193657279014587,0.4534369111061096,R1,development
subject swim|registry_id,subject swim,registry_id,whatever,test-1,subject swim|registry_id,True,0.7189395427703857,subject swim|registry_id,True,1,0.7088720202445984,0.6887078881263733,0.020164132118225098,R1,development
subject swim|registry_id,subject swim,registry_id,whatever,test-2,subject swim|registry_id,True,0.9740644097328186,subject swim|registry_id,True,1,0.9679303765296936,0.47212284803390503,0.4958075284957886,R1,development
subject swim|registry_id,subject swim,registry_id,whatever,test-3,subject swim|registry_id,True,0.9833365082740784,subject swim|registry_id,True,1,0.9810903072357178,0.5221199989318848,0.458970308303833,R1,development
subject swim|city_code,subject swim,city_code,arms,test-0,subject swim|city_code,True,0.8330699801445007,subject swim|city_code,True,1,0.8159751892089844,0.7719233632087708,0.04405182600021362,R1,development
subject swim|city_code,subject swim,city_code,arms,test-1,subject swim|access_code,False,0.8471748232841492,subject swim|access_code,False,5,0.4524008631706238,0.8393015265464783,-0.3869006633758545,R1,development
subject swim|city_code,subject swim,city_code,arms,test-2,subject swim|access_code,False,0.8967463374137878,subject swim|access_code,False,2,0.7999204993247986,0.8844439387321472,-0.08452343940734863,R1,development
subject swim|city_code,subject swim,city_code,arms,test-3,subject swim|city_code,True,0.8546701073646545,subject swim|city_code,True,1,0.8332013487815857,0.6589911580085754,0.17421019077301025,R1,development
subject swim|access_code,subject swim,access_code,gems,test-0,subject swim|city_code,False,0.8220474123954773,subject swim|city_code,False,2,0.6159138679504395,0.7961898446083069,-0.18027597665786743,R1,development
subject swim|access_code,subject swim,access_code,gems,test-1,subject swim|access_code,True,0.7861181497573853,subject swim|access_code,True,1,0.7766215205192566,0.6998646259307861,0.07675689458847046,R1,development
subject swim|access_code,subject swim,access_code,gems,test-2,subject swim|access_code,True,0.9664368033409119,subject swim|access_code,True,1,0.9606861472129822,0.609242856502533,0.3514432907104492,R1,development
subject swim|access_code,subject swim,access_code,gems,test-3,subject swim|access_code,True,0.9308674335479736,subject swim|access_code,True,1,0.9190427660942078,0.6564152240753174,0.2626275420188904,R1,development
subject deter|registry_id,subject deter,registry_id,jumped,test-0,subject deter|registry_id,True,0.9558952450752258,subject deter|registry_id,True,1,0.9521194100379944,0.49993816018104553,0.45218124985694885,R1,development
subject deter|registry_id,subject deter,registry_id,jumped,test-1,subject finds|access_code,False,0.6087534427642822,subject finds|access_code,False,4,0.44456490874290466,0.592821478843689,-0.1482565701007843,R1,development
subject deter|registry_id,subject deter,registry_id,jumped,test-2,subject deter|registry_id,True,0.9153569340705872,subject deter|registry_id,True,1,0.9139508008956909,0.5238065719604492,0.3901442289352417,R1,development
subject deter|registry_id,subject deter,registry_id,jumped,test-3,subject deter|registry_id,True,0.9794329404830933,subject deter|registry_id,True,1,0.9804801344871521,0.49801281094551086,0.48246732354164124,R1,development
subject deter|city_code,subject deter,city_code,snowman,test-0,subject deter|city_code,True,0.821765661239624,subject deter|city_code,True,1,0.7837672829627991,0.7575790286064148,0.026188254356384277,R1,development
subject deter|city_code,subject deter,city_code,snowman,test-1,subject deter|access_code,False,0.836814284324646,subject deter|access_code,False,12,0.24027405679225922,0.8069389462471008,-0.5666648894548416,R1,development
subject deter|city_code,subject deter,city_code,snowman,test-2,subject deter|access_code,False,0.9402199387550354,subject deter|access_code,False,2,0.5679188966751099,0.9303003549575806,-0.3623814582824707,R1,development
subject deter|city_code,subject deter,city_code,snowman,test-3,subject deter|city_code,True,0.8615425229072571,subject deter|city_code,True,1,0.8454586267471313,0.7045939564704895,0.14086467027664185,R1,development
subject deter|access_code,subject deter,access_code,after,test-0,subject deter|city_code,False,0.813075840473175,subject deter|city_code,False,2,0.6955804824829102,0.7754436731338501,-0.07986319065093994,R1,development
subject deter|access_code,subject deter,access_code,after,test-1,subject deter|access_code,True,0.808117687702179,subject deter|access_code,True,1,0.7759768962860107,0.7418685555458069,0.03410834074020386,R1,development
subject deter|access_code,subject deter,access_code,after,test-2,subject deter|access_code,True,0.9435442090034485,subject deter|access_code,True,1,0.9277852773666382,0.6428956389427185,0.2848896384239197,R1,development
subject deter|access_code,subject deter,access_code,after,test-3,subject deter|access_code,True,0.9460698962211609,subject deter|access_code,True,1,0.9352920651435852,0.5316792726516724,0.40361279249191284,R1,development
subject excited|registry_id,subject excited,registry_id,tricky,test-0,subject excited|registry_id,True,0.9705474972724915,subject excited|registry_id,True,1,0.9688799381256104,0.5095746517181396,0.4593052864074707,R1,development
subject excited|registry_id,subject excited,registry_id,tricky,test-1,subject excited|registry_id,True,0.873243510723114,subject excited|registry_id,True,1,0.8558357954025269,0.7721505165100098,0.08368527889251709,R1,development
subject excited|registry_id,subject excited,registry_id,tricky,test-2,subject excited|registry_id,True,0.9505428075790405,subject excited|registry_id,True,1,0.947455108165741,0.5073387622833252,0.44011634588241577,R1,development
subject excited|registry_id,subject excited,registry_id,tricky,test-3,subject excited|registry_id,True,0.9536303281784058,subject excited|registry_id,True,1,0.9415239095687866,0.6153541803359985,0.3261697292327881,R1,development
subject excited|city_code,subject excited,city_code,conqu,test-0,subject excited|city_code,True,0.8168277144432068,subject excited|city_code,True,1,0.7945079803466797,0.7500497698783875,0.044458210468292236,R1,development
subject excited|city_code,subject excited,city_code,conqu,test-1,subject excited|access_code,False,0.9280968308448792,subject excited|access_code,False,3,0.4978644549846649,0.9192954897880554,-0.4214310348033905,R1,development
subject excited|city_code,subject excited,city_code,conqu,test-2,subject excited|city_code,True,0.8293300271034241,subject excited|city_code,True,1,0.8101895451545715,0.7625402808189392,0.047649264335632324,R1,development
subject excited|city_code,subject excited,city_code,conqu,test-3,subject excited|city_code,True,0.8679314851760864,subject excited|city_code,True,1,0.8402555584907532,0.712179958820343,0.12807559967041016,R1,development
subject excited|access_code,subject excited,access_code,imag,test-0,subject excited|city_code,False,0.80925452709198,subject excited|city_code,False,3,0.6080038547515869,0.7826318144798279,-0.17462795972824097,R1,development
subject excited|access_code,subject excited,access_code,imag,test-1,subject excited|access_code,True,0.9691433310508728,subject excited|access_code,True,1,0.9641896486282349,0.5535461902618408,0.41064345836639404,R1,development
subject excited|access_code,subject excited,access_code,imag,test-2,subject excited|access_code,True,0.9632452130317688,subject excited|access_code,True,1,0.9614118933677673,0.5813959836959839,0.38001590967178345,R1,development
subject excited|access_code,subject excited,access_code,imag,test-3,subject excited|access_code,True,0.9329054355621338,subject excited|access_code,True,1,0.9131684303283691,0.5936024188995361,0.319566011428833,R1,development
subject encour|registry_id,subject encour,registry_id,safely,test-0,subject encour|registry_id,True,0.9352076649665833,subject encour|registry_id,True,1,0.9225243926048279,0.6326520442962646,0.28987234830856323,R1,development
subject encour|registry_id,subject encour,registry_id,safely,test-1,subject excited|registry_id,False,0.6782112717628479,subject excited|registry_id,False,7,0.38834676146507263,0.6454627513885498,-0.2571159899234772,R1,development
subject encour|registry_id,subject encour,registry_id,safely,test-2,subject encour|registry_id,True,0.8180405497550964,subject encour|registry_id,True,1,0.7963606119155884,0.7031549215316772,0.09320569038391113,R1,development
subject encour|registry_id,subject encour,registry_id,safely,test-3,subject encour|registry_id,True,0.8764230608940125,subject encour|registry_id,True,1,0.8629465103149414,0.7497428059577942,0.11320370435714722,R1,development
subject encour|city_code,subject encour,city_code,snowf,test-0,subject swim|city_code,False,0.6738474369049072,subject swim|city_code,False,19,0.05888725072145462,0.6427967548370361,-0.5839095041155815,R1,development
subject encour|city_code,subject encour,city_code,snowf,test-1,subject excited|access_code,False,0.7808325886726379,subject excited|access_code,False,36,-0.2567055821418762,0.7747208476066589,-1.0314264297485352,R1,development
subject encour|city_code,subject encour,city_code,snowf,test-2,subject louder|access_code,False,0.6416065096855164,subject louder|access_code,False,13,0.18033769726753235,0.6107202172279358,-0.43038251996040344,R1,development
subject encour|city_code,subject encour,city_code,snowf,test-3,subject skills|city_code,False,0.6680287718772888,subject skills|city_code,False,2,0.632469892501831,0.6638554334640503,-0.03138554096221924,R1,development
subject encour|access_code,subject encour,access_code,uncover,test-0,subject skills|city_code,False,0.5911710262298584,subject skills|city_code,False,26,-0.018205560743808746,0.5758819580078125,-0.5940875187516212,R1,development
subject encour|access_code,subject encour,access_code,uncover,test-1,subject excited|access_code,False,0.8153977394104004,subject excited|access_code,False,2,0.7331371903419495,0.8008972406387329,-0.06776005029678345,R1,development
subject encour|access_code,subject encour,access_code,uncover,test-2,subject encour|access_code,True,0.8752529621124268,subject encour|access_code,True,1,0.8496512770652771,0.6798093914985657,0.16984188556671143,R1,development
subject encour|access_code,subject encour,access_code,uncover,test-3,subject encour|access_code,True,0.7518098950386047,subject encour|access_code,True,1,0.7347846627235413,0.6421412825584412,0.0926433801651001,R1,development
subject finds|registry_id,subject finds,registry_id,transform,test-0,subject finds|registry_id,True,0.9630885124206543,subject finds|registry_id,True,1,0.9590445160865784,0.497433066368103,0.46161144971847534,R1,development
subject finds|registry_id,subject finds,registry_id,transform,test-1,subject finds|registry_id,True,0.7041797637939453,subject finds|access_code,False,2,0.6823017597198486,0.6876841187477112,-0.005382359027862549,R1,development
subject finds|registry_id,subject finds,registry_id,transform,test-2,subject finds|registry_id,True,0.9629274606704712,subject finds|registry_id,True,1,0.9577330350875854,0.5155767202377319,0.4421563148498535,R1,development
subject finds|registry_id,subject finds,registry_id,transform,test-3,subject finds|registry_id,True,0.9008379578590393,subject finds|registry_id,True,1,0.891682505607605,0.7145171761512756,0.17716532945632935,R1,development
subject finds|city_code,subject finds,city_code,spirit,test-0,subject finds|access_code,False,0.8534852862358093,subject finds|access_code,False,2,0.7896722555160522,0.8395999670028687,-0.049927711486816406,R1,development
subject finds|city_code,subject finds,city_code,spirit,test-1,subject finds|access_code,False,0.8810857534408569,subject finds|access_code,False,5,0.4827076196670532,0.869480311870575,-0.38677269220352173,R1,development
subject finds|city_code,subject finds,city_code,spirit,test-2,subject finds|access_code,False,0.9034945964813232,subject finds|access_code,False,2,0.7602773904800415,0.8972557187080383,-0.13697832822799683,R1,development
subject finds|city_code,subject finds,city_code,spirit,test-3,subject finds|city_code,True,0.8682739734649658,subject finds|city_code,True,1,0.8614012598991394,0.6782923340797424,0.18310892581939697,R1,development
subject finds|access_code,subject finds,access_code,door,test-0,subject finds|city_code,False,0.8166818618774414,subject finds|city_code,False,2,0.7578930854797363,0.7913250923156738,-0.0334320068359375,R1,development
subject finds|access_code,subject finds,access_code,door,test-1,subject solved|access_code,False,0.8456448316574097,subject solved|access_code,False,3,0.602944016456604,0.8190268874168396,-0.2160828709602356,R1,development
subject finds|access_code,subject finds,access_code,door,test-2,subject finds|access_code,True,0.9836062788963318,subject finds|access_code,True,1,0.9805794954299927,0.5184613466262817,0.46211814880371094,R1,development
subject finds|access_code,subject finds,access_code,door,test-3,subject finds|access_code,True,0.9376079440116882,subject finds|access_code,True,1,0.9329001307487488,0.5709891319274902,0.36191099882125854,R1,development
subject skills|registry_id,subject skills,registry_id,seek,test-0,subject skills|registry_id,True,0.982789933681488,subject skills|registry_id,True,1,0.9787468910217285,0.5178222060203552,0.4609246850013733,R1,development
subject skills|registry_id,subject skills,registry_id,seek,test-1,subject skills|registry_id,True,0.8189242482185364,subject skills|registry_id,True,1,0.796959400177002,0.7341949343681335,0.06276446580886841,R1,development
subject skills|registry_id,subject skills,registry_id,seek,test-2,subject skills|registry_id,True,0.9601283669471741,subject skills|registry_id,True,1,0.9580807089805603,0.6039296388626099,0.35415107011795044,R1,development
subject skills|registry_id,subject skills,registry_id,seek,test-3,subject skills|registry_id,True,0.977155864238739,subject skills|registry_id,True,1,0.9776294827461243,0.5606056451797485,0.41702383756637573,R1,development
subject skills|city_code,subject skills,city_code,sank,test-0,subject skills|city_code,True,0.8478066325187683,subject skills|city_code,True,1,0.8339556455612183,0.7648122310638428,0.06914341449737549,R1,development
subject skills|city_code,subject skills,city_code,sank,test-1,subject skills|access_code,False,0.909457266330719,subject skills|access_code,False,5,0.4465770721435547,0.9034795761108398,-0.45690250396728516,R1,development
subject skills|city_code,subject skills,city_code,sank,test-2,subject skills|access_code,False,0.8740634918212891,subject skills|access_code,False,2,0.7509472370147705,0.8686240911483765,-0.11767685413360596,R1,development
subject skills|city_code,subject skills,city_code,sank,test-3,subject skills|city_code,True,0.8831075429916382,subject skills|city_code,True,1,0.869510293006897,0.6916759610176086,0.17783433198928833,R1,development
subject skills|access_code,subject skills,access_code,whale,test-0,subject skills|city_code,False,0.8586857318878174,subject skills|city_code,False,2,0.7069993019104004,0.8405845761299133,-0.13358527421951294,R1,development
subject skills|access_code,subject skills,access_code,whale,test-1,subject skills|access_code,True,0.8621934056282043,subject skills|access_code,True,1,0.8398994207382202,0.6500347852706909,0.1898646354675293,R1,development
subject skills|access_code,subject skills,access_code,whale,test-2,subject skills|access_code,True,0.955146312713623,subject skills|access_code,True,1,0.9408115148544312,0.6617342829704285,0.2790772318840027,R1,development
subject skills|access_code,subject skills,access_code,whale,test-3,subject skills|access_code,True,0.9402641654014587,subject skills|access_code,True,1,0.9315176606178284,0.5605522394180298,0.3709654211997986,R1,development
subject dawn|registry_id,subject dawn,registry_id,sneak,test-0,subject dawn|registry_id,True,0.964004635810852,subject dawn|registry_id,True,1,0.9619582891464233,0.6061744093894958,0.3557838797569275,R1,development
subject dawn|registry_id,subject dawn,registry_id,sneak,test-1,subject dawn|registry_id,True,0.8448147177696228,subject dawn|registry_id,True,1,0.8372852802276611,0.7234950661659241,0.11379021406173706,R1,development
subject dawn|registry_id,subject dawn,registry_id,sneak,test-2,subject dawn|registry_id,True,0.9294347763061523,subject dawn|registry_id,True,1,0.9265031218528748,0.6671968102455139,0.25930631160736084,R1,development
subject dawn|registry_id,subject dawn,registry_id,sneak,test-3,subject dawn|registry_id,True,0.9705042839050293,subject dawn|registry_id,True,1,0.9641628861427307,0.6326595544815063,0.33150333166122437,R1,development
subject dawn|city_code,subject dawn,city_code,shiny,test-0,subject dawn|city_code,True,0.8261086940765381,subject dawn|city_code,True,1,0.8093166947364807,0.7208797335624695,0.08843696117401123,R1,development
subject dawn|city_code,subject dawn,city_code,shiny,test-1,subject dawn|access_code,False,0.9030130505561829,subject dawn|access_code,False,6,0.4588131904602051,0.8821931481361389,-0.42337995767593384,R1,development
subject dawn|city_code,subject dawn,city_code,shiny,test-2,subject dawn|access_code,False,0.8542762398719788,subject dawn|access_code,False,2,0.7124971747398376,0.8367756009101868,-0.12427842617034912,R1,development
subject dawn|city_code,subject dawn,city_code,shiny,test-3,subject dawn|city_code,True,0.7997370958328247,subject dawn|city_code,True,1,0.7997369766235352,0.6962971091270447,0.10343986749649048,R1,development
subject dawn|access_code,subject dawn,access_code,pretending,test-0,subject dawn|city_code,False,0.8019613027572632,subject dawn|city_code,False,2,0.6456279754638672,0.7851582765579224,-0.13953030109405518,R1,development
subject dawn|access_code,subject dawn,access_code,pretending,test-1,subject dawn|access_code,True,0.8871716856956482,subject dawn|access_code,True,1,0.8829810619354248,0.6639342904090881,0.21904677152633667,R1,development
subject dawn|access_code,subject dawn,access_code,pretending,test-2,subject dawn|access_code,True,0.912301242351532,subject dawn|access_code,True,1,0.9023028612136841,0.6622662544250488,0.24003660678863525,R1,development
subject dawn|access_code,subject dawn,access_code,pretending,test-3,subject dawn|access_code,True,0.8957141637802124,subject dawn|access_code,True,1,0.8807992339134216,0.5687729716300964,0.3120262622833252,R1,development
subject swung|registry_id,subject swung,registry_id,outs,test-0,subject swung|registry_id,True,0.9560840129852295,subject swung|registry_id,True,1,0.9497963190078735,0.5757870078086853,0.37400931119918823,R1,development
subject swung|registry_id,subject swung,registry_id,outs,test-1,subject swung|registry_id,True,0.7391621470451355,subject swung|registry_id,True,1,0.7281852960586548,0.7105982899665833,0.017587006092071533,R1,development
subject swung|registry_id,subject swung,registry_id,outs,test-2,subject swung|registry_id,True,0.9287957549095154,subject swung|registry_id,True,1,0.9230185747146606,0.5277531147003174,0.39526546001434326,R1,development
subject swung|registry_id,subject swung,registry_id,outs,test-3,subject swung|registry_id,True,0.9572591781616211,subject swung|registry_id,True,1,0.9538534879684448,0.5646408200263977,0.3892126679420471,R1,development
subject swung|city_code,subject swung,city_code,loomed,test-0,subject swung|access_code,False,0.7058581709861755,subject swung|city_code,True,1,0.6851109862327576,0.6835058331489563,0.0016051530838012695,R1,development
subject swung|city_code,subject swung,city_code,loomed,test-1,subject swung|access_code,False,0.9131643772125244,subject swung|access_code,False,9,0.35314062237739563,0.9068039059638977,-0.5536632835865021,R1,development
subject swung|city_code,subject swung,city_code,loomed,test-2,subject swung|access_code,False,0.8783697485923767,subject swung|access_code,False,2,0.6086905002593994,0.8678644895553589,-0.2591739892959595,R1,development
subject swung|city_code,subject swung,city_code,loomed,test-3,subject swung|city_code,True,0.7493208646774292,subject swung|city_code,True,1,0.7371586561203003,0.6734921336174011,0.06366652250289917,R1,development
subject swung|access_code,subject swung,access_code,heavy,test-0,subject swung|city_code,False,0.6944119930267334,subject swung|city_code,False,2,0.6148949861526489,0.6838231682777405,-0.06892818212509155,R1,development
subject swung|access_code,subject swung,access_code,heavy,test-1,subject swung|access_code,True,0.8904162645339966,subject swung|access_code,True,1,0.8669981956481934,0.6442267298698425,0.22277146577835083,R1,development
subject swung|access_code,subject swung,access_code,heavy,test-2,subject swung|access_code,True,0.9297199249267578,subject swung|access_code,True,1,0.9103565216064453,0.6065558791160583,0.30380064249038696,R1,development
subject swung|access_code,subject swung,access_code,heavy,test-3,subject swung|access_code,True,0.8664758205413818,subject swung|access_code,True,1,0.8579041957855225,0.6948380470275879,0.16306614875793457,R1,development
subject lovely|registry_id,subject lovely,registry_id,swayed,test-0,subject lovely|registry_id,True,0.9678648710250854,subject lovely|registry_id,True,1,0.9614731073379517,0.5404933094978333,0.4209797978401184,R1,development
subject lovely|registry_id,subject lovely,registry_id,swayed,test-1,subject lovely|registry_id,True,0.817485511302948,subject lovely|registry_id,True,1,0.7999510765075684,0.6926590204238892,0.1072920560836792,R1,development
subject lovely|registry_id,subject lovely,registry_id,swayed,test-2,subject lovely|registry_id,True,0.9438737630844116,subject lovely|registry_id,True,1,0.9309766292572021,0.5427144169807434,0.38826221227645874,R1,development
subject lovely|registry_id,subject lovely,registry_id,swayed,test-3,subject lovely|registry_id,True,0.978948712348938,subject lovely|registry_id,True,1,0.9721052646636963,0.4934164881706238,0.4786887764930725,R1,development
subject lovely|city_code,subject lovely,city_code,favorite,test-0,subject lovely|city_code,True,0.8715495467185974,subject lovely|city_code,True,1,0.8359105587005615,0.7617124319076538,0.07419812679290771,R1,development
subject lovely|city_code,subject lovely,city_code,favorite,test-1,subject lovely|access_code,False,0.9020720720291138,subject lovely|access_code,False,3,0.5353860259056091,0.8886252641677856,-0.3532392382621765,R1,development
subject lovely|city_code,subject lovely,city_code,favorite,test-2,subject lovely|city_code,True,0.8896924257278442,subject lovely|city_code,True,1,0.8650317788124084,0.7262625098228455,0.138769268989563,R1,development
subject lovely|city_code,subject lovely,city_code,favorite,test-3,subject lovely|city_code,True,0.8577877879142761,subject lovely|city_code,True,1,0.8410769104957581,0.5307946801185608,0.31028223037719727,R1,development
subject lovely|access_code,subject lovely,access_code,higher,test-0,subject lovely|city_code,False,0.825442373752594,subject lovely|city_code,False,2,0.6643988490104675,0.7956106066703796,-0.1312117576599121,R1,development
subject lovely|access_code,subject lovely,access_code,higher,test-1,subject lovely|access_code,True,0.922423779964447,subject lovely|access_code,True,1,0.9097319841384888,0.6314571499824524,0.2782748341560364,R1,development
subject lovely|access_code,subject lovely,access_code,higher,test-2,subject lovely|access_code,True,0.9344249367713928,subject lovely|access_code,True,1,0.9276325702667236,0.6926742792129517,0.23495829105377197,R1,development
subject lovely|access_code,subject lovely,access_code,higher,test-3,subject lovely|access_code,True,0.8916319608688354,subject lovely|access_code,True,1,0.8792774081230164,0.5878438949584961,0.29143351316452026,R1,development
subject joked|registry_id,subject joked,registry_id,carved,validation-0,subject joked|registry_id,True,0.9617617726325989,subject joked|registry_id,True,1,0.9597207903862,0.5922634601593018,0.3674573302268982,R2,validation
subject joked|registry_id,subject joked,registry_id,carved,validation-1,subject joked|registry_id,True,0.961499035358429,subject joked|registry_id,True,1,0.9541037678718567,0.6398971676826477,0.314206600189209,R2,validation
subject joked|city_code,subject joked,city_code,prize,validation-0,subject joked|access_code,False,0.9373264908790588,subject joked|access_code,False,7,0.38663575053215027,0.9306229948997498,-0.5439872443675995,R2,validation
subject joked|city_code,subject joked,city_code,prize,validation-1,subject joked|city_code,True,0.96506667137146,subject joked|city_code,True,1,0.9567592740058899,0.57306969165802,0.3836895823478699,R2,validation
subject joked|access_code,subject joked,access_code,train,validation-0,subject joked|access_code,True,0.9099236130714417,subject joked|access_code,True,1,0.8950970768928528,0.6509976983070374,0.24409937858581543,R2,validation
subject joked|access_code,subject joked,access_code,train,validation-1,subject joked|access_code,True,0.9786184430122375,subject joked|access_code,True,1,0.9763195514678955,0.5233840346336365,0.45293551683425903,R2,validation
subject clut|registry_id,subject clut,registry_id,guide,validation-0,subject clut|registry_id,True,0.9547708630561829,subject clut|registry_id,True,1,0.951815664768219,0.6109673380851746,0.34084832668304443,R2,validation
subject clut|registry_id,subject clut,registry_id,guide,validation-1,subject clut|registry_id,True,0.9755723476409912,subject clut|registry_id,True,1,0.9718525409698486,0.5851330161094666,0.3867195248603821,R2,validation
subject clut|city_code,subject clut,city_code,connecting,validation-0,subject clut|access_code,False,0.9204098582267761,subject clut|access_code,False,7,0.43203064799308777,0.9110332727432251,-0.47900262475013733,R2,validation
subject clut|city_code,subject clut,city_code,connecting,validation-1,subject clut|city_code,True,0.97508305311203,subject clut|city_code,True,1,0.9644312858581543,0.5686425566673279,0.3957887291908264,R2,validation
subject clut|access_code,subject clut,access_code,calm,validation-0,subject clut|access_code,True,0.8901597857475281,subject clut|access_code,True,1,0.8797352910041809,0.668687105178833,0.2110481858253479,R2,validation
subject clut|access_code,subject clut,access_code,calm,validation-1,subject clut|access_code,True,0.9653860926628113,subject clut|access_code,True,1,0.962820827960968,0.6010373830795288,0.3617834448814392,R2,validation
subject louder|registry_id,subject louder,registry_id,worries,validation-0,subject louder|registry_id,True,0.939384937286377,subject louder|registry_id,True,1,0.938556969165802,0.5626063942909241,0.37595057487487793,R2,validation
subject louder|registry_id,subject louder,registry_id,worries,validation-1,subject louder|registry_id,True,0.969848096370697,subject louder|registry_id,True,1,0.9624843597412109,0.5793905258178711,0.38309383392333984,R2,validation
subject louder|city_code,subject louder,city_code,glow,validation-0,subject louder|access_code,False,0.9113536477088928,subject louder|access_code,False,10,0.3403743803501129,0.9047731757164001,-0.5643987953662872,R2,validation
subject louder|city_code,subject louder,city_code,glow,validation-1,subject louder|city_code,True,0.9326940774917603,subject louder|city_code,True,1,0.9162712097167969,0.6372217535972595,0.27904945611953735,R2,validation
subject louder|access_code,subject louder,access_code,glanc,validation-0,subject louder|access_code,True,0.87192702293396,subject louder|access_code,True,1,0.858971357345581,0.676506519317627,0.1824648380279541,R2,validation
subject louder|access_code,subject louder,access_code,glanc,validation-1,subject louder|access_code,True,0.959262490272522,subject louder|access_code,True,1,0.9508203864097595,0.5177603363990784,0.43306005001068115,R2,validation
subject deer|registry_id,subject deer,registry_id,beep,validation-0,subject deer|registry_id,True,0.9552872776985168,subject deer|registry_id,True,1,0.9443509578704834,0.6053266525268555,0.33902430534362793,R2,validation
subject deer|registry_id,subject deer,registry_id,beep,validation-1,subject deer|registry_id,True,0.7970151305198669,subject deer|registry_id,True,1,0.7777961492538452,0.7494977712631226,0.028298377990722656,R2,validation
subject deer|city_code,subject deer,city_code,students,validation-0,subject deer|access_code,False,0.952436089515686,subject deer|access_code,False,3,0.48147135972976685,0.9429082870483398,-0.461436927318573,R2,validation
subject deer|city_code,subject deer,city_code,students,validation-1,subject encour|city_code,False,0.8133112192153931,subject encour|city_code,False,3,0.7089947462081909,0.7952690720558167,-0.08627432584762573,R2,validation
subject deer|access_code,subject deer,access_code,bond,validation-0,subject deer|access_code,True,0.9364434480667114,subject deer|access_code,True,1,0.9251400828361511,0.5861930847167969,0.33894699811935425,R2,validation
subject deer|access_code,subject deer,access_code,bond,validation-1,subject deer|access_code,True,0.7281090021133423,subject deer|access_code,True,1,0.7136390805244446,0.6885650157928467,0.0250740647315979,R2,validation
subject sent|registry_id,subject sent,registry_id,butterf,validation-0,subject sent|registry_id,True,0.9674552083015442,subject sent|registry_id,True,1,0.9633171558380127,0.6007226705551147,0.36259448528289795,R2,validation
subject sent|registry_id,subject sent,registry_id,butterf,validation-1,subject sent|registry_id,True,0.9303410053253174,subject sent|registry_id,True,1,0.9133214354515076,0.7549406886100769,0.15838074684143066,R2,validation
subject sent|city_code,subject sent,city_code,clapped,validation-0,subject sent|access_code,False,0.9400042295455933,subject sent|access_code,False,4,0.4977714717388153,0.9145665168762207,-0.4167950451374054,R2,validation
subject sent|city_code,subject sent,city_code,clapped,validation-1,subject sent|city_code,True,0.9672400951385498,subject sent|city_code,True,1,0.9545131921768188,0.7194639444351196,0.23504924774169922,R2,validation
subject sent|access_code,subject sent,access_code,breathe,validation-0,subject sent|access_code,True,0.9466531872749329,subject sent|access_code,True,1,0.9340287446975708,0.609870970249176,0.3241577744483948,R2,validation
subject sent|access_code,subject sent,access_code,breathe,validation-1,subject sent|access_code,True,0.9530856609344482,subject sent|access_code,True,1,0.9471061825752258,0.6891499757766724,0.25795620679855347,R2,validation
subject shimmered|registry_id,subject shimmered,registry_id,shining,validation-0,subject shimmered|registry_id,True,0.9218165278434753,subject shimmered|registry_id,True,1,0.9158429503440857,0.5949273705482483,0.3209155797958374,R2,validation
subject shimmered|registry_id,subject shimmered,registry_id,shining,validation-1,subject shimmered|registry_id,True,0.9208318591117859,subject shimmered|registry_id,True,1,0.908407986164093,0.6112160086631775,0.2971919775009155,R2,validation
subject shimmered|city_code,subject shimmered,city_code,house,validation-0,subject shimmered|access_code,False,0.9210307598114014,subject shimmered|access_code,False,6,0.3578682541847229,0.9140189290046692,-0.5561506748199463,R2,validation
subject shimmered|city_code,subject shimmered,city_code,house,validation-1,subject shimmered|city_code,True,0.9609102606773376,subject shimmered|city_code,True,1,0.9539036154747009,0.6554062962532043,0.2984973192214966,R2,validation
subject shimmered|access_code,subject shimmered,access_code,inno,validation-0,subject shimmered|access_code,True,0.852127730846405,subject shimmered|access_code,True,1,0.8157253265380859,0.6143002510070801,0.20142507553100586,R2,validation
subject shimmered|access_code,subject shimmered,access_code,inno,validation-1,subject shimmered|access_code,True,0.9522801637649536,subject shimmered|access_code,True,1,0.9403354525566101,0.6536640524864197,0.28667140007019043,R2,validation
subject solved|registry_id,subject solved,registry_id,bottle,validation-0,subject solved|registry_id,True,0.971792995929718,subject solved|registry_id,True,1,0.9680107235908508,0.5800850987434387,0.3879256248474121,R2,validation
subject solved|registry_id,subject solved,registry_id,bottle,validation-1,subject solved|registry_id,True,0.9750454425811768,subject solved|registry_id,True,1,0.9637271165847778,0.633620023727417,0.33010709285736084,R2,validation
subject solved|city_code,subject solved,city_code,gloom,validation-0,subject solved|access_code,False,0.9555747509002686,subject solved|access_code,False,3,0.5684776306152344,0.9505451321601868,-0.3820675015449524,R2,validation
subject solved|city_code,subject solved,city_code,gloom,validation-1,subject solved|city_code,True,0.9724379181861877,subject solved|city_code,True,1,0.9664691686630249,0.6840195059776306,0.2824496626853943,R2,validation
subject solved|access_code,subject solved,access_code,huge,validation-0,subject solved|access_code,True,0.9721601009368896,subject solved|access_code,True,1,0.960896372795105,0.6373509168624878,0.3235454559326172,R2,validation
subject solved|access_code,subject solved,access_code,huge,validation-1,subject solved|access_code,True,0.9642584919929504,subject solved|access_code,True,1,0.9594728946685791,0.6810725927352905,0.2784003019332886,R2,validation
subject swim|registry_id,subject swim,registry_id,whatever,validation-0,subject swim|registry_id,True,0.9552296996116638,subject swim|registry_id,True,1,0.9437832832336426,0.6294799447059631,0.31430333852767944,R2,validation
subject swim|registry_id,subject swim,registry_id,whatever,validation-1,subject swim|registry_id,True,0.9588669538497925,subject swim|registry_id,True,1,0.9544932842254639,0.7201231122016907,0.2343701720237732,R2,validation
subject swim|city_code,subject swim,city_code,arms,validation-0,subject swim|access_code,False,0.9177471995353699,subject swim|access_code,False,4,0.485918253660202,0.8950679302215576,-0.4091496765613556,R2,validation
subject swim|city_code,subject swim,city_code,arms,validation-1,subject swim|city_code,True,0.9608426690101624,subject swim|city_code,True,1,0.9568855166435242,0.6005982160568237,0.35628730058670044,R2,validation
subject swim|access_code,subject swim,access_code,gems,validation-0,subject swim|access_code,True,0.9080519676208496,subject swim|access_code,True,1,0.893429696559906,0.7636682987213135,0.12976139783859253,R2,validation
subject swim|access_code,subject swim,access_code,gems,validation-1,subject swim|access_code,True,0.9729747772216797,subject swim|access_code,True,1,0.9693758487701416,0.5918099284172058,0.3775659203529358,R2,validation
subject deter|registry_id,subject deter,registry_id,jumped,validation-0,subject deter|registry_id,True,0.946441113948822,subject deter|registry_id,True,1,0.943099856376648,0.544726550579071,0.3983733057975769,R2,validation
subject deter|registry_id,subject deter,registry_id,jumped,validation-1,subject deter|registry_id,True,0.9199358820915222,subject deter|registry_id,True,1,0.9120230078697205,0.6287338733673096,0.2832891345024109,R2,validation
subject deter|city_code,subject deter,city_code,snowman,validation-0,subject deter|access_code,False,0.9516614079475403,subject deter|access_code,False,6,0.4174887239933014,0.9505615830421448,-0.5330728590488434,R2,validation
subject deter|city_code,subject deter,city_code,snowman,validation-1,subject deter|city_code,True,0.931877613067627,subject deter|city_code,True,1,0.9253361225128174,0.60625821352005,0.31907790899276733,R2,validation
subject deter|access_code,subject deter,access_code,after,validation-0,subject deter|access_code,True,0.9462570548057556,subject deter|access_code,True,1,0.9317401647567749,0.5993683934211731,0.3323717713356018,R2,validation
subject deter|access_code,subject deter,access_code,after,validation-1,subject deter|access_code,True,0.926098644733429,subject deter|access_code,True,1,0.9205650091171265,0.5144097208976746,0.4061552882194519,R2,validation
subject excited|registry_id,subject excited,registry_id,tricky,validation-0,subject excited|registry_id,True,0.9542139768600464,subject excited|registry_id,True,1,0.9451072812080383,0.5425612926483154,0.4025459885597229,R2,validation
subject excited|registry_id,subject excited,registry_id,tricky,validation-1,subject excited|registry_id,True,0.886243999004364,subject excited|registry_id,True,1,0.8573158979415894,0.6530418992042542,0.2042739987373352,R2,validation
subject excited|city_code,subject excited,city_code,conqu,validation-0,subject excited|access_code,False,0.9444751143455505,subject excited|access_code,False,15,0.1944340318441391,0.9261403679847717,-0.7317063361406326,R2,validation
subject excited|city_code,subject excited,city_code,conqu,validation-1,subject excited|city_code,True,0.9748907685279846,subject excited|city_code,True,1,0.9617167711257935,0.6069121360778809,0.3548046350479126,R2,validation
subject excited|access_code,subject excited,access_code,imag,validation-0,subject excited|access_code,True,0.8973882794380188,subject excited|access_code,True,1,0.8781020641326904,0.6919273138046265,0.18617475032806396,R2,validation
subject excited|access_code,subject excited,access_code,imag,validation-1,subject excited|access_code,True,0.9022632241249084,subject excited|access_code,True,1,0.8852128386497498,0.5983769297599792,0.2868359088897705,R2,validation
subject encour|registry_id,subject encour,registry_id,safely,validation-0,subject encour|registry_id,True,0.7362865805625916,subject encour|registry_id,True,1,0.6993095874786377,0.6246052384376526,0.07470434904098511,R2,validation
subject encour|registry_id,subject encour,registry_id,safely,validation-1,subject clut|registry_id,False,0.8161327838897705,subject clut|registry_id,False,3,0.7119331359863281,0.7973169684410095,-0.0853838324546814,R2,validation
subject encour|city_code,subject encour,city_code,snowf,validation-0,subject skills|access_code,False,0.7558807134628296,subject skills|access_code,False,39,-0.35114791989326477,0.7446804046630859,-1.0958283245563507,R2,validation
subject encour|city_code,subject encour,city_code,snowf,validation-1,subject encour|city_code,True,0.8556632399559021,subject encour|city_code,True,1,0.8337478637695312,0.7091522812843323,0.12459558248519897,R2,validation
subject encour|access_code,subject encour,access_code,uncover,validation-0,subject encour|access_code,True,0.8175708055496216,subject encour|access_code,True,1,0.7882994413375854,0.749217689037323,0.03908175230026245,R2,validation
subject encour|access_code,subject encour,access_code,uncover,validation-1,subject clut|access_code,False,0.7946431040763855,subject clut|access_code,False,3,0.6393972635269165,0.7735735774040222,-0.1341763138771057,R2,validation
subject finds|registry_id,subject finds,registry_id,transform,validation-0,subject finds|registry_id,True,0.9463960528373718,subject finds|registry_id,True,1,0.9405026435852051,0.5464416146278381,0.39406102895736694,R2,validation
subject finds|registry_id,subject finds,registry_id,transform,validation-1,subject finds|registry_id,True,0.9612163305282593,subject finds|registry_id,True,1,0.9368442893028259,0.5758641362190247,0.36098015308380127,R2,validation
subject finds|city_code,subject finds,city_code,spirit,validation-0,subject finds|access_code,False,0.9512448310852051,subject finds|access_code,False,5,0.46706417202949524,0.9438377022743225,-0.47677353024482727,R2,validation
subject finds|city_code,subject finds,city_code,spirit,validation-1,subject finds|city_code,True,0.9637952446937561,subject finds|city_code,True,1,0.9606317281723022,0.6275510787963867,0.3330806493759155,R2,validation
subject finds|access_code,subject finds,access_code,door,validation-0,subject finds|access_code,True,0.9437431693077087,subject finds|access_code,True,1,0.9369986653327942,0.6522179841995239,0.28478068113327026,R2,validation
subject finds|access_code,subject finds,access_code,door,validation-1,subject finds|access_code,True,0.9729832410812378,subject finds|access_code,True,1,0.970653235912323,0.6222926378250122,0.3483605980873108,R2,validation
subject skills|registry_id,subject skills,registry_id,seek,validation-0,subject skills|registry_id,True,0.9539107084274292,subject skills|registry_id,True,1,0.9478133916854858,0.5099912881851196,0.4378221035003662,R2,validation
subject skills|registry_id,subject skills,registry_id,seek,validation-1,subject skills|registry_id,True,0.9791738986968994,subject skills|registry_id,True,1,0.970465898513794,0.5427911281585693,0.4276747703552246,R2,validation
subject skills|city_code,subject skills,city_code,sank,validation-0,subject skills|access_code,False,0.9528868794441223,subject skills|access_code,False,4,0.5394772887229919,0.9435617923736572,-0.4040845036506653,R2,validation
subject skills|city_code,subject skills,city_code,sank,validation-1,subject skills|city_code,True,0.9724005460739136,subject skills|city_code,True,1,0.9699991941452026,0.6137910485267639,0.3562081456184387,R2,validation
subject skills|access_code,subject skills,access_code,whale,validation-0,subject skills|access_code,True,0.9473697543144226,subject skills|access_code,True,1,0.939028263092041,0.6521636247634888,0.28686463832855225,R2,validation
subject skills|access_code,subject skills,access_code,whale,validation-1,subject skills|access_code,True,0.980376660823822,subject skills|access_code,True,1,0.9749829769134521,0.6116499900817871,0.36333298683166504,R2,validation
subject dawn|registry_id,subject dawn,registry_id,sneak,validation-0,subject dawn|registry_id,True,0.9500696063041687,subject dawn|registry_id,True,1,0.939822793006897,0.6521321535110474,0.2876906394958496,R2,validation
subject dawn|registry_id,subject dawn,registry_id,sneak,validation-1,subject dawn|registry_id,True,0.945237398147583,subject dawn|registry_id,True,1,0.9346343874931335,0.576541006565094,0.35809338092803955,R2,validation
subject dawn|city_code,subject dawn,city_code,shiny,validation-0,subject dawn|access_code,False,0.9391424059867859,subject dawn|access_code,False,8,0.37662121653556824,0.9250279664993286,-0.5484067499637604,R2,validation
subject dawn|city_code,subject dawn,city_code,shiny,validation-1,subject dawn|city_code,True,0.975639283657074,subject dawn|city_code,True,1,0.9688470363616943,0.5991013050079346,0.36974573135375977,R2,validation
subject dawn|access_code,subject dawn,access_code,pretending,validation-0,subject dawn|access_code,True,0.8636895418167114,subject dawn|access_code,True,1,0.8367599248886108,0.760907769203186,0.0758521556854248,R2,validation
subject dawn|access_code,subject dawn,access_code,pretending,validation-1,subject dawn|access_code,True,0.9615013599395752,subject dawn|access_code,True,1,0.9523050785064697,0.5735487937927246,0.3787562847137451,R2,validation
subject swung|registry_id,subject swung,registry_id,outs,validation-0,subject swung|registry_id,True,0.9257769584655762,subject swung|registry_id,True,1,0.9160899519920349,0.6757674813270569,0.24032247066497803,R2,validation
subject swung|registry_id,subject swung,registry_id,outs,validation-1,subject swung|registry_id,True,0.9432271718978882,subject swung|registry_id,True,1,0.9323049783706665,0.7247335314750671,0.20757144689559937,R2,validation
subject swung|city_code,subject swung,city_code,loomed,validation-0,subject swung|access_code,False,0.8854449391365051,subject swung|access_code,False,9,0.26838165521621704,0.8670808672904968,-0.5986992120742798,R2,validation
subject swung|city_code,subject swung,city_code,loomed,validation-1,subject swung|city_code,True,0.939771294593811,subject swung|city_code,True,1,0.9350150227546692,0.6830300092697144,0.25198501348495483,R2,validation
subject swung|access_code,subject swung,access_code,heavy,validation-0,subject swung|access_code,True,0.8466148376464844,subject swung|access_code,True,1,0.8355259299278259,0.7481818199157715,0.08734411001205444,R2,validation
subject swung|access_code,subject swung,access_code,heavy,validation-1,subject swung|access_code,True,0.9576034545898438,subject swung|access_code,True,1,0.9475352168083191,0.5306951403617859,0.4168400764465332,R2,validation
subject lovely|registry_id,subject lovely,registry_id,swayed,validation-0,subject lovely|registry_id,True,0.9691184759140015,subject lovely|registry_id,True,1,0.9571660161018372,0.49498388171195984,0.4621821343898773,R2,validation
subject lovely|registry_id,subject lovely,registry_id,swayed,validation-1,subject lovely|registry_id,True,0.9563294649124146,subject lovely|registry_id,True,1,0.9500584602355957,0.579357922077179,0.37070053815841675,R2,validation
subject lovely|city_code,subject lovely,city_code,favorite,validation-0,subject lovely|access_code,False,0.9315112233161926,subject lovely|access_code,False,7,0.3594559133052826,0.9224783778190613,-0.5630224645137787,R2,validation
subject lovely|city_code,subject lovely,city_code,favorite,validation-1,subject lovely|city_code,True,0.9823346734046936,subject lovely|city_code,True,1,0.9700358510017395,0.6495277881622314,0.32050806283950806,R2,validation
subject lovely|access_code,subject lovely,access_code,higher,validation-0,subject lovely|access_code,True,0.8754609227180481,subject lovely|access_code,True,1,0.8499878644943237,0.7021183967590332,0.14786946773529053,R2,validation
subject lovely|access_code,subject lovely,access_code,higher,validation-1,subject lovely|access_code,True,0.9600948095321655,subject lovely|access_code,True,1,0.9574499726295471,0.6422902345657349,0.31515973806381226,R2,validation
subject joked|registry_id,subject joked,registry_id,carved,test-0,subject joked|registry_id,True,0.9491628408432007,subject joked|registry_id,True,1,0.9479432106018066,0.5627674460411072,0.38517576456069946,R2,development
subject joked|registry_id,subject joked,registry_id,carved,test-1,subject joked|registry_id,True,0.8119748830795288,subject joked|registry_id,True,1,0.8087849020957947,0.7743692398071289,0.03441566228866577,R2,development
subject joked|registry_id,subject joked,registry_id,carved,test-2,subject joked|registry_id,True,0.94284987449646,subject joked|registry_id,True,1,0.9376596212387085,0.6003033518791199,0.3373562693595886,R2,development
subject joked|registry_id,subject joked,registry_id,carved,test-3,subject joked|registry_id,True,0.9735098481178284,subject joked|registry_id,True,1,0.9712656736373901,0.5593847036361694,0.4118809700012207,R2,development
subject joked|city_code,subject joked,city_code,prize,test-0,subject joked|city_code,True,0.8845169544219971,subject joked|city_code,True,1,0.8586867451667786,0.8038358688354492,0.054850876331329346,R2,development
subject joked|city_code,subject joked,city_code,prize,test-1,subject joked|access_code,False,0.9311051964759827,subject joked|access_code,False,4,0.4532569944858551,0.9227674603462219,-0.4695104658603668,R2,development
subject joked|city_code,subject joked,city_code,prize,test-2,subject joked|access_code,False,0.904107391834259,subject joked|access_code,False,2,0.6907050609588623,0.8911409378051758,-0.20043587684631348,R2,development
subject joked|city_code,subject joked,city_code,prize,test-3,subject joked|city_code,True,0.9245947599411011,subject joked|city_code,True,1,0.90999835729599,0.6630313992500305,0.24696695804595947,R2,development
subject joked|access_code,subject joked,access_code,train,test-0,subject joked|city_code,False,0.8790878057479858,subject joked|city_code,False,2,0.7554864287376404,0.8556922674179077,-0.10020583868026733,R2,development
subject joked|access_code,subject joked,access_code,train,test-1,subject joked|access_code,True,0.8952264785766602,subject joked|access_code,True,1,0.8885878324508667,0.6053963899612427,0.283191442489624,R2,development
subject joked|access_code,subject joked,access_code,train,test-2,subject joked|access_code,True,0.9401964545249939,subject joked|access_code,True,1,0.9337653517723083,0.664451003074646,0.26931434869766235,R2,development
subject joked|access_code,subject joked,access_code,train,test-3,subject joked|access_code,True,0.9446463584899902,subject joked|access_code,True,1,0.9376803040504456,0.5987735390663147,0.33890676498413086,R2,development
subject clut|registry_id,subject clut,registry_id,guide,test-0,subject clut|registry_id,True,0.963047206401825,subject clut|registry_id,True,1,0.9639042615890503,0.5807228088378906,0.38318145275115967,R2,development
subject clut|registry_id,subject clut,registry_id,guide,test-1,subject clut|registry_id,True,0.8485196232795715,subject clut|registry_id,True,1,0.8291126489639282,0.8207176923751831,0.008394956588745117,R2,development
subject clut|registry_id,subject clut,registry_id,guide,test-2,subject clut|registry_id,True,0.8833452463150024,subject clut|registry_id,True,1,0.8804269433021545,0.6925930380821228,0.18783390522003174,R2,development
subject clut|registry_id,subject clut,registry_id,guide,test-3,subject clut|registry_id,True,0.9629823565483093,subject clut|registry_id,True,1,0.963187038898468,0.6359306573867798,0.32725638151168823,R2,development
subject clut|city_code,subject clut,city_code,connecting,test-0,subject clut|city_code,True,0.8358975648880005,subject clut|city_code,True,1,0.8186699151992798,0.8125247955322266,0.006145119667053223,R2,development
subject clut|city_code,subject clut,city_code,connecting,test-1,subject clut|access_code,False,0.931338906288147,subject clut|access_code,False,4,0.5354980230331421,0.9279086589813232,-0.39241063594818115,R2,development
subject clut|city_code,subject clut,city_code,connecting,test-2,subject clut|access_code,False,0.8570958971977234,subject clut|access_code,False,4,0.5391088724136353,0.8512237071990967,-0.3121148347854614,R2,development
subject clut|city_code,subject clut,city_code,connecting,test-3,subject clut|city_code,True,0.8537655472755432,subject clut|city_code,True,1,0.8422755599021912,0.738070547580719,0.10420501232147217,R2,development
subject clut|access_code,subject clut,access_code,calm,test-0,subject clut|city_code,False,0.7580280900001526,subject clut|city_code,False,2,0.6828696727752686,0.7416878342628479,-0.058818161487579346,R2,development
subject clut|access_code,subject clut,access_code,calm,test-1,subject clut|access_code,True,0.93317049741745,subject clut|access_code,True,1,0.9266029000282288,0.6496506929397583,0.27695220708847046,R2,development
subject clut|access_code,subject clut,access_code,calm,test-2,subject clut|access_code,True,0.8437851667404175,subject clut|access_code,True,1,0.8335447311401367,0.6677641272544861,0.16578060388565063,R2,development
subject clut|access_code,subject clut,access_code,calm,test-3,subject clut|access_code,True,0.9080206751823425,subject clut|access_code,True,1,0.906048059463501,0.6263547539710999,0.2796933054924011,R2,development
subject louder|registry_id,subject louder,registry_id,worries,test-0,subject louder|registry_id,True,0.9646233916282654,subject louder|registry_id,True,1,0.9468287825584412,0.6339240670204163,0.3129047155380249,R2,development
subject louder|registry_id,subject louder,registry_id,worries,test-1,subject louder|access_code,False,0.7498963475227356,subject louder|access_code,False,2,0.708858072757721,0.7442596554756165,-0.03540158271789551,R2,development
subject louder|registry_id,subject louder,registry_id,worries,test-2,subject louder|registry_id,True,0.950587272644043,subject louder|registry_id,True,1,0.9438757300376892,0.605129063129425,0.33874666690826416,R2,development
subject louder|registry_id,subject louder,registry_id,worries,test-3,subject louder|registry_id,True,0.9794543385505676,subject louder|registry_id,True,1,0.9755714535713196,0.5852507948875427,0.39032065868377686,R2,development
subject louder|city_code,subject louder,city_code,glow,test-0,subject louder|city_code,True,0.8674011826515198,subject louder|city_code,True,1,0.8413784503936768,0.721294105052948,0.12008434534072876,R2,development
subject louder|city_code,subject louder,city_code,glow,test-1,subject louder|access_code,False,0.8143472075462341,subject louder|access_code,False,16,0.16987136006355286,0.8042581677436829,-0.63438680768013,R2,development
subject louder|city_code,subject louder,city_code,glow,test-2,subject louder|access_code,False,0.9305614233016968,subject louder|access_code,False,2,0.643227756023407,0.9193845391273499,-0.27615678310394287,R2,development
subject louder|city_code,subject louder,city_code,glow,test-3,subject louder|city_code,True,0.8198146820068359,subject louder|city_code,True,1,0.7823929190635681,0.6297310590744019,0.15266185998916626,R2,development
subject louder|access_code,subject louder,access_code,glanc,test-0,subject louder|city_code,False,0.8507606983184814,subject louder|city_code,False,2,0.7001575231552124,0.82989501953125,-0.1297374963760376,R2,development
subject louder|access_code,subject louder,access_code,glanc,test-1,subject louder|access_code,True,0.7968788146972656,subject louder|access_code,True,1,0.7794604301452637,0.7247297167778015,0.05473071336746216,R2,development
subject louder|access_code,subject louder,access_code,glanc,test-2,subject louder|access_code,True,0.9528736472129822,subject louder|access_code,True,1,0.9506144523620605,0.6099678874015808,0.34064656496047974,R2,development
subject louder|access_code,subject louder,access_code,glanc,test-3,subject louder|access_code,True,0.8937903046607971,subject louder|access_code,True,1,0.8837567567825317,0.5664512515068054,0.3173055052757263,R2,development
subject deer|registry_id,subject deer,registry_id,beep,test-0,subject deer|registry_id,True,0.9671798348426819,subject deer|registry_id,True,1,0.964817464351654,0.5656362175941467,0.3991812467575073,R2,development
subject deer|registry_id,subject deer,registry_id,beep,test-1,subject deer|registry_id,True,0.79506915807724,subject deer|registry_id,True,1,0.7838320732116699,0.7382782101631165,0.04555386304855347,R2,development
subject deer|registry_id,subject deer,registry_id,beep,test-2,subject deer|registry_id,True,0.9374369978904724,subject deer|registry_id,True,1,0.9299283027648926,0.6125066876411438,0.3174216151237488,R2,development
subject deer|registry_id,subject deer,registry_id,beep,test-3,subject deer|registry_id,True,0.9662578105926514,subject deer|registry_id,True,1,0.9604937434196472,0.6714718341827393,0.28902190923690796,R2,development
subject deer|city_code,subject deer,city_code,students,test-0,subject deer|city_code,True,0.855233907699585,subject deer|city_code,True,1,0.8108236789703369,0.7890061736106873,0.021817505359649658,R2,development
subject deer|city_code,subject deer,city_code,students,test-1,subject deer|access_code,False,0.8670869469642639,subject deer|access_code,False,11,0.29904571175575256,0.8591510057449341,-0.5601052939891815,R2,development
subject deer|city_code,subject deer,city_code,students,test-2,subject deer|city_code,True,0.8094000220298767,subject deer|city_code,True,1,0.776344358921051,0.7665121555328369,0.009832203388214111,R2,development
subject deer|city_code,subject deer,city_code,students,test-3,subject deer|city_code,True,0.8947705030441284,subject deer|city_code,True,1,0.8622838854789734,0.6876171231269836,0.17466676235198975,R2,development
subject deer|access_code,subject deer,access_code,bond,test-0,subject deer|city_code,False,0.8814760446548462,subject deer|city_code,False,3,0.6620287895202637,0.8479902744293213,-0.18596148490905762,R2,development
subject deer|access_code,subject deer,access_code,bond,test-1,subject deer|access_code,True,0.8090129494667053,subject deer|access_code,True,1,0.7800139784812927,0.6446710824966431,0.13534289598464966,R2,development
subject deer|access_code,subject deer,access_code,bond,test-2,subject deer|access_code,True,0.9192211627960205,subject deer|access_code,True,1,0.9030745029449463,0.6616231799125671,0.24145132303237915,R2,development
subject deer|access_code,subject deer,access_code,bond,test-3,subject deer|access_code,True,0.9249476790428162,subject deer|access_code,True,1,0.9214521050453186,0.611056387424469,0.3103957176208496,R2,development
subject sent|registry_id,subject sent,registry_id,butterf,test-0,subject sent|registry_id,True,0.9742080569267273,subject sent|registry_id,True,1,0.9707096815109253,0.5497158765792847,0.4209938049316406,R2,development
subject sent|registry_id,subject sent,registry_id,butterf,test-1,subject sent|registry_id,True,0.8096456527709961,subject sent|registry_id,True,1,0.7987769246101379,0.6953462362289429,0.10343068838119507,R2,development
subject sent|registry_id,subject sent,registry_id,butterf,test-2,subject sent|registry_id,True,0.9510622024536133,subject sent|registry_id,True,1,0.9453844428062439,0.572661817073822,0.3727226257324219,R2,development
subject sent|registry_id,subject sent,registry_id,butterf,test-3,subject sent|registry_id,True,0.9845305681228638,subject sent|registry_id,True,1,0.9837494492530823,0.5687041282653809,0.4150453209877014,R2,development
subject sent|city_code,subject sent,city_code,clapped,test-0,subject sent|access_code,False,0.8925945162773132,subject sent|access_code,False,2,0.7780116200447083,0.8691025972366333,-0.09109097719192505,R2,development
subject sent|city_code,subject sent,city_code,clapped,test-1,subject sent|access_code,False,0.8849093914031982,subject sent|access_code,False,4,0.43173637986183167,0.8722261190414429,-0.4404897391796112,R2,development
subject sent|city_code,subject sent,city_code,clapped,test-2,subject sent|access_code,False,0.9465693831443787,subject sent|access_code,False,2,0.6727271676063538,0.9319053292274475,-0.25917816162109375,R2,development
subject sent|city_code,subject sent,city_code,clapped,test-3,subject sent|city_code,True,0.8931373357772827,subject sent|city_code,True,1,0.865021288394928,0.6900746822357178,0.1749466061592102,R2,development
subject sent|access_code,subject sent,access_code,breathe,test-0,subject sent|city_code,False,0.8288682103157043,subject sent|city_code,False,2,0.7370148301124573,0.7974987030029297,-0.06048387289047241,R2,development
subject sent|access_code,subject sent,access_code,breathe,test-1,subject sent|access_code,True,0.901684045791626,subject sent|access_code,True,1,0.8836520314216614,0.7198266983032227,0.16382533311843872,R2,development
subject sent|access_code,subject sent,access_code,breathe,test-2,subject sent|access_code,True,0.9401867985725403,subject sent|access_code,True,1,0.9202656745910645,0.6233901381492615,0.296875536441803,R2,development
subject sent|access_code,subject sent,access_code,breathe,test-3,subject sent|access_code,True,0.9598057270050049,subject sent|access_code,True,1,0.9408789873123169,0.5670881867408752,0.37379080057144165,R2,development
subject shimmered|registry_id,subject shimmered,registry_id,shining,test-0,subject shimmered|registry_id,True,0.943795919418335,subject shimmered|registry_id,True,1,0.9387128353118896,0.5763552188873291,0.36235761642456055,R2,development
subject shimmered|registry_id,subject shimmered,registry_id,shining,test-1,subject shimmered|registry_id,True,0.8738468289375305,subject shimmered|registry_id,True,1,0.8452956676483154,0.7758735418319702,0.06942212581634521,R2,development
subject shimmered|registry_id,subject shimmered,registry_id,shining,test-2,subject shimmered|registry_id,True,0.9280547499656677,subject shimmered|registry_id,True,1,0.9259324073791504,0.6181328296661377,0.3077995777130127,R2,development
subject shimmered|registry_id,subject shimmered,registry_id,shining,test-3,subject shimmered|registry_id,True,0.943142831325531,subject shimmered|registry_id,True,1,0.938543438911438,0.6169429421424866,0.3216004967689514,R2,development
subject shimmered|city_code,subject shimmered,city_code,house,test-0,subject shimmered|access_code,False,0.8977616429328918,subject shimmered|access_code,False,2,0.7177762985229492,0.8902043700218201,-0.17242807149887085,R2,development
subject shimmered|city_code,subject shimmered,city_code,house,test-1,subject shimmered|access_code,False,0.9230460524559021,subject shimmered|access_code,False,3,0.5579156875610352,0.9120003581047058,-0.35408467054367065,R2,development
subject shimmered|city_code,subject shimmered,city_code,house,test-2,subject shimmered|access_code,False,0.9141058325767517,subject shimmered|access_code,False,2,0.7058032751083374,0.9084359407424927,-0.20263266563415527,R2,development
subject shimmered|city_code,subject shimmered,city_code,house,test-3,subject shimmered|city_code,True,0.8509875535964966,subject shimmered|city_code,True,1,0.8417441844940186,0.634867787361145,0.20687639713287354,R2,development
subject shimmered|access_code,subject shimmered,access_code,inno,test-0,subject shimmered|city_code,False,0.8137471079826355,subject shimmered|city_code,False,2,0.698624312877655,0.7983229160308838,-0.09969860315322876,R2,development
subject shimmered|access_code,subject shimmered,access_code,inno,test-1,subject shimmered|access_code,True,0.9375080466270447,subject shimmered|access_code,True,1,0.9188613891601562,0.6631181240081787,0.25574326515197754,R2,development
subject shimmered|access_code,subject shimmered,access_code,inno,test-2,subject shimmered|access_code,True,0.9368352293968201,subject shimmered|access_code,True,1,0.9130597710609436,0.5989922285079956,0.314067542552948,R2,development
subject shimmered|access_code,subject shimmered,access_code,inno,test-3,subject shimmered|access_code,True,0.9070042371749878,subject shimmered|access_code,True,1,0.8836433291435242,0.6248239874839783,0.2588193416595459,R2,development
subject solved|registry_id,subject solved,registry_id,bottle,test-0,subject solved|registry_id,True,0.9730539917945862,subject solved|registry_id,True,1,0.9709776639938354,0.5803834199905396,0.3905942440032959,R2,development
subject solved|registry_id,subject solved,registry_id,bottle,test-1,subject excited|registry_id,False,0.6884918212890625,subject excited|access_code,False,4,0.6236344575881958,0.6666598320007324,-0.04302537441253662,R2,development
subject solved|registry_id,subject solved,registry_id,bottle,test-2,subject solved|registry_id,True,0.9639146327972412,subject solved|registry_id,True,1,0.9602501392364502,0.5644750595092773,0.39577507972717285,R2,development
subject solved|registry_id,subject solved,registry_id,bottle,test-3,subject solved|registry_id,True,0.9823201894760132,subject solved|registry_id,True,1,0.9843941330909729,0.6099056005477905,0.3744885325431824,R2,development
subject solved|city_code,subject solved,city_code,gloom,test-0,subject solved|access_code,False,0.8939260244369507,subject solved|access_code,False,2,0.7783077955245972,0.8789905905723572,-0.10068279504776001,R2,development
subject solved|city_code,subject solved,city_code,gloom,test-1,subject solved|access_code,False,0.8460421562194824,subject solved|access_code,False,13,0.27457040548324585,0.8370425701141357,-0.5624721646308899,R2,development
subject solved|city_code,subject solved,city_code,gloom,test-2,subject solved|access_code,False,0.9384989738464355,subject solved|access_code,False,2,0.6955429911613464,0.9298088550567627,-0.23426586389541626,R2,development
subject solved|city_code,subject solved,city_code,gloom,test-3,subject solved|city_code,True,0.9002492427825928,subject solved|city_code,True,1,0.8702632188796997,0.7451919913291931,0.1250712275505066,R2,development
subject solved|access_code,subject solved,access_code,huge,test-0,subject solved|city_code,False,0.8373366594314575,subject solved|access_code,True,1,0.8071244359016418,0.7981546521186829,0.008969783782958984,R2,development
subject solved|access_code,subject solved,access_code,huge,test-1,subject excited|access_code,False,0.8496030569076538,subject excited|access_code,False,2,0.8004343509674072,0.8247261643409729,-0.024291813373565674,R2,development
subject solved|access_code,subject solved,access_code,huge,test-2,subject solved|access_code,True,0.9656557440757751,subject solved|access_code,True,1,0.9515515565872192,0.684005081653595,0.26754647493362427,R2,development
subject solved|access_code,subject solved,access_code,huge,test-3,subject solved|access_code,True,0.9559207558631897,subject solved|access_code,True,1,0.9530099034309387,0.6787329316139221,0.2742769718170166,R2,development
subject swim|registry_id,subject swim,registry_id,whatever,test-0,subject swim|registry_id,True,0.976151168346405,subject swim|registry_id,True,1,0.9737237095832825,0.5857844948768616,0.3879392147064209,R2,development
subject swim|registry_id,subject swim,registry_id,whatever,test-1,subject swim|access_code,False,0.716736376285553,subject swim|access_code,False,2,0.6948132514953613,0.6969025135040283,-0.002089262008666992,R2,development
subject swim|registry_id,subject swim,registry_id,whatever,test-2,subject swim|registry_id,True,0.9728974103927612,subject swim|registry_id,True,1,0.9665198922157288,0.5124335289001465,0.4540863633155823,R2,development
subject swim|registry_id,subject swim,registry_id,whatever,test-3,subject swim|registry_id,True,0.9825276732444763,subject swim|registry_id,True,1,0.9792096614837646,0.5575656294822693,0.42164403200149536,R2,development
subject swim|city_code,subject swim,city_code,arms,test-0,subject swim|city_code,True,0.8509394526481628,subject swim|city_code,True,1,0.823961615562439,0.7999446988105774,0.024016916751861572,R2,development
subject swim|city_code,subject swim,city_code,arms,test-1,subject swim|access_code,False,0.8532062768936157,subject swim|access_code,False,5,0.44376450777053833,0.8401035070419312,-0.3963389992713928,R2,development
subject swim|city_code,subject swim,city_code,arms,test-2,subject swim|access_code,False,0.9118099212646484,subject swim|access_code,False,2,0.8080437183380127,0.8973538279533386,-0.08931010961532593,R2,development
subject swim|city_code,subject swim,city_code,arms,test-3,subject swim|city_code,True,0.8634218573570251,subject swim|city_code,True,1,0.831017017364502,0.7041119933128357,0.12690502405166626,R2,development
subject swim|access_code,subject swim,access_code,gems,test-0,subject swim|city_code,False,0.8264469504356384,subject swim|city_code,False,2,0.5980080962181091,0.7834147810935974,-0.18540668487548828,R2,development
subject swim|access_code,subject swim,access_code,gems,test-1,subject swim|access_code,True,0.7740999460220337,subject swim|access_code,True,1,0.7651036977767944,0.7112321257591248,0.05387157201766968,R2,development
subject swim|access_code,subject swim,access_code,gems,test-2,subject swim|access_code,True,0.967119038105011,subject swim|access_code,True,1,0.9624425768852234,0.5987140536308289,0.36372852325439453,R2,development
subject swim|access_code,subject swim,access_code,gems,test-3,subject swim|access_code,True,0.9293287396430969,subject swim|access_code,True,1,0.9156361222267151,0.7015986442565918,0.2140374779701233,R2,development
subject deter|registry_id,subject deter,registry_id,jumped,test-0,subject deter|registry_id,True,0.9656591415405273,subject deter|registry_id,True,1,0.9571014046669006,0.5421270728111267,0.4149743318557739,R2,development
subject deter|registry_id,subject deter,registry_id,jumped,test-1,subject finds|access_code,False,0.6495532393455505,subject finds|access_code,False,4,0.46630197763442993,0.6393863558769226,-0.17308437824249268,R2,development
subject deter|registry_id,subject deter,registry_id,jumped,test-2,subject deter|registry_id,True,0.9318506717681885,subject deter|registry_id,True,1,0.9278153777122498,0.5749110579490662,0.3529043197631836,R2,development
subject deter|registry_id,subject deter,registry_id,jumped,test-3,subject deter|registry_id,True,0.982292652130127,subject deter|registry_id,True,1,0.9840081334114075,0.567692756652832,0.41631537675857544,R2,development
subject deter|city_code,subject deter,city_code,snowman,test-0,subject deter|city_code,True,0.8492828011512756,subject deter|city_code,True,1,0.7923147082328796,0.7642841935157776,0.02803051471710205,R2,development
subject deter|city_code,subject deter,city_code,snowman,test-1,subject deter|access_code,False,0.8385182023048401,subject deter|access_code,False,11,0.22309045493602753,0.7989263534545898,-0.5758358985185623,R2,development
subject deter|city_code,subject deter,city_code,snowman,test-2,subject deter|access_code,False,0.9497123956680298,subject deter|access_code,False,2,0.5697872042655945,0.9400126338005066,-0.3702254295349121,R2,development
subject deter|city_code,subject deter,city_code,snowman,test-3,subject deter|city_code,True,0.8788028359413147,subject deter|city_code,True,1,0.8502869009971619,0.6844457387924194,0.16584116220474243,R2,development
subject deter|access_code,subject deter,access_code,after,test-0,subject deter|city_code,False,0.841998815536499,subject deter|city_code,False,2,0.6996382474899292,0.7863592505455017,-0.08672100305557251,R2,development
subject deter|access_code,subject deter,access_code,after,test-1,subject deter|access_code,True,0.8152002692222595,subject finds|access_code,False,2,0.7668931484222412,0.7728223204612732,-0.005929172039031982,R2,development
subject deter|access_code,subject deter,access_code,after,test-2,subject deter|access_code,True,0.9503962993621826,subject deter|access_code,True,1,0.9294716119766235,0.6643391251564026,0.26513248682022095,R2,development
subject deter|access_code,subject deter,access_code,after,test-3,subject deter|access_code,True,0.9443652629852295,subject deter|access_code,True,1,0.9378363490104675,0.5474073886871338,0.39042896032333374,R2,development
subject excited|registry_id,subject excited,registry_id,tricky,test-0,subject excited|registry_id,True,0.9698533415794373,subject excited|registry_id,True,1,0.9636805653572083,0.5534791946411133,0.41020137071609497,R2,development
subject excited|registry_id,subject excited,registry_id,tricky,test-1,subject excited|registry_id,True,0.8750947117805481,subject excited|registry_id,True,1,0.8540045022964478,0.8096853494644165,0.04431915283203125,R2,development
subject excited|registry_id,subject excited,registry_id,tricky,test-2,subject excited|registry_id,True,0.952221155166626,subject excited|registry_id,True,1,0.9481644630432129,0.5707898736000061,0.3773745894432068,R2,development
subject excited|registry_id,subject excited,registry_id,tricky,test-3,subject excited|registry_id,True,0.9471023082733154,subject excited|registry_id,True,1,0.9299572706222534,0.6472141146659851,0.2827431559562683,R2,development
subject excited|city_code,subject excited,city_code,conqu,test-0,subject excited|city_code,True,0.8065099120140076,subject excited|city_code,True,1,0.784631073474884,0.7459954619407654,0.03863561153411865,R2,development
subject excited|city_code,subject excited,city_code,conqu,test-1,subject excited|access_code,False,0.9329627752304077,subject excited|access_code,False,4,0.445810467004776,0.9262244701385498,-0.4804140031337738,R2,development
subject excited|city_code,subject excited,city_code,conqu,test-2,subject excited|city_code,True,0.8193559646606445,subject excited|city_code,True,1,0.8037930727005005,0.7534191608428955,0.05037391185760498,R2,development
subject excited|city_code,subject excited,city_code,conqu,test-3,subject excited|city_code,True,0.8821070790290833,subject excited|city_code,True,1,0.8550369143486023,0.6640028953552246,0.19103401899337769,R2,development
subject excited|access_code,subject excited,access_code,imag,test-0,subject excited|city_code,False,0.7941374182701111,subject excited|city_code,False,3,0.5762781500816345,0.7676215171813965,-0.19134336709976196,R2,development
subject excited|access_code,subject excited,access_code,imag,test-1,subject excited|access_code,True,0.9720656275749207,subject excited|access_code,True,1,0.9600932598114014,0.5622305274009705,0.3978627324104309,R2,development
subject excited|access_code,subject excited,access_code,imag,test-2,subject excited|access_code,True,0.9690033793449402,subject excited|access_code,True,1,0.9644866585731506,0.5747314691543579,0.3897551894187927,R2,development
subject excited|access_code,subject excited,access_code,imag,test-3,subject excited|access_code,True,0.9362520575523376,subject excited|access_code,True,1,0.9199447631835938,0.6235197186470032,0.2964250445365906,R2,development
subject encour|registry_id,subject encour,registry_id,safely,test-0,subject encour|registry_id,True,0.9412453174591064,subject encour|registry_id,True,1,0.925230085849762,0.6684578657150269,0.2567722201347351,R2,development
subject encour|registry_id,subject encour,registry_id,safely,test-1,subject excited|registry_id,False,0.6948282122612,subject excited|registry_id,False,9,0.36479994654655457,0.6653598546981812,-0.3005599081516266,R2,development
subject encour|registry_id,subject encour,registry_id,safely,test-2,subject encour|registry_id,True,0.8335456252098083,subject encour|registry_id,True,1,0.811901330947876,0.7114402651786804,0.10046106576919556,R2,development
subject encour|registry_id,subject encour,registry_id,safely,test-3,subject encour|registry_id,True,0.8960787057876587,subject encour|registry_id,True,1,0.8851461410522461,0.7540474534034729,0.1310986876487732,R2,development
subject encour|city_code,subject encour,city_code,snowf,test-0,subject swim|city_code,False,0.7068901658058167,subject swim|city_code,False,19,0.07924085855484009,0.6617803573608398,-0.5825394988059998,R2,development
subject encour|city_code,subject encour,city_code,snowf,test-1,subject excited|access_code,False,0.8187733888626099,subject excited|access_code,False,38,-0.2713433504104614,0.8087206482887268,-1.0800639986991882,R2,development
subject encour|city_code,subject encour,city_code,snowf,test-2,subject swim|access_code,False,0.6643763184547424,subject swim|access_code,False,13,0.15977348387241364,0.6541860103607178,-0.49441252648830414,R2,development
subject encour|city_code,subject encour,city_code,snowf,test-3,subject skills|city_code,False,0.7132039070129395,subject skills|city_code,False,2,0.6022087931632996,0.7026516795158386,-0.10044288635253906,R2,development
subject encour|access_code,subject encour,access_code,uncover,test-0,subject skills|city_code,False,0.6774677038192749,subject skills|city_code,False,22,0.05432439595460892,0.6640833616256714,-0.6097589656710625,R2,development
subject encour|access_code,subject encour,access_code,uncover,test-1,subject excited|access_code,False,0.8498958349227905,subject excited|access_code,False,2,0.7307391166687012,0.8315427899360657,-0.1008036732673645,R2,development
subject encour|access_code,subject encour,access_code,uncover,test-2,subject encour|access_code,True,0.8902415633201599,subject encour|access_code,True,1,0.8729373216629028,0.6885005831718445,0.18443673849105835,R2,development
subject encour|access_code,subject encour,access_code,uncover,test-3,subject encour|access_code,True,0.7475213408470154,subject encour|access_code,True,1,0.7257010340690613,0.6656160354614258,0.0600849986076355,R2,development
subject finds|registry_id,subject finds,registry_id,transform,test-0,subject finds|registry_id,True,0.9652329683303833,subject finds|registry_id,True,1,0.9562346339225769,0.5413781404495239,0.414856493473053,R2,development
subject finds|registry_id,subject finds,registry_id,transform,test-1,subject finds|access_code,False,0.7270570397377014,subject finds|access_code,False,2,0.6663155555725098,0.7105647325515747,-0.04424917697906494,R2,development
subject finds|registry_id,subject finds,registry_id,transform,test-2,subject finds|registry_id,True,0.9617475271224976,subject finds|registry_id,True,1,0.9557858109474182,0.5926578640937805,0.3631279468536377,R2,development
subject finds|registry_id,subject finds,registry_id,transform,test-3,subject finds|registry_id,True,0.9001461863517761,subject finds|registry_id,True,1,0.8908066749572754,0.7871833443641663,0.10362333059310913,R2,development
subject finds|city_code,subject finds,city_code,spirit,test-0,subject finds|access_code,False,0.8676745295524597,subject finds|access_code,False,2,0.8006972670555115,0.8506141901016235,-0.04991692304611206,R2,development
subject finds|city_code,subject finds,city_code,spirit,test-1,subject finds|access_code,False,0.888060450553894,subject finds|access_code,False,5,0.47470900416374207,0.8751428127288818,-0.40043380856513977,R2,development
subject finds|city_code,subject finds,city_code,spirit,test-2,subject finds|access_code,False,0.9159131646156311,subject finds|access_code,False,2,0.7634279727935791,0.903481662273407,-0.14005368947982788,R2,development
subject finds|city_code,subject finds,city_code,spirit,test-3,subject finds|city_code,True,0.8804053068161011,subject finds|city_code,True,1,0.87109375,0.655535101890564,0.21555864810943604,R2,development
subject finds|access_code,subject finds,access_code,door,test-0,subject finds|city_code,False,0.8349308371543884,subject finds|city_code,False,2,0.7745158672332764,0.8056432008743286,-0.031127333641052246,R2,development
subject finds|access_code,subject finds,access_code,door,test-1,subject solved|access_code,False,0.8357735276222229,subject solved|access_code,False,3,0.6051470041275024,0.814035952091217,-0.2088889479637146,R2,development
subject finds|access_code,subject finds,access_code,door,test-2,subject finds|access_code,True,0.9873661398887634,subject finds|access_code,True,1,0.9832606911659241,0.5218663811683655,0.4613943099975586,R2,development
subject finds|access_code,subject finds,access_code,door,test-3,subject finds|access_code,True,0.9466105699539185,subject finds|access_code,True,1,0.9391577839851379,0.596790611743927,0.34236717224121094,R2,development
subject skills|registry_id,subject skills,registry_id,seek,test-0,subject skills|registry_id,True,0.9835287928581238,subject skills|registry_id,True,1,0.981131374835968,0.5356927514076233,0.4454386234283447,R2,development
subject skills|registry_id,subject skills,registry_id,seek,test-1,subject skills|registry_id,True,0.8157566785812378,subject skills|registry_id,True,1,0.7940180897712708,0.7787189483642578,0.01529914140701294,R2,development
subject skills|registry_id,subject skills,registry_id,seek,test-2,subject skills|registry_id,True,0.9659848213195801,subject skills|registry_id,True,1,0.9618876576423645,0.6164502501487732,0.3454374074935913,R2,development
subject skills|registry_id,subject skills,registry_id,seek,test-3,subject skills|registry_id,True,0.9755921959877014,subject skills|registry_id,True,1,0.9761092662811279,0.5977264046669006,0.3783828616142273,R2,development
subject skills|city_code,subject skills,city_code,sank,test-0,subject skills|city_code,True,0.8643990159034729,subject skills|city_code,True,1,0.8532522916793823,0.8048389554023743,0.04841333627700806,R2,development
subject skills|city_code,subject skills,city_code,sank,test-1,subject skills|access_code,False,0.9316122531890869,subject skills|access_code,False,5,0.4795273542404175,0.9243793487548828,-0.44485199451446533,R2,development
subject skills|city_code,subject skills,city_code,sank,test-2,subject skills|access_code,False,0.9051085710525513,subject skills|access_code,False,2,0.7743115425109863,0.8970865607261658,-0.12277501821517944,R2,development
subject skills|city_code,subject skills,city_code,sank,test-3,subject skills|city_code,True,0.9000505805015564,subject skills|city_code,True,1,0.8879426717758179,0.6807798147201538,0.20716285705566406,R2,development
subject skills|access_code,subject skills,access_code,whale,test-0,subject skills|city_code,False,0.87913978099823,subject skills|city_code,False,2,0.7547987103462219,0.8607032895088196,-0.10590457916259766,R2,development
subject skills|access_code,subject skills,access_code,whale,test-1,subject skills|access_code,True,0.8685401082038879,subject skills|access_code,True,1,0.8470690846443176,0.7013000845909119,0.14576900005340576,R2,development
subject skills|access_code,subject skills,access_code,whale,test-2,subject skills|access_code,True,0.9606942534446716,subject skills|access_code,True,1,0.9509314894676208,0.678680419921875,0.27225106954574585,R2,development
subject skills|access_code,subject skills,access_code,whale,test-3,subject skills|access_code,True,0.949419379234314,subject skills|access_code,True,1,0.9436143040657043,0.6226364970207214,0.3209778070449829,R2,development
subject dawn|registry_id,subject dawn,registry_id,sneak,test-0,subject dawn|registry_id,True,0.9711018204689026,subject dawn|registry_id,True,1,0.9661303162574768,0.5942586064338684,0.3718717098236084,R2,development
subject dawn|registry_id,subject dawn,registry_id,sneak,test-1,subject dawn|registry_id,True,0.8564026951789856,subject dawn|registry_id,True,1,0.8450588583946228,0.7814846038818359,0.06357425451278687,R2,development
subject dawn|registry_id,subject dawn,registry_id,sneak,test-2,subject dawn|registry_id,True,0.9369478821754456,subject dawn|registry_id,True,1,0.9325147867202759,0.6347767114639282,0.29773807525634766,R2,development
subject dawn|registry_id,subject dawn,registry_id,sneak,test-3,subject dawn|registry_id,True,0.9736363887786865,subject dawn|registry_id,True,1,0.9667571783065796,0.6754899024963379,0.2912672758102417,R2,development
subject dawn|city_code,subject dawn,city_code,shiny,test-0,subject dawn|city_code,True,0.8598506450653076,subject dawn|city_code,True,1,0.8398711085319519,0.7740020751953125,0.0658690333366394,R2,development
subject dawn|city_code,subject dawn,city_code,shiny,test-1,subject dawn|access_code,False,0.9250823259353638,subject dawn|access_code,False,6,0.4931587874889374,0.9060785174369812,-0.4129197299480438,R2,development
subject dawn|city_code,subject dawn,city_code,shiny,test-2,subject dawn|access_code,False,0.8813630938529968,subject dawn|access_code,False,2,0.7411956787109375,0.8687655329704285,-0.12756985425949097,R2,development
subject dawn|city_code,subject dawn,city_code,shiny,test-3,subject dawn|city_code,True,0.8285635113716125,subject dawn|city_code,True,1,0.8204573392868042,0.6661965250968933,0.1542608141899109,R2,development
subject dawn|access_code,subject dawn,access_code,pretending,test-0,subject dawn|city_code,False,0.8387941122055054,subject dawn|city_code,False,2,0.6967464089393616,0.8094221949577332,-0.11267578601837158,R2,development
subject dawn|access_code,subject dawn,access_code,pretending,test-1,subject dawn|access_code,True,0.8996625542640686,subject dawn|access_code,True,1,0.8940210938453674,0.7106549143791199,0.18336617946624756,R2,development
subject dawn|access_code,subject dawn,access_code,pretending,test-2,subject dawn|access_code,True,0.9387442469596863,subject dawn|access_code,True,1,0.9197837114334106,0.684107780456543,0.23567593097686768,R2,development
subject dawn|access_code,subject dawn,access_code,pretending,test-3,subject dawn|access_code,True,0.9089035987854004,subject dawn|access_code,True,1,0.8959852457046509,0.6031880974769592,0.29279714822769165,R2,development
subject swung|registry_id,subject swung,registry_id,outs,test-0,subject swung|registry_id,True,0.9664923548698425,subject swung|registry_id,True,1,0.9592050909996033,0.6566588282585144,0.30254626274108887,R2,development
subject swung|registry_id,subject swung,registry_id,outs,test-1,subject swung|access_code,False,0.7411772608757019,subject swung|access_code,False,2,0.7308548092842102,0.7324292659759521,-0.0015744566917419434,R2,development
subject swung|registry_id,subject swung,registry_id,outs,test-2,subject swung|registry_id,True,0.9381542205810547,subject swung|registry_id,True,1,0.9342368245124817,0.6060144901275635,0.3282223343849182,R2,development
subject swung|registry_id,subject swung,registry_id,outs,test-3,subject swung|registry_id,True,0.9614782929420471,subject swung|registry_id,True,1,0.9600019454956055,0.680898129940033,0.2791038155555725,R2,development
subject swung|city_code,subject swung,city_code,loomed,test-0,subject swung|city_code,True,0.7239208817481995,subject swung|city_code,True,1,0.7011693716049194,0.6833714842796326,0.017797887325286865,R2,development
subject swung|city_code,subject swung,city_code,loomed,test-1,subject swung|access_code,False,0.9047631621360779,subject swung|access_code,False,7,0.3451601266860962,0.8971731066703796,-0.5520129799842834,R2,development
subject swung|city_code,subject swung,city_code,loomed,test-2,subject swung|access_code,False,0.8874751329421997,subject swung|access_code,False,2,0.6230515241622925,0.8745807409286499,-0.2515292167663574,R2,development
subject swung|city_code,subject swung,city_code,loomed,test-3,subject swung|city_code,True,0.7615087628364563,subject swung|city_code,True,1,0.7435579895973206,0.7222055196762085,0.02135246992111206,R2,development
subject swung|access_code,subject swung,access_code,heavy,test-0,subject swung|city_code,False,0.701339602470398,subject swung|city_code,False,4,0.5925116539001465,0.6883821487426758,-0.0958704948425293,R2,development
subject swung|access_code,subject swung,access_code,heavy,test-1,subject swung|access_code,True,0.877722978591919,subject swung|access_code,True,1,0.8491239547729492,0.643008291721344,0.20611566305160522,R2,development
subject swung|access_code,subject swung,access_code,heavy,test-2,subject swung|access_code,True,0.9277875423431396,subject swung|access_code,True,1,0.9096274971961975,0.6179187893867493,0.29170870780944824,R2,development
subject swung|access_code,subject swung,access_code,heavy,test-3,subject swung|access_code,True,0.8561046719551086,subject swung|access_code,True,1,0.8548491597175598,0.729942798614502,0.12490636110305786,R2,development
subject lovely|registry_id,subject lovely,registry_id,swayed,test-0,subject lovely|registry_id,True,0.9676075577735901,subject lovely|registry_id,True,1,0.960728108882904,0.610042929649353,0.350685179233551,R2,development
subject lovely|registry_id,subject lovely,registry_id,swayed,test-1,subject lovely|registry_id,True,0.8209306001663208,subject lovely|registry_id,True,1,0.7992864847183228,0.7419045567512512,0.05738192796707153,R2,development
subject lovely|registry_id,subject lovely,registry_id,swayed,test-2,subject lovely|registry_id,True,0.9491269588470459,subject lovely|registry_id,True,1,0.9320259690284729,0.5733128786087036,0.3587130904197693,R2,development
subject lovely|registry_id,subject lovely,registry_id,swayed,test-3,subject lovely|registry_id,True,0.9764362573623657,subject lovely|registry_id,True,1,0.9694181084632874,0.5354187488555908,0.43399935960769653,R2,development
subject lovely|city_code,subject lovely,city_code,favorite,test-0,subject lovely|city_code,True,0.8782604336738586,subject lovely|city_code,True,1,0.8434548377990723,0.7811341285705566,0.062320709228515625,R2,development
subject lovely|city_code,subject lovely,city_code,favorite,test-1,subject lovely|access_code,False,0.9184279441833496,subject lovely|access_code,False,3,0.5395178198814392,0.904954731464386,-0.3654369115829468,R2,development
subject lovely|city_code,subject lovely,city_code,favorite,test-2,subject lovely|city_code,True,0.8993057608604431,subject lovely|city_code,True,1,0.8768346905708313,0.7443733811378479,0.1324613094329834,R2,development
subject lovely|city_code,subject lovely,city_code,favorite,test-3,subject lovely|city_code,True,0.8742793798446655,subject lovely|city_code,True,1,0.8515080213546753,0.6414282917976379,0.21007972955703735,R2,development
subject lovely|access_code,subject lovely,access_code,higher,test-0,subject lovely|city_code,False,0.8386331796646118,subject lovely|city_code,False,2,0.6869405508041382,0.8073552846908569,-0.12041473388671875,R2,development
subject lovely|access_code,subject lovely,access_code,higher,test-1,subject lovely|access_code,True,0.9300352931022644,subject lovely|access_code,True,1,0.9162668585777283,0.6527995467185974,0.26346731185913086,R2,development
subject lovely|access_code,subject lovely,access_code,higher,test-2,subject lovely|access_code,True,0.9489967226982117,subject lovely|access_code,True,1,0.9382680654525757,0.7062821388244629,0.2319859266281128,R2,development
subject lovely|access_code,subject lovely,access_code,higher,test-3,subject lovely|access_code,True,0.9030203223228455,subject lovely|access_code,True,1,0.8826485276222229,0.6542664766311646,0.22838205099105835,R2,development
subject joked|registry_id,subject joked,registry_id,carved,validation-0,subject joked|registry_id,True,0.9561899900436401,subject joked|registry_id,True,1,0.953235924243927,0.6765737533569336,0.2766621708869934,R3,validation
subject joked|registry_id,subject joked,registry_id,carved,validation-1,subject joked|registry_id,True,0.9828011989593506,subject joked|registry_id,True,1,0.979529082775116,0.7252606749534607,0.2542684078216553,R3,validation
subject joked|city_code,subject joked,city_code,prize,validation-0,subject joked|access_code,False,0.9528234601020813,subject joked|access_code,False,4,0.6275147795677185,0.9381276965141296,-0.31061291694641113,R3,validation
subject joked|city_code,subject joked,city_code,prize,validation-1,subject joked|city_code,True,0.9814136624336243,subject joked|city_code,True,1,0.9781554341316223,0.6437190771102905,0.3344363570213318,R3,validation
subject joked|access_code,subject joked,access_code,train,validation-0,subject joked|access_code,True,0.9223523139953613,subject joked|access_code,True,1,0.8979294896125793,0.7558331489562988,0.14209634065628052,R3,validation
subject joked|access_code,subject joked,access_code,train,validation-1,subject joked|access_code,True,0.967864453792572,subject joked|access_code,True,1,0.9649061560630798,0.6678738594055176,0.29703229665756226,R3,validation
subject clut|registry_id,subject clut,registry_id,guide,validation-0,subject clut|registry_id,True,0.9603644013404846,subject clut|registry_id,True,1,0.9586261510848999,0.7595441341400146,0.19908201694488525,R3,validation
subject clut|registry_id,subject clut,registry_id,guide,validation-1,subject clut|registry_id,True,0.9853957295417786,subject clut|registry_id,True,1,0.9864411950111389,0.7579544186592102,0.2284867763519287,R3,validation
subject clut|city_code,subject clut,city_code,connecting,validation-0,subject clut|access_code,False,0.9437825679779053,subject clut|access_code,False,4,0.618709921836853,0.9405872225761414,-0.32187730073928833,R3,validation
subject clut|city_code,subject clut,city_code,connecting,validation-1,subject clut|city_code,True,0.9478474259376526,subject clut|city_code,True,1,0.9356529116630554,0.6659985780715942,0.2696543335914612,R3,validation
subject clut|access_code,subject clut,access_code,calm,validation-0,subject clut|access_code,True,0.9557747840881348,subject clut|access_code,True,1,0.9512505531311035,0.8090693950653076,0.1421811580657959,R3,validation
subject clut|access_code,subject clut,access_code,calm,validation-1,subject clut|access_code,True,0.9662261009216309,subject clut|access_code,True,1,0.9575307965278625,0.6861431002616882,0.2713876962661743,R3,validation
subject louder|registry_id,subject louder,registry_id,worries,validation-0,subject louder|registry_id,True,0.9282707571983337,subject louder|registry_id,True,1,0.9029517769813538,0.819176971912384,0.08377480506896973,R3,validation
subject louder|registry_id,subject louder,registry_id,worries,validation-1,subject louder|registry_id,True,0.971520721912384,subject louder|registry_id,True,1,0.9676860570907593,0.7796500325202942,0.1880360245704651,R3,validation
subject louder|city_code,subject louder,city_code,glow,validation-0,subject louder|access_code,False,0.8951677083969116,subject louder|access_code,False,6,0.5059935450553894,0.8845712542533875,-0.37857770919799805,R3,validation
subject louder|city_code,subject louder,city_code,glow,validation-1,subject louder|city_code,True,0.9535620808601379,subject louder|city_code,True,1,0.9461047053337097,0.8577526807785034,0.0883520245552063,R3,validation
subject louder|access_code,subject louder,access_code,glanc,validation-0,subject encour|access_code,False,0.8861505389213562,subject encour|access_code,False,2,0.8721590638160706,0.8808299899101257,-0.008670926094055176,R3,validation
subject louder|access_code,subject louder,access_code,glanc,validation-1,subject louder|access_code,True,0.9514110684394836,subject louder|access_code,True,1,0.9382721781730652,0.7285782694816589,0.20969390869140625,R3,validation
subject deer|registry_id,subject deer,registry_id,beep,validation-0,subject deer|registry_id,True,0.9613000750541687,subject deer|registry_id,True,1,0.9498558044433594,0.7382978200912476,0.21155798435211182,R3,validation
subject deer|registry_id,subject deer,registry_id,beep,validation-1,subject deer|registry_id,True,0.8644092082977295,subject deer|registry_id,True,1,0.8409879803657532,0.7967727184295654,0.044215261936187744,R3,validation
subject deer|city_code,subject deer,city_code,students,validation-0,subject deer|access_code,False,0.9539640545845032,subject deer|access_code,False,7,0.554161787033081,0.8892017602920532,-0.33503997325897217,R3,validation
subject deer|city_code,subject deer,city_code,students,validation-1,subject deer|city_code,True,0.823451578617096,subject deer|city_code,True,1,0.8057369589805603,0.7989188432693481,0.006818115711212158,R3,validation
subject deer|access_code,subject deer,access_code,bond,validation-0,subject deer|access_code,True,0.9370419979095459,subject deer|access_code,True,1,0.8834884762763977,0.8077053427696228,0.0757831335067749,R3,validation
subject deer|access_code,subject deer,access_code,bond,validation-1,subject deer|access_code,True,0.8271557688713074,subject deer|access_code,True,1,0.7782374024391174,0.6704270243644714,0.107810378074646,R3,validation
subject sent|registry_id,subject sent,registry_id,butterf,validation-0,subject sent|registry_id,True,0.9667951464653015,subject sent|registry_id,True,1,0.9647126793861389,0.8417612314224243,0.1229514479637146,R3,validation
subject sent|registry_id,subject sent,registry_id,butterf,validation-1,subject sent|registry_id,True,0.9754548072814941,subject sent|registry_id,True,1,0.9703835248947144,0.83763587474823,0.13274765014648438,R3,validation
subject sent|city_code,subject sent,city_code,clapped,validation-0,subject sent|access_code,False,0.9607043862342834,subject sent|access_code,False,4,0.6553031206130981,0.9350863695144653,-0.2797832489013672,R3,validation
subject sent|city_code,subject sent,city_code,clapped,validation-1,subject sent|city_code,True,0.9591183066368103,subject sent|city_code,True,1,0.9483880996704102,0.7140018939971924,0.23438620567321777,R3,validation
subject sent|access_code,subject sent,access_code,breathe,validation-0,subject sent|access_code,True,0.9677901864051819,subject sent|access_code,True,1,0.9590940475463867,0.7813746929168701,0.1777193546295166,R3,validation
subject sent|access_code,subject sent,access_code,breathe,validation-1,subject sent|access_code,True,0.9775601029396057,subject sent|access_code,True,1,0.9741466045379639,0.8476400971412659,0.126506507396698,R3,validation
subject shimmered|registry_id,subject shimmered,registry_id,shining,validation-0,subject shimmered|registry_id,True,0.9332166314125061,subject shimmered|registry_id,True,1,0.9309240579605103,0.6639716625213623,0.26695239543914795,R3,validation
subject shimmered|registry_id,subject shimmered,registry_id,shining,validation-1,subject shimmered|registry_id,True,0.9558274745941162,subject shimmered|registry_id,True,1,0.9457997679710388,0.692415714263916,0.2533840537071228,R3,validation
subject shimmered|city_code,subject shimmered,city_code,house,validation-0,subject shimmered|access_code,False,0.9591683745384216,subject shimmered|access_code,False,5,0.5129055380821228,0.9492702484130859,-0.43636471033096313,R3,validation
subject shimmered|city_code,subject shimmered,city_code,house,validation-1,subject shimmered|city_code,True,0.9573734998703003,subject shimmered|city_code,True,1,0.9406644701957703,0.6340304613113403,0.30663400888442993,R3,validation
subject shimmered|access_code,subject shimmered,access_code,inno,validation-0,subject shimmered|access_code,True,0.9189059138298035,subject shimmered|access_code,True,1,0.8772477507591248,0.7490946054458618,0.12815314531326294,R3,validation
subject shimmered|access_code,subject shimmered,access_code,inno,validation-1,subject shimmered|access_code,True,0.9373522996902466,subject shimmered|access_code,True,1,0.9248600602149963,0.6432042121887207,0.28165584802627563,R3,validation
subject solved|registry_id,subject solved,registry_id,bottle,validation-0,subject solved|registry_id,True,0.9593403339385986,subject solved|registry_id,True,1,0.9598270654678345,0.6462463736534119,0.3135806918144226,R3,validation
subject solved|registry_id,subject solved,registry_id,bottle,validation-1,subject solved|registry_id,True,0.9747136235237122,subject solved|registry_id,True,1,0.9752941131591797,0.649387001991272,0.3259071111679077,R3,validation
subject solved|city_code,subject solved,city_code,gloom,validation-0,subject solved|access_code,False,0.9575950503349304,subject solved|access_code,False,4,0.6385928392410278,0.9506275057792664,-0.3120346665382385,R3,validation
subject solved|city_code,subject solved,city_code,gloom,validation-1,subject solved|city_code,True,0.9747081995010376,subject solved|city_code,True,1,0.9739938974380493,0.6444572806358337,0.3295366168022156,R3,validation
subject solved|access_code,subject solved,access_code,huge,validation-0,subject solved|access_code,True,0.958294689655304,subject solved|access_code,True,1,0.9570357799530029,0.7419822812080383,0.2150534987449646,R3,validation
subject solved|access_code,subject solved,access_code,huge,validation-1,subject solved|access_code,True,0.9633158445358276,subject solved|access_code,True,1,0.9649996757507324,0.7067703604698181,0.2582293152809143,R3,validation
subject swim|registry_id,subject swim,registry_id,whatever,validation-0,subject swim|registry_id,True,0.9438463449478149,subject swim|registry_id,True,1,0.9316755533218384,0.6693301200866699,0.26234543323516846,R3,validation
subject swim|registry_id,subject swim,registry_id,whatever,validation-1,subject swim|registry_id,True,0.9528336524963379,subject swim|registry_id,True,1,0.9554197192192078,0.7447484731674194,0.21067124605178833,R3,validation
subject swim|city_code,subject swim,city_code,arms,validation-0,subject swim|access_code,False,0.9464246034622192,subject swim|access_code,False,4,0.6107215285301208,0.9067791104316711,-0.2960575819015503,R3,validation
subject swim|city_code,subject swim,city_code,arms,validation-1,subject swim|city_code,True,0.9622188806533813,subject swim|city_code,True,1,0.9603638648986816,0.7584701776504517,0.20189368724822998,R3,validation
subject swim|access_code,subject swim,access_code,gems,validation-0,subject swim|access_code,True,0.9342461824417114,subject swim|access_code,True,1,0.8922191858291626,0.7742745280265808,0.11794465780258179,R3,validation
subject swim|access_code,subject swim,access_code,gems,validation-1,subject swim|access_code,True,0.9812219738960266,subject swim|access_code,True,1,0.9657240509986877,0.7013943195343018,0.264329731464386,R3,validation
subject deter|registry_id,subject deter,registry_id,jumped,validation-0,subject deter|registry_id,True,0.9003598093986511,subject deter|registry_id,True,1,0.8850268721580505,0.6041060090065002,0.2809208631515503,R3,validation
subject deter|registry_id,subject deter,registry_id,jumped,validation-1,subject deter|registry_id,True,0.90728360414505,subject deter|registry_id,True,1,0.9022812247276306,0.7089533805847168,0.19332784414291382,R3,validation
subject deter|city_code,subject deter,city_code,snowman,validation-0,subject deter|access_code,False,0.9537298679351807,subject deter|access_code,False,6,0.43691712617874146,0.9432201385498047,-0.5063030123710632,R3,validation
subject deter|city_code,subject deter,city_code,snowman,validation-1,subject deter|city_code,True,0.9390296936035156,subject deter|city_code,True,1,0.9305264353752136,0.6917971968650818,0.23872923851013184,R3,validation
subject deter|access_code,subject deter,access_code,after,validation-0,subject deter|access_code,True,0.9209879636764526,subject deter|access_code,True,1,0.8993145823478699,0.6062191724777222,0.2930954098701477,R3,validation
subject deter|access_code,subject deter,access_code,after,validation-1,subject deter|access_code,True,0.9359046220779419,subject deter|access_code,True,1,0.9052724838256836,0.7210146188735962,0.1842578649520874,R3,validation
subject excited|registry_id,subject excited,registry_id,tricky,validation-0,subject excited|registry_id,True,0.9428104758262634,subject excited|registry_id,True,1,0.9409675598144531,0.6889660358428955,0.2520015239715576,R3,validation
subject excited|registry_id,subject excited,registry_id,tricky,validation-1,subject excited|registry_id,True,0.9102693796157837,subject excited|registry_id,True,1,0.8798311948776245,0.7582099437713623,0.12162125110626221,R3,validation
subject excited|city_code,subject excited,city_code,conqu,validation-0,subject excited|access_code,False,0.9480499625205994,subject excited|access_code,False,17,0.1596590131521225,0.9233629107475281,-0.7637038975954056,R3,validation
subject excited|city_code,subject excited,city_code,conqu,validation-1,subject excited|city_code,True,0.9674285054206848,subject excited|city_code,True,1,0.9409993886947632,0.5965590476989746,0.3444403409957886,R3,validation
subject excited|access_code,subject excited,access_code,imag,validation-0,subject excited|access_code,True,0.9002899527549744,subject excited|access_code,True,1,0.8522111177444458,0.7191553115844727,0.13305580615997314,R3,validation
subject excited|access_code,subject excited,access_code,imag,validation-1,subject excited|access_code,True,0.8666901588439941,subject excited|access_code,True,1,0.823658287525177,0.7091728448867798,0.11448544263839722,R3,validation
subject encour|registry_id,subject encour,registry_id,safely,validation-0,subject encour|registry_id,True,0.7921940088272095,subject dawn|registry_id,False,2,0.7082791328430176,0.7086203694343567,-0.00034123659133911133,R3,validation
subject encour|registry_id,subject encour,registry_id,safely,validation-1,subject encour|registry_id,True,0.8799591660499573,subject encour|registry_id,True,1,0.8483566045761108,0.8089461326599121,0.03941047191619873,R3,validation
subject encour|city_code,subject encour,city_code,snowf,validation-0,subject skills|access_code,False,0.859032928943634,subject skills|access_code,False,20,0.16979262232780457,0.8396303653717041,-0.6698377430438995,R3,validation
subject encour|city_code,subject encour,city_code,snowf,validation-1,subject encour|city_code,True,0.8571760654449463,subject encour|city_code,True,1,0.8642736077308655,0.708027184009552,0.15624642372131348,R3,validation
subject encour|access_code,subject encour,access_code,uncover,validation-0,subject encour|access_code,True,0.8633628487586975,subject encour|access_code,True,1,0.8647775650024414,0.7935643196105957,0.0712132453918457,R3,validation
subject encour|access_code,subject encour,access_code,uncover,validation-1,subject clut|access_code,False,0.7922797799110413,subject clut|access_code,False,3,0.663711428642273,0.7751289010047913,-0.11141747236251831,R3,validation
subject finds|registry_id,subject finds,registry_id,transform,validation-0,subject finds|registry_id,True,0.9502127170562744,subject finds|registry_id,True,1,0.943886399269104,0.6399089694023132,0.30397742986679077,R3,validation
subject finds|registry_id,subject finds,registry_id,transform,validation-1,subject finds|registry_id,True,0.9678558111190796,subject finds|registry_id,True,1,0.9378730058670044,0.7176972031593323,0.22017580270767212,R3,validation
subject finds|city_code,subject finds,city_code,spirit,validation-0,subject finds|access_code,False,0.9695882201194763,subject finds|access_code,False,4,0.61252361536026,0.9584113359451294,-0.3458877205848694,R3,validation
subject finds|city_code,subject finds,city_code,spirit,validation-1,subject finds|city_code,True,0.9559329748153687,subject finds|city_code,True,1,0.9649526476860046,0.696232259273529,0.2687203884124756,R3,validation
subject finds|access_code,subject finds,access_code,door,validation-0,subject finds|access_code,True,0.9552981853485107,subject finds|access_code,True,1,0.9364876747131348,0.7902655005455017,0.14622217416763306,R3,validation
subject finds|access_code,subject finds,access_code,door,validation-1,subject finds|access_code,True,0.9815019965171814,subject finds|access_code,True,1,0.9812037944793701,0.771254301071167,0.20994949340820312,R3,validation
subject skills|registry_id,subject skills,registry_id,seek,validation-0,subject skills|registry_id,True,0.9621774554252625,subject skills|registry_id,True,1,0.9586495757102966,0.6346327066421509,0.32401686906814575,R3,validation
subject skills|registry_id,subject skills,registry_id,seek,validation-1,subject skills|registry_id,True,0.9889776706695557,subject skills|registry_id,True,1,0.9791359901428223,0.65992671251297,0.3192092776298523,R3,validation
subject skills|city_code,subject skills,city_code,sank,validation-0,subject skills|access_code,False,0.9589505195617676,subject skills|access_code,False,3,0.7183719873428345,0.9497455358505249,-0.23137354850769043,R3,validation
subject skills|city_code,subject skills,city_code,sank,validation-1,subject skills|city_code,True,0.9708280563354492,subject skills|city_code,True,1,0.9658012986183167,0.6775100231170654,0.2882912755012512,R3,validation
subject skills|access_code,subject skills,access_code,whale,validation-0,subject skills|access_code,True,0.9634882807731628,subject skills|access_code,True,1,0.951286256313324,0.6806527376174927,0.2706335186958313,R3,validation
subject skills|access_code,subject skills,access_code,whale,validation-1,subject skills|access_code,True,0.9780462980270386,subject skills|access_code,True,1,0.9680642485618591,0.7468729019165039,0.22119134664535522,R3,validation
subject dawn|registry_id,subject dawn,registry_id,sneak,validation-0,subject dawn|registry_id,True,0.9508100748062134,subject dawn|registry_id,True,1,0.949842631816864,0.6228163242340088,0.3270263075828552,R3,validation
subject dawn|registry_id,subject dawn,registry_id,sneak,validation-1,subject dawn|registry_id,True,0.9789512157440186,subject dawn|registry_id,True,1,0.9627528190612793,0.6414679884910583,0.32128483057022095,R3,validation
subject dawn|city_code,subject dawn,city_code,shiny,validation-0,subject dawn|access_code,False,0.9281477928161621,subject dawn|access_code,False,4,0.582008421421051,0.9076907634735107,-0.3256823420524597,R3,validation
subject dawn|city_code,subject dawn,city_code,shiny,validation-1,subject dawn|city_code,True,0.9741086959838867,subject dawn|city_code,True,1,0.9629946947097778,0.5785408020019531,0.3844538927078247,R3,validation
subject dawn|access_code,subject dawn,access_code,pretending,validation-0,subject dawn|access_code,True,0.8936768770217896,subject dawn|access_code,True,1,0.8635730147361755,0.7884959578514099,0.07507705688476562,R3,validation
subject dawn|access_code,subject dawn,access_code,pretending,validation-1,subject dawn|access_code,True,0.9469224214553833,subject dawn|access_code,True,1,0.9418013095855713,0.6451594829559326,0.29664182662963867,R3,validation
subject swung|registry_id,subject swung,registry_id,outs,validation-0,subject swung|registry_id,True,0.9231500625610352,subject swung|registry_id,True,1,0.9140470623970032,0.7462310194969177,0.16781604290008545,R3,validation
subject swung|registry_id,subject swung,registry_id,outs,validation-1,subject swung|registry_id,True,0.9494667053222656,subject swung|registry_id,True,1,0.9330127239227295,0.7622001767158508,0.17081254720687866,R3,validation
subject swung|city_code,subject swung,city_code,loomed,validation-0,subject swung|access_code,False,0.9320573806762695,subject swung|access_code,False,4,0.4834555983543396,0.9138994216918945,-0.43044382333755493,R3,validation
subject swung|city_code,subject swung,city_code,loomed,validation-1,subject swung|city_code,True,0.9566184282302856,subject swung|city_code,True,1,0.945068895816803,0.7755246162414551,0.1695442795753479,R3,validation
subject swung|access_code,subject swung,access_code,heavy,validation-0,subject swung|access_code,True,0.8849247097969055,subject swung|access_code,True,1,0.8659253716468811,0.8006195425987244,0.06530582904815674,R3,validation
subject swung|access_code,subject swung,access_code,heavy,validation-1,subject swung|access_code,True,0.9334230422973633,subject swung|access_code,True,1,0.9210702776908875,0.599909782409668,0.3211604952812195,R3,validation
subject lovely|registry_id,subject lovely,registry_id,swayed,validation-0,subject lovely|registry_id,True,0.9644185304641724,subject lovely|registry_id,True,1,0.9564420580863953,0.717548131942749,0.23889392614364624,R3,validation
subject lovely|registry_id,subject lovely,registry_id,swayed,validation-1,subject lovely|registry_id,True,0.9665824770927429,subject lovely|registry_id,True,1,0.9605019688606262,0.7556319236755371,0.2048700451850891,R3,validation
subject lovely|city_code,subject lovely,city_code,favorite,validation-0,subject lovely|access_code,False,0.9618746042251587,subject lovely|access_code,False,3,0.6416233777999878,0.9503377676010132,-0.3087143898010254,R3,validation
subject lovely|city_code,subject lovely,city_code,favorite,validation-1,subject lovely|city_code,True,0.9786039590835571,subject lovely|city_code,True,1,0.9658000469207764,0.7482573390007019,0.21754270792007446,R3,validation
subject lovely|access_code,subject lovely,access_code,higher,validation-0,subject lovely|access_code,True,0.9262208938598633,subject lovely|access_code,True,1,0.9096091389656067,0.7621138095855713,0.1474953293800354,R3,validation
subject lovely|access_code,subject lovely,access_code,higher,validation-1,subject lovely|access_code,True,0.9643063545227051,subject lovely|access_code,True,1,0.9567278623580933,0.6972572207450867,0.2594706416130066,R3,validation
subject joked|registry_id,subject joked,registry_id,carved,test-0,subject joked|registry_id,True,0.9626256227493286,subject joked|registry_id,True,1,0.9540351033210754,0.655590295791626,0.29844480752944946,R3,development
subject joked|registry_id,subject joked,registry_id,carved,test-1,subject joked|access_code,False,0.8543185591697693,subject joked|access_code,False,2,0.8256291151046753,0.8384464383125305,-0.012817323207855225,R3,development
subject joked|registry_id,subject joked,registry_id,carved,test-2,subject joked|registry_id,True,0.9706409573554993,subject joked|registry_id,True,1,0.9606678485870361,0.6936305165290833,0.2670373320579529,R3,development
subject joked|registry_id,subject joked,registry_id,carved,test-3,subject joked|registry_id,True,0.9822489023208618,subject joked|registry_id,True,1,0.9800305366516113,0.6683621406555176,0.31166839599609375,R3,development
subject joked|city_code,subject joked,city_code,prize,test-0,subject joked|city_code,True,0.9422585964202881,subject joked|city_code,True,1,0.912406861782074,0.881486713886261,0.03092014789581299,R3,development
subject joked|city_code,subject joked,city_code,prize,test-1,subject joked|access_code,False,0.9523465633392334,subject joked|access_code,False,3,0.6785804629325867,0.9384381175041199,-0.2598576545715332,R3,development
subject joked|city_code,subject joked,city_code,prize,test-2,subject joked|access_code,False,0.9544748067855835,subject joked|access_code,False,2,0.8361842036247253,0.9464122653007507,-0.11022806167602539,R3,development
subject joked|city_code,subject joked,city_code,prize,test-3,subject joked|city_code,True,0.9296520352363586,subject joked|city_code,True,1,0.9153558611869812,0.6949940323829651,0.2203618288040161,R3,development
subject joked|access_code,subject joked,access_code,train,test-0,subject joked|city_code,False,0.9395478963851929,subject joked|city_code,False,2,0.8534764051437378,0.9129185080528259,-0.059442102909088135,R3,development
subject joked|access_code,subject joked,access_code,train,test-1,subject joked|access_code,True,0.9321237802505493,subject joked|access_code,True,1,0.9193494915962219,0.7778299450874329,0.14151954650878906,R3,development
subject joked|access_code,subject joked,access_code,train,test-2,subject joked|access_code,True,0.9727320671081543,subject joked|access_code,True,1,0.9701097011566162,0.6966573596000671,0.2734523415565491,R3,development
subject joked|access_code,subject joked,access_code,train,test-3,subject joked|access_code,True,0.9518215656280518,subject joked|access_code,True,1,0.9424590468406677,0.7043063044548035,0.23815274238586426,R3,development
subject clut|registry_id,subject clut,registry_id,guide,test-0,subject clut|registry_id,True,0.9759467244148254,subject clut|registry_id,True,1,0.9658157825469971,0.7832316756248474,0.18258410692214966,R3,development
subject clut|registry_id,subject clut,registry_id,guide,test-1,subject clut|access_code,False,0.840685248374939,subject clut|access_code,False,2,0.7876676917076111,0.8264658451080322,-0.03879815340042114,R3,development
subject clut|registry_id,subject clut,registry_id,guide,test-2,subject clut|registry_id,True,0.8910279870033264,subject clut|registry_id,True,1,0.8860366940498352,0.8174970149993896,0.06853967905044556,R3,development
subject clut|registry_id,subject clut,registry_id,guide,test-3,subject clut|registry_id,True,0.9797923564910889,subject clut|registry_id,True,1,0.977556049823761,0.7768460512161255,0.2007099986076355,R3,development
subject clut|city_code,subject clut,city_code,connecting,test-0,subject clut|city_code,True,0.8877332806587219,subject clut|city_code,True,1,0.8637512922286987,0.7982591390609741,0.06549215316772461,R3,development
subject clut|city_code,subject clut,city_code,connecting,test-1,subject clut|access_code,False,0.935529887676239,subject clut|access_code,False,5,0.5216403007507324,0.9252612590789795,-0.40362095832824707,R3,development
subject clut|city_code,subject clut,city_code,connecting,test-2,subject clut|access_code,False,0.8815365433692932,subject clut|access_code,False,5,0.5850143432617188,0.8598933219909668,-0.27487897872924805,R3,development
subject clut|city_code,subject clut,city_code,connecting,test-3,subject clut|city_code,True,0.8702826499938965,subject clut|city_code,True,1,0.8545657992362976,0.8472864627838135,0.007279336452484131,R3,development
subject clut|access_code,subject clut,access_code,calm,test-0,subject clut|city_code,False,0.7887017726898193,subject clut|city_code,False,2,0.6671491265296936,0.7555450797080994,-0.08839595317840576,R3,development
subject clut|access_code,subject clut,access_code,calm,test-1,subject clut|access_code,True,0.9335447549819946,subject clut|access_code,True,1,0.9245325922966003,0.6791461706161499,0.24538642168045044,R3,development
subject clut|access_code,subject clut,access_code,calm,test-2,subject clut|access_code,True,0.8872210383415222,subject clut|access_code,True,1,0.8765184283256531,0.8268190622329712,0.049699366092681885,R3,development
subject clut|access_code,subject clut,access_code,calm,test-3,subject clut|access_code,True,0.9448551535606384,subject clut|access_code,True,1,0.9397379159927368,0.7190783023834229,0.22065961360931396,R3,development
subject louder|registry_id,subject louder,registry_id,worries,test-0,subject louder|registry_id,True,0.9558066129684448,subject louder|registry_id,True,1,0.9275829792022705,0.8253340721130371,0.1022489070892334,R3,development
subject louder|registry_id,subject louder,registry_id,worries,test-1,subject louder|access_code,False,0.7147152423858643,subject louder|access_code,False,3,0.5738006830215454,0.6923611760139465,-0.11856049299240112,R3,development
subject louder|registry_id,subject louder,registry_id,worries,test-2,subject louder|registry_id,True,0.9079980850219727,subject louder|registry_id,True,1,0.8919464945793152,0.6205451488494873,0.2714013457298279,R3,development
subject louder|registry_id,subject louder,registry_id,worries,test-3,subject louder|registry_id,True,0.9491500854492188,subject louder|registry_id,True,1,0.9408977031707764,0.868535578250885,0.07236212491989136,R3,development
subject louder|city_code,subject louder,city_code,glow,test-0,subject louder|city_code,True,0.8886182904243469,subject louder|city_code,True,1,0.8774577975273132,0.7389104962348938,0.13854730129241943,R3,development
subject louder|city_code,subject louder,city_code,glow,test-1,subject louder|access_code,False,0.8289872407913208,subject louder|access_code,False,13,0.24923810362815857,0.7946311235427856,-0.5453930199146271,R3,development
subject louder|city_code,subject louder,city_code,glow,test-2,subject louder|access_code,False,0.9466053247451782,subject louder|access_code,False,2,0.7393996715545654,0.9444745779037476,-0.20507490634918213,R3,development
subject louder|city_code,subject louder,city_code,glow,test-3,subject louder|city_code,True,0.8345544934272766,subject louder|city_code,True,1,0.8059628009796143,0.6860541701316833,0.11990863084793091,R3,development
subject louder|access_code,subject louder,access_code,glanc,test-0,subject louder|city_code,False,0.8563917279243469,subject louder|city_code,False,2,0.7161793112754822,0.8346258997917175,-0.11844658851623535,R3,development
subject louder|access_code,subject louder,access_code,glanc,test-1,subject louder|access_code,True,0.8034332394599915,subject louder|access_code,True,1,0.7708101272583008,0.7456380128860474,0.025172114372253418,R3,development
subject louder|access_code,subject louder,access_code,glanc,test-2,subject louder|access_code,True,0.9720221161842346,subject louder|access_code,True,1,0.9593636989593506,0.8219923377037048,0.13737136125564575,R3,development
subject louder|access_code,subject louder,access_code,glanc,test-3,subject louder|access_code,True,0.8841069340705872,subject louder|access_code,True,1,0.8741229772567749,0.8014842867851257,0.07263869047164917,R3,development
subject deer|registry_id,subject deer,registry_id,beep,test-0,subject deer|registry_id,True,0.9581503868103027,subject deer|registry_id,True,1,0.9492220282554626,0.7466813921928406,0.20254063606262207,R3,development
subject deer|registry_id,subject deer,registry_id,beep,test-1,subject deer|access_code,False,0.7144250869750977,subject deer|access_code,False,2,0.6852098107337952,0.7020607590675354,-0.016850948333740234,R3,development
subject deer|registry_id,subject deer,registry_id,beep,test-2,subject deer|registry_id,True,0.9247341752052307,subject deer|registry_id,True,1,0.9189640283584595,0.6252458095550537,0.29371821880340576,R3,development
subject deer|registry_id,subject deer,registry_id,beep,test-3,subject deer|registry_id,True,0.9746174812316895,subject deer|registry_id,True,1,0.9555978775024414,0.7487319111824036,0.20686596632003784,R3,development
subject deer|city_code,subject deer,city_code,students,test-0,subject deer|city_code,True,0.882243812084198,subject deer|city_code,True,1,0.8698724508285522,0.8140838146209717,0.055788636207580566,R3,development
subject deer|city_code,subject deer,city_code,students,test-1,subject deer|access_code,False,0.8405669927597046,subject deer|access_code,False,4,0.4644157290458679,0.8261909484863281,-0.3617752194404602,R3,development
subject deer|city_code,subject deer,city_code,students,test-2,subject deer|city_code,True,0.9027125239372253,subject deer|city_code,True,1,0.8714756965637207,0.8346377611160278,0.03683793544769287,R3,development
subject deer|city_code,subject deer,city_code,students,test-3,subject deer|city_code,True,0.8674761056900024,subject deer|city_code,True,1,0.8138192892074585,0.7939751148223877,0.0198441743850708,R3,development
subject deer|access_code,subject deer,access_code,bond,test-0,subject deer|city_code,False,0.9138035178184509,subject deer|city_code,False,2,0.6938121318817139,0.9009812474250793,-0.20716911554336548,R3,development
subject deer|access_code,subject deer,access_code,bond,test-1,subject deer|access_code,True,0.8022453784942627,subject deer|access_code,True,1,0.7643747925758362,0.642946720123291,0.12142807245254517,R3,development
subject deer|access_code,subject deer,access_code,bond,test-2,subject deer|access_code,True,0.9502173066139221,subject deer|access_code,True,1,0.9368214011192322,0.6622945666313171,0.27452683448791504,R3,development
subject deer|access_code,subject deer,access_code,bond,test-3,subject deer|access_code,True,0.9383882880210876,subject deer|access_code,True,1,0.863154411315918,0.7628875374794006,0.10026687383651733,R3,development
subject sent|registry_id,subject sent,registry_id,butterf,test-0,subject sent|registry_id,True,0.9754590392112732,subject sent|registry_id,True,1,0.9588215351104736,0.7539685368537903,0.20485299825668335,R3,development
subject sent|registry_id,subject sent,registry_id,butterf,test-1,subject sent|access_code,False,0.8056322336196899,subject sent|registry_id,True,1,0.7918579578399658,0.790896475315094,0.0009614825248718262,R3,development
subject sent|registry_id,subject sent,registry_id,butterf,test-2,subject sent|registry_id,True,0.9497939944267273,subject sent|registry_id,True,1,0.9396542310714722,0.6796744465827942,0.259979784488678,R3,development
subject sent|registry_id,subject sent,registry_id,butterf,test-3,subject sent|registry_id,True,0.9840510487556458,subject sent|registry_id,True,1,0.9843167662620544,0.8224313855171204,0.16188538074493408,R3,development
subject sent|city_code,subject sent,city_code,clapped,test-0,subject sent|access_code,False,0.9018411040306091,subject sent|access_code,False,2,0.8515774607658386,0.883570671081543,-0.031993210315704346,R3,development
subject sent|city_code,subject sent,city_code,clapped,test-1,subject sent|access_code,False,0.8949189186096191,subject sent|access_code,False,7,0.4678463637828827,0.8763692378997803,-0.4085228741168976,R3,development
subject sent|city_code,subject sent,city_code,clapped,test-2,subject sent|access_code,False,0.961898684501648,subject sent|access_code,False,2,0.7432848811149597,0.9583494663238525,-0.21506458520889282,R3,development
subject sent|city_code,subject sent,city_code,clapped,test-3,subject sent|city_code,True,0.9125997424125671,subject sent|city_code,True,1,0.8930723667144775,0.7927539944648743,0.10031837224960327,R3,development
subject sent|access_code,subject sent,access_code,breathe,test-0,subject sent|city_code,False,0.9080727696418762,subject sent|city_code,False,2,0.7735692262649536,0.876460075378418,-0.10289084911346436,R3,development
subject sent|access_code,subject sent,access_code,breathe,test-1,subject sent|access_code,True,0.8982864022254944,subject sent|access_code,True,1,0.8760162591934204,0.7947381138801575,0.08127814531326294,R3,development
subject sent|access_code,subject sent,access_code,breathe,test-2,subject sent|access_code,True,0.9620997905731201,subject sent|access_code,True,1,0.9510171413421631,0.7443961501121521,0.206620991230011,R3,development
subject sent|access_code,subject sent,access_code,breathe,test-3,subject sent|access_code,True,0.9664020538330078,subject sent|access_code,True,1,0.9549963474273682,0.7880746722221375,0.1669216752052307,R3,development
subject shimmered|registry_id,subject shimmered,registry_id,shining,test-0,subject shimmered|registry_id,True,0.9329598546028137,subject shimmered|registry_id,True,1,0.9229741096496582,0.6641642451286316,0.2588098645210266,R3,development
subject shimmered|registry_id,subject shimmered,registry_id,shining,test-1,subject shimmered|registry_id,True,0.8675629496574402,subject shimmered|registry_id,True,1,0.8136322498321533,0.8091567754745483,0.0044754743576049805,R3,development
subject shimmered|registry_id,subject shimmered,registry_id,shining,test-2,subject shimmered|registry_id,True,0.9318856596946716,subject shimmered|registry_id,True,1,0.9292599558830261,0.655524492263794,0.2737354636192322,R3,development
subject shimmered|registry_id,subject shimmered,registry_id,shining,test-3,subject shimmered|registry_id,True,0.9707517623901367,subject shimmered|registry_id,True,1,0.9699918627738953,0.7477055191993713,0.22228634357452393,R3,development
subject shimmered|city_code,subject shimmered,city_code,house,test-0,subject shimmered|access_code,False,0.906403660774231,subject shimmered|access_code,False,2,0.7761749625205994,0.8900275826454163,-0.1138526201248169,R3,development
subject shimmered|city_code,subject shimmered,city_code,house,test-1,subject shimmered|access_code,False,0.93065345287323,subject shimmered|access_code,False,4,0.593704342842102,0.9127199053764343,-0.3190155625343323,R3,development
subject shimmered|city_code,subject shimmered,city_code,house,test-2,subject shimmered|access_code,False,0.9288329482078552,subject shimmered|access_code,False,2,0.7690265774726868,0.9204584956169128,-0.15143191814422607,R3,development
subject shimmered|city_code,subject shimmered,city_code,house,test-3,subject shimmered|city_code,True,0.8846355080604553,subject shimmered|city_code,True,1,0.8748041391372681,0.7690132260322571,0.10579091310501099,R3,development
subject shimmered|access_code,subject shimmered,access_code,inno,test-0,subject shimmered|city_code,False,0.8528933525085449,subject shimmered|city_code,False,3,0.6631761789321899,0.8091712594032288,-0.14599508047103882,R3,development
subject shimmered|access_code,subject shimmered,access_code,inno,test-1,subject shimmered|access_code,True,0.9542192816734314,subject shimmered|access_code,True,1,0.928047239780426,0.784141480922699,0.14390575885772705,R3,development
subject shimmered|access_code,subject shimmered,access_code,inno,test-2,subject shimmered|access_code,True,0.9714233875274658,subject shimmered|access_code,True,1,0.9421610236167908,0.7053087949752808,0.23685222864151,R3,development
subject shimmered|access_code,subject shimmered,access_code,inno,test-3,subject shimmered|access_code,True,0.924553632736206,subject shimmered|access_code,True,1,0.9072060585021973,0.7376900911331177,0.1695159673690796,R3,development
subject solved|registry_id,subject solved,registry_id,bottle,test-0,subject solved|registry_id,True,0.9559334516525269,subject solved|registry_id,True,1,0.959060788154602,0.631718635559082,0.32734215259552,R3,development
subject solved|registry_id,subject solved,registry_id,bottle,test-1,subject solved|registry_id,True,0.6381586194038391,subject solved|registry_id,True,1,0.5803739428520203,0.5666216015815735,0.013752341270446777,R3,development
subject solved|registry_id,subject solved,registry_id,bottle,test-2,subject solved|registry_id,True,0.958811342716217,subject solved|registry_id,True,1,0.9544894099235535,0.6880799531936646,0.2664094567298889,R3,development
subject solved|registry_id,subject solved,registry_id,bottle,test-3,subject solved|registry_id,True,0.9743034243583679,subject solved|registry_id,True,1,0.9739340543746948,0.6407428979873657,0.3331911563873291,R3,development
subject solved|city_code,subject solved,city_code,gloom,test-0,subject solved|access_code,False,0.9101546406745911,subject solved|access_code,False,2,0.8292366862297058,0.8947383761405945,-0.06550168991088867,R3,development
subject solved|city_code,subject solved,city_code,gloom,test-1,subject solved|access_code,False,0.8402642011642456,subject solved|access_code,False,11,0.30566227436065674,0.8170199394226074,-0.5113576650619507,R3,development
subject solved|city_code,subject solved,city_code,gloom,test-2,subject solved|access_code,False,0.9620983004570007,subject solved|access_code,False,2,0.7556377649307251,0.954299807548523,-0.19866204261779785,R3,development
subject solved|city_code,subject solved,city_code,gloom,test-3,subject solved|city_code,True,0.892604410648346,subject solved|city_code,True,1,0.8731465339660645,0.7995256185531616,0.07362091541290283,R3,development
subject solved|access_code,subject solved,access_code,huge,test-0,subject solved|city_code,False,0.8791205286979675,subject solved|city_code,False,2,0.838847279548645,0.8657023310661316,-0.026855051517486572,R3,development
subject solved|access_code,subject solved,access_code,huge,test-1,subject solved|access_code,True,0.823528528213501,subject solved|access_code,True,1,0.8055027723312378,0.7517102360725403,0.05379253625869751,R3,development
subject solved|access_code,subject solved,access_code,huge,test-2,subject solved|access_code,True,0.9778478145599365,subject solved|access_code,True,1,0.9744864702224731,0.7818477749824524,0.19263869524002075,R3,development
subject solved|access_code,subject solved,access_code,huge,test-3,subject solved|access_code,True,0.9478297233581543,subject solved|access_code,True,1,0.9496820569038391,0.7094431519508362,0.24023890495300293,R3,development
subject swim|registry_id,subject swim,registry_id,whatever,test-0,subject swim|registry_id,True,0.960487425327301,subject swim|registry_id,True,1,0.9588370323181152,0.6540071964263916,0.30482983589172363,R3,development
subject swim|registry_id,subject swim,registry_id,whatever,test-1,subject swim|access_code,False,0.6792333722114563,subject swim|access_code,False,2,0.5757403373718262,0.6463079452514648,-0.07056760787963867,R3,development
subject swim|registry_id,subject swim,registry_id,whatever,test-2,subject swim|registry_id,True,0.9633119702339172,subject swim|registry_id,True,1,0.9430716037750244,0.5719727873802185,0.3710988163948059,R3,development
subject swim|registry_id,subject swim,registry_id,whatever,test-3,subject swim|registry_id,True,0.9799514412879944,subject swim|registry_id,True,1,0.9800767302513123,0.6184238791465759,0.36165285110473633,R3,development
subject swim|city_code,subject swim,city_code,arms,test-0,subject swim|city_code,True,0.8735669851303101,subject swim|city_code,True,1,0.8496130704879761,0.8275173306465149,0.02209573984146118,R3,development
subject swim|city_code,subject swim,city_code,arms,test-1,subject lovely|access_code,False,0.7815700769424438,subject lovely|access_code,False,12,0.30733445286750793,0.7669073343276978,-0.4595728814601898,R3,development
subject swim|city_code,subject swim,city_code,arms,test-2,subject swim|access_code,False,0.943695068359375,subject swim|access_code,False,2,0.8371965289115906,0.9207994341850281,-0.0836029052734375,R3,development
subject swim|city_code,subject swim,city_code,arms,test-3,subject swim|city_code,True,0.881130576133728,subject swim|city_code,True,1,0.8682540655136108,0.7872666120529175,0.08098745346069336,R3,development
subject swim|access_code,subject swim,access_code,gems,test-0,subject swim|city_code,False,0.8197903037071228,subject swim|city_code,False,3,0.6071422100067139,0.7489796280860901,-0.14183741807937622,R3,development
subject swim|access_code,subject swim,access_code,gems,test-1,subject excited|access_code,False,0.884220540523529,subject excited|access_code,False,4,0.6641727089881897,0.8163197636604309,-0.1521470546722412,R3,development
subject swim|access_code,subject swim,access_code,gems,test-2,subject swim|access_code,True,0.9614769220352173,subject swim|access_code,True,1,0.9512137770652771,0.723922073841095,0.22729170322418213,R3,development
subject swim|access_code,subject swim,access_code,gems,test-3,subject swim|access_code,True,0.941422700881958,subject swim|access_code,True,1,0.9153537154197693,0.7478854656219482,0.16746824979782104,R3,development
subject deter|registry_id,subject deter,registry_id,jumped,test-0,subject deter|registry_id,True,0.9119120240211487,subject deter|registry_id,True,1,0.8990171551704407,0.6638472676277161,0.2351698875427246,R3,development
subject deter|registry_id,subject deter,registry_id,jumped,test-1,subject finds|access_code,False,0.7840650081634521,subject finds|access_code,False,14,0.20970594882965088,0.7547558546066284,-0.5450499057769775,R3,development
subject deter|registry_id,subject deter,registry_id,jumped,test-2,subject deter|registry_id,True,0.8388869166374207,subject deter|registry_id,True,1,0.8344547748565674,0.6169978380203247,0.21745693683624268,R3,development
subject deter|registry_id,subject deter,registry_id,jumped,test-3,subject deter|registry_id,True,0.9673793315887451,subject deter|registry_id,True,1,0.9748136401176453,0.7069092988967896,0.2679043412208557,R3,development
subject deter|city_code,subject deter,city_code,snowman,test-0,subject deter|city_code,True,0.8291137218475342,subject deter|city_code,True,1,0.8123555183410645,0.7081382870674133,0.10421723127365112,R3,development
subject deter|city_code,subject deter,city_code,snowman,test-1,subject finds|access_code,False,0.8663221001625061,subject finds|access_code,False,13,0.21123526990413666,0.8515015840530396,-0.6402663141489029,R3,development
subject deter|city_code,subject deter,city_code,snowman,test-2,subject deter|access_code,False,0.9667268395423889,subject deter|access_code,False,3,0.621971070766449,0.9504515528678894,-0.32848048210144043,R3,development
subject deter|city_code,subject deter,city_code,snowman,test-3,subject deter|city_code,True,0.8873674869537354,subject deter|city_code,True,1,0.8509573936462402,0.6080552935600281,0.24290210008621216,R3,development
subject deter|access_code,subject deter,access_code,after,test-0,subject deter|city_code,False,0.8561234474182129,subject deter|city_code,False,3,0.6106024980545044,0.8450136184692383,-0.2344111204147339,R3,development
subject deter|access_code,subject deter,access_code,after,test-1,subject finds|access_code,False,0.8373810052871704,subject finds|access_code,False,2,0.7796212434768677,0.8197135925292969,-0.0400923490524292,R3,development
subject deter|access_code,subject deter,access_code,after,test-2,subject deter|access_code,True,0.9582065939903259,subject deter|access_code,True,1,0.9409602284431458,0.7341904640197754,0.20676976442337036,R3,development
subject deter|access_code,subject deter,access_code,after,test-3,subject deter|access_code,True,0.8992694020271301,subject deter|access_code,True,1,0.8913230895996094,0.571709394454956,0.3196136951446533,R3,development
subject excited|registry_id,subject excited,registry_id,tricky,test-0,subject excited|registry_id,True,0.9391465187072754,subject excited|registry_id,True,1,0.917051374912262,0.6553112268447876,0.26174014806747437,R3,development
subject excited|registry_id,subject excited,registry_id,tricky,test-1,subject excited|access_code,False,0.8276740312576294,subject excited|access_code,False,2,0.7832456827163696,0.7979368567466736,-0.014691174030303955,R3,development
subject excited|registry_id,subject excited,registry_id,tricky,test-2,subject excited|registry_id,True,0.9341683387756348,subject excited|registry_id,True,1,0.9205131530761719,0.621751606464386,0.2987615466117859,R3,development
subject excited|registry_id,subject excited,registry_id,tricky,test-3,subject excited|registry_id,True,0.9376278519630432,subject excited|registry_id,True,1,0.9216209053993225,0.7855314016342163,0.1360895037651062,R3,development
subject excited|city_code,subject excited,city_code,conqu,test-0,subject excited|city_code,True,0.8012226819992065,subject excited|city_code,True,1,0.771187961101532,0.7276869416236877,0.04350101947784424,R3,development
subject excited|city_code,subject excited,city_code,conqu,test-1,subject excited|access_code,False,0.9440374374389648,subject excited|access_code,False,7,0.46467486023902893,0.9242241382598877,-0.45954927802085876,R3,development
subject excited|city_code,subject excited,city_code,conqu,test-2,subject excited|city_code,True,0.8322914242744446,subject excited|city_code,True,1,0.7962695360183716,0.758915901184082,0.03735363483428955,R3,development
subject excited|city_code,subject excited,city_code,conqu,test-3,subject excited|city_code,True,0.8068589568138123,subject excited|city_code,True,1,0.7906314730644226,0.6488006114959717,0.14183086156845093,R3,development
subject excited|access_code,subject excited,access_code,imag,test-0,subject excited|city_code,False,0.7464711666107178,subject excited|city_code,False,7,0.5446720123291016,0.7057456374168396,-0.16107362508773804,R3,development
subject excited|access_code,subject excited,access_code,imag,test-1,subject excited|access_code,True,0.9633249640464783,subject excited|access_code,True,1,0.9650577902793884,0.7120360136032104,0.253021776676178,R3,development
subject excited|access_code,subject excited,access_code,imag,test-2,subject excited|access_code,True,0.980414628982544,subject excited|access_code,True,1,0.9657747149467468,0.7403508424758911,0.2254238724708557,R3,development
subject excited|access_code,subject excited,access_code,imag,test-3,subject excited|access_code,True,0.8932930827140808,subject excited|access_code,True,1,0.8665845394134521,0.5842556357383728,0.28232890367507935,R3,development
subject encour|registry_id,subject encour,registry_id,safely,test-0,subject encour|registry_id,True,0.9384455680847168,subject encour|registry_id,True,1,0.9135100245475769,0.8156117796897888,0.09789824485778809,R3,development
subject encour|registry_id,subject encour,registry_id,safely,test-1,subject solved|registry_id,False,0.5877552628517151,subject clut|access_code,False,10,0.42916539311408997,0.519270658493042,-0.09010526537895203,R3,development
subject encour|registry_id,subject encour,registry_id,safely,test-2,subject encour|registry_id,True,0.8849456906318665,subject louder|registry_id,False,2,0.8293927907943726,0.8303695917129517,-0.0009768009185791016,R3,development
subject encour|registry_id,subject encour,registry_id,safely,test-3,subject encour|registry_id,True,0.9330930709838867,subject encour|registry_id,True,1,0.8809054493904114,0.7864765524864197,0.0944288969039917,R3,development
subject encour|city_code,subject encour,city_code,snowf,test-0,subject swim|city_code,False,0.7973009943962097,subject swim|city_code,False,7,0.48669227957725525,0.7138110399246216,-0.22711876034736633,R3,development
subject encour|city_code,subject encour,city_code,snowf,test-1,subject solved|access_code,False,0.7305471897125244,subject solved|access_code,False,39,-0.29074928164482117,0.6961647272109985,-0.9869140088558197,R3,development
subject encour|city_code,subject encour,city_code,snowf,test-2,subject louder|access_code,False,0.8715292811393738,subject louder|access_code,False,5,0.52109295129776,0.854964554309845,-0.33387160301208496,R3,development
subject encour|city_code,subject encour,city_code,snowf,test-3,subject skills|city_code,False,0.8435371518135071,subject skills|city_code,False,3,0.7502856254577637,0.8275853991508484,-0.07729977369308472,R3,development
subject encour|access_code,subject encour,access_code,uncover,test-0,subject skills|city_code,False,0.6671156883239746,subject skills|city_code,False,10,0.4218742251396179,0.6314166188240051,-0.2095423936843872,R3,development
subject encour|access_code,subject encour,access_code,uncover,test-1,subject excited|access_code,False,0.7660098671913147,subject excited|access_code,False,4,0.6600955128669739,0.7295711040496826,-0.06947559118270874,R3,development
subject encour|access_code,subject encour,access_code,uncover,test-2,subject encour|access_code,True,0.9468674063682556,subject encour|access_code,True,1,0.9059622883796692,0.8631494641304016,0.04281282424926758,R3,development
subject encour|access_code,subject encour,access_code,uncover,test-3,subject encour|access_code,True,0.8384789824485779,subject encour|access_code,True,1,0.7994489669799805,0.7679144740104675,0.03153449296951294,R3,development
subject finds|registry_id,subject finds,registry_id,transform,test-0,subject finds|registry_id,True,0.9624343514442444,subject finds|registry_id,True,1,0.9395166039466858,0.7130981683731079,0.22641843557357788,R3,development
subject finds|registry_id,subject finds,registry_id,transform,test-1,subject finds|access_code,False,0.8302210569381714,subject finds|access_code,False,2,0.7919723391532898,0.8123822212219238,-0.020409882068634033,R3,development
subject finds|registry_id,subject finds,registry_id,transform,test-2,subject finds|registry_id,True,0.9516987204551697,subject finds|registry_id,True,1,0.9358929395675659,0.7066660523414612,0.22922688722610474,R3,development
subject finds|registry_id,subject finds,registry_id,transform,test-3,subject finds|registry_id,True,0.9128076434135437,subject finds|registry_id,True,1,0.893489420413971,0.6671640276908875,0.2263253927230835,R3,development
subject finds|city_code,subject finds,city_code,spirit,test-0,subject finds|access_code,False,0.9153106808662415,subject finds|access_code,False,2,0.8523828983306885,0.8851495385169983,-0.032766640186309814,R3,development
subject finds|city_code,subject finds,city_code,spirit,test-1,subject finds|access_code,False,0.9350447058677673,subject finds|access_code,False,6,0.6339201927185059,0.9246984720230103,-0.2907782793045044,R3,development
subject finds|city_code,subject finds,city_code,spirit,test-2,subject finds|access_code,False,0.9605284929275513,subject finds|access_code,False,2,0.8068203926086426,0.9410449862480164,-0.13422459363937378,R3,development
subject finds|city_code,subject finds,city_code,spirit,test-3,subject finds|city_code,True,0.9010190367698669,subject finds|city_code,True,1,0.8759753108024597,0.7774027585983276,0.09857255220413208,R3,development
subject finds|access_code,subject finds,access_code,door,test-0,subject finds|city_code,False,0.8564594984054565,subject finds|city_code,False,2,0.8163992166519165,0.8293632864952087,-0.012964069843292236,R3,development
subject finds|access_code,subject finds,access_code,door,test-1,subject solved|access_code,False,0.8450269103050232,subject solved|access_code,False,3,0.7408983707427979,0.8320305347442627,-0.09113216400146484,R3,development
subject finds|access_code,subject finds,access_code,door,test-2,subject finds|access_code,True,0.9878664016723633,subject finds|access_code,True,1,0.9816519021987915,0.7406028509140015,0.24104905128479004,R3,development
subject finds|access_code,subject finds,access_code,door,test-3,subject finds|access_code,True,0.9528259038925171,subject finds|access_code,True,1,0.937748908996582,0.7504837512969971,0.18726515769958496,R3,development
subject skills|registry_id,subject skills,registry_id,seek,test-0,subject skills|registry_id,True,0.9831715822219849,subject skills|registry_id,True,1,0.9836279153823853,0.6457549333572388,0.3378729820251465,R3,development
subject skills|registry_id,subject skills,registry_id,seek,test-1,subject skills|access_code,False,0.8476024270057678,subject skills|access_code,False,2,0.7773804664611816,0.8422752618789673,-0.06489479541778564,R3,development
subject skills|registry_id,subject skills,registry_id,seek,test-2,subject skills|registry_id,True,0.9675105810165405,subject skills|registry_id,True,1,0.9593300819396973,0.6873459219932556,0.27198415994644165,R3,development
subject skills|registry_id,subject skills,registry_id,seek,test-3,subject skills|registry_id,True,0.9886839985847473,subject skills|registry_id,True,1,0.9860348701477051,0.6406815052032471,0.345353364944458,R3,development
subject skills|city_code,subject skills,city_code,sank,test-0,subject skills|city_code,True,0.9188495874404907,subject skills|city_code,True,1,0.9103336334228516,0.8537746071815491,0.05655902624130249,R3,development
subject skills|city_code,subject skills,city_code,sank,test-1,subject skills|access_code,False,0.9487226605415344,subject skills|access_code,False,3,0.5805553793907166,0.9421749711036682,-0.36161959171295166,R3,development
subject skills|city_code,subject skills,city_code,sank,test-2,subject skills|access_code,False,0.9429485201835632,subject skills|access_code,False,2,0.8568544387817383,0.9417527914047241,-0.08489835262298584,R3,development
subject skills|city_code,subject skills,city_code,sank,test-3,subject skills|city_code,True,0.9193221926689148,subject skills|city_code,True,1,0.9091189503669739,0.8550162315368652,0.05410271883010864,R3,development
subject skills|access_code,subject skills,access_code,whale,test-0,subject skills|city_code,False,0.9171304702758789,subject skills|city_code,False,2,0.8308877944946289,0.9138979911804199,-0.08301019668579102,R3,development
subject skills|access_code,subject skills,access_code,whale,test-1,subject skills|access_code,True,0.8368498682975769,subject skills|access_code,True,1,0.8218230605125427,0.7199565768241882,0.10186648368835449,R3,development
subject skills|access_code,subject skills,access_code,whale,test-2,subject skills|access_code,True,0.9751706719398499,subject skills|access_code,True,1,0.9647784233093262,0.6836458444595337,0.2811325788497925,R3,development
subject skills|access_code,subject skills,access_code,whale,test-3,subject skills|access_code,True,0.9534749984741211,subject skills|access_code,True,1,0.9397596120834351,0.7425057291984558,0.19725388288497925,R3,development
subject dawn|registry_id,subject dawn,registry_id,sneak,test-0,subject dawn|registry_id,True,0.9588598012924194,subject dawn|registry_id,True,1,0.9445297718048096,0.7331287264823914,0.2114010453224182,R3,development
subject dawn|registry_id,subject dawn,registry_id,sneak,test-1,subject dawn|registry_id,True,0.8120583295822144,subject dawn|registry_id,True,1,0.8022592663764954,0.7526379227638245,0.0496213436126709,R3,development
subject dawn|registry_id,subject dawn,registry_id,sneak,test-2,subject dawn|registry_id,True,0.9449911117553711,subject dawn|registry_id,True,1,0.9355679154396057,0.7142450213432312,0.2213228940963745,R3,development
subject dawn|registry_id,subject dawn,registry_id,sneak,test-3,subject dawn|registry_id,True,0.9770001173019409,subject dawn|registry_id,True,1,0.9763436913490295,0.6841250658035278,0.2922186255455017,R3,development
subject dawn|city_code,subject dawn,city_code,shiny,test-0,subject dawn|city_code,True,0.888752281665802,subject dawn|city_code,True,1,0.8793964385986328,0.7588099241256714,0.12058651447296143,R3,development
subject dawn|city_code,subject dawn,city_code,shiny,test-1,subject dawn|access_code,False,0.9029734134674072,subject dawn|access_code,False,6,0.5257315635681152,0.8813171982765198,-0.35558563470840454,R3,development
subject dawn|city_code,subject dawn,city_code,shiny,test-2,subject dawn|access_code,False,0.9089622497558594,subject dawn|access_code,False,2,0.8057948350906372,0.9026321768760681,-0.09683734178543091,R3,development
subject dawn|city_code,subject dawn,city_code,shiny,test-3,subject dawn|city_code,True,0.8369431495666504,subject dawn|city_code,True,1,0.8294296860694885,0.7754484415054321,0.053981244564056396,R3,development
subject dawn|access_code,subject dawn,access_code,pretending,test-0,subject dawn|city_code,False,0.7886261343955994,subject dawn|city_code,False,3,0.6513118147850037,0.7692406177520752,-0.11792880296707153,R3,development
subject dawn|access_code,subject dawn,access_code,pretending,test-1,subject dawn|access_code,True,0.8610972166061401,subject dawn|access_code,True,1,0.8492617011070251,0.7436914443969727,0.10557025671005249,R3,development
subject dawn|access_code,subject dawn,access_code,pretending,test-2,subject dawn|access_code,True,0.9265257716178894,subject dawn|access_code,True,1,0.9234357476234436,0.7607738971710205,0.1626618504524231,R3,development
subject dawn|access_code,subject dawn,access_code,pretending,test-3,subject dawn|access_code,True,0.898553729057312,subject dawn|access_code,True,1,0.8697434663772583,0.632323145866394,0.23742032051086426,R3,development
subject swung|registry_id,subject swung,registry_id,outs,test-0,subject swung|registry_id,True,0.9535765647888184,subject swung|registry_id,True,1,0.9311653971672058,0.7494651079177856,0.18170028924942017,R3,development
subject swung|registry_id,subject swung,registry_id,outs,test-1,subject swung|registry_id,True,0.6886193752288818,subject swung|registry_id,True,1,0.6602677702903748,0.6449494957923889,0.01531827449798584,R3,development
subject swung|registry_id,subject swung,registry_id,outs,test-2,subject swung|registry_id,True,0.9068819284439087,subject swung|registry_id,True,1,0.9048730134963989,0.6955214738845825,0.2093515396118164,R3,development
subject swung|registry_id,subject swung,registry_id,outs,test-3,subject swung|registry_id,True,0.9721799492835999,subject swung|registry_id,True,1,0.9719634056091309,0.7833067178726196,0.18865668773651123,R3,development
subject swung|city_code,subject swung,city_code,loomed,test-0,subject swung|city_code,True,0.8276031613349915,subject swung|city_code,True,1,0.8175620436668396,0.7379282712936401,0.07963377237319946,R3,development
subject swung|city_code,subject swung,city_code,loomed,test-1,subject swung|access_code,False,0.9087669253349304,subject swung|access_code,False,8,0.3594379425048828,0.8803012371063232,-0.5208632946014404,R3,development
subject swung|city_code,subject swung,city_code,loomed,test-2,subject swung|access_code,False,0.9172143936157227,subject swung|access_code,False,2,0.7295268177986145,0.9180152416229248,-0.1884884238243103,R3,development
subject swung|city_code,subject swung,city_code,loomed,test-3,subject swung|city_code,True,0.865748405456543,subject swung|city_code,True,1,0.8582820892333984,0.7623400092124939,0.09594208002090454,R3,development
subject swung|access_code,subject swung,access_code,heavy,test-0,subject swung|city_code,False,0.8250648975372314,subject swung|city_code,False,3,0.6032726168632507,0.8133798241615295,-0.2101072072982788,R3,development
subject swung|access_code,subject swung,access_code,heavy,test-1,subject swung|access_code,True,0.8287419676780701,subject swung|access_code,True,1,0.8161075115203857,0.6791457533836365,0.13696175813674927,R3,development
subject swung|access_code,subject swung,access_code,heavy,test-2,subject swung|access_code,True,0.9466120600700378,subject swung|access_code,True,1,0.9368636608123779,0.7813906073570251,0.15547305345535278,R3,development
subject swung|access_code,subject swung,access_code,heavy,test-3,subject swung|access_code,True,0.8963369727134705,subject swung|access_code,True,1,0.8799470067024231,0.7775444984436035,0.10240250825881958,R3,development
subject lovely|registry_id,subject lovely,registry_id,swayed,test-0,subject lovely|registry_id,True,0.955568790435791,subject lovely|registry_id,True,1,0.939727246761322,0.7188712358474731,0.22085601091384888,R3,development
subject lovely|registry_id,subject lovely,registry_id,swayed,test-1,subject lovely|access_code,False,0.8335903882980347,subject lovely|access_code,False,2,0.8088458180427551,0.8214234709739685,-0.012577652931213379,R3,development
subject lovely|registry_id,subject lovely,registry_id,swayed,test-2,subject lovely|registry_id,True,0.9247127771377563,subject lovely|registry_id,True,1,0.911561131477356,0.6863917112350464,0.22516942024230957,R3,development
subject lovely|registry_id,subject lovely,registry_id,swayed,test-3,subject lovely|registry_id,True,0.9769636392593384,subject lovely|registry_id,True,1,0.9741538763046265,0.6681593656539917,0.30599451065063477,R3,development
subject lovely|city_code,subject lovely,city_code,favorite,test-0,subject lovely|city_code,True,0.9174181222915649,subject lovely|city_code,True,1,0.8833261132240295,0.8342208862304688,0.04910522699356079,R3,development
subject lovely|city_code,subject lovely,city_code,favorite,test-1,subject lovely|access_code,False,0.9446521401405334,subject lovely|access_code,False,4,0.6743001937866211,0.9326951503753662,-0.2583949565887451,R3,development
subject lovely|city_code,subject lovely,city_code,favorite,test-2,subject lovely|city_code,True,0.941487193107605,subject lovely|city_code,True,1,0.9200621247291565,0.8234067559242249,0.09665536880493164,R3,development
subject lovely|city_code,subject lovely,city_code,favorite,test-3,subject lovely|city_code,True,0.909018874168396,subject lovely|city_code,True,1,0.8974617719650269,0.7343913316726685,0.1630704402923584,R3,development
subject lovely|access_code,subject lovely,access_code,higher,test-0,subject lovely|city_code,False,0.8652063012123108,subject lovely|city_code,False,2,0.764287531375885,0.8378450274467468,-0.07355749607086182,R3,development
subject lovely|access_code,subject lovely,access_code,higher,test-1,subject lovely|access_code,True,0.9380615949630737,subject lovely|access_code,True,1,0.9299814105033875,0.841673731803894,0.08830767869949341,R3,development
subject lovely|access_code,subject lovely,access_code,higher,test-2,subject lovely|access_code,True,0.9632804989814758,subject lovely|access_code,True,1,0.9490089416503906,0.7912415862083435,0.15776735544204712,R3,development
subject lovely|access_code,subject lovely,access_code,higher,test-3,subject lovely|access_code,True,0.9344801902770996,subject lovely|access_code,True,1,0.9294693470001221,0.7022647857666016,0.2272045612335205,R3,development
subject joked|registry_id,subject joked,registry_id,carved,validation-0,subject joked|registry_id,True,0.986146092414856,subject joked|registry_id,True,1,0.9797434210777283,0.8212974071502686,0.15844601392745972,R4,validation
subject joked|registry_id,subject joked,registry_id,carved,validation-1,subject joked|registry_id,True,0.9920894503593445,subject joked|registry_id,True,1,0.9906960129737854,0.8381895422935486,0.15250647068023682,R4,validation
subject joked|city_code,subject joked,city_code,prize,validation-0,subject joked|access_code,False,0.9426340460777283,subject joked|access_code,False,13,0.4870523512363434,0.9283956289291382,-0.4413432776927948,R4,validation
subject joked|city_code,subject joked,city_code,prize,validation-1,subject joked|city_code,True,0.991807758808136,subject joked|city_code,True,1,0.9894515872001648,0.8511714935302734,0.13828009366989136,R4,validation
subject joked|access_code,subject joked,access_code,train,validation-0,subject joked|access_code,True,0.9565027952194214,subject joked|access_code,True,1,0.9439396858215332,0.8405011296272278,0.10343855619430542,R4,validation
subject joked|access_code,subject joked,access_code,train,validation-1,subject joked|access_code,True,0.984109103679657,subject joked|access_code,True,1,0.9786152839660645,0.8524141311645508,0.12620115280151367,R4,validation
subject clut|registry_id,subject clut,registry_id,guide,validation-0,subject clut|registry_id,True,0.9842044115066528,subject clut|registry_id,True,1,0.9863582253456116,0.9207945466041565,0.06556367874145508,R4,validation
subject clut|registry_id,subject clut,registry_id,guide,validation-1,subject clut|registry_id,True,0.9908992648124695,subject clut|registry_id,True,1,0.9923468828201294,0.9057840704917908,0.08656281232833862,R4,validation
subject clut|city_code,subject clut,city_code,connecting,validation-0,subject clut|access_code,False,0.9545965194702148,subject clut|access_code,False,15,0.45788314938545227,0.9543130993843079,-0.4964299499988556,R4,validation
subject clut|city_code,subject clut,city_code,connecting,validation-1,subject clut|city_code,True,0.98284912109375,subject clut|city_code,True,1,0.983022928237915,0.8583353757858276,0.1246875524520874,R4,validation
subject clut|access_code,subject clut,access_code,calm,validation-0,subject clut|access_code,True,0.9681815505027771,subject clut|access_code,True,1,0.9708446264266968,0.8965904116630554,0.07425421476364136,R4,validation
subject clut|access_code,subject clut,access_code,calm,validation-1,subject clut|access_code,True,0.9896508455276489,subject clut|access_code,True,1,0.9881532788276672,0.8583481907844543,0.1298050880432129,R4,validation
subject louder|registry_id,subject louder,registry_id,worries,validation-0,subject louder|registry_id,True,0.9736101627349854,subject louder|registry_id,True,1,0.9719492793083191,0.8953384160995483,0.07661086320877075,R4,validation
subject louder|registry_id,subject louder,registry_id,worries,validation-1,subject louder|registry_id,True,0.9848604202270508,subject louder|registry_id,True,1,0.985436201095581,0.8915280103683472,0.09390819072723389,R4,validation
subject louder|city_code,subject louder,city_code,glow,validation-0,subject louder|access_code,False,0.9121806621551514,subject louder|access_code,False,21,0.3850962221622467,0.9075586795806885,-0.5224624574184418,R4,validation
subject louder|city_code,subject louder,city_code,glow,validation-1,subject louder|city_code,True,0.9757044315338135,subject louder|city_code,True,1,0.9670456051826477,0.8545366525650024,0.11250895261764526,R4,validation
subject louder|access_code,subject louder,access_code,glanc,validation-0,subject louder|access_code,True,0.9233370423316956,subject louder|access_code,True,1,0.9227617383003235,0.8963643312454224,0.026397407054901123,R4,validation
subject louder|access_code,subject louder,access_code,glanc,validation-1,subject louder|access_code,True,0.9806537628173828,subject louder|access_code,True,1,0.9808309078216553,0.8621038794517517,0.11872702836990356,R4,validation
subject deer|registry_id,subject deer,registry_id,beep,validation-0,subject deer|registry_id,True,0.9898201823234558,subject deer|registry_id,True,1,0.9803124666213989,0.8668734431266785,0.11343902349472046,R4,validation
subject deer|registry_id,subject deer,registry_id,beep,validation-1,subject encour|registry_id,False,0.9173332452774048,subject encour|registry_id,False,3,0.8696832060813904,0.9088590741157532,-0.03917586803436279,R4,validation
subject deer|city_code,subject deer,city_code,students,validation-0,subject deer|access_code,False,0.955980658531189,subject deer|access_code,False,13,0.4588594138622284,0.9191637635231018,-0.4603043496608734,R4,validation
subject deer|city_code,subject deer,city_code,students,validation-1,subject encour|city_code,False,0.8979337811470032,subject encour|city_code,False,4,0.8147721290588379,0.8853521943092346,-0.07058006525039673,R4,validation
subject deer|access_code,subject deer,access_code,bond,validation-0,subject deer|access_code,True,0.9679889678955078,subject deer|access_code,True,1,0.9321936368942261,0.8757307529449463,0.056462883949279785,R4,validation
subject deer|access_code,subject deer,access_code,bond,validation-1,subject encour|access_code,False,0.8610094785690308,subject encour|access_code,False,3,0.8125909566879272,0.8535056710243225,-0.040914714336395264,R4,validation
subject sent|registry_id,subject sent,registry_id,butterf,validation-0,subject sent|registry_id,True,0.9921718835830688,subject sent|registry_id,True,1,0.9891602993011475,0.9321237206459045,0.05703657865524292,R4,validation
subject sent|registry_id,subject sent,registry_id,butterf,validation-1,subject sent|registry_id,True,0.9880792498588562,subject sent|registry_id,True,1,0.982982873916626,0.9318732023239136,0.0511096715927124,R4,validation
subject sent|city_code,subject sent,city_code,clapped,validation-0,subject sent|access_code,False,0.9278743267059326,subject sent|access_code,False,15,0.4497128129005432,0.9215576648712158,-0.4718448519706726,R4,validation
subject sent|city_code,subject sent,city_code,clapped,validation-1,subject sent|city_code,True,0.9883580207824707,subject sent|city_code,True,1,0.9812272787094116,0.9093833565711975,0.07184392213821411,R4,validation
subject sent|access_code,subject sent,access_code,breathe,validation-0,subject sent|access_code,True,0.9621819257736206,subject sent|access_code,True,1,0.9559606909751892,0.8758610486984253,0.08009964227676392,R4,validation
subject sent|access_code,subject sent,access_code,breathe,validation-1,subject sent|access_code,True,0.9893765449523926,subject sent|access_code,True,1,0.9856586456298828,0.932466447353363,0.053192198276519775,R4,validation
subject shimmered|registry_id,subject shimmered,registry_id,shining,validation-0,subject shimmered|registry_id,True,0.9678947925567627,subject shimmered|registry_id,True,1,0.9557130336761475,0.7418731451034546,0.21383988857269287,R4,validation
subject shimmered|registry_id,subject shimmered,registry_id,shining,validation-1,subject shimmered|registry_id,True,0.9670456647872925,subject shimmered|registry_id,True,1,0.9681448340415955,0.8377623558044434,0.1303824782371521,R4,validation
subject shimmered|city_code,subject shimmered,city_code,house,validation-0,subject shimmered|access_code,False,0.9553260207176208,subject shimmered|access_code,False,12,0.4531796872615814,0.9376012086868286,-0.4844215214252472,R4,validation
subject shimmered|city_code,subject shimmered,city_code,house,validation-1,subject shimmered|city_code,True,0.9783165454864502,subject shimmered|city_code,True,1,0.9774641394615173,0.8128382563591003,0.164625883102417,R4,validation
subject shimmered|access_code,subject shimmered,access_code,inno,validation-0,subject shimmered|access_code,True,0.9591670036315918,subject shimmered|access_code,True,1,0.9401272535324097,0.8396878242492676,0.10043942928314209,R4,validation
subject shimmered|access_code,subject shimmered,access_code,inno,validation-1,subject shimmered|access_code,True,0.9776989817619324,subject shimmered|access_code,True,1,0.9693595170974731,0.7950993776321411,0.17426013946533203,R4,validation
subject solved|registry_id,subject solved,registry_id,bottle,validation-0,subject solved|registry_id,True,0.9779009222984314,subject solved|registry_id,True,1,0.978272557258606,0.8218419551849365,0.15643060207366943,R4,validation
subject solved|registry_id,subject solved,registry_id,bottle,validation-1,subject solved|registry_id,True,0.9900333285331726,subject solved|registry_id,True,1,0.9909023642539978,0.817695140838623,0.17320722341537476,R4,validation
subject solved|city_code,subject solved,city_code,gloom,validation-0,subject solved|access_code,False,0.9406402707099915,subject solved|access_code,False,14,0.4375034272670746,0.9422627091407776,-0.504759281873703,R4,validation
subject solved|city_code,subject solved,city_code,gloom,validation-1,subject solved|city_code,True,0.9839142560958862,subject solved|city_code,True,1,0.980809211730957,0.781581461429596,0.19922775030136108,R4,validation
subject solved|access_code,subject solved,access_code,huge,validation-0,subject solved|access_code,True,0.9588657021522522,subject solved|access_code,True,1,0.9649479389190674,0.8481956720352173,0.1167522668838501,R4,validation
subject solved|access_code,subject solved,access_code,huge,validation-1,subject solved|access_code,True,0.9752791523933411,subject solved|access_code,True,1,0.9740572571754456,0.8444143533706665,0.12964290380477905,R4,validation
subject swim|registry_id,subject swim,registry_id,whatever,validation-0,subject swim|registry_id,True,0.9504989981651306,subject swim|registry_id,True,1,0.9277336597442627,0.8110482692718506,0.11668539047241211,R4,validation
subject swim|registry_id,subject swim,registry_id,whatever,validation-1,subject swim|registry_id,True,0.9666562080383301,subject swim|registry_id,True,1,0.9618209004402161,0.8740307092666626,0.08779019117355347,R4,validation
subject swim|city_code,subject swim,city_code,arms,validation-0,subject swim|access_code,False,0.9125494360923767,subject swim|access_code,False,18,0.2586192488670349,0.8722786903381348,-0.6136594414710999,R4,validation
subject swim|city_code,subject swim,city_code,arms,validation-1,subject swim|city_code,True,0.960591197013855,subject swim|city_code,True,1,0.9649701118469238,0.738868772983551,0.2261013388633728,R4,validation
subject swim|access_code,subject swim,access_code,gems,validation-0,subject swim|access_code,True,0.929315447807312,subject swim|access_code,True,1,0.889666736125946,0.861014723777771,0.02865201234817505,R4,validation
subject swim|access_code,subject swim,access_code,gems,validation-1,subject swim|access_code,True,0.9742191433906555,subject swim|access_code,True,1,0.9639085531234741,0.771629810333252,0.19227874279022217,R4,validation
subject deter|registry_id,subject deter,registry_id,jumped,validation-0,subject deter|registry_id,True,0.9787761569023132,subject deter|registry_id,True,1,0.9732291102409363,0.7569325566291809,0.21629655361175537,R4,validation
subject deter|registry_id,subject deter,registry_id,jumped,validation-1,subject deter|registry_id,True,0.962329089641571,subject deter|registry_id,True,1,0.9499983191490173,0.8113714456558228,0.13862687349319458,R4,validation
subject deter|city_code,subject deter,city_code,snowman,validation-0,subject deter|access_code,False,0.9577404856681824,subject deter|access_code,False,13,0.4099390506744385,0.9569489359855652,-0.5470098853111267,R4,validation
subject deter|city_code,subject deter,city_code,snowman,validation-1,subject deter|city_code,True,0.9674045443534851,subject deter|city_code,True,1,0.9551690220832825,0.7468889951705933,0.2082800269126892,R4,validation
subject deter|access_code,subject deter,access_code,after,validation-0,subject deter|access_code,True,0.9658463001251221,subject deter|access_code,True,1,0.9677098393440247,0.7841572761535645,0.1835525631904602,R4,validation
subject deter|access_code,subject deter,access_code,after,validation-1,subject deter|access_code,True,0.9713034629821777,subject deter|access_code,True,1,0.9588764905929565,0.7859212160110474,0.17295527458190918,R4,validation
subject excited|registry_id,subject excited,registry_id,tricky,validation-0,subject excited|registry_id,True,0.955671489238739,subject excited|registry_id,True,1,0.9227579832077026,0.8380843997001648,0.08467358350753784,R4,validation
subject excited|registry_id,subject excited,registry_id,tricky,validation-1,subject excited|registry_id,True,0.9327439069747925,subject excited|registry_id,True,1,0.8974433541297913,0.7749284505844116,0.12251490354537964,R4,validation
subject excited|city_code,subject excited,city_code,conqu,validation-0,subject excited|access_code,False,0.8838832378387451,subject excited|access_code,False,31,0.1377098262310028,0.8456273078918457,-0.7079174816608429,R4,validation
subject excited|city_code,subject excited,city_code,conqu,validation-1,subject excited|city_code,True,0.941504716873169,subject excited|city_code,True,1,0.9361091256141663,0.6764649748802185,0.25964415073394775,R4,validation
subject excited|access_code,subject excited,access_code,imag,validation-0,subject excited|access_code,True,0.8829586505889893,subject excited|access_code,True,1,0.832979679107666,0.8095515370368958,0.023428142070770264,R4,validation
subject excited|access_code,subject excited,access_code,imag,validation-1,subject excited|access_code,True,0.9215625524520874,subject excited|access_code,True,1,0.8893730044364929,0.7693374752998352,0.12003552913665771,R4,validation
subject encour|registry_id,subject encour,registry_id,safely,validation-0,subject louder|registry_id,False,0.889837920665741,subject louder|registry_id,False,5,0.7506433725357056,0.8774178624153137,-0.12677448987960815,R4,validation
subject encour|registry_id,subject encour,registry_id,safely,validation-1,subject encour|registry_id,True,0.9277008175849915,subject encour|registry_id,True,1,0.9210227727890015,0.9063889384269714,0.01463383436203003,R4,validation
subject encour|city_code,subject encour,city_code,snowf,validation-0,subject encour|access_code,False,0.8642477989196777,subject encour|access_code,False,31,0.19964797794818878,0.8738343119621277,-0.6741863340139389,R4,validation
subject encour|city_code,subject encour,city_code,snowf,validation-1,subject encour|city_code,True,0.9231557846069336,subject encour|city_code,True,1,0.9213853478431702,0.844379186630249,0.07700616121292114,R4,validation
subject encour|access_code,subject encour,access_code,uncover,validation-0,subject encour|access_code,True,0.8827110528945923,subject encour|access_code,True,1,0.8783780336380005,0.8288995623588562,0.04947847127914429,R4,validation
subject encour|access_code,subject encour,access_code,uncover,validation-1,subject clut|access_code,False,0.9050643444061279,subject clut|access_code,False,2,0.8854056000709534,0.8997657299041748,-0.014360129833221436,R4,validation
subject finds|registry_id,subject finds,registry_id,transform,validation-0,subject finds|registry_id,True,0.9770166277885437,subject finds|registry_id,True,1,0.9650487899780273,0.7212108969688416,0.2438378930091858,R4,validation
subject finds|registry_id,subject finds,registry_id,transform,validation-1,subject finds|registry_id,True,0.9852304458618164,subject finds|registry_id,True,1,0.9596607089042664,0.8207599520683289,0.1389007568359375,R4,validation
subject finds|city_code,subject finds,city_code,spirit,validation-0,subject finds|access_code,False,0.9628648161888123,subject finds|access_code,False,15,0.3981654644012451,0.9499510526657104,-0.5517855882644653,R4,validation
subject finds|city_code,subject finds,city_code,spirit,validation-1,subject finds|city_code,True,0.9649400115013123,subject finds|city_code,True,1,0.9657583236694336,0.7605056762695312,0.20525264739990234,R4,validation
subject finds|access_code,subject finds,access_code,door,validation-0,subject finds|access_code,True,0.9708117842674255,subject finds|access_code,True,1,0.9564251899719238,0.8418693542480469,0.11455583572387695,R4,validation
subject finds|access_code,subject finds,access_code,door,validation-1,subject finds|access_code,True,0.9879106879234314,subject finds|access_code,True,1,0.9840908050537109,0.849163830280304,0.13492697477340698,R4,validation
subject skills|registry_id,subject skills,registry_id,seek,validation-0,subject skills|registry_id,True,0.9749996662139893,subject skills|registry_id,True,1,0.9691727757453918,0.7830256819725037,0.18614709377288818,R4,validation
subject skills|registry_id,subject skills,registry_id,seek,validation-1,subject skills|registry_id,True,0.9915716052055359,subject skills|registry_id,True,1,0.989183783531189,0.7970754504203796,0.19210833311080933,R4,validation
subject skills|city_code,subject skills,city_code,sank,validation-0,subject skills|access_code,False,0.944868803024292,subject skills|access_code,False,11,0.45150282979011536,0.9416884779930115,-0.4901856482028961,R4,validation
subject skills|city_code,subject skills,city_code,sank,validation-1,subject skills|city_code,True,0.9775101542472839,subject skills|city_code,True,1,0.9804478287696838,0.7022508382797241,0.2781969904899597,R4,validation
subject skills|access_code,subject skills,access_code,whale,validation-0,subject skills|access_code,True,0.9692647457122803,subject skills|access_code,True,1,0.9640686511993408,0.7153964638710022,0.24867218732833862,R4,validation
subject skills|access_code,subject skills,access_code,whale,validation-1,subject skills|access_code,True,0.9901136755943298,subject skills|access_code,True,1,0.9848838448524475,0.716844379901886,0.2680394649505615,R4,validation
subject dawn|registry_id,subject dawn,registry_id,sneak,validation-0,subject dawn|registry_id,True,0.9626689553260803,subject dawn|registry_id,True,1,0.9384016394615173,0.6668248772621155,0.27157676219940186,R4,validation
subject dawn|registry_id,subject dawn,registry_id,sneak,validation-1,subject dawn|registry_id,True,0.971511721611023,subject dawn|registry_id,True,1,0.9616279602050781,0.771554708480835,0.19007325172424316,R4,validation
subject dawn|city_code,subject dawn,city_code,shiny,validation-0,subject dawn|access_code,False,0.9244614243507385,subject dawn|access_code,False,11,0.3403727114200592,0.9000048637390137,-0.5596321523189545,R4,validation
subject dawn|city_code,subject dawn,city_code,shiny,validation-1,subject dawn|city_code,True,0.9703181385993958,subject dawn|city_code,True,1,0.9734442234039307,0.7227491736412048,0.25069504976272583,R4,validation
subject dawn|access_code,subject dawn,access_code,pretending,validation-0,subject dawn|access_code,True,0.9230130910873413,subject dawn|access_code,True,1,0.8953878879547119,0.8115208148956299,0.08386707305908203,R4,validation
subject dawn|access_code,subject dawn,access_code,pretending,validation-1,subject dawn|access_code,True,0.9742107391357422,subject dawn|access_code,True,1,0.9655603766441345,0.6934903264045715,0.272070050239563,R4,validation
subject swung|registry_id,subject swung,registry_id,outs,validation-0,subject swung|registry_id,True,0.9545066952705383,subject swung|registry_id,True,1,0.9442917108535767,0.8745017051696777,0.06979000568389893,R4,validation
subject swung|registry_id,subject swung,registry_id,outs,validation-1,subject swung|registry_id,True,0.9681658744812012,subject swung|registry_id,True,1,0.935228705406189,0.8443501591682434,0.09087854623794556,R4,validation
subject swung|city_code,subject swung,city_code,loomed,validation-0,subject swung|access_code,False,0.9298900365829468,subject swung|access_code,False,17,0.3323907256126404,0.9184710383415222,-0.5860803127288818,R4,validation
subject swung|city_code,subject swung,city_code,loomed,validation-1,subject swung|city_code,True,0.9786059856414795,subject swung|city_code,True,1,0.9794161319732666,0.8139931559562683,0.1654229760169983,R4,validation
subject swung|access_code,subject swung,access_code,heavy,validation-0,subject swung|access_code,True,0.9398465752601624,subject swung|access_code,True,1,0.9312741756439209,0.8862781524658203,0.044996023178100586,R4,validation
subject swung|access_code,subject swung,access_code,heavy,validation-1,subject swung|access_code,True,0.9726689457893372,subject swung|access_code,True,1,0.9452848434448242,0.8229253888130188,0.12235945463180542,R4,validation
subject lovely|registry_id,subject lovely,registry_id,swayed,validation-0,subject lovely|registry_id,True,0.9645480513572693,subject lovely|registry_id,True,1,0.9457173347473145,0.6738730072975159,0.2718443274497986,R4,validation
subject lovely|registry_id,subject lovely,registry_id,swayed,validation-1,subject lovely|registry_id,True,0.9629518985748291,subject lovely|registry_id,True,1,0.9516462683677673,0.6872612833976746,0.2643849849700928,R4,validation
subject lovely|city_code,subject lovely,city_code,favorite,validation-0,subject lovely|access_code,False,0.9326990246772766,subject lovely|access_code,False,16,0.25015947222709656,0.9288874268531799,-0.6787279546260834,R4,validation
subject lovely|city_code,subject lovely,city_code,favorite,validation-1,subject lovely|city_code,True,0.9671785831451416,subject lovely|city_code,True,1,0.957756519317627,0.6096057295799255,0.3481507897377014,R4,validation
subject lovely|access_code,subject lovely,access_code,higher,validation-0,subject lovely|access_code,True,0.9207872152328491,subject lovely|access_code,True,1,0.9172984957695007,0.7869261503219604,0.13037234544754028,R4,validation
subject lovely|access_code,subject lovely,access_code,higher,validation-1,subject lovely|access_code,True,0.9626861810684204,subject lovely|access_code,True,1,0.9559013247489929,0.6986624002456665,0.2572389245033264,R4,validation
subject joked|registry_id,subject joked,registry_id,carved,test-0,subject joked|registry_id,True,0.9768855571746826,subject joked|registry_id,True,1,0.9749892950057983,0.843974769115448,0.13101452589035034,R4,development
subject joked|registry_id,subject joked,registry_id,carved,test-1,subject joked|registry_id,True,0.8970945477485657,subject joked|registry_id,True,1,0.890084981918335,0.7216625809669495,0.1684224009513855,R4,development
subject joked|registry_id,subject joked,registry_id,carved,test-2,subject joked|registry_id,True,0.9763268828392029,subject joked|registry_id,True,1,0.9715317487716675,0.8069072961807251,0.16462445259094238,R4,development
subject joked|registry_id,subject joked,registry_id,carved,test-3,subject joked|registry_id,True,0.9886125326156616,subject joked|registry_id,True,1,0.9862168431282043,0.7951337099075317,0.1910831332206726,R4,development
subject joked|city_code,subject joked,city_code,prize,test-0,subject joked|city_code,True,0.9599462151527405,subject joked|city_code,True,1,0.9537211060523987,0.7777955532073975,0.17592555284500122,R4,development
subject joked|city_code,subject joked,city_code,prize,test-1,subject joked|access_code,False,0.9512680768966675,subject joked|access_code,False,12,0.49736425280570984,0.9503616690635681,-0.4529974162578583,R4,development
subject joked|city_code,subject joked,city_code,prize,test-2,subject joked|access_code,False,0.9496541023254395,subject joked|access_code,False,2,0.7525042295455933,0.9430235028266907,-0.1905192732810974,R4,development
subject joked|city_code,subject joked,city_code,prize,test-3,subject joked|city_code,True,0.9407420754432678,subject joked|city_code,True,1,0.9227838516235352,0.8289626240730286,0.09382122755050659,R4,development
subject joked|access_code,subject joked,access_code,train,test-0,subject joked|city_code,False,0.9816330671310425,subject joked|city_code,False,12,0.585959255695343,0.9820929765701294,-0.3961337208747864,R4,development
subject joked|access_code,subject joked,access_code,train,test-1,subject joked|access_code,True,0.9668439626693726,subject joked|access_code,True,1,0.9661157131195068,0.7894123196601868,0.17670339345932007,R4,development
subject joked|access_code,subject joked,access_code,train,test-2,subject joked|access_code,True,0.979569137096405,subject joked|access_code,True,1,0.9788157939910889,0.8400530219078064,0.13876277208328247,R4,development
subject joked|access_code,subject joked,access_code,train,test-3,subject joked|access_code,True,0.9540712237358093,subject joked|access_code,True,1,0.9454436898231506,0.8288074135780334,0.11663627624511719,R4,development
subject clut|registry_id,subject clut,registry_id,guide,test-0,subject clut|registry_id,True,0.9842672944068909,subject clut|registry_id,True,1,0.9859262108802795,0.913896381855011,0.07202982902526855,R4,development
subject clut|registry_id,subject clut,registry_id,guide,test-1,subject clut|registry_id,True,0.9016849398612976,subject clut|registry_id,True,1,0.889658510684967,0.7931883931159973,0.09647011756896973,R4,development
subject clut|registry_id,subject clut,registry_id,guide,test-2,subject clut|registry_id,True,0.9411656856536865,subject clut|registry_id,True,1,0.9340317249298096,0.9108651280403137,0.02316659688949585,R4,development
subject clut|registry_id,subject clut,registry_id,guide,test-3,subject clut|registry_id,True,0.9932776093482971,subject clut|registry_id,True,1,0.9938308596611023,0.9244598746299744,0.06937098503112793,R4,development
subject clut|city_code,subject clut,city_code,connecting,test-0,subject clut|city_code,True,0.8647939562797546,subject clut|city_code,True,1,0.8572220206260681,0.7708731293678284,0.08634889125823975,R4,development
subject clut|city_code,subject clut,city_code,connecting,test-1,subject clut|access_code,False,0.9420876502990723,subject clut|access_code,False,17,0.43080803751945496,0.9418932795524597,-0.5110852420330048,R4,development
subject clut|city_code,subject clut,city_code,connecting,test-2,subject clut|access_code,False,0.9404194951057434,subject clut|access_code,False,13,0.5800430178642273,0.9380361437797546,-0.35799312591552734,R4,development
subject clut|city_code,subject clut,city_code,connecting,test-3,subject clut|registry_id,False,0.8921517133712769,subject clut|registry_id,False,3,0.7682836651802063,0.8843070864677429,-0.11602342128753662,R4,development
subject clut|access_code,subject clut,access_code,calm,test-0,subject clut|city_code,False,0.8441635370254517,subject clut|city_code,False,22,0.40617087483406067,0.8208128809928894,-0.41464200615882874,R4,development
subject clut|access_code,subject clut,access_code,calm,test-1,subject clut|access_code,True,0.9576059579849243,subject clut|access_code,True,1,0.9564206600189209,0.8246251940727234,0.1317954659461975,R4,development
subject clut|access_code,subject clut,access_code,calm,test-2,subject clut|access_code,True,0.963763952255249,subject clut|access_code,True,1,0.9513331651687622,0.9091559052467346,0.04217725992202759,R4,development
subject clut|access_code,subject clut,access_code,calm,test-3,subject clut|access_code,True,0.911109983921051,subject clut|access_code,True,1,0.8990381956100464,0.8008520007133484,0.098186194896698,R4,development
subject louder|registry_id,subject louder,registry_id,worries,test-0,subject louder|registry_id,True,0.9698903560638428,subject louder|registry_id,True,1,0.9735387563705444,0.9186191558837891,0.05491960048675537,R4,development
subject louder|registry_id,subject louder,registry_id,worries,test-1,subject louder|registry_id,True,0.8589407801628113,subject louder|registry_id,True,1,0.8346712589263916,0.8020613193511963,0.03260993957519531,R4,development
subject louder|registry_id,subject louder,registry_id,worries,test-2,subject louder|registry_id,True,0.9520471692085266,subject louder|registry_id,True,1,0.9409902095794678,0.8122724294662476,0.12871778011322021,R4,development
subject louder|registry_id,subject louder,registry_id,worries,test-3,subject louder|registry_id,True,0.9779881834983826,subject louder|registry_id,True,1,0.9803860187530518,0.9019651412963867,0.07842087745666504,R4,development
subject louder|city_code,subject louder,city_code,glow,test-0,subject louder|city_code,True,0.9126845598220825,subject louder|city_code,True,1,0.9050289988517761,0.820370614528656,0.08465838432312012,R4,development
subject louder|city_code,subject louder,city_code,glow,test-1,subject louder|access_code,False,0.905086100101471,subject louder|access_code,False,21,0.3217928111553192,0.8988550305366516,-0.5770622193813324,R4,development
subject louder|city_code,subject louder,city_code,glow,test-2,subject louder|access_code,False,0.9653533697128296,subject louder|access_code,False,12,0.5666298866271973,0.9627505540847778,-0.39612066745758057,R4,development
subject louder|city_code,subject louder,city_code,glow,test-3,subject louder|registry_id,False,0.8380944728851318,subject louder|registry_id,False,6,0.73863685131073,0.8253490328788757,-0.08671218156814575,R4,development
subject louder|access_code,subject louder,access_code,glanc,test-0,subject louder|city_code,False,0.8936609029769897,subject louder|city_code,False,28,0.2951599657535553,0.8796136975288391,-0.5844537317752838,R4,development
subject louder|access_code,subject louder,access_code,glanc,test-1,subject louder|access_code,True,0.9233418703079224,subject louder|access_code,True,1,0.9189385771751404,0.858270525932312,0.06066805124282837,R4,development
subject louder|access_code,subject louder,access_code,glanc,test-2,subject louder|access_code,True,0.9778619408607483,subject louder|access_code,True,1,0.9767190217971802,0.824248194694519,0.15247082710266113,R4,development
subject louder|access_code,subject louder,access_code,glanc,test-3,subject louder|access_code,True,0.890389084815979,subject louder|access_code,True,1,0.8889225125312805,0.8559995889663696,0.03292292356491089,R4,development
subject deer|registry_id,subject deer,registry_id,beep,test-0,subject deer|registry_id,True,0.9794644713401794,subject deer|registry_id,True,1,0.9825578331947327,0.889393150806427,0.09316468238830566,R4,development
subject deer|registry_id,subject deer,registry_id,beep,test-1,subject deer|registry_id,True,0.8961276412010193,subject deer|registry_id,True,1,0.8830569386482239,0.7992864847183228,0.08377045392990112,R4,development
subject deer|registry_id,subject deer,registry_id,beep,test-2,subject deer|registry_id,True,0.9577157497406006,subject deer|registry_id,True,1,0.9526987671852112,0.8256349563598633,0.1270638108253479,R4,development
subject deer|registry_id,subject deer,registry_id,beep,test-3,subject deer|registry_id,True,0.9811729788780212,subject deer|registry_id,True,1,0.9823918342590332,0.8739518523216248,0.10843998193740845,R4,development
subject deer|city_code,subject deer,city_code,students,test-0,subject deer|city_code,True,0.9033055305480957,subject deer|city_code,True,1,0.8993707895278931,0.7958547472953796,0.10351604223251343,R4,development
subject deer|city_code,subject deer,city_code,students,test-1,subject deer|access_code,False,0.923213005065918,subject deer|access_code,False,20,0.3844098448753357,0.9124356508255005,-0.5280258059501648,R4,development
subject deer|city_code,subject deer,city_code,students,test-2,subject deer|city_code,True,0.8832933902740479,subject deer|city_code,True,1,0.860693097114563,0.7745943665504456,0.08609873056411743,R4,development
subject deer|city_code,subject deer,city_code,students,test-3,subject deer|city_code,True,0.8379877805709839,subject deer|registry_id,False,2,0.7927729487419128,0.8042817115783691,-0.011508762836456299,R4,development
subject deer|access_code,subject deer,access_code,bond,test-0,subject deer|city_code,False,0.9180525541305542,subject deer|city_code,False,21,0.3677220642566681,0.9072416424751282,-0.5395195782184601,R4,development
subject deer|access_code,subject deer,access_code,bond,test-1,subject deer|access_code,True,0.931544303894043,subject deer|access_code,True,1,0.9193668365478516,0.8327409625053406,0.08662587404251099,R4,development
subject deer|access_code,subject deer,access_code,bond,test-2,subject deer|access_code,True,0.9714359641075134,subject deer|access_code,True,1,0.9689339995384216,0.8187400698661804,0.1501939296722412,R4,development
subject deer|access_code,subject deer,access_code,bond,test-3,subject deer|access_code,True,0.9080430269241333,subject deer|access_code,True,1,0.8734147548675537,0.8125401139259338,0.06087464094161987,R4,development
subject sent|registry_id,subject sent,registry_id,butterf,test-0,subject sent|registry_id,True,0.9800878763198853,subject sent|registry_id,True,1,0.9801642894744873,0.9078173637390137,0.07234692573547363,R4,development
subject sent|registry_id,subject sent,registry_id,butterf,test-1,subject sent|registry_id,True,0.9148295521736145,subject sent|registry_id,True,1,0.9094122648239136,0.836462140083313,0.07295012474060059,R4,development
subject sent|registry_id,subject sent,registry_id,butterf,test-2,subject sent|registry_id,True,0.9576788544654846,subject sent|registry_id,True,1,0.9525886178016663,0.8552425503730774,0.09734606742858887,R4,development
subject sent|registry_id,subject sent,registry_id,butterf,test-3,subject sent|registry_id,True,0.9923686385154724,subject sent|registry_id,True,1,0.9932394623756409,0.9174780249595642,0.07576143741607666,R4,development
subject sent|city_code,subject sent,city_code,clapped,test-0,subject sent|access_code,False,0.9167794585227966,subject sent|access_code,False,6,0.7259265184402466,0.9073826670646667,-0.18145614862442017,R4,development
subject sent|city_code,subject sent,city_code,clapped,test-1,subject sent|access_code,False,0.9293078780174255,subject sent|access_code,False,18,0.40867704153060913,0.9272536635398865,-0.5185766220092773,R4,development
subject sent|city_code,subject sent,city_code,clapped,test-2,subject sent|access_code,False,0.9680188894271851,subject sent|access_code,False,9,0.6454265117645264,0.9609794616699219,-0.3155529499053955,R4,development
subject sent|city_code,subject sent,city_code,clapped,test-3,subject sent|city_code,True,0.8466841578483582,subject sent|registry_id,False,2,0.8228474259376526,0.8255755305290222,-0.002728104591369629,R4,development
subject sent|access_code,subject sent,access_code,breathe,test-0,subject sent|city_code,False,0.9498699307441711,subject sent|city_code,False,12,0.5375434756278992,0.9462340474128723,-0.40869057178497314,R4,development
subject sent|access_code,subject sent,access_code,breathe,test-1,subject sent|access_code,True,0.9444863200187683,subject sent|access_code,True,1,0.9384984970092773,0.8524681329727173,0.08603036403656006,R4,development
subject sent|access_code,subject sent,access_code,breathe,test-2,subject sent|access_code,True,0.9801502823829651,subject sent|access_code,True,1,0.9804521799087524,0.8836947679519653,0.09675741195678711,R4,development
subject sent|access_code,subject sent,access_code,breathe,test-3,subject sent|access_code,True,0.9500868320465088,subject sent|access_code,True,1,0.9428421258926392,0.8625631928443909,0.08027893304824829,R4,development
subject shimmered|registry_id,subject shimmered,registry_id,shining,test-0,subject shimmered|registry_id,True,0.9610739350318909,subject shimmered|registry_id,True,1,0.9565834403038025,0.8700575232505798,0.08652591705322266,R4,development
subject shimmered|registry_id,subject shimmered,registry_id,shining,test-1,subject shimmered|registry_id,True,0.8914625644683838,subject shimmered|registry_id,True,1,0.8823788166046143,0.703683078289032,0.17869573831558228,R4,development
subject shimmered|registry_id,subject shimmered,registry_id,shining,test-2,subject shimmered|registry_id,True,0.9603158235549927,subject shimmered|registry_id,True,1,0.9522809386253357,0.7930132746696472,0.15926766395568848,R4,development
subject shimmered|registry_id,subject shimmered,registry_id,shining,test-3,subject shimmered|registry_id,True,0.9796397089958191,subject shimmered|registry_id,True,1,0.9771434664726257,0.7670583724975586,0.21008509397506714,R4,development
subject shimmered|city_code,subject shimmered,city_code,house,test-0,subject shimmered|access_code,False,0.9495589137077332,subject shimmered|access_code,False,12,0.4920264482498169,0.9427562952041626,-0.4507298469543457,R4,development
subject shimmered|city_code,subject shimmered,city_code,house,test-1,subject shimmered|access_code,False,0.9436255097389221,subject shimmered|access_code,False,11,0.43614980578422546,0.9450678825378418,-0.5089180767536163,R4,development
subject shimmered|city_code,subject shimmered,city_code,house,test-2,subject shimmered|access_code,False,0.9351257085800171,subject shimmered|access_code,False,4,0.710985004901886,0.9297232031822205,-0.21873819828033447,R4,development
subject shimmered|city_code,subject shimmered,city_code,house,test-3,subject shimmered|registry_id,False,0.8540207743644714,subject shimmered|registry_id,False,2,0.7765498161315918,0.836645781993866,-0.06009596586227417,R4,development
subject shimmered|access_code,subject shimmered,access_code,inno,test-0,subject shimmered|city_code,False,0.9193411469459534,subject shimmered|city_code,False,15,0.43613457679748535,0.9077041149139404,-0.4715695381164551,R4,development
subject shimmered|access_code,subject shimmered,access_code,inno,test-1,subject shimmered|access_code,True,0.961243748664856,subject shimmered|access_code,True,1,0.965516984462738,0.788993239402771,0.17652374505996704,R4,development
subject shimmered|access_code,subject shimmered,access_code,inno,test-2,subject shimmered|access_code,True,0.9708482027053833,subject shimmered|access_code,True,1,0.9705151915550232,0.8221039175987244,0.14841127395629883,R4,development
subject shimmered|access_code,subject shimmered,access_code,inno,test-3,subject shimmered|access_code,True,0.9251143932342529,subject shimmered|access_code,True,1,0.9078620076179504,0.7840050458908081,0.12385696172714233,R4,development
subject solved|registry_id,subject solved,registry_id,bottle,test-0,subject solved|registry_id,True,0.9778169393539429,subject solved|registry_id,True,1,0.9775140285491943,0.8235782980918884,0.1539357304573059,R4,development
subject solved|registry_id,subject solved,registry_id,bottle,test-1,subject joked|registry_id,False,0.7927045822143555,subject joked|registry_id,False,4,0.7465290427207947,0.7849851250648499,-0.038456082344055176,R4,development
subject solved|registry_id,subject solved,registry_id,bottle,test-2,subject solved|registry_id,True,0.9721819758415222,subject solved|registry_id,True,1,0.9660519361495972,0.818543553352356,0.1475083827972412,R4,development
subject solved|registry_id,subject solved,registry_id,bottle,test-3,subject solved|registry_id,True,0.9823715686798096,subject solved|registry_id,True,1,0.9871153831481934,0.8125598430633545,0.17455554008483887,R4,development
subject solved|city_code,subject solved,city_code,gloom,test-0,subject solved|access_code,False,0.8905137181282043,subject solved|access_code,False,2,0.7276469469070435,0.8830146193504333,-0.1553676724433899,R4,development
subject solved|city_code,subject solved,city_code,gloom,test-1,subject joked|access_code,False,0.8525698781013489,subject joked|access_code,False,20,0.3297520577907562,0.8430177569389343,-0.5132656991481781,R4,development
subject solved|city_code,subject solved,city_code,gloom,test-2,subject solved|access_code,False,0.9679020047187805,subject solved|access_code,False,8,0.623323380947113,0.9660922288894653,-0.3427688479423523,R4,development
subject solved|city_code,subject solved,city_code,gloom,test-3,subject solved|registry_id,False,0.8444864749908447,subject solved|registry_id,False,2,0.7967919111251831,0.8312652111053467,-0.034473299980163574,R4,development
subject solved|access_code,subject solved,access_code,huge,test-0,subject solved|city_code,False,0.9334477782249451,subject solved|city_code,False,12,0.5032899379730225,0.9348456859588623,-0.43155574798583984,R4,development
subject solved|access_code,subject solved,access_code,huge,test-1,subject joked|access_code,False,0.893716037273407,subject joked|access_code,False,2,0.8543800711631775,0.8811580538749695,-0.026777982711791992,R4,development
subject solved|access_code,subject solved,access_code,huge,test-2,subject solved|access_code,True,0.9797334671020508,subject solved|access_code,True,1,0.9818457365036011,0.8435423374176025,0.13830339908599854,R4,development
subject solved|access_code,subject solved,access_code,huge,test-3,subject solved|access_code,True,0.9306751489639282,subject solved|access_code,True,1,0.92027747631073,0.7821804881095886,0.13809698820114136,R4,development
subject swim|registry_id,subject swim,registry_id,whatever,test-0,subject swim|registry_id,True,0.9789720177650452,subject swim|registry_id,True,1,0.9753903150558472,0.8185773491859436,0.15681296586990356,R4,development
subject swim|registry_id,subject swim,registry_id,whatever,test-1,subject swim|registry_id,True,0.7773317098617554,subject swim|registry_id,True,1,0.7539709806442261,0.6593790054321289,0.09459197521209717,R4,development
subject swim|registry_id,subject swim,registry_id,whatever,test-2,subject swim|registry_id,True,0.9635336995124817,subject swim|registry_id,True,1,0.9420682787895203,0.7533167004585266,0.18875157833099365,R4,development
subject swim|registry_id,subject swim,registry_id,whatever,test-3,subject swim|registry_id,True,0.9820523858070374,subject swim|registry_id,True,1,0.9818364977836609,0.7716425657272339,0.210193932056427,R4,development
subject swim|city_code,subject swim,city_code,arms,test-0,subject swim|city_code,True,0.7677716612815857,subject swim|city_code,True,1,0.7300985455513,0.5847277641296387,0.14537078142166138,R4,development
subject swim|city_code,subject swim,city_code,arms,test-1,subject swim|access_code,False,0.8218033313751221,subject swim|access_code,False,26,0.07849669456481934,0.8052443861961365,-0.7267476916313171,R4,development
subject swim|city_code,subject swim,city_code,arms,test-2,subject swim|access_code,False,0.8665540218353271,subject swim|access_code,False,3,0.6101250052452087,0.8611465096473694,-0.25102150440216064,R4,development
subject swim|city_code,subject swim,city_code,arms,test-3,subject encour|registry_id,False,0.7986941933631897,subject skills|registry_id,False,4,0.7211076021194458,0.7875578999519348,-0.06645029783248901,R4,development
subject swim|access_code,subject swim,access_code,gems,test-0,subject louder|city_code,False,0.8239190578460693,subject skills|city_code,False,41,-0.006838472560048103,0.7656610608100891,-0.7724995333701372,R4,development
subject swim|access_code,subject swim,access_code,gems,test-1,subject excited|access_code,False,0.8161128163337708,subject excited|access_code,False,3,0.7248371839523315,0.7827107310295105,-0.057873547077178955,R4,development
subject swim|access_code,subject swim,access_code,gems,test-2,subject swim|access_code,True,0.9712319374084473,subject swim|access_code,True,1,0.9482710957527161,0.6887746453285217,0.25949645042419434,R4,development
subject swim|access_code,subject swim,access_code,gems,test-3,subject swim|access_code,True,0.9006182551383972,subject swim|access_code,True,1,0.8596694469451904,0.7865149974822998,0.07315444946289062,R4,development
subject deter|registry_id,subject deter,registry_id,jumped,test-0,subject deter|registry_id,True,0.9759238958358765,subject deter|registry_id,True,1,0.9708702564239502,0.78254234790802,0.18832790851593018,R4,development
subject deter|registry_id,subject deter,registry_id,jumped,test-1,subject finds|registry_id,False,0.8231223821640015,subject finds|registry_id,False,2,0.7925524711608887,0.8031162619590759,-0.010563790798187256,R4,development
subject deter|registry_id,subject deter,registry_id,jumped,test-2,subject deter|registry_id,True,0.9451469779014587,subject deter|registry_id,True,1,0.9461658596992493,0.7505943775177002,0.19557148218154907,R4,development
subject deter|registry_id,subject deter,registry_id,jumped,test-3,subject deter|registry_id,True,0.9877240657806396,subject deter|registry_id,True,1,0.9888716340065002,0.8251373171806335,0.1637343168258667,R4,development
subject deter|city_code,subject deter,city_code,snowman,test-0,subject deter|registry_id,False,0.8051803112030029,subject deter|registry_id,False,2,0.7146859169006348,0.7853941321372986,-0.07070821523666382,R4,development
subject deter|city_code,subject deter,city_code,snowman,test-1,subject deter|access_code,False,0.9246984720230103,subject deter|access_code,False,15,0.3444279730319977,0.9168394804000854,-0.5724115073680878,R4,development
subject deter|city_code,subject deter,city_code,snowman,test-2,subject deter|access_code,False,0.9834152460098267,subject deter|access_code,False,12,0.5537283420562744,0.9846103191375732,-0.43088197708129883,R4,development
subject deter|city_code,subject deter,city_code,snowman,test-3,subject deter|registry_id,False,0.8760021328926086,subject deter|registry_id,False,2,0.695237934589386,0.8662808537483215,-0.17104291915893555,R4,development
subject deter|access_code,subject deter,access_code,after,test-0,subject deter|city_code,False,0.8584800362586975,subject deter|city_code,False,25,0.30981674790382385,0.854828417301178,-0.5450116693973541,R4,development
subject deter|access_code,subject deter,access_code,after,test-1,subject deter|access_code,True,0.9411530494689941,subject deter|access_code,True,1,0.9351673126220703,0.850889265537262,0.08427804708480835,R4,development
subject deter|access_code,subject deter,access_code,after,test-2,subject deter|access_code,True,0.9812396764755249,subject deter|access_code,True,1,0.9829646944999695,0.8244760632514954,0.15848863124847412,R4,development
subject deter|access_code,subject deter,access_code,after,test-3,subject deter|access_code,True,0.9179352521896362,subject deter|access_code,True,1,0.9215561151504517,0.7175968289375305,0.20395928621292114,R4,development
subject excited|registry_id,subject excited,registry_id,tricky,test-0,subject excited|registry_id,True,0.9533566236495972,subject excited|registry_id,True,1,0.9206945896148682,0.8426641225814819,0.07803046703338623,R4,development
subject excited|registry_id,subject excited,registry_id,tricky,test-1,subject excited|registry_id,True,0.8262150883674622,subject excited|registry_id,True,1,0.7982873916625977,0.6402015686035156,0.15808582305908203,R4,development
subject excited|registry_id,subject excited,registry_id,tricky,test-2,subject excited|registry_id,True,0.9161264300346375,subject excited|registry_id,True,1,0.9282522797584534,0.7206919193267822,0.20756036043167114,R4,development
subject excited|registry_id,subject excited,registry_id,tricky,test-3,subject excited|registry_id,True,0.8937397003173828,subject excited|registry_id,True,1,0.8840150237083435,0.7716875076293945,0.11232751607894897,R4,development
subject excited|city_code,subject excited,city_code,conqu,test-0,subject excited|city_code,True,0.9187206029891968,subject excited|city_code,True,1,0.8851165771484375,0.7689236998558044,0.11619287729263306,R4,development
subject excited|city_code,subject excited,city_code,conqu,test-1,subject excited|access_code,False,0.8983138203620911,subject excited|access_code,False,20,0.21605585515499115,0.8928541541099548,-0.6767982989549637,R4,development
subject excited|city_code,subject excited,city_code,conqu,test-2,subject excited|city_code,True,0.8905094861984253,subject excited|city_code,True,1,0.880221962928772,0.7177947163581848,0.16242724657058716,R4,development
subject excited|city_code,subject excited,city_code,conqu,test-3,subject excited|registry_id,False,0.7423427700996399,subject excited|registry_id,False,2,0.6453585028648376,0.7255354523658752,-0.0801769495010376,R4,development
subject excited|access_code,subject excited,access_code,imag,test-0,subject excited|city_code,False,0.8597025275230408,subject joked|city_code,False,32,0.1358802765607834,0.8224393725395203,-0.6865590959787369,R4,development
subject excited|access_code,subject excited,access_code,imag,test-1,subject excited|access_code,True,0.9128494262695312,subject excited|access_code,True,1,0.9077821969985962,0.7838388681411743,0.12394332885742188,R4,development
subject excited|access_code,subject excited,access_code,imag,test-2,subject excited|access_code,True,0.9653028249740601,subject excited|access_code,True,1,0.9552552103996277,0.75885409116745,0.19640111923217773,R4,development
subject excited|access_code,subject excited,access_code,imag,test-3,subject excited|access_code,True,0.8320209383964539,subject excited|access_code,True,1,0.7790868878364563,0.6924490928649902,0.08663779497146606,R4,development
subject encour|registry_id,subject encour,registry_id,safely,test-0,subject encour|registry_id,True,0.9669713973999023,subject encour|registry_id,True,1,0.9720300436019897,0.9008288979530334,0.0712011456489563,R4,development
subject encour|registry_id,subject encour,registry_id,safely,test-1,subject encour|registry_id,True,0.8132182955741882,subject encour|registry_id,True,1,0.7887430787086487,0.7607221007347107,0.02802097797393799,R4,development
subject encour|registry_id,subject encour,registry_id,safely,test-2,subject louder|registry_id,False,0.9310591220855713,subject louder|registry_id,False,2,0.9108045101165771,0.9197946786880493,-0.008990168571472168,R4,development
subject encour|registry_id,subject encour,registry_id,safely,test-3,subject encour|registry_id,True,0.91391921043396,subject encour|registry_id,True,1,0.936606228351593,0.8810057640075684,0.05560046434402466,R4,development
subject encour|city_code,subject encour,city_code,snowf,test-0,subject louder|city_code,False,0.8267751336097717,subject louder|city_code,False,3,0.6798626184463501,0.774006187915802,-0.0941435694694519,R4,development
subject encour|city_code,subject encour,city_code,snowf,test-1,subject encour|access_code,False,0.831811785697937,subject encour|access_code,False,26,0.24797464907169342,0.7965115308761597,-0.5485368818044662,R4,development
subject encour|city_code,subject encour,city_code,snowf,test-2,subject encour|access_code,False,0.86270672082901,subject encour|access_code,False,5,0.6291561126708984,0.8531773090362549,-0.22402119636535645,R4,development
subject encour|city_code,subject encour,city_code,snowf,test-3,subject encour|registry_id,False,0.8474092483520508,subject encour|registry_id,False,3,0.7294584512710571,0.8402820825576782,-0.1108236312866211,R4,development
subject encour|access_code,subject encour,access_code,uncover,test-0,subject clut|city_code,False,0.7867252826690674,subject encour|city_code,False,30,0.21414265036582947,0.7640913128852844,-0.549948662519455,R4,development
subject encour|access_code,subject encour,access_code,uncover,test-1,subject encour|access_code,True,0.864898145198822,subject clut|access_code,False,2,0.8225550055503845,0.8420007228851318,-0.019445717334747314,R4,development
subject encour|access_code,subject encour,access_code,uncover,test-2,subject louder|access_code,False,0.9195175766944885,subject encour|access_code,True,1,0.9133299589157104,0.9084101319313049,0.004919826984405518,R4,development
subject encour|access_code,subject encour,access_code,uncover,test-3,subject encour|access_code,True,0.7890124320983887,subject encour|access_code,True,1,0.7861995100975037,0.7642412781715393,0.021958231925964355,R4,development
subject finds|registry_id,subject finds,registry_id,transform,test-0,subject finds|registry_id,True,0.9805697798728943,subject finds|registry_id,True,1,0.9634466171264648,0.8114149570465088,0.15203166007995605,R4,development
subject finds|registry_id,subject finds,registry_id,transform,test-1,subject finds|registry_id,True,0.8650875687599182,subject finds|registry_id,True,1,0.8584263920783997,0.7374119758605957,0.12101441621780396,R4,development
subject finds|registry_id,subject finds,registry_id,transform,test-2,subject finds|registry_id,True,0.9674229621887207,subject finds|registry_id,True,1,0.960869550704956,0.7154492139816284,0.24542033672332764,R4,development
subject finds|registry_id,subject finds,registry_id,transform,test-3,subject finds|registry_id,True,0.9478419423103333,subject finds|registry_id,True,1,0.9345433115959167,0.8316721320152283,0.10287117958068848,R4,development
subject finds|city_code,subject finds,city_code,spirit,test-0,subject finds|access_code,False,0.8902108073234558,subject finds|access_code,False,6,0.508003830909729,0.8838474154472351,-0.3758435845375061,R4,development
subject finds|city_code,subject finds,city_code,spirit,test-1,subject finds|access_code,False,0.9549005031585693,subject finds|access_code,False,13,0.42689716815948486,0.9372161626815796,-0.5103189945220947,R4,development
subject finds|city_code,subject finds,city_code,spirit,test-2,subject finds|access_code,False,0.9687231779098511,subject finds|access_code,False,7,0.6225144863128662,0.9714816212654114,-0.34896713495254517,R4,development
subject finds|city_code,subject finds,city_code,spirit,test-3,subject finds|registry_id,False,0.8467085361480713,subject finds|registry_id,False,3,0.6614399552345276,0.84112149477005,-0.17968153953552246,R4,development
subject finds|access_code,subject finds,access_code,door,test-0,subject finds|city_code,False,0.8154586553573608,subject finds|city_code,False,21,0.3442693054676056,0.7980810403823853,-0.45381173491477966,R4,development
subject finds|access_code,subject finds,access_code,door,test-1,subject joked|access_code,False,0.9146181344985962,subject joked|access_code,False,3,0.8427048325538635,0.8861076235771179,-0.043402791023254395,R4,development
subject finds|access_code,subject finds,access_code,door,test-2,subject finds|access_code,True,0.9869235157966614,subject finds|access_code,True,1,0.9853136539459229,0.7872340679168701,0.19807958602905273,R4,development
subject finds|access_code,subject finds,access_code,door,test-3,subject finds|access_code,True,0.9236714839935303,subject finds|access_code,True,1,0.9107277989387512,0.7636426687240601,0.14708513021469116,R4,development
subject skills|registry_id,subject skills,registry_id,seek,test-0,subject skills|registry_id,True,0.9919584393501282,subject skills|registry_id,True,1,0.9916599988937378,0.7602893710136414,0.23137062788009644,R4,development
subject skills|registry_id,subject skills,registry_id,seek,test-1,subject skills|registry_id,True,0.9165871143341064,subject skills|registry_id,True,1,0.9115911722183228,0.7312626242637634,0.18032854795455933,R4,development
subject skills|registry_id,subject skills,registry_id,seek,test-2,subject skills|registry_id,True,0.9725966453552246,subject skills|registry_id,True,1,0.9685813784599304,0.7479391694068909,0.22064220905303955,R4,development
subject skills|registry_id,subject skills,registry_id,seek,test-3,subject skills|registry_id,True,0.9913766980171204,subject skills|registry_id,True,1,0.9914625287055969,0.7610946893692017,0.23036783933639526,R4,development
subject skills|city_code,subject skills,city_code,sank,test-0,subject skills|city_code,True,0.907533586025238,subject skills|city_code,True,1,0.9047885537147522,0.7205610871315002,0.18422746658325195,R4,development
subject skills|city_code,subject skills,city_code,sank,test-1,subject skills|access_code,False,0.9447960257530212,subject skills|access_code,False,11,0.39946722984313965,0.9418821930885315,-0.5424149632453918,R4,development
subject skills|city_code,subject skills,city_code,sank,test-2,subject skills|access_code,False,0.9334681630134583,subject skills|access_code,False,5,0.6371756196022034,0.9303879141807556,-0.29321229457855225,R4,development
subject skills|city_code,subject skills,city_code,sank,test-3,subject skills|registry_id,False,0.8645479679107666,subject skills|registry_id,False,2,0.8371173143386841,0.8510070443153381,-0.013889729976654053,R4,development
subject skills|access_code,subject skills,access_code,whale,test-0,subject skills|city_code,False,0.896891176700592,subject skills|city_code,False,17,0.3649897873401642,0.8924902081489563,-0.5275004208087921,R4,development
subject skills|access_code,subject skills,access_code,whale,test-1,subject skills|access_code,True,0.9541993141174316,subject skills|access_code,True,1,0.9518617987632751,0.7456638813018799,0.20619791746139526,R4,development
subject skills|access_code,subject skills,access_code,whale,test-2,subject skills|access_code,True,0.972386360168457,subject skills|access_code,True,1,0.9751522541046143,0.6881037354469299,0.2870485186576843,R4,development
subject skills|access_code,subject skills,access_code,whale,test-3,subject skills|access_code,True,0.9200807213783264,subject skills|access_code,True,1,0.91424959897995,0.7146614789962769,0.1995881199836731,R4,development
subject dawn|registry_id,subject dawn,registry_id,sneak,test-0,subject dawn|registry_id,True,0.9586243629455566,subject dawn|registry_id,True,1,0.9460409879684448,0.8478895425796509,0.09815144538879395,R4,development
subject dawn|registry_id,subject dawn,registry_id,sneak,test-1,subject dawn|registry_id,True,0.8665719628334045,subject dawn|registry_id,True,1,0.8571893572807312,0.6255152821540833,0.23167407512664795,R4,development
subject dawn|registry_id,subject dawn,registry_id,sneak,test-2,subject dawn|registry_id,True,0.9337289929389954,subject dawn|registry_id,True,1,0.9344455003738403,0.8216405510902405,0.11280494928359985,R4,development
subject dawn|registry_id,subject dawn,registry_id,sneak,test-3,subject dawn|registry_id,True,0.981778085231781,subject dawn|registry_id,True,1,0.9790593981742859,0.7351294755935669,0.243929922580719,R4,development
subject dawn|city_code,subject dawn,city_code,shiny,test-0,subject dawn|city_code,True,0.8991094827651978,subject dawn|city_code,True,1,0.8890353441238403,0.7420938611030579,0.14694148302078247,R4,development
subject dawn|city_code,subject dawn,city_code,shiny,test-1,subject dawn|access_code,False,0.8863798379898071,subject dawn|access_code,False,12,0.2582818269729614,0.8619550466537476,-0.6036732196807861,R4,development
subject dawn|city_code,subject dawn,city_code,shiny,test-2,subject dawn|access_code,False,0.8505330085754395,subject dawn|access_code,False,2,0.6925695538520813,0.8246852159500122,-0.1321156620979309,R4,development
subject dawn|city_code,subject dawn,city_code,shiny,test-3,subject dawn|registry_id,False,0.8423463106155396,subject dawn|registry_id,False,2,0.7493476271629333,0.8156615495681763,-0.06631392240524292,R4,development
subject dawn|access_code,subject dawn,access_code,pretending,test-0,subject encour|city_code,False,0.782379150390625,subject encour|city_code,False,33,0.064134381711483,0.7725532650947571,-0.7084188833832741,R4,development
subject dawn|access_code,subject dawn,access_code,pretending,test-1,subject dawn|access_code,True,0.8861302137374878,subject dawn|access_code,True,1,0.8657392859458923,0.7075995206832886,0.15813976526260376,R4,development
subject dawn|access_code,subject dawn,access_code,pretending,test-2,subject dawn|access_code,True,0.9486825466156006,subject dawn|access_code,True,1,0.9435561299324036,0.7995288372039795,0.14402729272842407,R4,development
subject dawn|access_code,subject dawn,access_code,pretending,test-3,subject dawn|access_code,True,0.8384515643119812,subject dawn|access_code,True,1,0.8017375469207764,0.6807808876037598,0.1209566593170166,R4,development
subject swung|registry_id,subject swung,registry_id,outs,test-0,subject swung|registry_id,True,0.9606967568397522,subject swung|registry_id,True,1,0.948754608631134,0.8715232610702515,0.07723134756088257,R4,development
subject swung|registry_id,subject swung,registry_id,outs,test-1,subject swung|registry_id,True,0.8203197717666626,subject swung|registry_id,True,1,0.7969279885292053,0.7046414017677307,0.09228658676147461,R4,development
subject swung|registry_id,subject swung,registry_id,outs,test-2,subject swung|registry_id,True,0.9158130884170532,subject swung|registry_id,True,1,0.9203001856803894,0.8695566654205322,0.05074352025985718,R4,development
subject swung|registry_id,subject swung,registry_id,outs,test-3,subject swung|registry_id,True,0.9765798449516296,subject swung|registry_id,True,1,0.9758266806602478,0.8318326473236084,0.1439940333366394,R4,development
subject swung|city_code,subject swung,city_code,loomed,test-0,subject deter|registry_id,False,0.8343996405601501,subject deter|registry_id,False,4,0.5945068001747131,0.8150653839111328,-0.22055858373641968,R4,development
subject swung|city_code,subject swung,city_code,loomed,test-1,subject swung|access_code,False,0.9144784212112427,subject swung|access_code,False,16,0.3320808708667755,0.8986875414848328,-0.5666066706180573,R4,development
subject swung|city_code,subject swung,city_code,loomed,test-2,subject swung|access_code,False,0.9452153444290161,subject swung|access_code,False,8,0.5484424829483032,0.9456456303596497,-0.39720314741134644,R4,development
subject swung|city_code,subject swung,city_code,loomed,test-3,subject swung|registry_id,False,0.8094087839126587,subject swung|registry_id,False,4,0.6569320559501648,0.7924656271934509,-0.13553357124328613,R4,development
subject swung|access_code,subject swung,access_code,heavy,test-0,subject deter|city_code,False,0.8196637034416199,subject deter|city_code,False,28,0.20338237285614014,0.8052493929862976,-0.6018670201301575,R4,development
subject swung|access_code,subject swung,access_code,heavy,test-1,subject swung|access_code,True,0.9325640201568604,subject swung|access_code,True,1,0.9174549579620361,0.8168919086456299,0.10056304931640625,R4,development
subject swung|access_code,subject swung,access_code,heavy,test-2,subject swung|access_code,True,0.9588584303855896,subject swung|access_code,True,1,0.9586915969848633,0.8949460387229919,0.06374555826187134,R4,development
subject swung|access_code,subject swung,access_code,heavy,test-3,subject swung|access_code,True,0.894970178604126,subject swung|access_code,True,1,0.8832353353500366,0.874169647693634,0.009065687656402588,R4,development
subject lovely|registry_id,subject lovely,registry_id,swayed,test-0,subject lovely|registry_id,True,0.9482569694519043,subject lovely|registry_id,True,1,0.9256357550621033,0.6857447624206543,0.23989099264144897,R4,development
subject lovely|registry_id,subject lovely,registry_id,swayed,test-1,subject lovely|registry_id,True,0.8470660448074341,subject lovely|registry_id,True,1,0.8389855027198792,0.6857993006706238,0.15318620204925537,R4,development
subject lovely|registry_id,subject lovely,registry_id,swayed,test-2,subject lovely|registry_id,True,0.9166509509086609,subject lovely|registry_id,True,1,0.9069162607192993,0.7855533957481384,0.12136286497116089,R4,development
subject lovely|registry_id,subject lovely,registry_id,swayed,test-3,subject lovely|registry_id,True,0.9684798717498779,subject lovely|registry_id,True,1,0.9650910496711731,0.6244693398475647,0.3406217098236084,R4,development
subject lovely|city_code,subject lovely,city_code,favorite,test-0,subject lovely|registry_id,False,0.7322416305541992,subject lovely|registry_id,False,2,0.650617778301239,0.7080556154251099,-0.05743783712387085,R4,development
subject lovely|city_code,subject lovely,city_code,favorite,test-1,subject lovely|access_code,False,0.9418250322341919,subject lovely|access_code,False,11,0.3208491802215576,0.9267683625221252,-0.6059191823005676,R4,development
subject lovely|city_code,subject lovely,city_code,favorite,test-2,subject lovely|city_code,True,0.9193196296691895,subject lovely|city_code,True,1,0.8954062461853027,0.7377045750617981,0.15770167112350464,R4,development
subject lovely|city_code,subject lovely,city_code,favorite,test-3,subject lovely|registry_id,False,0.7331245541572571,subject lovely|registry_id,False,2,0.6583207249641418,0.7131832242012024,-0.05486249923706055,R4,development
subject lovely|access_code,subject lovely,access_code,higher,test-0,subject finds|city_code,False,0.7489270567893982,subject finds|city_code,False,33,0.06642094999551773,0.6916118264198303,-0.6251908764243126,R4,development
subject lovely|access_code,subject lovely,access_code,higher,test-1,subject lovely|access_code,True,0.9583616256713867,subject lovely|access_code,True,1,0.9458901286125183,0.6904930472373962,0.25539708137512207,R4,development
subject lovely|access_code,subject lovely,access_code,higher,test-2,subject lovely|access_code,True,0.9429359436035156,subject lovely|access_code,True,1,0.9428009986877441,0.8191677927970886,0.12363320589065552,R4,development
subject lovely|access_code,subject lovely,access_code,higher,test-3,subject lovely|access_code,True,0.8859850764274597,subject lovely|access_code,True,1,0.8775820732116699,0.7435047030448914,0.13407737016677856,R4,development
