abstention_rate,accepted_relation_precision,accepted_route_accuracy,ambiguous_reject_reason_rate,aurc,average_candidate_set_size,benchmark,cross_intent_candidate_access_count,empty_candidate_set_rate,false_memory_access_rate,intent_macro_accuracy,known_accuracy,known_coverage,known_row_count,memory_access_count,minimum_margin,multi_candidate_set_rate,oos_aupr,oos_auroc,oos_f1,oos_precision,oos_recall,ridge_strength,row_count,safe_coverage,seed,selected,stage,threshold,unknown_reject_reason_rate,unknown_row_count,variant,worst_intent_accuracy,wrong_bucket_access_rate
,,,,,,clinc150,,,,,0.976,,,,,,,,,,,0.001,,,2501,,R0,,,,,,
,,,,,,clinc150,,,,,0.974,,,,,,,,,,,0.01,,,2501,,R0,,,,,,
,,,,,,clinc150,,,,,0.971,,,,,,,,,,,0.1,,,2501,,R0,,,,,,
,,,,,,clinc150,,,,,0.948,,,,,,,0.9315028571428572,,,,0.0001,,,2501,,R2,,,,,,
,,,,,,clinc150,,,,,0.948,,,,,,,0.9314457142857143,,,,0.001,,,2501,,R2,,,,,,
,,,,,,clinc150,,,,,0.948,,,,,,,0.9308890476190477,,,,0.01,,,2501,,R2,,,,,,
,,,,,,clinc150,,,,,0.951,,,,,,,0.9246952380952381,,,,0.1,,,2501,,R2,,,,,,
0.4267741935483871,0.5104108047270681,0.9517313746065058,0.0,0.39177800981438654,0.5732258064516129,clinc150,0,0.4267741935483871,0.3923809523809524,0.907,0.907,0.953,1000,1777,0.0,0.0,0.9573090379075915,0.9246952380952381,0.7455448437043528,0.9644746787603931,0.6076190476190476,,3100,0.907,2501,False,selective,0.2,0.4267741935483871,2100,MAX_THRESHOLD,0.2,0.046
0.5048387096774194,0.5778501628664495,0.9517167381974249,0.0,0.3959556266842032,0.49516129032258066,clinc150,0,0.5048387096774194,0.28714285714285714,0.887,0.887,0.932,1000,1535,0.0,0.0,0.9573090379075915,0.9246952380952381,0.8169167803547066,0.9565495207667731,0.7128571428571429,,3100,0.887,2501,False,selective,0.25,0.5048387096774194,2100,MAX_THRESHOLD,0.1,0.045
0.5693548387096774,0.6411985018726591,0.9542920847268673,0.0,0.4037698364369744,0.4306451612903226,clinc150,0,0.5693548387096774,0.20857142857142857,0.856,0.856,0.897,1000,1335,0.0,0.0,0.9573090379075915,0.9246952380952381,0.860025873221216,0.941643059490085,0.7914285714285715,,3100,0.856,2501,False,selective,0.3,0.5693548387096774,2100,MAX_THRESHOLD,0.0,0.041
0.63,0.7061900610287707,0.9551886792452831,0.0,0.41750719855264334,0.37,clinc150,0,0.63,0.14238095238095239,0.8099999999999999,0.81,0.848,1000,1147,0.0,0.0,0.9573090379075915,0.9246952380952381,0.8887244016777696,0.9221710189452125,0.8576190476190476,,3100,0.81,2501,True,selective,0.35,0.63,2100,MAX_THRESHOLD,0.0,0.038
0.6774193548387096,0.751,0.9579081632653061,0.0,0.4377679129559786,0.3225806451612903,clinc150,0,0.6774193548387096,0.10285714285714286,0.751,0.751,0.784,1000,1000,0.0,0.0,0.9573090379075915,0.9246952380952381,0.8971428571428571,0.8971428571428571,0.8971428571428571,,3100,0.751,2501,False,selective,0.4,0.6774193548387096,2100,MAX_THRESHOLD,0.0,0.033
0.7232258064516129,0.7925407925407926,0.9577464788732394,0.0,0.46540337356448963,0.2767741935483871,clinc150,0,0.7232258064516129,0.07047619047619047,0.68,0.68,0.71,1000,858,0.0,0.0,0.9573090379075915,0.9246952380952381,0.8991248272685398,0.8706512042818911,0.9295238095238095,,3100,0.68,2501,False,selective,0.45,0.7232258064516129,2100,MAX_THRESHOLD,0.0,0.03
0.7690322580645161,0.8449720670391061,0.9618441971383148,0.0,0.4985122792278871,0.23096774193548386,clinc150,0,0.7690322580645161,0.041428571428571426,0.605,0.605,0.629,1000,716,0.0,0.0,0.9573090379075915,0.9246952380952381,0.8978590544157004,0.8443791946308725,0.9585714285714285,,3100,0.605,2501,False,selective,0.5,0.7690322580645161,2100,MAX_THRESHOLD,0.0,0.024
0.8087096774193548,0.8735244519392917,0.9592592592592593,0.0,0.5421806795681451,0.19129032258064516,clinc150,0,0.8087096774193548,0.025238095238095237,0.518,0.518,0.54,1000,593,0.0,0.0,0.9573090379075915,0.9246952380952381,0.8886477100065118,0.8165137614678899,0.9747619047619047,,3100,0.518,2501,False,selective,0.55,0.8087096774193548,2100,MAX_THRESHOLD,0.0,0.022
0.8470967741935483,0.9113924050632911,0.9642857142857143,0.0,0.5910880518907748,0.1529032258064516,clinc150,0,0.8470967741935483,0.012380952380952381,0.432,0.432,0.448,1000,474,0.0,0.0,0.9573090379075915,0.9246952380952381,0.8776978417266187,0.7897943640517898,0.9876190476190476,,3100,0.432,2501,False,selective,0.6,0.8470967741935483,2100,MAX_THRESHOLD,0.0,0.016
0.8819354838709678,0.9453551912568307,0.9774011299435028,0.0,0.6467133811667858,0.11806451612903225,clinc150,0,0.8819354838709678,0.005714285714285714,0.34600000000000003,0.346,0.354,1000,366,0.0,0.0,0.9573090379075915,0.9246952380952381,0.8638808440215142,0.7637161667885881,0.9942857142857143,,3100,0.346,2501,False,selective,0.65,0.8819354838709678,2100,MAX_THRESHOLD,0.0,0.008
0.9083870967741936,0.954225352112676,0.9748201438848921,0.0,0.701329328418363,0.09161290322580645,clinc150,0,0.9083870967741936,0.002857142857142857,0.271,0.271,0.278,1000,284,0.0,0.0,0.9573090379075915,0.9246952380952381,0.8519121236777868,0.7436079545454546,0.9971428571428571,,3100,0.271,2501,False,selective,0.7,0.9083870967741936,2100,MAX_THRESHOLD,0.0,0.007
0.927741935483871,0.96875,0.9774774774774775,0.0,0.7448686209758659,0.07225806451612904,clinc150,0,0.927741935483871,0.0009523809523809524,0.217,0.217,0.222,1000,224,0.0,0.0,0.9573090379075915,0.9246952380952381,0.8432475884244374,0.7294853963838664,0.9990476190476191,,3100,0.217,2501,False,selective,0.75,0.927741935483871,2100,MAX_THRESHOLD,0.0,0.005
0.9464516129032258,0.9819277108433735,0.9819277108433735,0.0,0.7932140628421014,0.053548387096774196,clinc150,0,0.9464516129032258,0.0,0.163,0.163,0.166,1000,166,0.0,0.0,0.9573090379075915,0.9246952380952381,0.834326579261025,0.7157464212678937,1.0,,3100,0.163,2501,False,selective,0.8,0.9464516129032258,2100,MAX_THRESHOLD,0.0,0.003
0.6861290322580645,0.49640287769784175,0.9979338842975206,0.2593548387096774,0.7300322558892226,1.0164516129032257,clinc150,0,0.4267741935483871,0.23285714285714285,0.483,0.483,0.484,1000,973,0.0,0.2593548387096774,0.9573090379075915,0.9246952380952381,0.7622427253371185,0.7574047954866009,0.7671428571428571,,3100,0.483,2501,False,selective,0.2,0.4267741935483871,2100,R3,0.0,0.001
0.6880645161290323,0.4984488107549121,0.9979296066252588,0.26129032258064516,0.730216847291385,1.0164516129032257,clinc150,0,0.4267741935483871,0.23047619047619047,0.482,0.482,0.483,1000,967,0.025,0.2593548387096774,0.9573090379075915,0.9246952380952381,0.763524686983227,0.7576183778715424,0.7695238095238095,,3100,0.482,2501,False,selective,0.2,0.4267741935483871,2100,R3,0.0,0.001
0.6951612903225807,0.508994708994709,0.9979253112033195,0.26838709677419353,0.7304219933945203,1.0164516129032257,clinc150,0,0.4267741935483871,0.22047619047619046,0.481,0.481,0.482,1000,945,0.05,0.2593548387096774,0.9573090379075915,0.9246952380952381,0.7694477085781434,0.7596287703016241,0.7795238095238095,,3100,0.481,2501,False,selective,0.2,0.4267741935483871,2100,R3,0.0,0.001
0.71,0.5328142380422692,1.0,0.2832258064516129,0.7308515342778762,1.0164516129032257,clinc150,0,0.4267741935483871,0.2,0.479,0.479,0.479,1000,899,0.075,0.2593548387096774,0.9573090379075915,0.9246952380952381,0.7812136712392468,0.7632894139027715,0.8,,3100,0.479,2501,False,selective,0.2,0.4267741935483871,2100,R3,0.0,0.0
0.7238709677419355,0.5572429906542056,1.0,0.2970967741935484,0.7313083503515173,1.0164516129032257,clinc150,0,0.4267741935483871,0.18047619047619048,0.477,0.477,0.477,1000,856,0.1,0.2593548387096774,0.9573090379075915,0.9246952380952381,0.7923572744014733,0.7669340463458111,0.8195238095238095,,3100,0.477,2501,False,selective,0.2,0.4267741935483871,2100,R3,0.0,0.0
0.7538709677419355,0.617300131061599,1.0,0.3270967741935484,0.7326846285242004,1.0164516129032257,clinc150,0,0.4267741935483871,0.13904761904761906,0.47100000000000003,0.471,0.471,1000,763,0.15,0.2593548387096774,0.9573090379075915,0.9246952380952381,0.8149650664863646,0.7736414206247325,0.8609523809523809,,3100,0.471,2501,False,selective,0.2,0.4267741935483871,2100,R3,0.0,0.0
0.6774193548387096,0.576,0.9913941480206541,0.17258064516129032,0.6513593309394766,0.7606451612903226,clinc150,0,0.5048387096774194,0.19952380952380952,0.576,0.576,0.581,1000,1000,0.0,0.17258064516129032,0.9573090379075915,0.9246952380952381,0.8004761904761905,0.8004761904761905,0.8004761904761905,,3100,0.576,2501,False,selective,0.25,0.5048387096774194,2100,R3,0.0,0.005
0.6793548387096774,0.579476861167002,0.9913941480206541,0.17451612903225808,0.6513593309394766,0.7606451612903226,clinc150,0,0.5048387096774194,0.19666666666666666,0.576,0.576,0.581,1000,994,0.025,0.17258064516129032,0.9573090379075915,0.9246952380952381,0.802187351402758,0.8010446343779677,0.8033333333333333,,3100,0.576,2501,False,selective,0.25,0.5048387096774194,2100,R3,0.0,0.005
0.6864516129032258,0.5915637860082305,0.9930915371329879,0.18161290322580645,0.6516248071773905,0.7606451612903226,clinc150,0,0.5048387096774194,0.18714285714285714,0.575,0.575,0.579,1000,972,0.05,0.17258064516129032,0.9573090379075915,0.9246952380952381,0.8074739829706717,0.8021616541353384,0.8128571428571428,,3100,0.575,2501,False,selective,0.25,0.5048387096774194,2100,R3,0.0,0.004
0.694516129032258,0.604012671594509,0.9965156794425087,0.1896774193548387,0.6524032608683521,0.7606451612903226,clinc150,0,0.5048387096774194,0.17761904761904762,0.572,0.572,0.574,1000,947,0.075,0.17258064516129032,0.9573090379075915,0.9246952380952381,0.8121326122736892,0.8021365536460753,0.8223809523809524,,3100,0.572,2501,False,selective,0.25,0.5048387096774194,2100,R3,0.0,0.002
0.7074193548387097,0.6229327453142227,0.9964726631393298,0.20258064516129032,0.6543509202519411,0.7606451612903226,clinc150,0,0.5048387096774194,0.1619047619047619,0.5650000000000001,0.565,0.567,1000,907,0.1,0.17258064516129032,0.9573090379075915,0.9246952380952381,0.8199394362916375,0.8025535795713634,0.8380952380952381,,3100,0.565,2501,False,selective,0.25,0.5048387096774194,2100,R3,0.0,0.002
0.7303225806451613,0.666267942583732,0.9964221824686941,0.22548387096774195,0.6566567382042047,0.7606451612903226,clinc150,0,0.5048387096774194,0.1319047619047619,0.557,0.557,0.559,1000,836,0.15,0.17258064516129032,0.9573090379075915,0.9246952380952381,0.8354720439963337,0.8052120141342756,0.8680952380952381,,3100,0.557,2501,False,selective,0.25,0.5048387096774194,2100,R3,0.0,0.002
0.6893548387096774,0.6531671858774662,0.9921135646687698,0.12,0.5968887607803148,0.5993548387096774,clinc150,0,0.5693548387096774,0.15666666666666668,0.629,0.629,0.634,1000,963,0.0,0.12,0.9573090379075915,0.9246952380952381,0.8359688458815199,0.828731867103416,0.8433333333333334,,3100,0.629,2501,False,selective,0.3,0.5693548387096774,2100,R3,0.0,0.005
0.6909677419354838,0.6555323590814196,0.9921011058451816,0.12161290322580645,0.5971641004307962,0.5993548387096774,clinc150,0,0.5693548387096774,0.15476190476190477,0.628,0.628,0.633,1000,958,0.025,0.12,0.9573090379075915,0.9246952380952381,0.8368694012258369,0.8286647992530346,0.8452380952380952,,3100,0.628,2501,False,selective,0.3,0.5693548387096774,2100,R3,0.0,0.005
0.6941935483870968,0.6624472573839663,0.9936708860759493,0.12483870967741935,0.5971641004307962,0.5993548387096774,clinc150,0,0.5693548387096774,0.15047619047619049,0.628,0.628,0.632,1000,948,0.05,0.12,0.9573090379075915,0.9246952380952381,0.8391345249294451,0.828996282527881,0.8495238095238096,,3100,0.628,2501,False,selective,0.3,0.5693548387096774,2100,R3,0.0,0.004
0.7,0.6741935483870968,0.9952380952380953,0.13064516129032258,0.597442631544284,0.5993548387096774,clinc150,0,0.5693548387096774,0.14285714285714285,0.627,0.627,0.63,1000,930,0.075,0.12,0.9573090379075915,0.9246952380952381,0.8430913348946135,0.8294930875576036,0.8571428571428571,,3100,0.627,2501,False,selective,0.3,0.5693548387096774,2100,R3,0.0,0.003
0.7093548387096774,0.6870144284128746,0.9951768488745981,0.14,0.5998951655014789,0.5993548387096774,clinc150,0,0.5693548387096774,0.13285714285714287,0.619,0.619,0.622,1000,901,0.1,0.12,0.9573090379075915,0.9246952380952381,0.8471737613398465,0.8281036834924966,0.8671428571428571,,3100,0.619,2501,False,selective,0.3,0.5693548387096774,2100,R3,0.0,0.003
0.7264516129032258,0.7181603773584906,0.9950980392156863,0.1570967741935484,0.6032916436219979,0.5993548387096774,clinc150,0,0.5693548387096774,0.11238095238095239,0.609,0.609,0.612,1000,848,0.15,0.12,0.9573090379075915,0.9246952380952381,0.8566176470588235,0.827708703374778,0.8876190476190476,,3100,0.609,2501,False,selective,0.3,0.5693548387096774,2100,R3,0.0,0.003
0.7038709677419355,0.738562091503268,0.9926793557833089,0.07387096774193548,0.530995001697704,0.4670967741935484,clinc150,0,0.63,0.11190476190476191,0.678,0.678,0.683,1000,918,0.0,0.07387096774193548,0.9573090379075915,0.9246952380952381,0.8710882765063054,0.8547204399633364,0.888095238095238,,3100,0.678,2501,False,selective,0.35,0.63,2100,R3,0.0,0.005
0.7048387096774194,0.7387978142076502,0.9926578560939795,0.07483870967741936,0.5316436586931769,0.4670967741935484,clinc150,0,0.63,0.11142857142857143,0.676,0.676,0.681,1000,915,0.025,0.07387096774193548,0.9573090379075915,0.9246952380952381,0.8709451575262543,0.854004576659039,0.8885714285714286,,3100,0.676,2501,False,selective,0.35,0.63,2100,R3,0.0,0.005
0.7067741935483871,0.7425742574257426,0.9926470588235294,0.07677419354838709,0.5319968036548899,0.4670967741935484,clinc150,0,0.63,0.10904761904761905,0.675,0.675,0.68,1000,909,0.05,0.07387096774193548,0.9573090379075915,0.9246952380952381,0.8720577953856911,0.8539479689639434,0.8909523809523809,,3100,0.675,2501,False,selective,0.35,0.63,2100,R3,0.0,0.005
0.7103225806451613,0.7483296213808464,0.9926144756277696,0.08032258064516129,0.5330933342453198,0.4670967741935484,clinc150,0,0.63,0.10523809523809524,0.672,0.672,0.677,1000,898,0.075,0.07387096774193548,0.9573090379075915,0.9246952380952381,0.8735471873547187,0.8533151680290645,0.8947619047619048,,3100,0.672,2501,False,selective,0.35,0.63,2100,R3,0.0,0.005
0.7164516129032258,0.7554038680318543,0.9940119760479041,0.08645161290322581,0.5360044874318481,0.4670967741935484,clinc150,0,0.63,0.10047619047619048,0.664,0.664,0.668,1000,879,0.1,0.07387096774193548,0.9573090379075915,0.9246952380952381,0.8743346447581577,0.8505177847816299,0.8995238095238095,,3100,0.664,2501,False,selective,0.35,0.63,2100,R3,0.0,0.004
0.7280645161290322,0.7710557532621589,0.9938837920489296,0.09806451612903226,0.5414729037405548,0.4670967741935484,clinc150,0,0.63,0.09,0.65,0.65,0.654,1000,843,0.15,0.07387096774193548,0.9573090379075915,0.9246952380952381,0.8772090888225844,0.846699158174568,0.91,,3100,0.65,2501,False,selective,0.35,0.63,2100,R3,0.0,0.004
0.7238709677419355,0.7768691588785047,0.9881129271916791,0.04645161290322581,0.5127923255631791,0.3809677419354839,clinc150,0,0.6774193548387096,0.08714285714285715,0.665,0.665,0.673,1000,856,0.0,0.04645161290322581,0.9573090379075915,0.9246952380952381,0.8825966850828728,0.8542780748663101,0.9128571428571428,,3100,0.665,2501,False,selective,0.4,0.6774193548387096,2100,R3,0.0,0.008
0.7251612903225807,0.7793427230046949,0.9895678092399404,0.04774193548387097,0.5131693404468521,0.3809677419354839,clinc150,0,0.6774193548387096,0.08619047619047619,0.664,0.664,0.671,1000,852,0.025,0.04645161290322581,0.9573090379075915,0.9246952380952381,0.8827046918123275,0.8536476868327402,0.9138095238095238,,3100,0.664,2501,False,selective,0.4,0.6774193548387096,2100,R3,0.0,0.007
0.7264516129032258,0.7830188679245284,0.991044776119403,0.04903225806451613,0.5131693404468521,0.3809677419354839,clinc150,0,0.6774193548387096,0.08476190476190476,0.664,0.664,0.67,1000,848,0.05,0.04645161290322581,0.9573090379075915,0.9246952380952381,0.8832720588235294,0.8534635879218473,0.9152380952380952,,3100,0.664,2501,False,selective,0.4,0.6774193548387096,2100,R3,0.0,0.006
0.7283870967741936,0.7874109263657957,0.9925149700598802,0.05096774193548387,0.5135517571206444,0.3809677419354839,clinc150,0,0.6774193548387096,0.08285714285714285,0.663,0.663,0.668,1000,842,0.075,0.04645161290322581,0.9573090379075915,0.9246952380952381,0.8838916934373565,0.8529672276350753,0.9171428571428571,,3100,0.663,2501,False,selective,0.4,0.6774193548387096,2100,R3,0.0,0.005
0.7325806451612903,0.7937273823884198,0.9924585218702866,0.055161290322580644,0.515492279967031,0.3809677419354839,clinc150,0,0.6774193548387096,0.07904761904761905,0.658,0.658,0.663,1000,829,0.1,0.04645161290322581,0.9573090379075915,0.9246952380952381,0.8849233584991992,0.8516072214883311,0.920952380952381,,3100,0.658,2501,False,selective,0.4,0.6774193548387096,2100,R3,0.0,0.005
0.7416129032258064,0.8064918851435705,0.9938461538461538,0.06419354838709677,0.5204432541652325,0.3809677419354839,clinc150,0,0.6774193548387096,0.0719047619047619,0.646,0.646,0.65,1000,801,0.15,0.04645161290322581,0.9573090379075915,0.9246952380952381,0.8861104796544669,0.8477598956067856,0.9280952380952381,,3100,0.646,2501,False,selective,0.4,0.6774193548387096,2100,R3,0.0,0.004
0.7490322580645161,0.8200514138817481,0.9845679012345679,0.025806451612903226,0.5032622985411512,0.30870967741935484,clinc150,0,0.7232258064516129,0.06190476190476191,0.638,0.638,0.648,1000,778,0.0,0.025806451612903226,0.9573090379075915,0.9246952380952381,0.8909995477159657,0.8484065460809647,0.9380952380952381,,3100,0.638,2501,False,selective,0.45,0.7232258064516129,2100,R3,0.0,0.01
0.7490322580645161,0.8200514138817481,0.9845679012345679,0.025806451612903226,0.5032622985411512,0.30870967741935484,clinc150,0,0.7232258064516129,0.06190476190476191,0.638,0.638,0.648,1000,778,0.025,0.025806451612903226,0.9573090379075915,0.9246952380952381,0.8909995477159657,0.8484065460809647,0.9380952380952381,,3100,0.638,2501,False,selective,0.45,0.7232258064516129,2100,R3,0.0,0.01
0.7506451612903225,0.8214747736093143,0.9844961240310077,0.027419354838709678,0.5045666779713524,0.30870967741935484,clinc150,0,0.7232258064516129,0.06095238095238095,0.635,0.635,0.645,1000,773,0.05,0.025806451612903226,0.9573090379075915,0.9246952380952381,0.8908967698215495,0.8474430597335625,0.939047619047619,,3100,0.635,2501,False,selective,0.45,0.7232258064516129,2100,R3,0.0,0.01
0.752258064516129,0.82421875,0.9875195007800313,0.02903225806451613,0.5054759992688094,0.30870967741935484,clinc150,0,0.7232258064516129,0.060476190476190475,0.633,0.633,0.641,1000,768,0.075,0.025806451612903226,0.9573090379075915,0.9246952380952381,0.8903429602888087,0.8460548885077187,0.9395238095238095,,3100,0.633,2501,False,selective,0.45,0.7232258064516129,2100,R3,0.0,0.008
0.756774193548387,0.8328912466843501,0.9905362776025236,0.03354838709677419,0.5078582756074249,0.30870967741935484,clinc150,0,0.7232258064516129,0.05714285714285714,0.628,0.628,0.634,1000,754,0.1,0.025806451612903226,0.9573090379075915,0.9246952380952381,0.8906882591093118,0.8439897698209718,0.9428571428571428,,3100,0.628,2501,False,selective,0.45,0.7232258064516129,2100,R3,0.0,0.006
0.7641935483870967,0.8454172366621067,0.9919743178170144,0.04096774193548387,0.5126217083058198,0.30870967741935484,clinc150,0,0.7232258064516129,0.05142857142857143,0.618,0.618,0.623,1000,731,0.15,0.025806451612903226,0.9573090379075915,0.9246952380952381,0.8914746028194226,0.8408611228366399,0.9485714285714286,,3100,0.618,2501,False,selective,0.45,0.7232258064516129,2100,R3,0.0,0.005
0.785483870967742,0.8706766917293233,0.9830220713073005,0.016451612903225808,0.5248660419008206,0.2496774193548387,clinc150,0,0.7690322580645161,0.03619047619047619,0.579,0.579,0.589,1000,665,0.0,0.016451612903225808,0.9573090379075915,0.9246952380952381,0.8926130099228226,0.8312114989733059,0.9638095238095238,,3100,0.579,2501,False,selective,0.5,0.7690322580645161,2100,R3,0.0,0.01
0.785483870967742,0.8706766917293233,0.9830220713073005,0.016451612903225808,0.5248660419008206,0.2496774193548387,clinc150,0,0.7690322580645161,0.03619047619047619,0.579,0.579,0.589,1000,665,0.025,0.016451612903225808,0.9573090379075915,0.9246952380952381,0.8926130099228226,0.8312114989733059,0.9638095238095238,,3100,0.579,2501,False,selective,0.5,0.7690322580645161,2100,R3,0.0,0.01
0.7861290322580645,0.8717948717948718,0.9829931972789115,0.017096774193548388,0.5253697765058865,0.2496774193548387,clinc150,0,0.7690322580645161,0.03571428571428571,0.578,0.578,0.588,1000,663,0.05,0.016451612903225808,0.9573090379075915,0.9246952380952381,0.8926603482477409,0.8309396799343455,0.9642857142857143,,3100,0.578,2501,False,selective,0.5,0.7690322580645161,2100,R3,0.0,0.01
0.7874193548387097,0.874051593323217,0.9846153846153847,0.018387096774193548,0.5263318637482275,0.2496774193548387,clinc150,0,0.7690322580645161,0.035238095238095235,0.576,0.576,0.585,1000,659,0.075,0.016451612903225808,0.9573090379075915,0.9246952380952381,0.8923144681788152,0.8299877099549365,0.9647619047619047,,3100,0.576,2501,False,selective,0.5,0.7690322580645161,2100,R3,0.0,0.009
0.7896774193548387,0.8788343558282209,0.9879310344827587,0.02064516129032258,0.5278314726022474,0.2496774193548387,clinc150,0,0.7690322580645161,0.03428571428571429,0.573,0.573,0.58,1000,652,0.1,0.016451612903225808,0.9573090379075915,0.9246952380952381,0.8918205804749341,0.8284313725490197,0.9657142857142857,,3100,0.573,2501,False,selective,0.5,0.7690322580645161,2100,R3,0.0,0.007
0.7948387096774193,0.8883647798742138,0.9929701230228472,0.025806451612903226,0.532241836563356,0.2496774193548387,clinc150,0,0.7690322580645161,0.03190476190476191,0.565,0.565,0.569,1000,636,0.15,0.016451612903225808,0.9573090379075915,0.9246952380952381,0.8908851884312007,0.8250811688311688,0.9680952380952381,,3100,0.565,2501,False,selective,0.5,0.7690322580645161,2100,R3,0.0,0.004
0.8170967741935484,0.892416225749559,0.9768339768339769,0.008387096774193548,0.5557973141425192,0.20129032258064516,clinc150,0,0.8087096774193548,0.023333333333333334,0.506,0.506,0.518,1000,567,0.0,0.008387096774193548,0.9573090379075915,0.9246952380952381,0.8853874379451759,0.8097118041847612,0.9766666666666667,,3100,0.506,2501,False,selective,0.55,0.8087096774193548,2100,R3,0.0,0.012
0.8170967741935484,0.892416225749559,0.9768339768339769,0.008387096774193548,0.5557973141425192,0.20129032258064516,clinc150,0,0.8087096774193548,0.023333333333333334,0.506,0.506,0.518,1000,567,0.025,0.008387096774193548,0.9573090379075915,0.9246952380952381,0.8853874379451759,0.8097118041847612,0.9766666666666667,,3100,0.506,2501,False,selective,0.55,0.8087096774193548,2100,R3,0.0,0.012
0.8174193548387096,0.8939929328621908,0.9787234042553191,0.008709677419354838,0.5557973141425192,0.20129032258064516,clinc150,0,0.8087096774193548,0.023333333333333334,0.506,0.506,0.517,1000,566,0.05,0.008387096774193548,0.9573090379075915,0.9246952380952381,0.8851963746223565,0.8093922651933702,0.9766666666666667,,3100,0.506,2501,False,selective,0.55,0.8087096774193548,2100,R3,0.0,0.011
0.8190322580645162,0.8983957219251337,0.980544747081712,0.01032258064516129,0.5569932005998498,0.20129032258064516,clinc150,0,0.8087096774193548,0.02238095238095238,0.504,0.504,0.514,1000,561,0.075,0.008387096774193548,0.9573090379075915,0.9246952380952381,0.8851045483940503,0.8085860575029539,0.9776190476190476,,3100,0.504,2501,False,selective,0.55,0.8087096774193548,2100,R3,0.0,0.01
0.82,0.9014336917562724,0.9843444227005871,0.01129032258064516,0.5576111779457034,0.20129032258064516,clinc150,0,0.8087096774193548,0.02238095238095238,0.503,0.503,0.511,1000,558,0.1,0.008387096774193548,0.9573090379075915,0.9246952380952381,0.8845325290822922,0.8076317859952793,0.9776190476190476,,3100,0.503,2501,False,selective,0.55,0.8087096774193548,2100,R3,0.0,0.008
0.8248387096774193,0.9134438305709024,0.992,0.016129032258064516,0.5618558114867822,0.20129032258064516,clinc150,0,0.8087096774193548,0.020476190476190478,0.496,0.496,0.5,1000,543,0.15,0.008387096774193548,0.9573090379075915,0.9246952380952381,0.8834013313291819,0.8044583496284708,0.9795238095238096,,3100,0.496,2501,False,selective,0.55,0.8087096774193548,2100,R3,0.0,0.004
0.8509677419354839,0.9264069264069265,0.9771689497716894,0.003870967741935484,0.5947590661259635,0.15741935483870967,clinc150,0,0.8470967741935483,0.011428571428571429,0.428,0.428,0.438,1000,462,0.0,0.003870967741935484,0.9573090379075915,0.9246952380952381,0.8763191219924018,0.7869598180439727,0.9885714285714285,,3100,0.428,2501,False,selective,0.6,0.8470967741935483,2100,R3,0.0,0.01
0.8509677419354839,0.9264069264069265,0.9771689497716894,0.003870967741935484,0.5947590661259635,0.15741935483870967,clinc150,0,0.8470967741935483,0.011428571428571429,0.428,0.428,0.438,1000,462,0.025,0.003870967741935484,0.9573090379075915,0.9246952380952381,0.8763191219924018,0.7869598180439727,0.9885714285714285,,3100,0.428,2501,False,selective,0.6,0.8470967741935483,2100,R3,0.0,0.01
0.8509677419354839,0.9264069264069265,0.9771689497716894,0.003870967741935484,0.5947590661259635,0.15741935483870967,clinc150,0,0.8470967741935483,0.011428571428571429,0.428,0.428,0.438,1000,462,0.05,0.003870967741935484,0.9573090379075915,0.9246952380952381,0.8763191219924018,0.7869598180439727,0.9885714285714285,,3100,0.428,2501,False,selective,0.6,0.8470967741935483,2100,R3,0.0,0.01
0.8529032258064516,0.9342105263157895,0.9838337182448037,0.005806451612903226,0.5960367404628993,0.15741935483870967,clinc150,0,0.8470967741935483,0.010952380952380953,0.426,0.426,0.433,1000,456,0.075,0.003870967741935484,0.9573090379075915,0.9246952380952381,0.8756323777403034,0.7855521936459909,0.9890476190476191,,3100,0.426,2501,False,selective,0.6,0.8470967741935483,2100,R3,0.0,0.007
0.8541935483870968,0.9358407079646017,0.986013986013986,0.0070967741935483875,0.5980714281281428,0.15741935483870967,clinc150,0,0.8470967741935483,0.010952380952380953,0.423,0.423,0.429,1000,452,0.1,0.003870967741935484,0.9573090379075915,0.9246952380952381,0.874894692502106,0.7843655589123867,0.9890476190476191,,3100,0.423,2501,False,selective,0.6,0.8470967741935483,2100,R3,0.0,0.006
0.8574193548387097,0.9479638009049773,0.9905437352245863,0.01032258064516129,0.6007528162571096,0.15741935483870967,clinc150,0,0.8470967741935483,0.009047619047619047,0.419,0.419,0.423,1000,442,0.15,0.003870967741935484,0.9573090379075915,0.9246952380952381,0.8747372845733501,0.7829194883370956,0.9909523809523809,,3100,0.419,2501,False,selective,0.6,0.8470967741935483,2100,R3,0.0,0.004
0.8832258064516129,0.9502762430939227,0.9828571428571429,0.0012903225806451613,0.6488182090311325,0.11935483870967742,clinc150,0,0.8819354838709678,0.005714285714285714,0.34400000000000003,0.344,0.35,1000,362,0.0,0.0012903225806451613,0.9573090379075915,0.9246952380952381,0.8631665977676726,0.7626004382761139,0.9942857142857143,,3100,0.344,2501,False,selective,0.65,0.8819354838709678,2100,R3,0.0,0.006
0.8832258064516129,0.9502762430939227,0.9828571428571429,0.0012903225806451613,0.6488182090311325,0.11935483870967742,clinc150,0,0.8819354838709678,0.005714285714285714,0.34400000000000003,0.344,0.35,1000,362,0.025,0.0012903225806451613,0.9573090379075915,0.9246952380952381,0.8631665977676726,0.7626004382761139,0.9942857142857143,,3100,0.344,2501,False,selective,0.65,0.8819354838709678,2100,R3,0.0,0.006
0.8832258064516129,0.9502762430939227,0.9828571428571429,0.0012903225806451613,0.6488182090311325,0.11935483870967742,clinc150,0,0.8819354838709678,0.005714285714285714,0.34400000000000003,0.344,0.35,1000,362,0.05,0.0012903225806451613,0.9573090379075915,0.9246952380952381,0.8631665977676726,0.7626004382761139,0.9942857142857143,,3100,0.344,2501,False,selective,0.65,0.8819354838709678,2100,R3,0.0,0.006
0.8835483870967742,0.9501385041551247,0.9828080229226361,0.0016129032258064516,0.6495753932181422,0.11935483870967742,clinc150,0,0.8819354838709678,0.005714285714285714,0.343,0.343,0.349,1000,361,0.075,0.0012903225806451613,0.9573090379075915,0.9246952380952381,0.8629882207067576,0.7623220153340635,0.9942857142857143,,3100,0.343,2501,False,selective,0.65,0.8819354838709678,2100,R3,0.0,0.006
0.8848387096774194,0.9523809523809523,0.9855072463768116,0.002903225806451613,0.6518011057213645,0.11935483870967742,clinc150,0,0.8819354838709678,0.005714285714285714,0.34,0.34,0.345,1000,357,0.1,0.0012903225806451613,0.9573090379075915,0.9246952380952381,0.8622754491017964,0.7612103536274153,0.9942857142857143,,3100,0.34,2501,False,selective,0.65,0.8819354838709678,2100,R3,0.0,0.005
0.8861290322580645,0.9603399433427762,0.9883381924198251,0.004193548387096774,0.6525465389936947,0.11935483870967742,clinc150,0,0.8819354838709678,0.004761904761904762,0.339,0.339,0.343,1000,353,0.15,0.0012903225806451613,0.9573090379075915,0.9246952380952381,0.8623891066639158,0.7608299963596651,0.9952380952380953,,3100,0.339,2501,False,selective,0.65,0.8819354838709678,2100,R3,0.0,0.004
0.9090322580645162,0.9609929078014184,0.9818840579710145,0.0006451612903225806,0.701329328418363,0.09225806451612903,clinc150,0,0.9083870967741936,0.002857142857142857,0.271,0.271,0.276,1000,282,0.0,0.0006451612903225806,0.9573090379075915,0.9246952380952381,0.851565677104514,0.7430801987224982,0.9971428571428571,,3100,0.271,2501,False,selective,0.7,0.9083870967741936,2100,R3,0.0,0.005
0.9090322580645162,0.9609929078014184,0.9818840579710145,0.0006451612903225806,0.701329328418363,0.09225806451612903,clinc150,0,0.9083870967741936,0.002857142857142857,0.271,0.271,0.276,1000,282,0.025,0.0006451612903225806,0.9573090379075915,0.9246952380952381,0.851565677104514,0.7430801987224982,0.9971428571428571,,3100,0.271,2501,False,selective,0.7,0.9083870967741936,2100,R3,0.0,0.005
0.9090322580645162,0.9609929078014184,0.9818840579710145,0.0006451612903225806,0.701329328418363,0.09225806451612903,clinc150,0,0.9083870967741936,0.002857142857142857,0.271,0.271,0.276,1000,282,0.05,0.0006451612903225806,0.9573090379075915,0.9246952380952381,0.851565677104514,0.7430801987224982,0.9971428571428571,,3100,0.271,2501,False,selective,0.7,0.9083870967741936,2100,R3,0.0,0.005
0.9090322580645162,0.9609929078014184,0.9818840579710145,0.0006451612903225806,0.701329328418363,0.09225806451612903,clinc150,0,0.9083870967741936,0.002857142857142857,0.271,0.271,0.276,1000,282,0.075,0.0006451612903225806,0.9573090379075915,0.9246952380952381,0.851565677104514,0.7430801987224982,0.9971428571428571,,3100,0.271,2501,False,selective,0.7,0.9083870967741936,2100,R3,0.0,0.005
0.9093548387096774,0.9608540925266904,0.9818181818181818,0.000967741935483871,0.7021383306021953,0.09225806451612903,clinc150,0,0.9083870967741936,0.002857142857142857,0.27,0.27,0.275,1000,281,0.1,0.0006451612903225806,0.9573090379075915,0.9246952380952381,0.8513925594633055,0.7428166016317843,0.9971428571428571,,3100,0.27,2501,False,selective,0.7,0.9083870967741936,2100,R3,0.0,0.005
0.9103225806451613,0.9676258992805755,0.9853479853479854,0.001935483870967742,0.7030995859358038,0.09225806451612903,clinc150,0,0.9083870967741936,0.002380952380952381,0.269,0.269,0.273,1000,278,0.15,0.0006451612903225806,0.9573090379075915,0.9246952380952381,0.851279967492889,0.7423812898653437,0.9976190476190476,,3100,0.269,2501,False,selective,0.7,0.9083870967741936,2100,R3,0.0,0.004
0.9283870967741935,0.9774774774774775,0.9863636363636363,0.0006451612903225806,0.7448686209758659,0.07290322580645162,clinc150,0,0.927741935483871,0.0009523809523809524,0.217,0.217,0.22,1000,222,0.0,0.0006451612903225806,0.9573090379075915,0.9246952380952381,0.8429087987143432,0.7289784572619875,0.9990476190476191,,3100,0.217,2501,False,selective,0.75,0.927741935483871,2100,R3,0.0,0.003
0.9283870967741935,0.9774774774774775,0.9863636363636363,0.0006451612903225806,0.7448686209758659,0.07290322580645162,clinc150,0,0.927741935483871,0.0009523809523809524,0.217,0.217,0.22,1000,222,0.025,0.0006451612903225806,0.9573090379075915,0.9246952380952381,0.8429087987143432,0.7289784572619875,0.9990476190476191,,3100,0.217,2501,False,selective,0.75,0.927741935483871,2100,R3,0.0,0.003
0.9283870967741935,0.9774774774774775,0.9863636363636363,0.0006451612903225806,0.7448686209758659,0.07290322580645162,clinc150,0,0.927741935483871,0.0009523809523809524,0.217,0.217,0.22,1000,222,0.05,0.0006451612903225806,0.9573090379075915,0.9246952380952381,0.8429087987143432,0.7289784572619875,0.9990476190476191,,3100,0.217,2501,False,selective,0.75,0.927741935483871,2100,R3,0.0,0.003
0.9283870967741935,0.9774774774774775,0.9863636363636363,0.0006451612903225806,0.7448686209758659,0.07290322580645162,clinc150,0,0.927741935483871,0.0009523809523809524,0.217,0.217,0.22,1000,222,0.075,0.0006451612903225806,0.9573090379075915,0.9246952380952381,0.8429087987143432,0.7289784572619875,0.9990476190476191,,3100,0.217,2501,False,selective,0.75,0.927741935483871,2100,R3,0.0,0.003
0.9283870967741935,0.9774774774774775,0.9863636363636363,0.0006451612903225806,0.7448686209758659,0.07290322580645162,clinc150,0,0.927741935483871,0.0009523809523809524,0.217,0.217,0.22,1000,222,0.1,0.0006451612903225806,0.9573090379075915,0.9246952380952381,0.8429087987143432,0.7289784572619875,0.9990476190476191,,3100,0.217,2501,False,selective,0.75,0.927741935483871,2100,R3,0.0,0.003
0.9290322580645162,0.9818181818181818,0.9908256880733946,0.0012903225806451613,0.7458298763094745,0.07290322580645162,clinc150,0,0.927741935483871,0.0009523809523809524,0.216,0.216,0.218,1000,220,0.15,0.0006451612903225806,0.9573090379075915,0.9246952380952381,0.8425702811244978,0.7284722222222222,0.9990476190476191,,3100,0.216,2501,False,selective,0.75,0.927741935483871,2100,R3,0.0,0.002
0.9467741935483871,0.9878787878787879,0.9878787878787879,0.0003225806451612903,0.7932140628421014,0.053870967741935484,clinc150,0,0.9464516129032258,0.0,0.163,0.163,0.165,1000,165,0.0,0.0003225806451612903,0.9573090379075915,0.9246952380952381,0.8341608738828202,0.7155025553662692,1.0,,3100,0.163,2501,True,selective,0.8,0.9464516129032258,2100,R3,0.0,0.002
0.9467741935483871,0.9878787878787879,0.9878787878787879,0.0003225806451612903,0.7932140628421014,0.053870967741935484,clinc150,0,0.9464516129032258,0.0,0.163,0.163,0.165,1000,165,0.025,0.0003225806451612903,0.9573090379075915,0.9246952380952381,0.8341608738828202,0.7155025553662692,1.0,,3100,0.163,2501,False,selective,0.8,0.9464516129032258,2100,R3,0.0,0.002
0.9467741935483871,0.9878787878787879,0.9878787878787879,0.0003225806451612903,0.7932140628421014,0.053870967741935484,clinc150,0,0.9464516129032258,0.0,0.163,0.163,0.165,1000,165,0.05,0.0003225806451612903,0.9573090379075915,0.9246952380952381,0.8341608738828202,0.7155025553662692,1.0,,3100,0.163,2501,False,selective,0.8,0.9464516129032258,2100,R3,0.0,0.002
0.9467741935483871,0.9878787878787879,0.9878787878787879,0.0003225806451612903,0.7932140628421014,0.053870967741935484,clinc150,0,0.9464516129032258,0.0,0.163,0.163,0.165,1000,165,0.075,0.0003225806451612903,0.9573090379075915,0.9246952380952381,0.8341608738828202,0.7155025553662692,1.0,,3100,0.163,2501,False,selective,0.8,0.9464516129032258,2100,R3,0.0,0.002
0.9467741935483871,0.9878787878787879,0.9878787878787879,0.0003225806451612903,0.7932140628421014,0.053870967741935484,clinc150,0,0.9464516129032258,0.0,0.163,0.163,0.165,1000,165,0.1,0.0003225806451612903,0.9573090379075915,0.9246952380952381,0.8341608738828202,0.7155025553662692,1.0,,3100,0.163,2501,False,selective,0.8,0.9464516129032258,2100,R3,0.0,0.002
0.9470967741935484,0.9878048780487805,0.9878048780487805,0.0006451612903225806,0.7941753181757099,0.053870967741935484,clinc150,0,0.9464516129032258,0.0,0.162,0.162,0.164,1000,164,0.15,0.0003225806451612903,0.9573090379075915,0.9246952380952381,0.8339952343129468,0.715258855585831,1.0,,3100,0.162,2501,False,selective,0.8,0.9464516129032258,2100,R3,0.0,0.002
,,,,,,banking77_open,,,,,0.9477386934673366,,,,,,,,,,,0.001,,,2501,,R0,,,,,,
,,,,,,banking77_open,,,,,0.9447236180904522,,,,,,,,,,,0.01,,,2501,,R0,,,,,,
,,,,,,banking77_open,,,,,0.9326633165829146,,,,,,,,,,,0.1,,,2501,,R0,,,,,,
,,,,,,banking77_open,,,,,0.9105527638190954,,,,,,,0.8561608193815851,,,,0.0001,,,2501,,R2,,,,,,
,,,,,,banking77_open,,,,,0.9105527638190954,,,,,,,0.8561481461568446,,,,0.001,,,2501,,R2,,,,,,
,,,,,,banking77_open,,,,,0.9115577889447236,,,,,,,0.8564219646186607,,,,0.01,,,2501,,R2,,,,,,
,,,,,,banking77_open,,,,,0.9165829145728643,,,,,,,0.85842087779363,,,,0.1,,,2501,,R2,,,,,,
0.3062015503875969,0.35355147645650437,0.9258098223615465,0.0,0.4909765870719449,0.6937984496124031,banking77_open,0,0.3062015503875969,0.5918991211310661,0.8905942339872199,0.8904522613065327,0.9618090452261306,995,2506,0.0,0.0,0.9299910301114126,0.85842087779363,0.5737308622078968,0.9656419529837251,0.40810087886893387,,3612,0.8904522613065327,2501,False,selective,0.2,0.3062015503875969,2617,MAX_THRESHOLD,0.5714285714285714,0.07135678391959799
0.3875968992248062,0.3933092224231465,0.9314775160599572,0.0,0.4929217239245381,0.6124031007751938,banking77_open,0,0.3875968992248062,0.48834543370271305,0.8765022783258516,0.8743718592964824,0.9386934673366835,995,2212,0.0,0.0,0.9299910301114126,0.85842087779363,0.6666666666666667,0.9564285714285714,0.511654566297287,,3612,0.8743718592964824,2501,False,selective,0.25,0.3875968992248062,2617,MAX_THRESHOLD,0.5714285714285714,0.06432160804020101
0.4745293466223699,0.4409905163329821,0.9372900335946248,0.0,0.4981579939953844,0.5254706533776301,banking77_open,0,0.4745293466223699,0.3840275124188002,0.8473289273602208,0.8412060301507538,0.8974874371859296,995,1898,0.0,0.0,0.9299910301114126,0.85842087779363,0.7444008312168089,0.94049008168028,0.6159724875811998,,3612,0.8412060301507538,2501,False,selective,0.3,0.4745293466223699,2617,MAX_THRESHOLD,0.5,0.05628140703517588
0.5526024363233666,0.48824257425742573,0.94377990430622,0.0,0.5077165194254833,0.44739756367663347,banking77_open,0,0.5526024363233666,0.2980512036683225,0.7995840895818103,0.792964824120603,0.8402010050251256,995,1616,0.0,0.0,0.9299910301114126,0.85842087779363,0.7964448298287448,0.9203406813627254,0.7019487963316775,,3612,0.792964824120603,2501,True,selective,0.35,0.5526024363233666,2617,MAX_THRESHOLD,0.4230769230769231,0.04723618090452261
0.6301218161683277,0.5389221556886228,0.9486166007905138,0.0,0.5249394176241738,0.3698781838316722,banking77_open,0,0.6301218161683277,0.22048146732900267,0.7348142961986228,0.7236180904522613,0.7628140703517587,995,1336,0.0,0.0,0.9299910301114126,0.85842087779363,0.8338442673206621,0.8963093145869947,0.7795185326709974,,3612,0.7236180904522613,2501,False,selective,0.4,0.6301218161683277,2617,MAX_THRESHOLD,0.19230769230769232,0.03919597989949749
0.6957364341085271,0.6041856232939036,0.9609261939218524,0.0,0.5418196435405987,0.30426356589147285,banking77_open,0,0.6957364341085271,0.15590370653419947,0.681607896321235,0.6673366834170854,0.6944723618090453,995,1099,0.0,0.0,0.9299910301114126,0.85842087779363,0.8612085769980508,0.8790290489454835,0.8440962934658005,,3612,0.6673366834170854,2501,False,selective,0.45,0.6957364341085271,2617,MAX_THRESHOLD,0.15384615384615385,0.027135678391959798
0.7563676633444075,0.6681818181818182,0.9735099337748344,0.0,0.5691265554492899,0.24363233665559247,banking77_open,0,0.7563676633444075,0.10546427206725258,0.603503209411116,0.5909547738693467,0.607035175879397,995,880,0.0,0.0,0.9299910301114126,0.85842087779363,0.8753037951018883,0.8568814055636896,0.8945357279327474,,3612,0.5909547738693467,2501,False,selective,0.5,0.7563676633444075,2617,MAX_THRESHOLD,0.15384615384615385,0.016080402010050253
0.8059246954595792,0.724679029957204,0.9825918762088974,0.0,0.6029162079510226,0.19407530454042082,banking77_open,0,0.8059246954595792,0.07030951471150172,0.5258376999017045,0.5105527638190954,0.5195979899497487,995,701,0.0,0.0,0.9299910301114126,0.85842087779363,0.8802460202604921,0.8357952593610443,0.9296904852884983,,3612,0.5105527638190954,2501,False,selective,0.55,0.8059246954595792,2617,MAX_THRESHOLD,0.07692307692307693,0.009045226130653266
0.8507751937984496,0.7736549165120594,0.9858156028368794,0.0,0.6475767584337445,0.14922480620155038,banking77_open,0,0.8507751937984496,0.04432556362246848,0.4356514866930438,0.4190954773869347,0.42512562814070354,995,539,0.0,0.0,0.9299910301114126,0.85842087779363,0.8790861159929702,0.8138626749105109,0.9556744363775316,,3612,0.4190954773869347,2501,False,selective,0.6,0.8507751937984496,2617,MAX_THRESHOLD,0.07692307692307693,0.006030150753768844
0.8881506090808416,0.8217821782178217,0.9851632047477745,0.0,0.6956761728890906,0.11184939091915837,banking77_open,0,0.8881506090808416,0.025601834161253344,0.3462872652161736,0.3336683417085427,0.33869346733668343,995,404,0.0,0.0,0.9299910301114126,0.85842087779363,0.8755364806866952,0.7948877805486284,0.9743981658387466,,3612,0.3336683417085427,2501,False,selective,0.65,0.8881506090808416,2617,MAX_THRESHOLD,0.07692307692307693,0.005025125628140704
0.9147286821705426,0.8798701298701299,0.9854545454545455,0.0,0.7347949761463693,0.08527131782945736,banking77_open,0,0.9147286821705426,0.012609858616736722,0.2848998530041996,0.2723618090452261,0.27638190954773867,995,308,0.0,0.0,0.9299910301114126,0.85842087779363,0.8728255362269887,0.7820823244552058,0.9873901413832633,,3612,0.2723618090452261,2501,False,selective,0.7,0.9147286821705426,2617,MAX_THRESHOLD,0.038461538461538464,0.004020100502512563
0.939922480620155,0.9078341013824884,0.9899497487437185,0.0,0.7885754578196988,0.060077519379844964,banking77_open,0,0.939922480620155,0.006878104700038212,0.20847146340888223,0.19798994974874373,0.2,995,217,0.0,0.0,0.9299910301114126,0.85842087779363,0.8646041250831671,0.7655375552282768,0.9931218952999618,,3612,0.19798994974874373,2501,False,selective,0.75,0.939922480620155,2617,MAX_THRESHOLD,0.0,0.0020100502512562816
0.9573643410852714,0.948051948051948,1.0,0.0,0.8306262291885546,0.04263565891472868,banking77_open,0,0.9573643410852714,0.003056935422239205,0.15538440636091927,0.14673366834170853,0.14673366834170853,995,154,0.0,0.0,0.9299910301114126,0.85842087779363,0.8589300411522633,0.7544823597455177,0.9969430645777608,,3612,0.14673366834170853,2501,False,selective,0.8,0.9573643410852714,2617,MAX_THRESHOLD,0.0,0.0
0.6495016611295681,0.3001579778830964,0.9743589743589743,0.3433001107419712,0.8100684587663252,1.3911960132890366,banking77_open,0,0.3062015503875969,0.334734428735193,0.3800117416916083,0.38190954773869346,0.39195979899497485,995,1266,0.0,0.3433001107419712,0.9299910301114126,0.85842087779363,0.701591779165827,0.7421142369991475,0.665265571264807,,3612,0.38190954773869346,2501,False,selective,0.2,0.3062015503875969,2617,R3,0.0,0.010050251256281407
0.6553156146179402,0.30522088353413657,0.9743589743589743,0.3491140642303433,0.8100684587663252,1.3911960132890366,banking77_open,0,0.3062015503875969,0.32670997325181506,0.3800117416916083,0.38190954773869346,0.39195979899497485,995,1245,0.025,0.3433001107419712,0.9299910301114126,0.85842087779363,0.7070626003210273,0.7444021968736798,0.6732900267481849,,3612,0.38190954773869346,2501,False,selective,0.2,0.3062015503875969,2617,R3,0.0,0.010050251256281407
0.6638981173864895,0.31219110378912684,0.974293059125964,0.3576965669988926,0.8101874432562497,1.3911960132890366,banking77_open,0,0.3062015503875969,0.31524646541841805,0.37929949097935756,0.38090452261306534,0.39095477386934674,995,1214,0.05,0.3433001107419712,0.9299910301114126,0.85842087779363,0.7146560319042871,0.7472894078398665,0.684753534581582,,3612,0.38090452261306534,2501,False,selective,0.2,0.3062015503875969,2617,R3,0.0,0.010050251256281407
0.6769102990033222,0.3221936589545844,0.9791666666666666,0.37070874861572534,0.8105879591638537,1.3911960132890366,banking77_open,0,0.3062015503875969,0.2991975544516622,0.3771151256370975,0.3778894472361809,0.385929648241206,995,1167,0.075,0.3433001107419712,0.9299910301114126,0.85842087779363,0.7246147767680758,0.7501022494887526,0.7008024455483378,,3612,0.3778894472361809,2501,False,selective,0.2,0.3062015503875969,2617,R3,0.0,0.008040201005025126
0.6926910299003323,0.33063063063063064,0.9839142091152815,0.3864894795127353,0.8118197691680724,1.3911960132890366,banking77_open,0,0.3062015503875969,0.2816201757737868,0.3684842390968479,0.3688442211055276,0.3748743718592965,995,1110,0.1,0.3433001107419712,0.9299910301114126,0.85842087779363,0.7345184606368431,0.7513988808952837,0.7183798242262133,,3612,0.3688442211055276,2501,False,selective,0.2,0.3062015503875969,2617,R3,0.0,0.006030150753768844
0.7248062015503876,0.358148893360161,0.9861495844875346,0.4186046511627907,0.8135079389149633,1.3911960132890366,banking77_open,0,0.3062015503875969,0.24188001528467712,0.35927884381689124,0.3577889447236181,0.3628140703517588,995,994,0.15,0.3433001107419712,0.9299910301114126,0.85842087779363,0.7579751671442215,0.7578304048892284,0.7581199847153229,,3612,0.3577889447236181,2501,False,selective,0.2,0.3062015503875969,2617,R3,0.0,0.005025125628140704
0.6345514950166113,0.3462121212121212,0.9744136460554371,0.2469545957918051,0.764076527457667,1.035437430786268,banking77_open,0,0.3875968992248062,0.32518150554069547,0.4573496945945149,0.4592964824120603,0.471356783919598,995,1320,0.0,0.2469545957918051,0.9299910301114126,0.85842087779363,0.7194948054593603,0.7705061082024433,0.6748184944593045,,3612,0.4592964824120603,2501,False,selective,0.25,0.3875968992248062,2617,R3,0.0,0.012060301507537688
0.6378737541528239,0.34938837920489296,0.9744136460554371,0.2502768549280177,0.764076527457667,1.035437430786268,banking77_open,0,0.3875968992248062,0.32059610240733666,0.4573496945945149,0.4592964824120603,0.471356783919598,995,1308,0.025,0.2469545957918051,0.9299910301114126,0.85842087779363,0.7226173541963015,0.7717013888888888,0.6794038975926634,,3612,0.4592964824120603,2501,False,selective,0.25,0.3875968992248062,2617,R3,0.0,0.012060301507537688
0.64562569213732,0.35546875,0.9763948497854077,0.25802879291251385,0.7643886687417184,1.035437430786268,banking77_open,0,0.3875968992248062,0.31104317921283914,0.45568777626592993,0.457286432160804,0.46834170854271356,995,1280,0.05,0.2469545957918051,0.9299910301114126,0.85842087779363,0.7286320468781572,0.7731560891938251,0.6889568207871609,,3612,0.457286432160804,2501,False,selective,0.25,0.3875968992248062,2617,R3,0.0,0.011055276381909548
0.656423034330011,0.36502820306204675,0.9805194805194806,0.26882613510520487,0.7646738276426706,1.035437430786268,banking77_open,0,0.3875968992248062,0.2976690867405426,0.4541781747563284,0.4552763819095477,0.464321608040201,995,1241,0.075,0.2469545957918051,0.9299910301114126,0.85842087779363,0.7369687249398557,0.7752003374103754,0.7023309132594574,,3612,0.4552763819095477,2501,False,selective,0.25,0.3875968992248062,2617,R3,0.0,0.009045226130653266
0.6697120708748616,0.3704945515507125,0.9844097995545658,0.2821151716500554,0.7664819354428684,1.035437430786268,banking77_open,0,0.3875968992248062,0.28429499426824606,0.4441943292445346,0.4442211055276382,0.45125628140703516,995,1193,0.1,0.2469545957918051,0.9299910301114126,0.85842087779363,0.743844320889595,0.774286895411327,0.7157050057317539,,3612,0.4442211055276382,2501,False,selective,0.25,0.3875968992248062,2617,R3,0.0,0.007035175879396985
0.7051495016611296,0.4,0.9838337182448037,0.3175526024363234,0.7697326066668083,1.035437430786268,banking77_open,0,0.3875968992248062,0.24149789835689722,0.42920794556437497,0.42814070351758793,0.43517587939698493,995,1065,0.15,0.2469545957918051,0.9299910301114126,0.85842087779363,0.7687838884585593,0.779348252846486,0.7585021016431028,,3612,0.42814070351758793,2501,False,selective,0.25,0.3875968992248062,2617,R3,0.0,0.007035175879396985
0.6445182724252492,0.40965732087227413,0.9740740740740741,0.1699889258028793,0.7137354937311665,0.7840531561461794,banking77_open,0,0.4745293466223699,0.28429499426824606,0.5289530155502421,0.528643216080402,0.542713567839196,995,1284,0.0,0.1699889258028793,0.9299910301114126,0.85842087779363,0.7575328614762387,0.804553264604811,0.7157050057317539,,3612,0.528643216080402,2501,False,selective,0.3,0.4745293466223699,2617,R3,0.0,0.01407035175879397
0.646733111849391,0.4114420062695925,0.974025974025974,0.17220376522702105,0.7139162418889518,0.7840531561461794,banking77_open,0,0.4745293466223699,0.2816201757737868,0.5279668222563565,0.5276381909547738,0.5417085427135678,995,1276,0.025,0.1699889258028793,0.9299910301114126,0.85842087779363,0.7591358772461134,0.8047945205479452,0.7183798242262133,,3612,0.5276381909547738,2501,False,selective,0.3,0.4745293466223699,2617,R3,0.0,0.01407035175879397
0.6522702104097453,0.4164012738853503,0.9757462686567164,0.1777408637873754,0.7142973837710527,0.7840531561461794,banking77_open,0,0.4745293466223699,0.2751241880015285,0.5263885394280736,0.5256281407035176,0.5386934673366834,995,1256,0.05,0.1699889258028793,0.9299910301114126,0.85842087779363,0.7629197667403982,0.8051782682512734,0.7248758119984715,,3612,0.5256281407035176,2501,False,selective,0.3,0.4745293466223699,2617,R3,0.0,0.01306532663316583
0.6619601328903655,0.42342342342342343,0.9810246679316889,0.18743078626799556,0.7155231785179986,0.7840531561461794,banking77_open,0,0.4745293466223699,0.2651891478792511,0.5212065052137814,0.5195979899497487,0.5296482412060302,995,1221,0.075,0.1699889258028793,0.9299910301114126,0.85842087779363,0.7679712460063897,0.8042659974905897,0.7348108521207489,,3612,0.5195979899497487,2501,False,selective,0.3,0.4745293466223699,2617,R3,0.0,0.010050251256281407
0.6719269102990033,0.4286919831223629,0.9844961240310077,0.19739756367663344,0.7174585176136286,0.7840531561461794,banking77_open,0,0.4745293466223699,0.25563622468475355,0.5128438625973514,0.5105527638190954,0.5185929648241207,995,1185,0.1,0.1699889258028793,0.9299910301114126,0.85842087779363,0.7724028548770817,0.8026370004120313,0.7443637753152464,,3612,0.5105527638190954,2501,False,selective,0.3,0.4745293466223699,2617,R3,0.0,0.008040201005025126
0.6985049833887044,0.44995408631772266,0.9859154929577465,0.22397563676633445,0.721790496097954,0.7840531561461794,banking77_open,0,0.4745293466223699,0.22621322124570117,0.4955087166583917,0.49246231155778897,0.4994974874371859,995,1089,0.15,0.1699889258028793,0.9299910301114126,0.85842087779363,0.7879377431906615,0.8026159334126041,0.7737867787542988,,3612,0.49246231155778897,2501,False,selective,0.3,0.4745293466223699,2617,R3,0.0,0.007035175879396985
0.6605758582502769,0.46818923327895595,0.9712351945854484,0.1079734219269103,0.6732054462014079,0.5941306755260244,banking77_open,0,0.5526024363233666,0.2426442491402369,0.5692008397762509,0.5768844221105528,0.5939698492462312,995,1226,0.0,0.1079734219269103,0.9299910301114126,0.85842087779363,0.7923246052368579,0.8306789606035205,0.757355750859763,,3612,0.5768844221105528,2501,False,selective,0.35,0.5526024363233666,2617,R3,0.0,0.017085427135678392
0.6616832779623477,0.46890343698854337,0.9711864406779661,0.10908084163898117,0.6734336109688183,0.5941306755260244,banking77_open,0,0.5526024363233666,0.24149789835689722,0.5683995577249689,0.5758793969849246,0.592964824120603,995,1222,0.025,0.1079734219269103,0.9299910301114126,0.85842087779363,0.7928899540643101,0.8305439330543933,0.7585021016431028,,3612,0.5758793969849246,2501,False,selective,0.35,0.5526024363233666,2617,R3,0.0,0.017085427135678392
0.6669435215946844,0.4746467165419784,0.976068376068376,0.11434108527131782,0.6739495704490863,0.5941306755260244,banking77_open,0,0.5526024363233666,0.2361482613679786,0.5662163544548091,0.5738693467336683,0.5879396984924623,995,1203,0.05,0.1079734219269103,0.9299910301114126,0.85842087779363,0.7954635893354557,0.8298048982980489,0.7638517386320214,,3612,0.5738693467336683,2501,False,selective,0.35,0.5526024363233666,2617,R3,0.0,0.01407035175879397
0.6738648947951273,0.47877758913412566,0.9825783972125436,0.1212624584717608,0.6757567888172874,0.5941306755260244,banking77_open,0,0.5526024363233666,0.23079862437905999,0.559076532580388,0.5668341708542713,0.5768844221105528,995,1178,0.075,0.1079734219269103,0.9299910301114126,0.85842087779363,0.7970698871510593,0.8270336894001643,0.76920137562094,,3612,0.5668341708542713,2501,False,selective,0.35,0.5526024363233666,2617,R3,0.0,0.010050251256281407
0.6816168327796235,0.4826086956521739,0.9823008849557522,0.12901439645625692,0.6782163341754328,0.5941306755260244,banking77_open,0,0.5526024363233666,0.22353840275124187,0.5505278798678983,0.5577889447236181,0.5678391959798995,995,1150,0.1,0.1079734219269103,0.9299910301114126,0.85842087779363,0.8001575113211261,0.8253452477660439,0.7764615972487581,,3612,0.5577889447236181,2501,False,selective,0.35,0.5526024363233666,2617,R3,0.0,0.010050251256281407
0.7034883720930233,0.4995331465919701,0.9870848708487084,0.1508859357696567,0.6839413739102184,0.5941306755260244,banking77_open,0,0.5526024363233666,0.20213985479556745,0.5332554770931573,0.5376884422110553,0.5447236180904522,995,1071,0.15,0.1079734219269103,0.9299910301114126,0.85842087779363,0.8096161302830556,0.8217237308146399,0.7978601452044326,,3612,0.5376884422110553,2501,False,selective,0.35,0.5526024363233666,2617,R3,0.0,0.007035175879396985
0.6935215946843853,0.5230352303523035,0.9747474747474747,0.06339977851605759,0.6467287214736518,0.4485049833887043,banking77_open,0,0.6301218161683277,0.19602598395108903,0.5770735767166919,0.5819095477386935,0.5969849246231156,995,1107,0.0,0.06339977851605759,0.9299910301114126,0.85842087779363,0.8215540804373292,0.8399201596806387,0.8039740160489109,,3612,0.5819095477386935,2501,False,selective,0.4,0.6301218161683277,2617,R3,0.15,0.01507537688442211
0.6946290143964563,0.5240253853127833,0.9747048903878583,0.06450719822812846,0.6470092387804297,0.4485049833887043,banking77_open,0,0.6301218161683277,0.19487963316774934,0.5761239091003576,0.5809045226130654,0.5959798994974874,995,1103,0.025,0.06339977851605759,0.9299910301114126,0.85842087779363,0.8220834959032385,0.8397768035073735,0.8051203668322506,,3612,0.5809045226130654,2501,False,selective,0.4,0.6301218161683277,2617,R3,0.15,0.01507537688442211
0.6976744186046512,0.5274725274725275,0.9746192893401016,0.06755260243632337,0.6476096644031706,0.4485049833887043,banking77_open,0,0.6301218161683277,0.19144058081773022,0.5745641785083689,0.578894472361809,0.5939698492462312,995,1092,0.05,0.06339977851605759,0.9299910301114126,0.85842087779363,0.8238271364609695,0.8396825396825397,0.8085594191822698,,3612,0.578894472361809,2501,False,selective,0.4,0.6301218161683277,2617,R3,0.15,0.01507537688442211
0.7023809523809523,0.532093023255814,0.9777777777777777,0.07225913621262459,0.6489250120608369,0.4485049833887043,banking77_open,0,0.6301218161683277,0.18723729461215133,0.571306003910244,0.5748743718592965,0.5879396984924623,995,1075,0.075,0.06339977851605759,0.9299910301114126,0.85842087779363,0.8253783469150174,0.8383918013401656,0.8127627053878487,,3612,0.5748743718592965,2501,False,selective,0.4,0.6301218161683277,2617,R3,0.15,0.01306532663316583
0.7093023255813954,0.5371428571428571,0.9774696707105719,0.07918050941306755,0.6514575809051477,0.4485049833887043,banking77_open,0,0.6301218161683277,0.180741306839893,0.5634372083564444,0.5668341708542713,0.5798994974874372,995,1050,0.1,0.06339977851605759,0.9299910301114126,0.85842087779363,0.8279590654566519,0.8368462138953943,0.819258693160107,,3612,0.5668341708542713,2501,False,selective,0.4,0.6301218161683277,2617,R3,0.15,0.01306532663316583
0.7281284606866002,0.5580448065173116,0.9873873873873874,0.09800664451827243,0.6568459519230565,0.4485049833887043,banking77_open,0,0.6301218161683277,0.16316392816201758,0.5496640715517052,0.5507537688442211,0.5577889447236181,995,982,0.15,0.06339977851605759,0.9299910301114126,0.85842087779363,0.8347627215551744,0.8326996197718631,0.8368360718379825,,3612,0.5507537688442211,2501,False,selective,0.4,0.6301218161683277,2617,R3,0.15,0.007035175879396985
0.7358803986710963,0.5828092243186582,0.972027972027972,0.04014396456256921,0.6390739735178548,0.34994462901439644,banking77_open,0,0.6957364341085271,0.14596866641192205,0.5602060519694962,0.5587939698492462,0.5748743718592965,995,954,0.0,0.04014396456256921,0.9299910301114126,0.85842087779363,0.8473933649289098,0.8408577878103838,0.8540313335880779,,3612,0.5587939698492462,2501,False,selective,0.45,0.6957364341085271,2617,R3,0.11538461538461539,0.016080402010050253
0.7361572535991141,0.5823714585519413,0.9719789842381786,0.040420819490586936,0.6394255804214715,0.34994462901439644,banking77_open,0,0.6957364341085271,0.14596866641192205,0.5594734512368955,0.5577889447236181,0.5738693467336683,995,953,0.025,0.04014396456256921,0.9299910301114126,0.85842087779363,0.8472327520849128,0.8405415569763068,0.8540313335880779,,3612,0.5577889447236181,2501,False,selective,0.45,0.6957364341085271,2617,R3,0.11538461538461539,0.016080402010050253
0.7375415282392026,0.5854430379746836,0.977112676056338,0.04180509413067553,0.6394255804214715,0.34994462901439644,banking77_open,0,0.6957364341085271,0.14520443255636226,0.5594734512368955,0.5577889447236181,0.5708542713567839,995,948,0.05,0.04014396456256921,0.9299910301114126,0.85842087779363,0.8471880325695891,0.8397147147147147,0.8547955674436377,,3612,0.5577889447236181,2501,False,selective,0.45,0.6957364341085271,2617,R3,0.11538461538461539,0.01306532663316583
0.7403100775193798,0.5874200426439232,0.9786856127886323,0.044573643410852716,0.6408064468702405,0.34994462901439644,banking77_open,0,0.6957364341085271,0.14329384791746275,0.5559194186506049,0.5537688442211055,0.5658291457286432,995,938,0.075,0.04014396456256921,0.9299910301114126,0.85842087779363,0.8474768474768475,0.8384442782348541,0.8567061520825373,,3612,0.5537688442211055,2501,False,selective,0.45,0.6957364341085271,2617,R3,0.11538461538461539,0.012060301507537688
0.7450166112956811,0.5939196525515744,0.9785330948121646,0.04928017718715393,0.6422492618755167,0.34994462901439644,banking77_open,0,0.6957364341085271,0.13832632785632404,0.551585405663846,0.549748743718593,0.5618090452261306,995,921,0.1,0.04014396456256921,0.9299910301114126,0.85842087779363,0.8496608892238131,0.8379784466740988,0.861673672143676,,3612,0.549748743718593,2501,False,selective,0.45,0.6957364341085271,2617,R3,0.11538461538461539,0.012060301507537688
0.7583056478405316,0.6139747995418099,0.9852941176470589,0.06256921373200443,0.6466497697219914,0.34994462901439644,banking77_open,0,0.6957364341085271,0.12571646923958732,0.542245667647201,0.5386934673366834,0.5467336683417086,995,873,0.15,0.04014396456256921,0.9299910301114126,0.85842087779363,0.8543689320388349,0.8353413654618473,0.8742835307604127,,3612,0.5386934673366834,2501,False,selective,0.45,0.6957364341085271,2617,R3,0.11538461538461539,0.008040201005025126
0.7774086378737541,0.6517412935323383,0.9831144465290806,0.021040974529346623,0.6311359661925445,0.26827242524916944,banking77_open,0,0.7563676633444075,0.10355368742835308,0.5283985141695134,0.5266331658291458,0.535678391959799,995,804,0.0,0.021040974529346623,0.9299910301114126,0.85842087779363,0.8648847926267281,0.8354700854700855,0.896446312571647,,3612,0.5266331658291458,2501,False,selective,0.5,0.7563676633444075,2617,R3,0.11538461538461539,0.009045226130653266
0.7782392026578073,0.651685393258427,0.9830508474576272,0.021871539313399777,0.6319290619205913,0.26827242524916944,banking77_open,0,0.7563676633444075,0.10317157050057317,0.5263804704848031,0.5246231155778894,0.5336683417085427,995,801,0.025,0.021040974529346623,0.9299910301114126,0.85842087779363,0.8647752394988946,0.8349341871220206,0.8968284294994269,,3612,0.5246231155778894,2501,False,selective,0.5,0.7563676633444075,2617,R3,0.11538461538461539,0.009045226130653266
0.7793466223698782,0.6549560853199499,0.9830508474576272,0.022978959025470654,0.6319290619205913,0.26827242524916944,banking77_open,0,0.7563676633444075,0.10164310278945357,0.5263804704848031,0.5246231155778894,0.5336683417085427,995,797,0.05,0.021040974529346623,0.9299910301114126,0.85842087779363,0.8656111929307805,0.8351687388987566,0.8983568972105465,,3612,0.5246231155778894,2501,False,selective,0.5,0.7563676633444075,2617,R3,0.11538461538461539,0.009045226130653266
0.7796234772978959,0.6557788944723618,0.9849056603773585,0.023255813953488372,0.6319290619205913,0.26827242524916944,banking77_open,0,0.7563676633444075,0.10164310278945357,0.5263804704848031,0.5246231155778894,0.5326633165829145,995,796,0.075,0.021040974529346623,0.9299910301114126,0.85842087779363,0.8654518682127738,0.8348721590909091,0.8983568972105465,,3612,0.5246231155778894,2501,False,selective,0.5,0.7563676633444075,2617,R3,0.11538461538461539,0.008040201005025126
0.7829457364341085,0.6619897959183674,0.9885714285714285,0.026578073089700997,0.6332743259519252,0.26827242524916944,banking77_open,0,0.7563676633444075,0.09896828429499427,0.5236810865354191,0.521608040201005,0.5276381909547738,995,784,0.1,0.021040974529346623,0.9299910301114126,0.85842087779363,0.8661157024793389,0.8338048090523338,0.9010317157050057,,3612,0.521608040201005,2501,False,selective,0.5,0.7563676633444075,2617,R3,0.11538461538461539,0.006030150753768844
0.79125138427464,0.6684350132625995,0.9921259842519685,0.03488372093023256,0.6403699031100739,0.26827242524916944,banking77_open,0,0.7563676633444075,0.09400076423385556,0.5106365212562546,0.5065326633165829,0.5105527638190954,995,754,0.15,0.021040974529346623,0.9299910301114126,0.85842087779363,0.8661187214611872,0.8296011196641008,0.9059992357661445,,3612,0.5065326633165829,2501,False,selective,0.5,0.7563676633444075,2617,R3,0.11538461538461539,0.004020100502512563
0.8192137320044297,0.7105666156202144,0.9893390191897654,0.013289036544850499,0.6481441422998241,0.20791805094130675,banking77_open,0,0.8059246954595792,0.07030951471150172,0.47499848507490006,0.4663316582914573,0.471356783919598,995,653,0.0,0.013289036544850499,0.9299910301114126,0.85842087779363,0.8726685796269728,0.8222372423115918,0.9296904852884983,,3612,0.4663316582914573,2501,False,selective,0.55,0.8059246954595792,2617,R3,0.07692307692307693,0.005025125628140704
0.8197674418604651,0.7112135176651305,0.9893162393162394,0.013842746400885935,0.6486204939160234,0.20791805094130675,banking77_open,0,0.8059246954595792,0.06992739778372183,0.4737164337928488,0.4653266331658292,0.47035175879396984,995,651,0.025,0.013289036544850499,0.9299910301114126,0.85842087779363,0.8727142344926498,0.8220195879770348,0.9300726022162782,,3612,0.4653266331658292,2501,False,selective,0.55,0.8059246954595792,2617,R3,0.07692307692307693,0.005025125628140704
0.8197674418604651,0.7112135176651305,0.9893162393162394,0.013842746400885935,0.6486204939160234,0.20791805094130675,banking77_open,0,0.8059246954595792,0.06992739778372183,0.4737164337928488,0.4653266331658292,0.47035175879396984,995,651,0.05,0.013289036544850499,0.9299910301114126,0.85842087779363,0.8727142344926498,0.8220195879770348,0.9300726022162782,,3612,0.4653266331658292,2501,False,selective,0.55,0.8059246954595792,2617,R3,0.07692307692307693,0.005025125628140704
0.8203211517165006,0.711864406779661,0.9892933618843683,0.014396456256921373,0.6491172803441921,0.20791805094130675,banking77_open,0,0.8059246954595792,0.06954528085594192,0.47291515174156673,0.464321608040201,0.46934673366834173,995,649,0.075,0.013289036544850499,0.9299910301114126,0.85842087779363,0.8727598566308243,0.8218022274721566,0.9304547191440581,,3612,0.464321608040201,2501,False,selective,0.55,0.8059246954595792,2617,R3,0.07692307692307693,0.005025125628140704
0.8222591362126246,0.7149532710280374,0.9935064935064936,0.016334440753045402,0.6507783571371412,0.20791805094130675,banking77_open,0,0.8059246954595792,0.06878104700038212,0.4697570195511765,0.46130653266331656,0.464321608040201,995,642,0.1,0.013289036544850499,0.9299910301114126,0.85842087779363,0.8723823160909253,0.8205387205387206,0.9312189529996179,,3612,0.46130653266331656,2501,False,selective,0.55,0.8059246954595792,2617,R3,0.07692307692307693,0.003015075376884422
0.8258582502768549,0.7154213036565977,0.9933774834437086,0.019933554817275746,0.6555221973080178,0.20791805094130675,banking77_open,0,0.8059246954595792,0.06725257928926251,0.4620362669327812,0.45226130653266333,0.4552763819095477,995,629,0.15,0.013289036544850499,0.9299910301114126,0.85842087779363,0.8717857142857144,0.8183037210861549,0.9327474207107375,,3612,0.45226130653266333,2501,False,selective,0.55,0.8059246954595792,2617,R3,0.038461538461538464,0.003015075376884422
0.8596345514950167,0.7652859960552268,0.9923273657289002,0.008859357696566999,0.6799160500996475,0.1583610188261351,banking77_open,0,0.8507751937984496,0.04432556362246848,0.40234099223501774,0.38994974874371857,0.392964824120603,995,507,0.0,0.008859357696566999,0.9299910301114126,0.85842087779363,0.8741698706745893,0.8054750402576489,0.9556744363775316,,3612,0.38994974874371857,2501,False,selective,0.6,0.8507751937984496,2617,R3,0.07692307692307693,0.003015075376884422
0.8596345514950167,0.7652859960552268,0.9923273657289002,0.008859357696566999,0.6799160500996475,0.1583610188261351,banking77_open,0,0.8507751937984496,0.04432556362246848,0.40234099223501774,0.38994974874371857,0.392964824120603,995,507,0.025,0.008859357696566999,0.9299910301114126,0.85842087779363,0.8741698706745893,0.8054750402576489,0.9556744363775316,,3612,0.38994974874371857,2501,False,selective,0.6,0.8507751937984496,2617,R3,0.07692307692307693,0.003015075376884422
0.8599114064230343,0.7648221343873518,0.9923076923076923,0.009136212624584718,0.6804792055265712,0.1583610188261351,banking77_open,0,0.8507751937984496,0.04432556362246848,0.4015397101837357,0.38894472361809046,0.39195979899497485,995,506,0.05,0.008859357696566999,0.9299910301114126,0.85842087779363,0.8740171238860737,0.8052157115260785,0.9556744363775316,,3612,0.38894472361809046,2501,False,selective,0.6,0.8507751937984496,2617,R3,0.07692307692307693,0.003015075376884422
0.8601882613510521,0.7643564356435644,0.9922879177377892,0.009413067552602437,0.6810308834621248,0.1583610188261351,banking77_open,0,0.8507751937984496,0.04432556362246848,0.400031414557793,0.3879396984924623,0.39095477386934674,995,505,0.075,0.008859357696566999,0.9299910301114126,0.85842087779363,0.8738644304682041,0.8049565497264242,0.9556744363775316,,3612,0.3879396984924623,2501,False,selective,0.6,0.8507751937984496,2617,R3,0.07692307692307693,0.003015075376884422
0.8610188261351052,0.7649402390438247,0.9948186528497409,0.010243632336655593,0.6822082311916791,0.1583610188261351,banking77_open,0,0.8507751937984496,0.04432556362246848,0.39803878353290395,0.385929648241206,0.3879396984924623,995,502,0.1,0.008859357696566999,0.9299910301114126,0.85842087779363,0.8734066701588966,0.8041800643086817,0.9556744363775316,,3612,0.385929648241206,2501,False,selective,0.6,0.8507751937984496,2617,R3,0.07692307692307693,0.0020100502512562816
0.8624031007751938,0.7625754527162978,0.994750656167979,0.011627906976744186,0.6851240755016441,0.1583610188261351,banking77_open,0,0.8507751937984496,0.04432556362246848,0.3937296655761433,0.38090452261306534,0.3829145728643216,995,497,0.15,0.008859357696566999,0.9299910301114126,0.85842087779363,0.8726448011165389,0.8028892455858748,0.9556744363775316,,3612,0.38090452261306534,2501,False,selective,0.6,0.8507751937984496,2617,R3,0.038461538461538464,0.0020100502512562816
0.8923034330011074,0.8174807197943444,0.9875776397515528,0.004152823920265781,0.7129940438265086,0.11600221483942415,banking77_open,0,0.8881506090808416,0.025601834161253344,0.33210903785421547,0.31959798994974875,0.3236180904522613,995,389,0.0,0.004152823920265781,0.9299910301114126,0.85842087779363,0.8732876712328765,0.7911883338504498,0.9743981658387466,,3612,0.31959798994974875,2501,False,selective,0.65,0.8881506090808416,2617,R3,0.07692307692307693,0.004020100502512563
0.8923034330011074,0.8174807197943444,0.9875776397515528,0.004152823920265781,0.7129940438265086,0.11600221483942415,banking77_open,0,0.8881506090808416,0.025601834161253344,0.33210903785421547,0.31959798994974875,0.3236180904522613,995,389,0.025,0.004152823920265781,0.9299910301114126,0.85842087779363,0.8732876712328765,0.7911883338504498,0.9743981658387466,,3612,0.31959798994974875,2501,False,selective,0.65,0.8881506090808416,2617,R3,0.07692307692307693,0.004020100502512563
0.8923034330011074,0.8174807197943444,0.9875776397515528,0.004152823920265781,0.7129940438265086,0.11600221483942415,banking77_open,0,0.8881506090808416,0.025601834161253344,0.33210903785421547,0.31959798994974875,0.3236180904522613,995,389,0.05,0.004152823920265781,0.9299910301114126,0.85842087779363,0.8732876712328765,0.7911883338504498,0.9743981658387466,,3612,0.31959798994974875,2501,False,selective,0.65,0.8881506090808416,2617,R3,0.07692307692307693,0.004020100502512563
0.8925802879291251,0.8170103092783505,0.9875389408099688,0.004429678848283499,0.7137025578103552,0.11600221483942415,banking77_open,0,0.8881506090808416,0.025601834161253344,0.3301366512664443,0.3185929648241206,0.32261306532663314,995,388,0.075,0.004152823920265781,0.9299910301114126,0.85842087779363,0.8731381612737545,0.7909429280397022,0.9743981658387466,,3612,0.3185929648241206,2501,False,selective,0.65,0.8881506090808416,2617,R3,0.07692307692307693,0.004020100502512563
0.893687707641196,0.8203125,0.9936908517350158,0.005537098560354375,0.7150696429371737,0.11600221483942415,banking77_open,0,0.8881506090808416,0.025601834161253344,0.32743166394607237,0.3165829145728643,0.3185929648241206,995,384,0.1,0.004152823920265781,0.9299910301114126,0.85842087779363,0.8725406330196749,0.7899628252788105,0.9743981658387466,,3612,0.3165829145728643,2501,False,selective,0.65,0.8881506090808416,2617,R3,0.07692307692307693,0.0020100502512562816
0.8942414174972314,0.819371727748691,0.9936507936507937,0.006090808416389812,0.7163552877572366,0.11600221483942415,banking77_open,0,0.8881506090808416,0.025601834161253344,0.32561834079279883,0.314572864321608,0.3165829145728643,995,382,0.15,0.004152823920265781,0.9299910301114126,0.85842087779363,0.8722421754746024,0.7894736842105263,0.9743981658387466,,3612,0.314572864321608,2501,False,selective,0.65,0.8881506090808416,2617,R3,0.038461538461538464,0.0020100502512562816
0.916389811738649,0.8807947019867549,0.9888475836431226,0.0016611295681063123,0.7417109527521167,0.08693244739756367,banking77_open,0,0.9147286821705426,0.012609858616736722,0.2789445180166066,0.26733668341708544,0.27035175879396983,995,302,0.0,0.0016611295681063123,0.9299910301114126,0.85842087779363,0.8719419605196558,0.7806646525679758,0.9873901413832633,,3612,0.26733668341708544,2501,False,selective,0.7,0.9147286821705426,2617,R3,0.038461538461538464,0.003015075376884422
0.916389811738649,0.8807947019867549,0.9888475836431226,0.0016611295681063123,0.7417109527521167,0.08693244739756367,banking77_open,0,0.9147286821705426,0.012609858616736722,0.2789445180166066,0.26733668341708544,0.27035175879396983,995,302,0.025,0.0016611295681063123,0.9299910301114126,0.85842087779363,0.8719419605196558,0.7806646525679758,0.9873901413832633,,3612,0.26733668341708544,2501,False,selective,0.7,0.9147286821705426,2617,R3,0.038461538461538464,0.003015075376884422
0.916389811738649,0.8807947019867549,0.9888475836431226,0.0016611295681063123,0.7417109527521167,0.08693244739756367,banking77_open,0,0.9147286821705426,0.012609858616736722,0.2789445180166066,0.26733668341708544,0.27035175879396983,995,302,0.05,0.0016611295681063123,0.9299910301114126,0.85842087779363,0.8719419605196558,0.7806646525679758,0.9873901413832633,,3612,0.26733668341708544,2501,False,selective,0.7,0.9147286821705426,2617,R3,0.038461538461538464,0.003015075376884422
0.9166666666666666,0.8803986710963455,0.9888059701492538,0.001937984496124031,0.7424194667359634,0.08693244739756367,banking77_open,0,0.9147286821705426,0.012609858616736722,0.27697213142883537,0.2663316582914573,0.2693467336683417,995,301,0.075,0.0016611295681063123,0.9299910301114126,0.85842087779363,0.8717948717948717,0.7804288734521293,0.9873901413832633,,3612,0.2663316582914573,2501,False,selective,0.7,0.9147286821705426,2617,R3,0.038461538461538464,0.003015075376884422
0.917220376522702,0.882943143812709,0.9924812030075187,0.0024916943521594683,0.7431107016860885,0.08693244739756367,banking77_open,0,0.9147286821705426,0.012609858616736722,0.27623953069623464,0.26532663316582916,0.26733668341708544,995,299,0.1,0.0016611295681063123,0.9299910301114126,0.85842087779363,0.8715008431703204,0.7799577422275883,0.9873901413832633,,3612,0.26532663316582916,2501,False,selective,0.7,0.9147286821705426,2617,R3,0.038461538461538464,0.0020100502512562816
0.9177740863787376,0.8821548821548821,0.9924242424242424,0.003045404208194906,0.7448849228547161,0.08693244739756367,banking77_open,0,0.9147286821705426,0.012609858616736722,0.274700150124596,0.2633165829145729,0.26532663316582916,995,297,0.15,0.0016611295681063123,0.9299910301114126,0.85842087779363,0.871207012811868,0.7794871794871795,0.9873901413832633,,3612,0.2633165829145729,2501,False,selective,0.7,0.9147286821705426,2617,R3,0.038461538461538464,0.0020100502512562816
0.9404761904761905,0.9069767441860465,0.9898477157360406,0.0005537098560354374,0.7916794426887702,0.0606312292358804,banking77_open,0,0.939922480620155,0.006878104700038212,0.20590736084477967,0.19597989949748743,0.19798994974874373,995,215,0.0,0.0005537098560354374,0.9299910301114126,0.85842087779363,0.8643165946125707,0.7650868413305858,0.9931218952999618,,3612,0.19597989949748743,2501,False,selective,0.75,0.939922480620155,2617,R3,0.0,0.0020100502512562816
0.9404761904761905,0.9069767441860465,0.9898477157360406,0.0005537098560354374,0.7916794426887702,0.0606312292358804,banking77_open,0,0.939922480620155,0.006878104700038212,0.20590736084477967,0.19597989949748743,0.19798994974874373,995,215,0.025,0.0005537098560354374,0.9299910301114126,0.85842087779363,0.8643165946125707,0.7650868413305858,0.9931218952999618,,3612,0.19597989949748743,2501,False,selective,0.75,0.939922480620155,2617,R3,0.0,0.0020100502512562816
0.9407530454042082,0.9112149532710281,0.9948979591836735,0.0008305647840531562,0.7916794426887702,0.0606312292358804,banking77_open,0,0.939922480620155,0.006878104700038212,0.20590736084477967,0.19597989949748743,0.19698492462311556,995,214,0.05,0.0005537098560354374,0.9299910301114126,0.85842087779363,0.8641729010806317,0.764861683343143,0.9931218952999618,,3612,0.19597989949748743,2501,False,selective,0.75,0.939922480620155,2617,R3,0.0,0.0010050251256281408
0.9407530454042082,0.9112149532710281,0.9948979591836735,0.0008305647840531562,0.7916794426887702,0.0606312292358804,banking77_open,0,0.939922480620155,0.006878104700038212,0.20590736084477967,0.19597989949748743,0.19698492462311556,995,214,0.075,0.0005537098560354374,0.9299910301114126,0.85842087779363,0.8641729010806317,0.764861683343143,0.9931218952999618,,3612,0.19597989949748743,2501,False,selective,0.75,0.939922480620155,2617,R3,0.0,0.0010050251256281408
0.9410299003322259,0.9107981220657277,0.9948717948717949,0.0011074197120708748,0.7925347148996352,0.0606312292358804,banking77_open,0,0.939922480620155,0.006878104700038212,0.2046253095627284,0.19497487437185929,0.19597989949748743,995,213,0.1,0.0005537098560354374,0.9299910301114126,0.85842087779363,0.8640292553191489,0.7646366578405414,0.9931218952999618,,3612,0.19497487437185929,2501,False,selective,0.75,0.939922480620155,2617,R3,0.0,0.0010050251256281408
0.9418604651162791,0.9095238095238095,0.9947916666666666,0.001937984496124031,0.7953453793849979,0.0606312292358804,banking77_open,0,0.939922480620155,0.006878104700038212,0.20225879913170183,0.19195979899497487,0.192964824120603,995,210,0.15,0.0005537098560354374,0.9299910301114126,0.85842087779363,0.8635986044193388,0.7639623750734862,0.9931218952999618,,3612,0.19195979899497487,2501,False,selective,0.75,0.939922480620155,2617,R3,0.0,0.0010050251256281408
0.9573643410852714,0.948051948051948,1.0,0.0,0.8306262291885546,0.04263565891472868,banking77_open,0,0.9573643410852714,0.003056935422239205,0.15538440636091927,0.14673366834170853,0.14673366834170853,995,154,0.0,0.0,0.9299910301114126,0.85842087779363,0.8589300411522633,0.7544823597455177,0.9969430645777608,,3612,0.14673366834170853,2501,True,selective,0.8,0.9573643410852714,2617,R3,0.0,0.0
0.9573643410852714,0.948051948051948,1.0,0.0,0.8306262291885546,0.04263565891472868,banking77_open,0,0.9573643410852714,0.003056935422239205,0.15538440636091927,0.14673366834170853,0.14673366834170853,995,154,0.025,0.0,0.9299910301114126,0.85842087779363,0.8589300411522633,0.7544823597455177,0.9969430645777608,,3612,0.14673366834170853,2501,False,selective,0.8,0.9573643410852714,2617,R3,0.0,0.0
0.9573643410852714,0.948051948051948,1.0,0.0,0.8306262291885546,0.04263565891472868,banking77_open,0,0.9573643410852714,0.003056935422239205,0.15538440636091927,0.14673366834170853,0.14673366834170853,995,154,0.05,0.0,0.9299910301114126,0.85842087779363,0.8589300411522633,0.7544823597455177,0.9969430645777608,,3612,0.14673366834170853,2501,False,selective,0.8,0.9573643410852714,2617,R3,0.0,0.0
0.9573643410852714,0.948051948051948,1.0,0.0,0.8306262291885546,0.04263565891472868,banking77_open,0,0.9573643410852714,0.003056935422239205,0.15538440636091927,0.14673366834170853,0.14673366834170853,995,154,0.075,0.0,0.9299910301114126,0.85842087779363,0.8589300411522633,0.7544823597455177,0.9969430645777608,,3612,0.14673366834170853,2501,False,selective,0.8,0.9573643410852714,2617,R3,0.0,0.0
0.9573643410852714,0.948051948051948,1.0,0.0,0.8306262291885546,0.04263565891472868,banking77_open,0,0.9573643410852714,0.003056935422239205,0.15538440636091927,0.14673366834170853,0.14673366834170853,995,154,0.1,0.0,0.9299910301114126,0.85842087779363,0.8589300411522633,0.7544823597455177,0.9969430645777608,,3612,0.14673366834170853,2501,False,selective,0.8,0.9573643410852714,2617,R3,0.0,0.0
0.9579180509413068,0.9473684210526315,1.0,0.0005537098560354374,0.8325799333232474,0.04263565891472868,banking77_open,0,0.9573643410852714,0.003056935422239205,0.15384502578928064,0.14472361809045226,0.14472361809045226,995,152,0.15,0.0,0.9299910301114126,0.85842087779363,0.8586473588941913,0.7540462427745664,0.9969430645777608,,3612,0.14472361809045226,2501,False,selective,0.8,0.9573643410852714,2617,R3,0.0,0.0
,,,,,,banking77_closed,,,,,0.8968565815324165,,,,,,,,,,,0.001,,,2501,,R0,,,,,,
,,,,,,banking77_closed,,,,,0.8904715127701375,,,,,,,,,,,0.01,,,2501,,R0,,,,,,
,,,,,,banking77_closed,,,,,0.8786836935166994,,,,,,,,,,,0.1,,,2501,,R0,,,,,,
,,,,,,banking77_closed,,,,,0.8354616895874263,,,,,,,0.0,,,,0.0001,,,2501,,R2,,,,,,
,,,,,,banking77_closed,,,,,0.8359528487229863,,,,,,,0.0,,,,0.001,,,2501,,R2,,,,,,
,,,,,,banking77_closed,,,,,0.8364440078585462,,,,,,,0.0,,,,0.01,,,2501,,R2,,,,,,
,,,,,,banking77_closed,,,,,0.8379174852652259,,,,,,,0.0,,,,0.1,,,2501,,R2,,,,,,
,,,,,,clinc150,,,,,0.992,,,,,,,,,,,0.001,,,2502,,R0,,,,,,
,,,,,,clinc150,,,,,0.992,,,,,,,,,,,0.01,,,2502,,R0,,,,,,
,,,,,,clinc150,,,,,0.99,,,,,,,,,,,0.1,,,2502,,R0,,,,,,
,,,,,,clinc150,,,,,0.981,,,,,,,0.9284052380952381,,,,0.0001,,,2502,,R2,,,,,,
,,,,,,clinc150,,,,,0.982,,,,,,,0.9284309523809524,,,,0.001,,,2502,,R2,,,,,,
,,,,,,clinc150,,,,,0.982,,,,,,,0.9285983333333333,,,,0.01,,,2502,,R2,,,,,,
,,,,,,clinc150,,,,,0.983,,,,,,,0.9272785714285714,,,,0.1,,,2502,,R2,,,,,,
0.40419354838709676,0.5219274499187873,0.9877049180327869,0.0,0.3735457142872,0.5958064516129032,clinc150,0,0.40419354838709676,0.4147619047619048,0.964,0.964,0.976,1000,1847,0.0,0.0,0.9636889904127679,0.9272785714285714,0.7330748583358185,0.9808459696727854,0.5852380952380952,,3100,0.964,2502,False,selective,0.2,0.40419354838709676,2100,MAX_THRESHOLD,0.65,0.012
0.46225806451612905,0.5650869826034793,0.9884575026232949,0.0,0.3776207582619186,0.537741935483871,clinc150,0,0.46225806451612905,0.34,0.942,0.942,0.953,1000,1667,0.0,0.0,0.9636889904127679,0.9272785714285714,0.7846023209736767,0.9672016748080949,0.66,,3100,0.942,2502,False,selective,0.25,0.46225806451612905,2100,MAX_THRESHOLD,0.55,0.011
0.525483870967742,0.6227056424201224,0.9881337648327939,0.0,0.38338289956963145,0.47451612903225804,clinc150,0,0.525483870967742,0.259047619047619,0.916,0.916,0.927,1000,1471,0.0,0.0,0.9636889904127679,0.9272785714285714,0.8345400911772592,0.9551872314303254,0.7409523809523809,,3100,0.916,2502,False,selective,0.3,0.525483870967742,2100,MAX_THRESHOLD,0.4,0.011
0.5841935483870968,0.682699767261443,0.9898762654668166,0.0,0.3928773835975256,0.41580645161290325,clinc150,0,0.5841935483870968,0.19047619047619047,0.88,0.88,0.889,1000,1289,0.0,0.0,0.9636889904127679,0.9272785714285714,0.8693428790590642,0.9387078961899503,0.8095238095238095,,3100,0.88,2502,False,selective,0.35,0.5841935483870968,2100,MAX_THRESHOLD,0.3,0.009
0.6403225806451613,0.7426008968609865,0.9916167664670659,0.0,0.4089269146304989,0.3596774193548387,clinc150,0,0.6403225806451613,0.13333333333333333,0.828,0.828,0.835,1000,1115,0.0,0.0,0.9636889904127679,0.9272785714285714,0.8910648714810282,0.9168765743073047,0.8666666666666667,,3100,0.828,2502,True,selective,0.4,0.6403225806451613,2100,MAX_THRESHOLD,0.2,0.007
0.6893548387096774,0.7923156801661475,0.990909090909091,0.0,0.43191099193136395,0.3106451612903226,clinc150,0,0.6893548387096774,0.0919047619047619,0.763,0.763,0.77,1000,963,0.0,0.0,0.9636889904127679,0.9272785714285714,0.9001652112343639,0.8923724847917641,0.9080952380952381,,3100,0.763,2502,False,selective,0.45,0.6893548387096774,2100,MAX_THRESHOLD,0.1,0.007
0.7354838709677419,0.8451219512195122,0.994261119081779,0.0,0.4602851699880515,0.2645161290322581,clinc150,0,0.7354838709677419,0.05857142857142857,0.6930000000000001,0.693,0.697,1000,820,0.0,0.0,0.9636889904127679,0.9272785714285714,0.9027397260273972,0.8671052631578947,0.9414285714285714,,3100,0.693,2502,False,selective,0.5,0.7354838709677419,2100,MAX_THRESHOLD,0.1,0.004
0.7719354838709678,0.85997171145686,0.9950900163666121,0.0,0.49878353939096387,0.22806451612903225,clinc150,0,0.7719354838709678,0.045714285714285714,0.608,0.608,0.611,1000,707,0.0,0.0,0.9636889904127679,0.9272785714285714,0.8920543066993101,0.8374425407438362,0.9542857142857143,,3100,0.608,2502,False,selective,0.55,0.7719354838709678,2100,MAX_THRESHOLD,0.05,0.003
0.8145161290322581,0.8834782608695653,0.9941291585127201,0.0,0.5497658875338928,0.18548387096774194,clinc150,0,0.8145161290322581,0.030476190476190476,0.508,0.508,0.511,1000,575,0.0,0.0,0.9636889904127679,0.9272785714285714,0.8804324324324324,0.8063366336633664,0.9695238095238096,,3100,0.508,2502,False,selective,0.6,0.8145161290322581,2100,MAX_THRESHOLD,0.0,0.003
0.8464516129032258,0.9033613445378151,0.9976798143851509,0.0,0.5944006354780498,0.15354838709677418,clinc150,0,0.8464516129032258,0.02142857142857143,0.43,0.43,0.431,1000,476,0.0,0.0,0.9636889904127679,0.9272785714285714,0.8700254022015241,0.7831554878048781,0.9785714285714285,,3100,0.43,2502,False,selective,0.65,0.8464516129032258,2100,MAX_THRESHOLD,0.0,0.001
0.8809677419354839,0.9214092140921409,1.0,0.0,0.6523591260376961,0.11903225806451613,clinc150,0,0.8809677419354839,0.01380952380952381,0.34,0.34,0.34,1000,369,0.0,0.0,0.9636889904127679,0.9272785714285714,0.8573794245497827,0.7583302819480044,0.9861904761904762,,3100,0.34,2502,False,selective,0.7,0.8809677419354839,2100,MAX_THRESHOLD,0.0,0.0
0.9064516129032258,0.9344827586206896,1.0,0.0,0.7023143848748773,0.0935483870967742,clinc150,0,0.9064516129032258,0.009047619047619047,0.271,0.271,0.271,1000,290,0.0,0.0,0.9636889904127679,0.9272785714285714,0.8476578411405294,0.7405693950177936,0.9909523809523809,,3100,0.271,2502,False,selective,0.75,0.9064516129032258,2100,MAX_THRESHOLD,0.0,0.0
0.9280645161290323,0.9551569506726457,1.0,0.0,0.7491083246785725,0.07193548387096774,clinc150,0,0.9280645161290323,0.004761904761904762,0.213,0.213,0.213,1000,223,0.0,0.0,0.9636889904127679,0.9272785714285714,0.8398633715089411,0.7264511644073688,0.9952380952380953,,3100,0.213,2502,False,selective,0.8,0.9280645161290323,2100,MAX_THRESHOLD,0.0,0.0
0.68,0.5493951612903226,0.9981684981684982,0.27580645161290324,0.6962362657840415,1.0351612903225806,clinc150,0,0.40419354838709676,0.2123809523809524,0.545,0.545,0.546,1000,992,0.0,0.27580645161290324,0.9636889904127679,0.9272785714285714,0.7861216730038023,0.784629981024668,0.7876190476190477,,3100,0.545,2502,False,selective,0.2,0.40419354838709676,2100,R3,0.0,0.001
0.6809677419354838,0.5510616784630941,0.9981684981684982,0.2767741935483871,0.6962362657840415,1.0351612903225806,clinc150,0,0.40419354838709676,0.21095238095238095,0.545,0.545,0.546,1000,989,0.025,0.27580645161290324,0.9636889904127679,0.9272785714285714,0.7869864640227975,0.7849360492657508,0.789047619047619,,3100,0.545,2502,False,selective,0.2,0.40419354838709676,2100,R3,0.0,0.001
0.6864516129032258,0.5606995884773662,0.9981684981684982,0.28225806451612906,0.6962362657840415,1.0351612903225806,clinc150,0,0.40419354838709676,0.20285714285714285,0.545,0.545,0.546,1000,972,0.05,0.27580645161290324,0.9636889904127679,0.9272785714285714,0.7918637653736992,0.7866541353383458,0.7971428571428572,,3100,0.545,2502,False,selective,0.2,0.40419354838709676,2100,R3,0.0,0.001
0.6980645161290323,0.5801282051282052,1.0,0.2938709677419355,0.6965832627226713,1.0351612903225806,clinc150,0,0.40419354838709676,0.18714285714285714,0.543,0.543,0.543,1000,936,0.075,0.27580645161290324,0.9636889904127679,0.9272785714285714,0.800656660412758,0.7888170055452866,0.8128571428571428,,3100,0.543,2502,False,selective,0.2,0.40419354838709676,2100,R3,0.0,0.0
0.7074193548387097,0.597574421168688,1.0,0.3032258064516129,0.6967821808312504,1.0351612903225806,clinc150,0,0.40419354838709676,0.1738095238095238,0.542,0.542,0.542,1000,907,0.1,0.27580645161290324,0.9636889904127679,0.9272785714285714,0.8082925692988585,0.7911536707706338,0.8261904761904761,,3100,0.542,2502,False,selective,0.2,0.40419354838709676,2100,R3,0.0,0.0
0.73,0.6415770609318996,1.0,0.3258064516129032,0.6978409051656338,1.0351612903225806,clinc150,0,0.40419354838709676,0.14285714285714285,0.537,0.537,0.537,1000,837,0.15,0.27580645161290324,0.9636889904127679,0.9272785714285714,0.825120330048132,0.7954043305346885,0.8571428571428571,,3100,0.537,2502,False,selective,0.2,0.40419354838709676,2100,R3,0.0,0.0
0.6609677419354839,0.5756422454804948,1.0,0.19870967741935483,0.6509541128668196,0.805483870967742,clinc150,0,0.46225806451612905,0.2123809523809524,0.605,0.605,0.605,1000,1051,0.0,0.19870967741935483,0.9636889904127679,0.9272785714285714,0.797300554350446,0.8072230356271352,0.7876190476190477,,3100,0.605,2502,False,selective,0.25,0.46225806451612905,2100,R3,0.0,0.0
0.6638709677419354,0.5806142034548945,1.0,0.20161290322580644,0.6509541128668196,0.805483870967742,clinc150,0,0.46225806451612905,0.20809523809523808,0.605,0.605,0.605,1000,1042,0.025,0.19870967741935483,0.9636889904127679,0.9272785714285714,0.7999037999037998,0.8080660835762876,0.7919047619047619,,3100,0.605,2502,False,selective,0.25,0.46225806451612905,2100,R3,0.0,0.0
0.6693548387096774,0.5892682926829268,1.0,0.20709677419354838,0.6511694402682596,0.805483870967742,clinc150,0,0.46225806451612905,0.20047619047619047,0.604,0.604,0.604,1000,1025,0.05,0.19870967741935483,0.9636889904127679,0.9272785714285714,0.8043113772455089,0.809156626506024,0.7995238095238095,,3100,0.604,2502,False,selective,0.25,0.46225806451612905,2100,R3,0.0,0.0
0.6793548387096774,0.6056338028169014,1.0,0.2170967741935484,0.6516388378506213,0.805483870967742,clinc150,0,0.46225806451612905,0.18666666666666668,0.602,0.602,0.602,1000,994,0.075,0.19870967741935483,0.9636889904127679,0.9272785714285714,0.8121730860675226,0.8110161443494777,0.8133333333333334,,3100,0.602,2502,False,selective,0.25,0.46225806451612905,2100,R3,0.0,0.0
0.687741935483871,0.6208677685950413,1.0,0.22548387096774195,0.6518810096398272,0.805483870967742,clinc150,0,0.46225806451612905,0.17476190476190476,0.601,0.601,0.601,1000,968,0.1,0.19870967741935483,0.9636889904127679,0.9272785714285714,0.8189981096408318,0.8128517823639775,0.8252380952380952,,3100,0.601,2502,False,selective,0.25,0.46225806451612905,2100,R3,0.0,0.0
0.7129032258064516,0.6685393258426966,1.0,0.2506451612903226,0.6534229310626302,0.805483870967742,clinc150,0,0.46225806451612905,0.14047619047619048,0.595,0.595,0.595,1000,890,0.15,0.19870967741935483,0.9636889904127679,0.9272785714285714,0.8375870069605569,0.8167420814479638,0.8595238095238096,,3100,0.595,2502,False,selective,0.25,0.46225806451612905,2100,R3,0.0,0.0
0.6590322580645162,0.6281929990539262,1.0,0.1335483870967742,0.6024720336633483,0.6332258064516129,clinc150,0,0.525483870967742,0.18714285714285714,0.664,0.664,0.664,1000,1057,0.0,0.1335483870967742,0.9636889904127679,0.9272785714285714,0.824040550325851,0.8355359765051396,0.8128571428571428,,3100,0.664,2502,False,selective,0.3,0.525483870967742,2100,R3,0.0,0.0
0.6609677419354839,0.6317792578496669,1.0,0.13548387096774195,0.6024720336633483,0.6332258064516129,clinc150,0,0.525483870967742,0.18428571428571427,0.664,0.664,0.664,1000,1051,0.025,0.1335483870967742,0.9636889904127679,0.9272785714285714,0.8257411424439624,0.83601756954612,0.8157142857142857,,3100,0.664,2502,False,selective,0.3,0.525483870967742,2100,R3,0.0,0.0
0.6648387096774193,0.6381135707410972,1.0,0.1393548387096774,0.6027318731104823,0.6332258064516129,clinc150,0,0.525483870967742,0.17904761904761904,0.663,0.663,0.663,1000,1039,0.05,0.1335483870967742,0.9636889904127679,0.9272785714285714,0.8286469598654169,0.8364871421639981,0.820952380952381,,3100,0.663,2502,False,selective,0.3,0.525483870967742,2100,R3,0.0,0.0
0.6706451612903226,0.6483839373163565,1.0,0.14516129032258066,0.6030166318426589,0.6332258064516129,clinc150,0,0.525483870967742,0.17095238095238094,0.662,0.662,0.662,1000,1021,0.075,0.1335483870967742,0.9636889904127679,0.9272785714285714,0.8332136874850443,0.8374218374218374,0.829047619047619,,3100,0.662,2502,False,selective,0.3,0.525483870967742,2100,R3,0.0,0.0
0.6780645161290323,0.6613226452905812,1.0,0.15258064516129033,0.6035483770896701,0.6332258064516129,clinc150,0,0.525483870967742,0.16095238095238096,0.66,0.66,0.66,1000,998,0.1,0.1335483870967742,0.9636889904127679,0.9272785714285714,0.8386482627320323,0.8382492863939106,0.839047619047619,,3100,0.66,2502,False,selective,0.3,0.525483870967742,2100,R3,0.0,0.0
0.6980645161290323,0.6987179487179487,1.0,0.17258064516129032,0.6053200779239347,0.6332258064516129,clinc150,0,0.525483870967742,0.13428571428571429,0.654,0.654,0.654,1000,936,0.15,0.1335483870967742,0.9636889904127679,0.9272785714285714,0.8527204502814258,0.8401109057301294,0.8657142857142858,,3100,0.654,2502,False,selective,0.3,0.525483870967742,2100,R3,0.0,0.0
0.6683870967741935,0.6819066147859922,0.9971550497866287,0.08419354838709678,0.5596785215724386,0.5083870967741936,clinc150,0,0.5841935483870968,0.15476190476190477,0.701,0.701,0.703,1000,1028,0.0,0.08419354838709678,0.9636889904127679,0.9272785714285714,0.8509108341323106,0.8566602316602316,0.8452380952380952,,3100,0.701,2502,False,selective,0.35,0.5841935483870968,2100,R3,0.0,0.002
0.6716129032258065,0.68762278978389,0.9985734664764622,0.08741935483870968,0.5599716892805552,0.5083870967741936,clinc150,0,0.5841935483870968,0.15095238095238095,0.7,0.7,0.701,1000,1018,0.025,0.08419354838709678,0.9636889904127679,0.9272785714285714,0.8527020564323289,0.856388088376561,0.849047619047619,,3100,0.7,2502,False,selective,0.35,0.5841935483870968,2100,R3,0.0,0.001
0.6770967741935484,0.6963036963036963,0.998567335243553,0.09290322580645162,0.5609275722397667,0.5083870967741936,clinc150,0,0.5841935483870968,0.1442857142857143,0.697,0.697,0.698,1000,1001,0.05,0.08419354838709678,0.9636889904127679,0.9272785714285714,0.8559180757323172,0.8561219628394473,0.8557142857142858,,3100,0.697,2502,False,selective,0.35,0.5841935483870968,2100,R3,0.0,0.001
0.6825806451612904,0.7042682926829268,1.0,0.09838709677419355,0.5622249492659999,0.5083870967741936,clinc150,0,0.5841935483870968,0.13857142857142857,0.693,0.693,0.693,1000,984,0.075,0.08419354838709678,0.9636889904127679,0.9272785714285714,0.8581593927893739,0.8549149338374291,0.8614285714285714,,3100,0.693,2502,False,selective,0.35,0.5841935483870968,2100,R3,0.0,0.0
0.6870967741935484,0.7134020618556701,1.0,0.10290322580645161,0.5625145227238051,0.5083870967741936,clinc150,0,0.5841935483870968,0.13238095238095238,0.692,0.692,0.692,1000,970,0.1,0.08419354838709678,0.9636889904127679,0.9272785714285714,0.861465721040189,0.8553990610328639,0.8676190476190476,,3100,0.692,2502,False,selective,0.35,0.5841935483870968,2100,R3,0.0,0.0
0.702258064516129,0.7367280606717227,1.0,0.11806451612903225,0.5668173621748743,0.5083870967741936,clinc150,0,0.5841935483870968,0.11571428571428571,0.68,0.68,0.68,1000,923,0.15,0.08419354838709678,0.9636889904127679,0.9272785714285714,0.8683656768763152,0.8530087276067984,0.8842857142857142,,3100,0.68,2502,False,selective,0.35,0.5841935483870968,2100,R3,0.0,0.0
0.6983870967741935,0.7411764705882353,0.9985590778097982,0.05806451612903226,0.5436429252834611,0.42161290322580647,clinc150,0,0.6403225806451613,0.11476190476190476,0.693,0.693,0.694,1000,935,0.0,0.05806451612903226,0.9636889904127679,0.9272785714285714,0.8717467760844079,0.8586605080831409,0.8852380952380953,,3100,0.693,2502,False,selective,0.4,0.6403225806451613,2100,R3,0.0,0.001
0.6990322580645161,0.7427652733118971,0.9985590778097982,0.05870967741935484,0.5436429252834611,0.42161290322580647,clinc150,0,0.6403225806451613,0.1138095238095238,0.693,0.693,0.694,1000,933,0.025,0.05806451612903226,0.9636889904127679,0.9272785714285714,0.8722756034684789,0.8587909552376557,0.8861904761904762,,3100,0.693,2502,False,selective,0.4,0.6403225806451613,2100,R3,0.0,0.001
0.7,0.7451612903225806,0.9985590778097982,0.05967741935483871,0.5436429252834611,0.42161290322580647,clinc150,0,0.6403225806451613,0.11238095238095239,0.693,0.693,0.694,1000,930,0.05,0.05806451612903226,0.9636889904127679,0.9272785714285714,0.8730679156908665,0.8589861751152074,0.8876190476190476,,3100,0.693,2502,False,selective,0.4,0.6403225806451613,2100,R3,0.0,0.001
0.7038709677419355,0.7527233115468409,1.0,0.0635483870967742,0.5443275125178286,0.42161290322580647,clinc150,0,0.6403225806451613,0.10809523809523809,0.691,0.691,0.691,1000,918,0.075,0.05806451612903226,0.9636889904127679,0.9272785714285714,0.8748248482017749,0.8583868010999084,0.8919047619047619,,3100,0.691,2502,False,selective,0.4,0.6403225806451613,2100,R3,0.0,0.0
0.7067741935483871,0.759075907590759,1.0,0.0664516129032258,0.5447259830269291,0.42161290322580647,clinc150,0,0.6403225806451613,0.10428571428571429,0.69,0.69,0.69,1000,909,0.1,0.05806451612903226,0.9636889904127679,0.9272785714285714,0.8767187135865765,0.8585120949338202,0.8957142857142857,,3100,0.69,2502,False,selective,0.4,0.6403225806451613,2100,R3,0.0,0.0
0.7187096774193549,0.7752293577981652,1.0,0.07838709677419355,0.5500879675399415,0.42161290322580647,clinc150,0,0.6403225806451613,0.09333333333333334,0.676,0.676,0.676,1000,872,0.15,0.05806451612903226,0.9636889904127679,0.9272785714285714,0.8798521256931607,0.8545780969479354,0.9066666666666666,,3100,0.676,2502,False,selective,0.4,0.6403225806451613,2100,R3,0.0,0.0
0.7225806451612903,0.7872093023255814,0.9970544918998527,0.0332258064516129,0.5282364275599694,0.3445161290322581,clinc150,0,0.6893548387096774,0.08619047619047619,0.677,0.677,0.679,1000,860,0.0,0.0332258064516129,0.9636889904127679,0.9272785714285714,0.8843317972350232,0.8566964285714286,0.9138095238095238,,3100,0.677,2502,False,selective,0.45,0.6893548387096774,2100,R3,0.1,0.002
0.7229032258064516,0.7881257275902211,0.9985250737463127,0.03354838709677419,0.5282364275599694,0.3445161290322581,clinc150,0,0.6893548387096774,0.08619047619047619,0.677,0.677,0.678,1000,859,0.025,0.0332258064516129,0.9636889904127679,0.9272785714285714,0.884128081087307,0.856314145470772,0.9138095238095238,,3100,0.677,2502,False,selective,0.45,0.6893548387096774,2100,R3,0.1,0.001
0.7251612903225807,0.7910798122065728,0.9985185185185185,0.035806451612903224,0.529487451385007,0.3445161290322581,clinc150,0,0.6893548387096774,0.08428571428571428,0.674,0.674,0.675,1000,852,0.05,0.0332258064516129,0.9636889904127679,0.9272785714285714,0.8845446182152714,0.8554270462633452,0.9157142857142857,,3100,0.674,2502,False,selective,0.45,0.6893548387096774,2100,R3,0.1,0.001
0.7287096774193549,0.7966706302021404,1.0,0.03935483870967742,0.5311933664200718,0.3445161290322581,clinc150,0,0.6893548387096774,0.08142857142857143,0.67,0.67,0.67,1000,841,0.075,0.0332258064516129,0.9636889904127679,0.9272785714285714,0.8850653819683413,0.8539176626826029,0.9185714285714286,,3100,0.67,2502,False,selective,0.45,0.6893548387096774,2100,R3,0.1,0.0
0.7306451612903225,0.8011976047904191,1.0,0.04129032258064516,0.5315918369291723,0.3445161290322581,clinc150,0,0.6893548387096774,0.07904761904761905,0.669,0.669,0.669,1000,835,0.1,0.0332258064516129,0.9636889904127679,0.9272785714285714,0.8861397479954182,0.8538631346578367,0.920952380952381,,3100,0.669,2502,False,selective,0.45,0.6893548387096774,2100,R3,0.1,0.0
0.7387096774193549,0.8123456790123457,1.0,0.04935483870967742,0.5365149023414086,0.3445161290322581,clinc150,0,0.6893548387096774,0.07238095238095238,0.658,0.658,0.658,1000,810,0.15,0.0332258064516129,0.9636889904127679,0.9272785714285714,0.8874715261958998,0.8506550218340612,0.9276190476190476,,3100,0.658,2502,False,selective,0.45,0.6893548387096774,2100,R3,0.1,0.0
0.7570967741935484,0.8459495351925631,0.9984326018808778,0.021612903225806453,0.5278876082770773,0.2864516129032258,clinc150,0,0.7354838709677419,0.05476190476190476,0.637,0.637,0.638,1000,753,0.0,0.021612903225806453,0.9636889904127679,0.9272785714285714,0.8927366764110637,0.8457605453770771,0.9452380952380952,,3100,0.637,2502,False,selective,0.5,0.7354838709677419,2100,R3,0.1,0.001
0.7577419354838709,0.8468708388814914,1.0,0.022258064516129033,0.5283192123682076,0.2864516129032258,clinc150,0,0.7354838709677419,0.05476190476190476,0.636,0.636,0.636,1000,751,0.025,0.021612903225806453,0.9636889904127679,0.9272785714285714,0.8923353562598337,0.8450404427415922,0.9452380952380952,,3100,0.636,2502,False,selective,0.5,0.7354838709677419,2100,R3,0.1,0.0
0.7577419354838709,0.8468708388814914,1.0,0.022258064516129033,0.5283192123682076,0.2864516129032258,clinc150,0,0.7354838709677419,0.05476190476190476,0.636,0.636,0.636,1000,751,0.05,0.021612903225806453,0.9636889904127679,0.9272785714285714,0.8923353562598337,0.8450404427415922,0.9452380952380952,,3100,0.636,2502,False,selective,0.5,0.7354838709677419,2100,R3,0.1,0.0
0.7590322580645161,0.8487282463186078,1.0,0.023548387096774193,0.5292454005630036,0.2864516129032258,clinc150,0,0.7354838709677419,0.05380952380952381,0.634,0.634,0.634,1000,747,0.075,0.021612903225806453,0.9636889904127679,0.9272785714285714,0.8924320682685829,0.8444538886527837,0.9461904761904761,,3100,0.634,2502,False,selective,0.5,0.7354838709677419,2100,R3,0.1,0.0
0.7596774193548387,0.8496644295302014,1.0,0.024193548387096774,0.5297814462485249,0.2864516129032258,clinc150,0,0.7354838709677419,0.05333333333333334,0.633,0.633,0.633,1000,745,0.1,0.021612903225806453,0.9636889904127679,0.9272785714285714,0.892480359147026,0.8441613588110404,0.9466666666666667,,3100,0.633,2502,False,selective,0.5,0.7354838709677419,2100,R3,0.1,0.0
0.7648387096774194,0.8573388203017832,1.0,0.02935483870967742,0.5336470164512678,0.2864516129032258,clinc150,0,0.7354838709677419,0.049523809523809526,0.625,0.625,0.625,1000,729,0.15,0.021612903225806453,0.9636889904127679,0.9272785714285714,0.8928651308432118,0.8418388865457613,0.9504761904761905,,3100,0.625,2502,False,selective,0.5,0.7354838709677419,2100,R3,0.1,0.0
0.7858064516129032,0.8629518072289156,1.0,0.013870967741935483,0.5452091053474216,0.24193548387096775,clinc150,0,0.7719354838709678,0.043333333333333335,0.573,0.573,0.573,1000,664,0.0,0.013870967741935483,0.9636889904127679,0.9272785714285714,0.8858024691358025,0.8247126436781609,0.9566666666666667,,3100,0.573,2502,False,selective,0.55,0.7719354838709678,2100,R3,0.05,0.0
0.7861290322580645,0.8627450980392157,1.0,0.014193548387096775,0.5457074307001148,0.24193548387096775,clinc150,0,0.7719354838709678,0.043333333333333335,0.572,0.572,0.572,1000,663,0.025,0.013870967741935483,0.9636889904127679,0.9272785714285714,0.8856072294467711,0.8243742306114075,0.9566666666666667,,3100,0.572,2502,False,selective,0.55,0.7719354838709678,2100,R3,0.05,0.0
0.7864516129032258,0.8625377643504532,1.0,0.014516129032258065,0.546197570733128,0.24193548387096775,clinc150,0,0.7719354838709678,0.043333333333333335,0.571,0.571,0.571,1000,662,0.05,0.013870967741935483,0.9636889904127679,0.9272785714285714,0.8854120758043191,0.8240360951599672,0.9566666666666667,,3100,0.571,2502,False,selective,0.55,0.7719354838709678,2100,R3,0.05,0.0
0.7867741935483871,0.8623298033282905,1.0,0.014838709677419355,0.5466853423224092,0.24193548387096775,clinc150,0,0.7719354838709678,0.043333333333333335,0.57,0.57,0.57,1000,661,0.075,0.013870967741935483,0.9636889904127679,0.9272785714285714,0.8852170081515751,0.8236982369823698,0.9566666666666667,,3100,0.57,2502,False,selective,0.55,0.7719354838709678,2100,R3,0.05,0.0
0.787741935483871,0.8632218844984803,1.0,0.015806451612903227,0.5477725837388301,0.24193548387096775,clinc150,0,0.7719354838709678,0.04285714285714286,0.568,0.568,0.568,1000,658,0.1,0.013870967741935483,0.9636889904127679,0.9272785714285714,0.8850726552179656,0.8230958230958231,0.9571428571428572,,3100,0.568,2502,False,selective,0.55,0.7719354838709678,2100,R3,0.05,0.0
0.7906451612903226,0.8674884437596302,1.0,0.01870967741935484,0.5504328685493922,0.24193548387096775,clinc150,0,0.7719354838709678,0.040952380952380955,0.563,0.563,0.563,1000,649,0.15,0.013870967741935483,0.9636889904127679,0.9272785714285714,0.8850802021533728,0.8217054263565892,0.959047619047619,,3100,0.563,2502,False,selective,0.55,0.7719354838709678,2100,R3,0.05,0.0
0.8241935483870968,0.8862385321100917,0.9979338842975206,0.00967741935483871,0.5859362656008972,0.19516129032258064,clinc150,0,0.8145161290322581,0.029047619047619048,0.483,0.483,0.484,1000,545,0.0,0.00967741935483871,0.9636889904127679,0.9272785714285714,0.876047261009667,0.7980430528375734,0.9709523809523809,,3100,0.483,2502,False,selective,0.6,0.8145161290322581,2100,R3,0.0,0.001
0.824516129032258,0.8878676470588235,0.9979338842975206,0.01,0.5859362656008972,0.19516129032258064,clinc150,0,0.8145161290322581,0.02857142857142857,0.483,0.483,0.484,1000,544,0.025,0.00967741935483871,0.9636889904127679,0.9272785714285714,0.8762886597938144,0.7981220657276995,0.9714285714285714,,3100,0.483,2502,False,selective,0.6,0.8145161290322581,2100,R3,0.0,0.001
0.8248387096774193,0.8876611418047882,0.9979296066252588,0.01032258064516129,0.5865003545506622,0.19516129032258064,clinc150,0,0.8145161290322581,0.02857142857142857,0.482,0.482,0.483,1000,543,0.05,0.00967741935483871,0.9636889904127679,0.9272785714285714,0.8761004938801804,0.7978099335158388,0.9714285714285714,,3100,0.482,2502,False,selective,0.6,0.8145161290322581,2100,R3,0.0,0.001
0.8248387096774193,0.8876611418047882,0.9979296066252588,0.01032258064516129,0.5865003545506622,0.19516129032258064,clinc150,0,0.8145161290322581,0.02857142857142857,0.482,0.482,0.483,1000,543,0.075,0.00967741935483871,0.9636889904127679,0.9272785714285714,0.8761004938801804,0.7978099335158388,0.9714285714285714,,3100,0.482,2502,False,selective,0.6,0.8145161290322581,2100,R3,0.0,0.001
0.8254838709677419,0.88909426987061,1.0,0.01096774193548387,0.5870515502815619,0.19516129032258064,clinc150,0,0.8145161290322581,0.02857142857142857,0.481,0.481,0.481,1000,541,0.1,0.00967741935483871,0.9636889904127679,0.9272785714285714,0.875724404378622,0.7971864009378663,0.9714285714285714,,3100,0.481,2502,False,selective,0.6,0.8145161290322581,2100,R3,0.0,0.0
0.8264516129032258,0.8884758364312267,1.0,0.011935483870967743,0.5888463302183818,0.19516129032258064,clinc150,0,0.8145161290322581,0.02857142857142857,0.478,0.478,0.478,1000,538,0.15,0.00967741935483871,0.9636889904127679,0.9272785714285714,0.875160875160875,0.7962529274004684,0.9714285714285714,,3100,0.478,2502,False,selective,0.6,0.8145161290322581,2100,R3,0.0,0.0
0.8509677419354839,0.9025974025974026,0.9976076555023924,0.004516129032258065,0.6133673451181285,0.15806451612903225,clinc150,0,0.8464516129032258,0.02095238095238095,0.417,0.417,0.418,1000,462,0.0,0.004516129032258065,0.9636889904127679,0.9272785714285714,0.86787674124103,0.7793783169067475,0.979047619047619,,3100,0.417,2502,False,selective,0.65,0.8464516129032258,2100,R3,0.0,0.001
0.8509677419354839,0.9025974025974026,0.9976076555023924,0.004516129032258065,0.6133673451181285,0.15806451612903225,clinc150,0,0.8464516129032258,0.02095238095238095,0.417,0.417,0.418,1000,462,0.025,0.004516129032258065,0.9636889904127679,0.9272785714285714,0.86787674124103,0.7793783169067475,0.979047619047619,,3100,0.417,2502,False,selective,0.65,0.8464516129032258,2100,R3,0.0,0.001
0.8509677419354839,0.9025974025974026,0.9976076555023924,0.004516129032258065,0.6133673451181285,0.15806451612903225,clinc150,0,0.8464516129032258,0.02095238095238095,0.417,0.417,0.418,1000,462,0.05,0.004516129032258065,0.9636889904127679,0.9272785714285714,0.86787674124103,0.7793783169067475,0.979047619047619,,3100,0.417,2502,False,selective,0.65,0.8464516129032258,2100,R3,0.0,0.001
0.8509677419354839,0.9025974025974026,0.9976076555023924,0.004516129032258065,0.6133673451181285,0.15806451612903225,clinc150,0,0.8464516129032258,0.02095238095238095,0.417,0.417,0.418,1000,462,0.075,0.004516129032258065,0.9636889904127679,0.9272785714285714,0.86787674124103,0.7793783169067475,0.979047619047619,,3100,0.417,2502,False,selective,0.65,0.8464516129032258,2100,R3,0.0,0.001
0.8512903225806452,0.9045553145336226,1.0,0.004838709677419355,0.6133673451181285,0.15806451612903225,clinc150,0,0.8464516129032258,0.02095238095238095,0.417,0.417,0.417,1000,461,0.1,0.004516129032258065,0.9636889904127679,0.9272785714285714,0.8676936062460434,0.7790829859795377,0.979047619047619,,3100,0.417,2502,False,selective,0.65,0.8464516129032258,2100,R3,0.0,0.0
0.8522580645161291,0.9061135371179039,1.0,0.005806451612903226,0.6147448939728831,0.15806451612903225,clinc150,0,0.8464516129032258,0.020476190476190478,0.415,0.415,0.415,1000,458,0.15,0.004516129032258065,0.9636889904127679,0.9272785714285714,0.8675664276676508,0.7785768357305072,0.9795238095238096,,3100,0.415,2502,False,selective,0.65,0.8464516129032258,2100,R3,0.0,0.0
0.8829032258064516,0.9201101928374655,1.0,0.001935483870967742,0.6625854762733754,0.12096774193548387,clinc150,0,0.8809677419354839,0.01380952380952381,0.334,0.334,0.334,1000,363,0.0,0.001935483870967742,0.9636889904127679,0.9272785714285714,0.8563158982840603,0.7566678845451223,0.9861904761904762,,3100,0.334,2502,False,selective,0.7,0.8809677419354839,2100,R3,0.0,0.0
0.8829032258064516,0.9201101928374655,1.0,0.001935483870967742,0.6625854762733754,0.12096774193548387,clinc150,0,0.8809677419354839,0.01380952380952381,0.334,0.334,0.334,1000,363,0.025,0.001935483870967742,0.9636889904127679,0.9272785714285714,0.8563158982840603,0.7566678845451223,0.9861904761904762,,3100,0.334,2502,False,selective,0.7,0.8809677419354839,2100,R3,0.0,0.0
0.8829032258064516,0.9201101928374655,1.0,0.001935483870967742,0.6625854762733754,0.12096774193548387,clinc150,0,0.8809677419354839,0.01380952380952381,0.334,0.334,0.334,1000,363,0.05,0.001935483870967742,0.9636889904127679,0.9272785714285714,0.8563158982840603,0.7566678845451223,0.9861904761904762,,3100,0.334,2502,False,selective,0.7,0.8809677419354839,2100,R3,0.0,0.0
0.8829032258064516,0.9201101928374655,1.0,0.001935483870967742,0.6625854762733754,0.12096774193548387,clinc150,0,0.8809677419354839,0.01380952380952381,0.334,0.334,0.334,1000,363,0.075,0.001935483870967742,0.9636889904127679,0.9272785714285714,0.8563158982840603,0.7566678845451223,0.9861904761904762,,3100,0.334,2502,False,selective,0.7,0.8809677419354839,2100,R3,0.0,0.0
0.8829032258064516,0.9201101928374655,1.0,0.001935483870967742,0.6625854762733754,0.12096774193548387,clinc150,0,0.8809677419354839,0.01380952380952381,0.334,0.334,0.334,1000,363,0.1,0.001935483870967742,0.9636889904127679,0.9272785714285714,0.8563158982840603,0.7566678845451223,0.9861904761904762,,3100,0.334,2502,False,selective,0.7,0.8809677419354839,2100,R3,0.0,0.0
0.8838709677419355,0.925,1.0,0.002903225806451613,0.6633216036974368,0.12096774193548387,clinc150,0,0.8809677419354839,0.012857142857142857,0.333,0.333,0.333,1000,360,0.15,0.001935483870967742,0.9636889904127679,0.9272785714285714,0.8566115702479339,0.7565693430656935,0.9871428571428571,,3100,0.333,2502,False,selective,0.7,0.8809677419354839,2100,R3,0.0,0.0
0.9067741935483871,0.9342560553633218,1.0,0.0003225806451612903,0.7041813416758637,0.09387096774193548,clinc150,0,0.9064516129032258,0.009047619047619047,0.27,0.27,0.27,1000,289,0.0,0.0003225806451612903,0.9636889904127679,0.9272785714285714,0.8474852372225616,0.7403059409462824,0.9909523809523809,,3100,0.27,2502,False,selective,0.75,0.9064516129032258,2100,R3,0.0,0.0
0.9067741935483871,0.9342560553633218,1.0,0.0003225806451612903,0.7041813416758637,0.09387096774193548,clinc150,0,0.9064516129032258,0.009047619047619047,0.27,0.27,0.27,1000,289,0.025,0.0003225806451612903,0.9636889904127679,0.9272785714285714,0.8474852372225616,0.7403059409462824,0.9909523809523809,,3100,0.27,2502,False,selective,0.75,0.9064516129032258,2100,R3,0.0,0.0
0.9067741935483871,0.9342560553633218,1.0,0.0003225806451612903,0.7041813416758637,0.09387096774193548,clinc150,0,0.9064516129032258,0.009047619047619047,0.27,0.27,0.27,1000,289,0.05,0.0003225806451612903,0.9636889904127679,0.9272785714285714,0.8474852372225616,0.7403059409462824,0.9909523809523809,,3100,0.27,2502,False,selective,0.75,0.9064516129032258,2100,R3,0.0,0.0
0.9067741935483871,0.9342560553633218,1.0,0.0003225806451612903,0.7041813416758637,0.09387096774193548,clinc150,0,0.9064516129032258,0.009047619047619047,0.27,0.27,0.27,1000,289,0.075,0.0003225806451612903,0.9636889904127679,0.9272785714285714,0.8474852372225616,0.7403059409462824,0.9909523809523809,,3100,0.27,2502,False,selective,0.75,0.9064516129032258,2100,R3,0.0,0.0
0.9067741935483871,0.9342560553633218,1.0,0.0003225806451612903,0.7041813416758637,0.09387096774193548,clinc150,0,0.9064516129032258,0.009047619047619047,0.27,0.27,0.27,1000,289,0.1,0.0003225806451612903,0.9636889904127679,0.9272785714285714,0.8474852372225616,0.7403059409462824,0.9909523809523809,,3100,0.27,2502,False,selective,0.75,0.9064516129032258,2100,R3,0.0,0.0
0.9074193548387097,0.9407665505226481,1.0,0.000967741935483871,0.7041813416758637,0.09387096774193548,clinc150,0,0.9064516129032258,0.008095238095238095,0.27,0.27,0.27,1000,287,0.15,0.0003225806451612903,0.9636889904127679,0.9272785714285714,0.8479544066761654,0.7404905794525418,0.991904761904762,,3100,0.27,2502,False,selective,0.75,0.9064516129032258,2100,R3,0.0,0.0
0.9283870967741935,0.954954954954955,1.0,0.0003225806451612903,0.7509752814795588,0.07225806451612904,clinc150,0,0.9280645161290323,0.004761904761904762,0.212,0.212,0.212,1000,222,0.0,0.0003225806451612903,0.9636889904127679,0.9272785714285714,0.8396946564885497,0.7261987491313412,0.9952380952380953,,3100,0.212,2502,False,selective,0.8,0.9280645161290323,2100,R3,0.0,0.0
0.9283870967741935,0.954954954954955,1.0,0.0003225806451612903,0.7509752814795588,0.07225806451612904,clinc150,0,0.9280645161290323,0.004761904761904762,0.212,0.212,0.212,1000,222,0.025,0.0003225806451612903,0.9636889904127679,0.9272785714285714,0.8396946564885497,0.7261987491313412,0.9952380952380953,,3100,0.212,2502,False,selective,0.8,0.9280645161290323,2100,R3,0.0,0.0
0.9283870967741935,0.954954954954955,1.0,0.0003225806451612903,0.7509752814795588,0.07225806451612904,clinc150,0,0.9280645161290323,0.004761904761904762,0.212,0.212,0.212,1000,222,0.05,0.0003225806451612903,0.9636889904127679,0.9272785714285714,0.8396946564885497,0.7261987491313412,0.9952380952380953,,3100,0.212,2502,False,selective,0.8,0.9280645161290323,2100,R3,0.0,0.0
0.9283870967741935,0.954954954954955,1.0,0.0003225806451612903,0.7509752814795588,0.07225806451612904,clinc150,0,0.9280645161290323,0.004761904761904762,0.212,0.212,0.212,1000,222,0.075,0.0003225806451612903,0.9636889904127679,0.9272785714285714,0.8396946564885497,0.7261987491313412,0.9952380952380953,,3100,0.212,2502,False,selective,0.8,0.9280645161290323,2100,R3,0.0,0.0
0.9283870967741935,0.954954954954955,1.0,0.0003225806451612903,0.7509752814795588,0.07225806451612904,clinc150,0,0.9280645161290323,0.004761904761904762,0.212,0.212,0.212,1000,222,0.1,0.0003225806451612903,0.9636889904127679,0.9272785714285714,0.8396946564885497,0.7261987491313412,0.9952380952380953,,3100,0.212,2502,False,selective,0.8,0.9280645161290323,2100,R3,0.0,0.0
0.9287096774193548,0.9592760180995475,1.0,0.0006451612903225806,0.7509752814795588,0.07225806451612904,clinc150,0,0.9280645161290323,0.004285714285714286,0.212,0.212,0.212,1000,221,0.15,0.0003225806451612903,0.9636889904127679,0.9272785714285714,0.8399276963245631,0.7262938520319555,0.9957142857142857,,3100,0.212,2502,True,selective,0.8,0.9280645161290323,2100,R3,0.0,0.0
,,,,,,banking77_open,,,,,0.933009708737864,,,,,,,,,,,0.001,,,2502,,R0,,,,,,
,,,,,,banking77_open,,,,,0.9349514563106797,,,,,,,,,,,0.01,,,2502,,R0,,,,,,
,,,,,,banking77_open,,,,,0.9271844660194175,,,,,,,,,,,0.1,,,2502,,R0,,,,,,
,,,,,,banking77_open,,,,,0.8883495145631068,,,,,,,0.8780112056798255,,,,0.0001,,,2502,,R2,,,,,,
,,,,,,banking77_open,,,,,0.8883495145631068,,,,,,,0.8785443308669433,,,,0.001,,,2502,,R2,,,,,,
,,,,,,banking77_open,,,,,0.8883495145631068,,,,,,,0.878923057183183,,,,0.01,,,2502,,R2,,,,,,
,,,,,,banking77_open,,,,,0.8902912621359224,,,,,,,0.8786347889311834,,,,0.1,,,2502,,R2,,,,,,
0.39121212121212123,0.43504230960676954,0.8991769547325102,0.0,0.453071505552712,0.6087878787878788,banking77_open,0,0.39121212121212123,0.4568281938325991,0.8552802015318549,0.8485436893203884,0.9436893203883495,1030,2009,0.0,0.0,0.9372849335274435,0.8786347889311834,0.692502106149958,0.9550735863671572,0.5431718061674009,,3300,0.8485436893203884,2502,False,selective,0.2,0.39121212121212123,2270,MAX_THRESHOLD,0.6285714285714286,0.09514563106796116
0.45181818181818184,0.47374239911553345,0.9049630411826821,0.0,0.4558676017694588,0.5481818181818182,banking77_open,0,0.45181818181818184,0.37973568281938325,0.8393202411027835,0.8320388349514564,0.9194174757281554,1030,1809,0.0,0.0,0.9372849335274435,0.8786347889311834,0.7487370380218027,0.9443326626425218,0.6202643171806167,,3300,0.8320388349514564,2502,False,selective,0.25,0.45181818181818184,2270,MAX_THRESHOLD,0.5714285714285714,0.08737864077669903
0.5093939393939394,0.5163681284743669,0.9116684841875682,0.0,0.46002709913694045,0.4906060606060606,banking77_open,0,0.5093939393939394,0.3092511013215859,0.8191756666718969,0.8116504854368932,0.8902912621359224,1030,1619,0.0,0.0,0.9372849335274435,0.8786347889311834,0.7937231080739053,0.9327781082688875,0.690748898678414,,3300,0.8116504854368932,2502,False,selective,0.3,0.5093939393939394,2270,MAX_THRESHOLD,0.5428571428571428,0.07864077669902912
0.5775757575757576,0.5681492109038737,0.9198606271777003,0.0,0.47047584984018426,0.4224242424242424,banking77_open,0,0.5775757575757576,0.23480176211453743,0.7792490892962196,0.7689320388349514,0.8359223300970874,1030,1394,0.0,0.0,0.9372849335274435,0.8786347889311834,0.8318965517241379,0.9113326337880377,0.7651982378854626,,3300,0.7689320388349514,2502,True,selective,0.35,0.5775757575757576,2270,MAX_THRESHOLD,0.45714285714285713,0.06699029126213592
0.6348484848484849,0.6049792531120332,0.9263024142312579,0.0,0.4883055632966492,0.36515151515151517,banking77_open,0,0.6348484848484849,0.1841409691629956,0.7191417782075279,0.7077669902912621,0.7640776699029126,1030,1205,0.0,0.0,0.9372849335274435,0.8786347889311834,0.8485681557846505,0.8840095465393795,0.8158590308370044,,3300,0.7077669902912621,2502,False,selective,0.4,0.6348484848484849,2270,MAX_THRESHOLD,0.3157894736842105,0.05631067961165048
0.6954545454545454,0.6587064676616915,0.9363507779349364,0.0,0.5105587780689822,0.30454545454545456,banking77_open,0,0.6954545454545454,0.13127753303964756,0.657789688071919,0.6427184466019418,0.6864077669902913,1030,1005,0.0,0.0,0.9372849335274435,0.8786347889311834,0.8639649507119387,0.8592592592592593,0.8687224669603524,,3300,0.6427184466019418,2502,False,selective,0.45,0.6954545454545454,2270,MAX_THRESHOLD,0.22857142857142856,0.043689320388349516
0.7515151515151515,0.7134146341463414,0.9481361426256077,0.0,0.5406918666255548,0.24848484848484848,banking77_open,0,0.7515151515151515,0.08942731277533039,0.5783213497641857,0.5679611650485437,0.5990291262135923,1030,820,0.0,0.0,0.9372849335274435,0.8786347889311834,0.8703157894736843,0.8334677419354839,0.9105726872246696,,3300,0.5679611650485437,2502,False,selective,0.5,0.7515151515151515,2270,MAX_THRESHOLD,0.17142857142857143,0.031067961165048542
0.7981818181818182,0.7732732732732732,0.9519408502772643,0.0,0.572456981390595,0.2018181818181818,banking77_open,0,0.7981818181818182,0.05506607929515418,0.5115349118407987,0.5,0.525242718446602,1030,666,0.0,0.0,0.9372849335274435,0.8786347889311834,0.8747960848287112,0.8143507972665148,0.9449339207048458,,3300,0.5,2502,False,selective,0.55,0.7981818181818182,2270,MAX_THRESHOLD,0.14285714285714285,0.02524271844660194
0.8409090909090909,0.8133333333333334,0.9617117117117117,0.0,0.618200477441261,0.1590909090909091,banking77_open,0,0.8409090909090909,0.035682819383259914,0.42264070055641234,0.4145631067961165,0.43106796116504853,1030,525,0.0,0.0,0.9372849335274435,0.8786347889311834,0.8677898909811695,0.7888288288288289,0.9643171806167401,,3300,0.4145631067961165,2502,False,selective,0.6,0.8409090909090909,2270,MAX_THRESHOLD,0.08571428571428572,0.01650485436893204
0.8836363636363637,0.8515625,0.9674556213017751,0.0,0.6785090164075293,0.11636363636363636,banking77_open,0,0.8836363636363637,0.02026431718061674,0.3236163285485687,0.3174757281553398,0.32815533980582523,1030,384,0.0,0.0,0.9372849335274435,0.8786347889311834,0.8576937909757038,0.7626886145404664,0.9797356828193833,,3300,0.3174757281553398,2502,False,selective,0.65,0.8836363636363637,2270,MAX_THRESHOLD,0.0,0.010679611650485437
0.9118181818181819,0.8865979381443299,0.9735849056603774,0.0,0.7264163704119113,0.08818181818181818,banking77_open,0,0.9118181818181819,0.01145374449339207,0.25377371533462134,0.2504854368932039,0.25728155339805825,1030,291,0.0,0.0,0.9372849335274435,0.8786347889311834,0.8501610153438152,0.7457627118644068,0.9885462555066079,,3300,0.2504854368932039,2502,False,selective,0.7,0.9118181818181819,2270,MAX_THRESHOLD,0.0,0.006796116504854369
0.9421212121212121,0.9267015706806283,0.9779005524861878,0.0,0.7908309498747212,0.05787878787878788,banking77_open,0,0.9421212121212121,0.004405286343612335,0.1724549104174393,0.17184466019417477,0.17572815533980582,1030,191,0.0,0.0,0.9372849335274435,0.8786347889311834,0.840304889384644,0.7269218398198778,0.9955947136563876,,3300,0.17184466019417477,2502,False,selective,0.75,0.9421212121212121,2270,MAX_THRESHOLD,0.0,0.003883495145631068
0.9603030303030303,0.9465648854961832,0.9763779527559056,0.0,0.8394833019071677,0.039696969696969696,banking77_open,0,0.9603030303030303,0.001762114537444934,0.11511457294431693,0.1203883495145631,0.12330097087378641,1030,131,0.0,0.0,0.9372849335274435,0.8786347889311834,0.8332414046699761,0.7150520668980751,0.9982378854625551,,3300,0.1203883495145631,2502,False,selective,0.8,0.9603030303030303,2270,MAX_THRESHOLD,0.0,0.002912621359223301
0.7630303030303031,0.47570332480818417,0.9612403100775194,0.3718181818181818,0.7946666584732291,1.412121212121212,banking77_open,0,0.39121212121212123,0.17400881057268722,0.3702599348403954,0.3611650485436893,0.3757281553398058,1030,782,0.0,0.3718181818181818,0.9372849335274435,0.8786347889311834,0.7832080200501254,0.7446386020651311,0.8259911894273128,,3300,0.3611650485436893,2502,False,selective,0.2,0.39121212121212123,2270,R3,0.0,0.014563106796116505
0.7651515151515151,0.48,0.9612403100775194,0.37393939393939396,0.7946666584732291,1.412121212121212,banking77_open,0,0.39121212121212123,0.17092511013215858,0.3702599348403954,0.3611650485436893,0.3757281553398058,1030,775,0.025,0.3718181818181818,0.9372849335274435,0.8786347889311834,0.7849843587069866,0.7453465346534653,0.8290748898678414,,3300,0.3611650485436893,2502,False,selective,0.2,0.39121212121212123,2270,R3,0.0,0.014563106796116505
0.7715151515151515,0.4907161803713528,0.9660574412532638,0.3803030303030303,0.7949931378440688,1.412121212121212,banking77_open,0,0.39121212121212123,0.16343612334801763,0.3684125069060109,0.3592233009708738,0.3718446601941748,1030,754,0.05,0.3718181818181818,0.9372849335274435,0.8786347889311834,0.7886212624584719,0.7458758837391988,0.8365638766519824,,3300,0.3592233009708738,2502,False,selective,0.2,0.39121212121212123,2270,R3,0.0,0.01262135922330097
0.7857575757575758,0.5176803394625177,0.9682539682539683,0.39454545454545453,0.7956815531713265,1.412121212121212,banking77_open,0,0.39121212121212123,0.14493392070484581,0.36526977545445594,0.3553398058252427,0.36699029126213595,1030,707,0.075,0.3718181818181818,0.9372849335274435,0.8786347889311834,0.7982726711906231,0.7485537986887775,0.8550660792951542,,3300,0.3553398058252427,2502,False,selective,0.2,0.39121212121212123,2270,R3,0.0,0.011650485436893204
0.7951515151515152,0.5384615384615384,0.9706666666666667,0.40393939393939393,0.7960653391022001,1.412121212121212,banking77_open,0,0.39121212121212123,0.13259911894273127,0.36298944708717107,0.3533980582524272,0.3640776699029126,1030,676,0.1,0.3718181818181818,0.9372849335274435,0.8786347889311834,0.8046587658357172,0.7503810975609756,0.8674008810572688,,3300,0.3533980582524272,2502,False,selective,0.2,0.39121212121212123,2270,R3,0.0,0.010679611650485437
0.8193939393939393,0.6006711409395973,0.9754768392370572,0.42818181818181816,0.7971732090009725,1.412121212121212,banking77_open,0,0.39121212121212123,0.10088105726872247,0.3570723487115508,0.34757281553398056,0.35631067961165047,1030,596,0.15,0.3718181818181818,0.9372849335274435,0.8786347889311834,0.8206674708484117,0.7548076923076923,0.8991189427312776,,3300,0.34757281553398056,2502,False,selective,0.2,0.39121212121212123,2270,R3,0.0,0.008737864077669903
0.7348484848484849,0.5211428571428571,0.9661016949152542,0.283030303030303,0.7390818441612496,1.0612121212121213,banking77_open,0,0.45181818181818184,0.17753303964757708,0.4554261687536357,0.44271844660194176,0.458252427184466,1030,875,0.0,0.283030303030303,0.9372849335274435,0.8786347889311834,0.7953141640042599,0.7698969072164948,0.822466960352423,,3300,0.44271844660194176,2502,False,selective,0.25,0.45181818181818184,2270,R3,0.06451612903225806,0.015533980582524271
0.7378787878787879,0.5271676300578034,0.9681528662420382,0.28606060606060607,0.7390818441612496,1.0612121212121213,banking77_open,0,0.45181818181818184,0.173568281938326,0.4554261687536357,0.44271844660194176,0.45728155339805826,1030,865,0.025,0.283030303030303,0.9372849335274435,0.8786347889311834,0.7974495217853348,0.7704312114989733,0.826431718061674,,3300,0.44271844660194176,2502,False,selective,0.25,0.45181818181818184,2270,R3,0.06451612903225806,0.014563106796116505
0.7448484848484849,0.5391923990498813,0.9680170575692963,0.29303030303030303,0.7394854286874136,1.0612121212121213,banking77_open,0,0.45181818181818184,0.16431718061674008,0.4536218002826006,0.4407766990291262,0.4553398058252427,1030,842,0.05,0.283030303030303,0.9372849335274435,0.8786347889311834,0.8024534686971235,0.7717656631407649,0.83568281938326,,3300,0.4407766990291262,2502,False,selective,0.25,0.45181818181818184,2270,R3,0.06451612903225806,0.014563106796116505
0.756969696969697,0.5586034912718204,0.9718004338394793,0.3051515151515152,0.7406795751676224,1.0612121212121213,banking77_open,0,0.45181818181818184,0.1502202643171806,0.44821662539213153,0.4349514563106796,0.4475728155339806,1030,802,0.075,0.283030303030303,0.9372849335274435,0.8786347889311834,0.8091442953020135,0.7722177742193755,0.8497797356828194,,3300,0.4349514563106796,2502,False,selective,0.25,0.45181818181818184,2270,R3,0.06451612903225806,0.01262135922330097
0.7684848484848484,0.5785340314136126,0.9714285714285714,0.31666666666666665,0.7419946700801991,1.0612121212121213,banking77_open,0,0.45181818181818184,0.13612334801762113,0.44205829097292754,0.429126213592233,0.441747572815534,1030,764,0.1,0.283030303030303,0.9372849335274435,0.8786347889311834,0.8160632542655014,0.7732649842271293,0.8638766519823788,,3300,0.429126213592233,2502,False,selective,0.25,0.45181818181818184,2270,R3,0.06451612903225806,0.01262135922330097
0.7933333333333333,0.6348973607038123,0.9774266365688488,0.3415151515151515,0.7443003027117095,1.0612121212121213,banking77_open,0,0.45181818181818184,0.1052863436123348,0.4348384870455262,0.4203883495145631,0.4300970873786408,1030,682,0.15,0.283030303030303,0.9372849335274435,0.8786347889311834,0.8310147299509003,0.7757830404889229,0.8947136563876652,,3300,0.4203883495145631,2502,False,selective,0.25,0.45181818181818184,2270,R3,0.02857142857142857,0.009708737864077669
0.7142424242424242,0.5546129374337222,0.9543795620437956,0.20484848484848484,0.693172898574538,0.8172727272727273,banking77_open,0,0.5093939393939394,0.17400881057268722,0.5174122177074421,0.5077669902912622,0.5320388349514563,1030,943,0.0,0.20484848484848484,0.9372849335274435,0.8786347889311834,0.8104603414739572,0.7955027577428935,0.8259911894273128,,3300,0.5077669902912622,2502,False,selective,0.3,0.5093939393939394,2270,R3,0.12903225806451613,0.024271844660194174
0.7160606060606061,0.5570971184631803,0.9542961608775137,0.20666666666666667,0.6933933572873003,0.8172727272727273,banking77_open,0,0.5093939393939394,0.17180616740088106,0.5164260244135565,0.5067961165048543,0.5310679611650485,1030,937,0.025,0.20484848484848484,0.9372849335274435,0.8786347889311834,0.8115691776386791,0.7955988150655946,0.8281938325991189,,3300,0.5067961165048543,2502,False,selective,0.3,0.5093939393939394,2270,R3,0.12903225806451613,0.024271844660194174
0.723939393939394,0.5686059275521405,0.9574861367837338,0.21454545454545454,0.6943074709596324,0.8172727272727273,banking77_open,0,0.5093939393939394,0.16299559471365638,0.5134500243787329,0.5029126213592233,0.525242718446602,1030,911,0.05,0.20484848484848484,0.9372849335274435,0.8786347889311834,0.8156256707447951,0.795311845960653,0.8370044052863436,,3300,0.5029126213592233,2502,False,selective,0.3,0.5093939393939394,2270,R3,0.12903225806451613,0.02233009708737864
0.7324242424242424,0.5843714609286523,0.9608938547486033,0.22303030303030302,0.694785600116214,0.8172727272727273,banking77_open,0,0.5093939393939394,0.1524229074889868,0.5119632758331608,0.5009708737864078,0.5213592233009708,1030,883,0.075,0.20484848484848484,0.9372849335274435,0.8786347889311834,0.8209942393855343,0.7960281340504758,0.8475770925110132,,3300,0.5009708737864078,2502,False,selective,0.3,0.5093939393939394,2270,R3,0.11428571428571428,0.020388349514563107
0.7454545454545455,0.6047619047619047,0.9639468690702088,0.23606060606060605,0.6968105644645621,0.8172727272727273,banking77_open,0,0.5093939393939394,0.1378854625550661,0.5048124742007538,0.49320388349514566,0.5116504854368932,1030,840,0.1,0.20484848484848484,0.9372849335274435,0.8786347889311834,0.8274841437632136,0.7955284552845528,0.8621145374449339,,3300,0.49320388349514566,2502,False,selective,0.3,0.5093939393939394,2270,R3,0.08571428571428572,0.018446601941747572
0.7712121212121212,0.6569536423841059,0.9725490196078431,0.26181818181818184,0.7001022694706446,0.8172727272727273,banking77_open,0,0.5093939393939394,0.10792951541850221,0.49458601509278427,0.4815533980582524,0.49514563106796117,1030,755,0.15,0.20484848484848484,0.9372849335274435,0.8786347889311834,0.8411214953271029,0.7956777996070727,0.8920704845814978,,3300,0.4815533980582524,2502,False,selective,0.3,0.5093939393939394,2270,R3,0.08571428571428572,0.013592233009708738
0.72,0.6222943722943723,0.9615384615384616,0.14242424242424243,0.642714796605127,0.6203030303030304,banking77_open,0,0.5775757575757576,0.1436123348017621,0.5680928532139177,0.558252427184466,0.5805825242718446,1030,924,0.0,0.14242424242424243,0.9372849335274435,0.8786347889311834,0.8368489022815325,0.8181818181818182,0.8563876651982378,,3300,0.558252427184466,2502,False,selective,0.35,0.5775757575757576,2270,R3,0.14285714285714285,0.02233009708737864
0.7206060606060606,0.6236442516268981,0.9615384615384616,0.14303030303030304,0.642714796605127,0.6203030303030304,banking77_open,0,0.5775757575757576,0.14273127753303966,0.5680928532139177,0.558252427184466,0.5805825242718446,1030,922,0.025,0.14242424242424243,0.9372849335274435,0.8786347889311834,0.8373493975903614,0.8183347350714887,0.8572687224669604,,3300,0.558252427184466,2502,False,selective,0.35,0.5775757575757576,2270,R3,0.14285714285714285,0.02233009708737864
0.7242424242424242,0.6274725274725275,0.9612794612794613,0.14666666666666667,0.6438244787304158,0.6203030303030304,banking77_open,0,0.5775757575757576,0.13920704845814977,0.5643979973451487,0.554368932038835,0.5766990291262136,1030,910,0.05,0.14242424242424243,0.9372849335274435,0.8786347889311834,0.83862660944206,0.8175732217573222,0.8607929515418502,,3300,0.554368932038835,2502,False,selective,0.35,0.5775757575757576,2270,R3,0.14285714285714285,0.02233009708737864
0.7303030303030303,0.6393258426966292,0.964406779661017,0.15272727272727274,0.6444107868226321,0.6203030303030304,banking77_open,0,0.5775757575757576,0.13215859030837004,0.5623158689472308,0.5524271844660195,0.5728155339805825,1030,890,0.075,0.14242424242424243,0.9372849335274435,0.8786347889311834,0.8418803418803418,0.8174273858921162,0.8678414096916299,,3300,0.5524271844660195,2502,False,selective,0.35,0.5775757575757576,2270,R3,0.14285714285714285,0.020388349514563107
0.7396969696969697,0.6519208381839348,0.9655172413793104,0.1621212121212121,0.6470226946280424,0.6203030303030304,banking77_open,0,0.5775757575757576,0.12290748898678414,0.5547704810875337,0.5436893203883495,0.5631067961165048,1030,859,0.1,0.14242424242424243,0.9372849335274435,0.8786347889311834,0.8452557843345363,0.8156493240475216,0.8770925110132158,,3300,0.5436893203883495,2502,False,selective,0.35,0.5775757575757576,2270,R3,0.11428571428571428,0.019417475728155338
0.7642424242424243,0.699228791773779,0.9766606822262118,0.18666666666666668,0.652422597728397,0.6203030303030304,banking77_open,0,0.5775757575757576,0.0973568281938326,0.5407692329750324,0.5281553398058253,0.5407766990291262,1030,778,0.15,0.14242424242424243,0.9372849335274435,0.8786347889311834,0.8551752921535892,0.8124504361617764,0.9026431718061674,,3300,0.5281553398058253,2502,False,selective,0.35,0.5775757575757576,2270,R3,0.08571428571428572,0.01262135922330097
0.7242424242424242,0.6472527472527473,0.9577235772357724,0.0893939393939394,0.6051280040278254,0.47454545454545455,banking77_open,0,0.6348484848484849,0.1299559471365639,0.5842415399806358,0.5718446601941748,0.5970873786407767,1030,910,0.0,0.0893939393939394,0.9372849335274435,0.8786347889311834,0.8476394849785408,0.8263598326359832,0.8700440528634361,,3300,0.5718446601941748,2502,False,selective,0.4,0.6348484848484849,2270,R3,0.17142857142857143,0.02524271844660194
0.7260606060606061,0.6504424778761062,0.9592169657422512,0.09121212121212122,0.605435734160826,0.47454545454545455,banking77_open,0,0.6348484848484849,0.12819383259911896,0.583508939248035,0.570873786407767,0.5951456310679611,1030,904,0.025,0.0893939393939394,0.9372849335274435,0.8786347889311834,0.8482640377196743,0.8259599332220368,0.871806167400881,,3300,0.570873786407767,2502,False,selective,0.4,0.6348484848484849,2270,R3,0.17142857142857143,0.024271844660194174
0.73,0.6576879910213244,0.9606557377049181,0.09515151515151515,0.6060671181667445,0.47454545454545455,banking77_open,0,0.6348484848484849,0.1237885462555066,0.5820437377828336,0.5689320388349515,0.5922330097087378,1030,891,0.05,0.0893939393939394,0.9372849335274435,0.8786347889311834,0.8501816627484505,0.825653798256538,0.8762114537444934,,3300,0.5689320388349515,2502,False,selective,0.4,0.6348484848484849,2270,R3,0.14285714285714285,0.02330097087378641
0.7372727272727273,0.6689734717416378,0.9634551495016611,0.10242424242424242,0.6082244267672011,0.47454545454545455,banking77_open,0,0.6348484848484849,0.11674008810572688,0.5767934520498113,0.5631067961165048,0.5844660194174758,1030,867,0.075,0.0893939393939394,0.9372849335274435,0.8786347889311834,0.8526472464384435,0.8240854911631731,0.8832599118942731,,3300,0.5631067961165048,2502,False,selective,0.4,0.6348484848484849,2270,R3,0.11428571428571428,0.021359223300970873
0.7439393939393939,0.6816568047337278,0.9680672268907563,0.10909090909090909,0.609541027835581,0.47454545454545455,banking77_open,0,0.6348484848484849,0.11013215859030837,0.5734705273869362,0.5592233009708738,0.5776699029126213,1030,845,0.1,0.0893939393939394,0.9372849335274435,0.8786347889311834,0.855026455026455,0.8228105906313645,0.8898678414096917,,3300,0.5592233009708738,2502,False,selective,0.4,0.6348484848484849,2270,R3,0.08571428571428572,0.018446601941747572
0.7675757575757576,0.7235984354628422,0.9719789842381786,0.13272727272727272,0.6175476319346203,0.47454545454545455,banking77_open,0,0.6348484848484849,0.08634361233480176,0.552688266251783,0.5388349514563107,0.554368932038835,1030,767,0.15,0.0893939393939394,0.9372849335274435,0.8786347889311834,0.8636268998542579,0.8187919463087249,0.9136563876651982,,3300,0.5388349514563107,2502,False,selective,0.4,0.6348484848484849,2270,R3,0.05714285714285714,0.015533980582524271
0.7442424242424243,0.6860189573459715,0.9601990049751243,0.04878787878787879,0.5847643260671777,0.3603030303030303,banking77_open,0,0.6954545454545454,0.10616740088105726,0.5771772033806237,0.5621359223300971,0.5854368932038835,1030,844,0.0,0.04878787878787879,0.9372849335274435,0.8786347889311834,0.8586542530681338,0.8261400651465798,0.8938325991189427,,3300,0.5621359223300971,2502,False,selective,0.45,0.6954545454545454,2270,R3,0.08571428571428572,0.02330097087378641
0.7457575757575757,0.6889153754469607,0.961730449251248,0.0503030303030303,0.5851358656816279,0.3603030303030303,banking77_open,0,0.6954545454545454,0.10484581497797357,0.5761910100867381,0.5611650485436893,0.583495145631068,1030,839,0.025,0.04878787878787879,0.9372849335274435,0.8786347889311834,0.8590150073980132,0.8256806176351077,0.8951541850220265,,3300,0.5611650485436893,2502,False,selective,0.45,0.6954545454545454,2270,R3,0.08571428571428572,0.02233009708737864
0.7484848484848485,0.6927710843373494,0.964765100671141,0.05303030303030303,0.5862398314328168,0.3603030303030303,banking77_open,0,0.6954545454545454,0.10308370044052863,0.5734477709742845,0.558252427184466,0.5786407766990291,1030,830,0.05,0.04878787878787879,0.9372849335274435,0.8786347889311834,0.859071729957806,0.8242914979757086,0.8969162995594714,,3300,0.558252427184466,2502,False,selective,0.45,0.6954545454545454,2270,R3,0.08571428571428572,0.020388349514563107
0.7551515151515151,0.7066831683168316,0.969439728353141,0.0596969696969697,0.5877320268440235,0.3603030303030303,banking77_open,0,0.6954545454545454,0.09647577092511013,0.569589704660047,0.554368932038835,0.5718446601941748,1030,808,0.075,0.04878787878787879,0.9372849335274435,0.8786347889311834,0.861402771944561,0.8230337078651685,0.9035242290748898,,3300,0.554368932038835,2502,False,selective,0.45,0.6954545454545454,2270,R3,0.08571428571428572,0.017475728155339806
0.7621212121212121,0.7222929936305732,0.9742268041237113,0.06666666666666667,0.5894561444951145,0.3603030303030303,banking77_open,0,0.6954545454545454,0.08942731277533039,0.5657182323939259,0.5504854368932038,0.5650485436893203,1030,785,0.1,0.04878787878787879,0.9372849335274435,0.8786347889311834,0.8639498432601881,0.8218687872763419,0.9105726872246696,,3300,0.5504854368932038,2502,False,selective,0.45,0.6954545454545454,2270,R3,0.08571428571428572,0.014563106796116505
0.7793939393939394,0.7458791208791209,0.9766187050359713,0.08393939393939394,0.5997038259343672,0.3603030303030303,banking77_open,0,0.6954545454545454,0.07577092511013216,0.5419225253000253,0.5271844660194175,0.5398058252427185,1030,728,0.15,0.04878787878787879,0.9372849335274435,0.8786347889311834,0.8665840561751342,0.8157076205287714,0.9242290748898678,,3300,0.5271844660194175,2502,False,selective,0.45,0.6954545454545454,2270,R3,0.05714285714285714,0.01262135922330097
0.7751515151515151,0.72911051212938,0.9677996422182469,0.023636363636363636,0.5874060898308905,0.2739393939393939,banking77_open,0,0.7515151515151515,0.08061674008810572,0.5358433978896103,0.525242718446602,0.5427184466019418,1030,742,0.0,0.023636363636363636,0.9372849335274435,0.8786347889311834,0.8645401822700911,0.8158717748240814,0.9193832599118943,,3300,0.525242718446602,2502,False,selective,0.5,0.7515151515151515,2270,R3,0.11428571428571428,0.017475728155339806
0.776060606060606,0.7307171853856563,0.967741935483871,0.024545454545454544,0.58784341604237,0.2739393939393939,banking77_open,0,0.7515151515151515,0.07973568281938326,0.5350663971126095,0.5242718446601942,0.541747572815534,1030,739,0.025,0.023636363636363636,0.9372849335274435,0.8786347889311834,0.8648312978679363,0.815696993361968,0.9202643171806167,,3300,0.5242718446601942,2502,False,selective,0.5,0.7515151515151515,2270,R3,0.11428571428571428,0.017475728155339806
0.7787878787878788,0.7356164383561644,0.9710669077757685,0.02727272727272727,0.5891717118434064,0.2739393939393939,banking77_open,0,0.7515151515151515,0.07797356828193833,0.5326351366168329,0.5213592233009708,0.5368932038834952,1030,730,0.05,0.023636363636363636,0.9372849335274435,0.8786347889311834,0.8648760330578512,0.8143968871595331,0.9220264317180616,,3300,0.5213592233009708,2502,False,selective,0.5,0.7515151515151515,2270,R3,0.11428571428571428,0.015533980582524271
0.7818181818181819,0.7430555555555556,0.9727272727272728,0.030303030303030304,0.5901477976035274,0.2739393939393939,banking77_open,0,0.7515151515151515,0.07488986784140969,0.5302997111315023,0.5194174757281553,0.5339805825242718,1030,720,0.075,0.023636363636363636,0.9372849335274435,0.8786347889311834,0.8659793814432989,0.813953488372093,0.9251101321585903,,3300,0.5194174757281553,2502,False,selective,0.5,0.7515151515151515,2270,R3,0.11428571428571428,0.014563106796116505
0.7893939393939394,0.7553956834532374,0.9758364312267658,0.03787878787878788,0.5949921683565614,0.2739393939393939,banking77_open,0,0.7515151515151515,0.06916299559471366,0.5184524419911055,0.5097087378640777,0.5223300970873787,1030,695,0.1,0.023636363636363636,0.9372849335274435,0.8786347889311834,0.8668717948717948,0.8111324376199616,0.9308370044052864,,3300,0.5097087378640777,2502,False,selective,0.5,0.7515151515151515,2270,R3,0.11428571428571428,0.01262135922330097
0.8021212121212121,0.781010719754977,0.9788867562380038,0.050606060606060606,0.6028018467508603,0.2739393939393939,banking77_open,0,0.7515151515151515,0.05814977973568282,0.5042707436749029,0.49514563106796117,0.5058252427184466,1030,653,0.15,0.023636363636363636,0.9372849335274435,0.8786347889311834,0.8696359568842791,0.8077068379297317,0.9418502202643172,,3300,0.49514563106796117,2502,False,selective,0.5,0.7515151515151515,2270,R3,0.08571428571428572,0.010679611650485437
0.8103030303030303,0.7795527156549521,0.9644268774703557,0.012121212121212121,0.6041031471169961,0.21454545454545454,banking77_open,0,0.7981818181818182,0.05286343612334802,0.4855875143554342,0.47378640776699027,0.4912621359223301,1030,626,0.0,0.012121212121212121,0.9372849335274435,0.8786347889311834,0.8697411003236246,0.8040388930441287,0.947136563876652,,3300,0.47378640776699027,2502,False,selective,0.55,0.7981818181818182,2270,R3,0.14285714285714285,0.017475728155339806
0.8103030303030303,0.7795527156549521,0.9644268774703557,0.012121212121212121,0.6041031471169961,0.21454545454545454,banking77_open,0,0.7981818181818182,0.05286343612334802,0.4855875143554342,0.47378640776699027,0.4912621359223301,1030,626,0.025,0.012121212121212121,0.9372849335274435,0.8786347889311834,0.8697411003236246,0.8040388930441287,0.947136563876652,,3300,0.47378640776699027,2502,False,selective,0.55,0.7981818181818182,2270,R3,0.14285714285714285,0.017475728155339806
0.8103030303030303,0.7795527156549521,0.9644268774703557,0.012121212121212121,0.6041031471169961,0.21454545454545454,banking77_open,0,0.7981818181818182,0.05286343612334802,0.4855875143554342,0.47378640776699027,0.4912621359223301,1030,626,0.05,0.012121212121212121,0.9372849335274435,0.8786347889311834,0.8697411003236246,0.8040388930441287,0.947136563876652,,3300,0.47378640776699027,2502,False,selective,0.55,0.7981818181818182,2270,R3,0.14285714285714285,0.017475728155339806
0.8112121212121212,0.7817014446227929,0.9662698412698413,0.013030303030303031,0.6045971640736785,0.21454545454545454,banking77_open,0,0.7981818181818182,0.052422907488986786,0.48476038449604625,0.4728155339805825,0.4893203883495146,1030,623,0.075,0.012121212121212121,0.9372849335274435,0.8786347889311834,0.8696179502728927,0.8035113933507658,0.9475770925110132,,3300,0.4728155339805825,2502,False,selective,0.55,0.7981818181818182,2270,R3,0.14285714285714285,0.01650485436893204
0.8142424242424242,0.7862969004893964,0.9678714859437751,0.01606060606060606,0.607287505724971,0.21454545454545454,banking77_open,0,0.7981818181818182,0.05066079295154185,0.4776902223066695,0.4679611650485437,0.48349514563106794,1030,613,0.1,0.012121212121212121,0.9372849335274435,0.8786347889311834,0.869477506556385,0.8020096762188315,0.9493392070484582,,3300,0.4679611650485437,2502,False,selective,0.55,0.7981818181818182,2270,R3,0.11428571428571428,0.015533980582524271
0.823939393939394,0.810671256454389,0.9771784232365145,0.025757575757575757,0.6134880616172997,0.21454545454545454,banking77_open,0,0.7981818181818182,0.04361233480176212,0.46783319449204425,0.45728155339805826,0.4679611650485437,1030,581,0.15,0.012121212121212121,0.9372849335274435,0.8786347889311834,0.8703146923231109,0.7984553144538433,0.9563876651982379,,3300,0.45728155339805826,2502,False,selective,0.55,0.7981818181818182,2270,R3,0.08571428571428572,0.010679611650485437
0.8454545454545455,0.8117647058823529,0.965034965034965,0.004545454545454545,0.6364905867626767,0.16363636363636364,banking77_open,0,0.8409090909090909,0.035682819383259914,0.41057787603741674,0.40194174757281553,0.41650485436893203,1030,510,0.0,0.004545454545454545,0.9372849335274435,0.8786347889311834,0.8652173913043478,0.7845878136200717,0.9643171806167401,,3300,0.40194174757281553,2502,False,selective,0.6,0.8409090909090909,2270,R3,0.08571428571428572,0.014563106796116505
0.8454545454545455,0.8117647058823529,0.965034965034965,0.004545454545454545,0.6364905867626767,0.16363636363636364,banking77_open,0,0.8409090909090909,0.035682819383259914,0.41057787603741674,0.40194174757281553,0.41650485436893203,1030,510,0.025,0.004545454545454545,0.9372849335274435,0.8786347889311834,0.8652173913043478,0.7845878136200717,0.9643171806167401,,3300,0.40194174757281553,2502,False,selective,0.6,0.8409090909090909,2270,R3,0.08571428571428572,0.014563106796116505
0.8457575757575757,0.8113948919449901,0.9649532710280374,0.0048484848484848485,0.6370796144358246,0.16363636363636364,banking77_open,0,0.8409090909090909,0.035682819383259914,0.4097507461780288,0.4009708737864078,0.4155339805825243,1030,509,0.05,0.004545454545454545,0.9372849335274435,0.8786347889311834,0.8650464335111638,0.7843067001074884,0.9643171806167401,,3300,0.4009708737864078,2502,False,selective,0.6,0.8409090909090909,2270,R3,0.08571428571428572,0.014563106796116505
0.8463636363636363,0.8126232741617357,0.9671361502347418,0.005454545454545455,0.6376878360241179,0.16363636363636364,banking77_open,0,0.8409090909090909,0.035682819383259914,0.40863591897624507,0.4,0.41359223300970877,1030,507,0.075,0.004545454545454545,0.9372849335274435,0.8786347889311834,0.86470472052143,0.7837450769781596,0.9643171806167401,,3300,0.4,2502,False,selective,0.6,0.8409090909090909,2270,R3,0.08571428571428572,0.013592233009708738
0.8478787878787879,0.8147410358565738,0.966903073286052,0.0069696969696969695,0.63954391616104,0.16363636363636364,banking77_open,0,0.8409090909090909,0.03480176211453744,0.40630075414108024,0.3970873786407767,0.41067961165048544,1030,502,0.1,0.004545454545454545,0.9372849335274435,0.8786347889311834,0.8646408839779005,0.7830593280914939,0.9651982378854626,,3300,0.3970873786407767,2502,False,selective,0.6,0.8409090909090909,2270,R3,0.05714285714285714,0.013592233009708738
0.8536363636363636,0.8302277432712215,0.9733009708737864,0.012727272727272728,0.6446754994324283,0.16363636363636364,banking77_open,0,0.8409090909090909,0.03127753303964758,0.3976319718416236,0.38932038834951455,0.4,1030,483,0.15,0.004545454545454545,0.9372849335274435,0.8786347889311834,0.8645567131904855,0.7806176783812566,0.9687224669603525,,3300,0.38932038834951455,2502,False,selective,0.6,0.8409090909090909,2270,R3,0.05714285714285714,0.010679611650485437
0.8860606060606061,0.851063829787234,0.9696969696969697,0.0024242424242424242,0.6882084208691113,0.11878787878787879,banking77_open,0,0.8836363636363637,0.02026431718061674,0.31710432203656214,0.3106796116504854,0.32038834951456313,1030,376,0.0,0.0024242424242424242,0.9372849335274435,0.8786347889311834,0.8563727377743551,0.7606019151846786,0.9797356828193833,,3300,0.3106796116504854,2502,False,selective,0.65,0.8836363636363637,2270,R3,0.0,0.009708737864077669
0.8860606060606061,0.851063829787234,0.9696969696969697,0.0024242424242424242,0.6882084208691113,0.11878787878787879,banking77_open,0,0.8836363636363637,0.02026431718061674,0.31710432203656214,0.3106796116504854,0.32038834951456313,1030,376,0.025,0.0024242424242424242,0.9372849335274435,0.8786347889311834,0.8563727377743551,0.7606019151846786,0.9797356828193833,,3300,0.3106796116504854,2502,False,selective,0.65,0.8836363636363637,2270,R3,0.0,0.009708737864077669
0.8860606060606061,0.851063829787234,0.9696969696969697,0.0024242424242424242,0.6882084208691113,0.11878787878787879,banking77_open,0,0.8836363636363637,0.02026431718061674,0.31710432203656214,0.3106796116504854,0.32038834951456313,1030,376,0.05,0.0024242424242424242,0.9372849335274435,0.8786347889311834,0.8563727377743551,0.7606019151846786,0.9797356828193833,,3300,0.3106796116504854,2502,False,selective,0.65,0.8836363636363637,2270,R3,0.0,0.009708737864077669
0.8860606060606061,0.851063829787234,0.9696969696969697,0.0024242424242424242,0.6882084208691113,0.11878787878787879,banking77_open,0,0.8836363636363637,0.02026431718061674,0.31710432203656214,0.3106796116504854,0.32038834951456313,1030,376,0.075,0.0024242424242424242,0.9372849335274435,0.8786347889311834,0.8563727377743551,0.7606019151846786,0.9797356828193833,,3300,0.3106796116504854,2502,False,selective,0.65,0.8836363636363637,2270,R3,0.0,0.009708737864077669
0.886969696969697,0.8552278820375335,0.9696048632218845,0.0033333333333333335,0.6889732655382266,0.11878787878787879,banking77_open,0,0.8836363636363637,0.019383259911894272,0.31632732125956137,0.30970873786407765,0.3194174757281553,1030,373,0.1,0.0024242424242424242,0.9372849335274435,0.8786347889311834,0.8566480661920338,0.760505637171165,0.9806167400881057,,3300,0.30970873786407765,2502,False,selective,0.65,0.8836363636363637,2270,R3,0.0,0.009708737864077669
0.889090909090909,0.860655737704918,0.9752321981424149,0.005454545454545455,0.6920359930755855,0.11878787878787879,banking77_open,0,0.8836363636363637,0.01894273127753304,0.31176617727534045,0.3058252427184466,0.31359223300970873,1030,366,0.15,0.0024242424242424242,0.9372849335274435,0.8786347889311834,0.8558800922367409,0.7590320381731425,0.981057268722467,,3300,0.3058252427184466,2502,False,selective,0.65,0.8836363636363637,2270,R3,0.0,0.007766990291262136
0.9136363636363637,0.887719298245614,0.9768339768339769,0.0018181818181818182,0.73337064654871,0.09,banking77_open,0,0.9118181818181819,0.01145374449339207,0.2490932106541167,0.24563106796116504,0.25145631067961166,1030,285,0.0,0.0018181818181818182,0.9372849335274435,0.8786347889311834,0.8491958372753076,0.7442786069651741,0.9885462555066079,,3300,0.24563106796116504,2502,False,selective,0.7,0.9118181818181819,2270,R3,0.0,0.005825242718446602
0.9136363636363637,0.887719298245614,0.9768339768339769,0.0018181818181818182,0.73337064654871,0.09,banking77_open,0,0.9118181818181819,0.01145374449339207,0.2490932106541167,0.24563106796116504,0.25145631067961166,1030,285,0.025,0.0018181818181818182,0.9372849335274435,0.8786347889311834,0.8491958372753076,0.7442786069651741,0.9885462555066079,,3300,0.24563106796116504,2502,False,selective,0.7,0.9118181818181819,2270,R3,0.0,0.005825242718446602
0.9136363636363637,0.887719298245614,0.9768339768339769,0.0018181818181818182,0.73337064654871,0.09,banking77_open,0,0.9118181818181819,0.01145374449339207,0.2490932106541167,0.24563106796116504,0.25145631067961166,1030,285,0.05,0.0018181818181818182,0.9372849335274435,0.8786347889311834,0.8491958372753076,0.7442786069651741,0.9885462555066079,,3300,0.24563106796116504,2502,False,selective,0.7,0.9118181818181819,2270,R3,0.0,0.005825242718446602
0.9136363636363637,0.887719298245614,0.9768339768339769,0.0018181818181818182,0.73337064654871,0.09,banking77_open,0,0.9118181818181819,0.01145374449339207,0.2490932106541167,0.24563106796116504,0.25145631067961166,1030,285,0.075,0.0018181818181818182,0.9372849335274435,0.8786347889311834,0.8491958372753076,0.7442786069651741,0.9885462555066079,,3300,0.24563106796116504,2502,False,selective,0.7,0.9118181818181819,2270,R3,0.0,0.005825242718446602
0.9139393939393939,0.8873239436619719,0.9767441860465116,0.0021212121212121214,0.7341354912178253,0.09,banking77_open,0,0.9118181818181819,0.01145374449339207,0.2483162098771159,0.2446601941747573,0.2504854368932039,1030,284,0.1,0.0018181818181818182,0.9372849335274435,0.8786347889311834,0.8490351872871738,0.7440318302387268,0.9885462555066079,,3300,0.2446601941747573,2502,False,selective,0.7,0.9118181818181819,2270,R3,0.0,0.005825242718446602
0.9148484848484848,0.8861209964412812,0.9764705882352941,0.0030303030303030303,0.7364720426825917,0.09,banking77_open,0,0.9118181818181819,0.01145374449339207,0.24455634794417705,0.24174757281553397,0.24757281553398058,1030,281,0.15,0.0018181818181818182,0.9372849335274435,0.8786347889311834,0.848553601815088,0.7432924809539583,0.9885462555066079,,3300,0.24174757281553397,2502,False,selective,0.7,0.9118181818181819,2270,R3,0.0,0.005825242718446602
0.9427272727272727,0.9312169312169312,0.9832402234636871,0.0006060606060606061,0.7922817341676315,0.05848484848484849,banking77_open,0,0.9421212121212121,0.004405286343612335,0.17150524280110502,0.170873786407767,0.17378640776699028,1030,189,0.0,0.0006060606060606061,0.9372849335274435,0.8786347889311834,0.8399925664374652,0.7264545162327226,0.9955947136563876,,3300,0.170873786407767,2502,False,selective,0.75,0.9421212121212121,2270,R3,0.0,0.002912621359223301
0.9427272727272727,0.9312169312169312,0.9832402234636871,0.0006060606060606061,0.7922817341676315,0.05848484848484849,banking77_open,0,0.9421212121212121,0.004405286343612335,0.17150524280110502,0.170873786407767,0.17378640776699028,1030,189,0.025,0.0006060606060606061,0.9372849335274435,0.8786347889311834,0.8399925664374652,0.7264545162327226,0.9955947136563876,,3300,0.170873786407767,2502,False,selective,0.75,0.9421212121212121,2270,R3,0.0,0.002912621359223301
0.9427272727272727,0.9312169312169312,0.9832402234636871,0.0006060606060606061,0.7922817341676315,0.05848484848484849,banking77_open,0,0.9421212121212121,0.004405286343612335,0.17150524280110502,0.170873786407767,0.17378640776699028,1030,189,0.05,0.0006060606060606061,0.9372849335274435,0.8786347889311834,0.8399925664374652,0.7264545162327226,0.9955947136563876,,3300,0.170873786407767,2502,False,selective,0.75,0.9421212121212121,2270,R3,0.0,0.002912621359223301
0.9427272727272727,0.9312169312169312,0.9832402234636871,0.0006060606060606061,0.7922817341676315,0.05848484848484849,banking77_open,0,0.9421212121212121,0.004405286343612335,0.17150524280110502,0.170873786407767,0.17378640776699028,1030,189,0.075,0.0006060606060606061,0.9372849335274435,0.8786347889311834,0.8399925664374652,0.7264545162327226,0.9955947136563876,,3300,0.170873786407767,2502,False,selective,0.75,0.9421212121212121,2270,R3,0.0,0.002912621359223301
0.9427272727272727,0.9312169312169312,0.9832402234636871,0.0006060606060606061,0.7922817341676315,0.05848484848484849,banking77_open,0,0.9421212121212121,0.004405286343612335,0.17150524280110502,0.170873786407767,0.17378640776699028,1030,189,0.1,0.0006060606060606061,0.9372849335274435,0.8786347889311834,0.8399925664374652,0.7264545162327226,0.9955947136563876,,3300,0.170873786407767,2502,False,selective,0.75,0.9421212121212121,2270,R3,0.0,0.002912621359223301
0.9427272727272727,0.9312169312169312,0.9832402234636871,0.0006060606060606061,0.7922817341676315,0.05848484848484849,banking77_open,0,0.9421212121212121,0.004405286343612335,0.17150524280110502,0.170873786407767,0.17378640776699028,1030,189,0.15,0.0006060606060606061,0.9372849335274435,0.8786347889311834,0.8399925664374652,0.7264545162327226,0.9955947136563876,,3300,0.170873786407767,2502,False,selective,0.75,0.9421212121212121,2270,R3,0.0,0.002912621359223301
0.9606060606060606,0.9538461538461539,0.9841269841269841,0.00030303030303030303,0.8394833019071677,0.04,banking77_open,0,0.9603030303030303,0.001762114537444934,0.11511457294431693,0.1203883495145631,0.12233009708737864,1030,130,0.0,0.00030303030303030303,0.9372849335274435,0.8786347889311834,0.8330882352941176,0.714826498422713,0.9982378854625551,,3300,0.1203883495145631,2502,True,selective,0.8,0.9603030303030303,2270,R3,0.0,0.001941747572815534
0.9606060606060606,0.9538461538461539,0.9841269841269841,0.00030303030303030303,0.8394833019071677,0.04,banking77_open,0,0.9603030303030303,0.001762114537444934,0.11511457294431693,0.1203883495145631,0.12233009708737864,1030,130,0.025,0.00030303030303030303,0.9372849335274435,0.8786347889311834,0.8330882352941176,0.714826498422713,0.9982378854625551,,3300,0.1203883495145631,2502,False,selective,0.8,0.9603030303030303,2270,R3,0.0,0.001941747572815534
0.9606060606060606,0.9538461538461539,0.9841269841269841,0.00030303030303030303,0.8394833019071677,0.04,banking77_open,0,0.9603030303030303,0.001762114537444934,0.11511457294431693,0.1203883495145631,0.12233009708737864,1030,130,0.05,0.00030303030303030303,0.9372849335274435,0.8786347889311834,0.8330882352941176,0.714826498422713,0.9982378854625551,,3300,0.1203883495145631,2502,False,selective,0.8,0.9603030303030303,2270,R3,0.0,0.001941747572815534
0.9606060606060606,0.9538461538461539,0.9841269841269841,0.00030303030303030303,0.8394833019071677,0.04,banking77_open,0,0.9603030303030303,0.001762114537444934,0.11511457294431693,0.1203883495145631,0.12233009708737864,1030,130,0.075,0.00030303030303030303,0.9372849335274435,0.8786347889311834,0.8330882352941176,0.714826498422713,0.9982378854625551,,3300,0.1203883495145631,2502,False,selective,0.8,0.9603030303030303,2270,R3,0.0,0.001941747572815534
0.9606060606060606,0.9538461538461539,0.9841269841269841,0.00030303030303030303,0.8394833019071677,0.04,banking77_open,0,0.9603030303030303,0.001762114537444934,0.11511457294431693,0.1203883495145631,0.12233009708737864,1030,130,0.1,0.00030303030303030303,0.9372849335274435,0.8786347889311834,0.8330882352941176,0.714826498422713,0.9982378854625551,,3300,0.1203883495145631,2502,False,selective,0.8,0.9603030303030303,2270,R3,0.0,0.001941747572815534
0.9606060606060606,0.9538461538461539,0.9841269841269841,0.00030303030303030303,0.8394833019071677,0.04,banking77_open,0,0.9603030303030303,0.001762114537444934,0.11511457294431693,0.1203883495145631,0.12233009708737864,1030,130,0.15,0.00030303030303030303,0.9372849335274435,0.8786347889311834,0.8330882352941176,0.714826498422713,0.9982378854625551,,3300,0.1203883495145631,2502,False,selective,0.8,0.9603030303030303,2270,R3,0.0,0.001941747572815534
,,,,,,banking77_closed,,,,,0.9017681728880157,,,,,,,,,,,0.001,,,2502,,R0,,,,,,
,,,,,,banking77_closed,,,,,0.899803536345776,,,,,,,,,,,0.01,,,2502,,R0,,,,,,
,,,,,,banking77_closed,,,,,0.8870333988212181,,,,,,,,,,,0.1,,,2502,,R0,,,,,,
,,,,,,banking77_closed,,,,,0.8506876227897839,,,,,,,0.0,,,,0.0001,,,2502,,R2,,,,,,
,,,,,,banking77_closed,,,,,0.8516699410609038,,,,,,,0.0,,,,0.001,,,2502,,R2,,,,,,
,,,,,,banking77_closed,,,,,0.8521611001964636,,,,,,,0.0,,,,0.01,,,2502,,R2,,,,,,
,,,,,,banking77_closed,,,,,0.8516699410609038,,,,,,,0.0,,,,0.1,,,2502,,R2,,,,,,
,,,,,,clinc150,,,,,0.969,,,,,,,,,,,0.001,,,2503,,R0,,,,,,
,,,,,,clinc150,,,,,0.971,,,,,,,,,,,0.01,,,2503,,R0,,,,,,
,,,,,,clinc150,,,,,0.963,,,,,,,,,,,0.1,,,2503,,R0,,,,,,
,,,,,,clinc150,,,,,0.926,,,,,,,0.9141861904761904,,,,0.0001,,,2503,,R2,,,,,,
,,,,,,clinc150,,,,,0.926,,,,,,,0.9141728571428571,,,,0.001,,,2503,,R2,,,,,,
,,,,,,clinc150,,,,,0.926,,,,,,,0.913905238095238,,,,0.01,,,2503,,R2,,,,,,
,,,,,,clinc150,,,,,0.934,,,,,,,0.9095676190476191,,,,0.1,,,2503,,R2,,,,,,
0.43483870967741933,0.5159817351598174,0.9406867845993756,0.0,0.40953598403220254,0.5651612903225807,clinc150,0,0.43483870967741933,0.37666666666666665,0.904,0.904,0.961,1000,1752,0.0,0.0,0.9507989203019201,0.9095676190476191,0.7592807424593967,0.9710682492581603,0.6233333333333333,,3100,0.904,2503,False,selective,0.2,0.43483870967741933,2100,MAX_THRESHOLD,0.5,0.057
0.5109677419354839,0.5725593667546174,0.9475982532751092,0.0,0.4169456780280309,0.4890322580645161,clinc150,0,0.5109677419354839,0.2857142857142857,0.868,0.868,0.916,1000,1516,0.0,0.0,0.9507989203019201,0.9095676190476191,0.8143322475570033,0.946969696969697,0.7142857142857143,,3100,0.868,2503,False,selective,0.25,0.5109677419354839,2100,MAX_THRESHOLD,0.4,0.048
0.574516129032258,0.6285064442759667,0.9474285714285714,0.0,0.4268059889878185,0.42548387096774193,clinc150,0,0.574516129032258,0.21142857142857144,0.829,0.829,0.875,1000,1319,0.0,0.0,0.9507989203019201,0.9095676190476191,0.8533883019840247,0.9298147108366086,0.7885714285714286,,3100,0.829,2503,True,selective,0.3,0.574516129032258,2100,MAX_THRESHOLD,0.3,0.046
0.6435483870967742,0.6823529411764706,0.946047678795483,0.0,0.44963721865423123,0.3564516129032258,clinc150,0,0.6435483870967742,0.14666666666666667,0.754,0.754,0.797,1000,1105,0.0,0.0,0.9507989203019201,0.9095676190476191,0.8752136752136752,0.8982456140350877,0.8533333333333334,,3100,0.754,2503,False,selective,0.35,0.6435483870967742,2100,MAX_THRESHOLD,0.2,0.043
0.7003225806451613,0.7276641550053822,0.9481065918653576,0.0,0.4779489652490873,0.2996774193548387,clinc150,0,0.7003225806451613,0.10285714285714286,0.676,0.676,0.713,1000,929,0.0,0.0,0.9507989203019201,0.9095676190476191,0.882228986185905,0.8678028558268079,0.8971428571428571,,3100,0.676,2503,False,selective,0.4,0.7003225806451613,2100,MAX_THRESHOLD,0.1,0.037
0.7516129032258064,0.7649350649350649,0.95,0.0,0.5144057240452656,0.24838709677419354,clinc150,0,0.7516129032258064,0.07142857142857142,0.589,0.589,0.62,1000,770,0.0,0.0,0.9507989203019201,0.9095676190476191,0.8803611738148984,0.8369098712446352,0.9285714285714286,,3100,0.589,2503,False,selective,0.45,0.7516129032258064,2100,MAX_THRESHOLD,0.0,0.031
0.7945161290322581,0.814756671899529,0.9522935779816514,0.0,0.5478368142672808,0.20548387096774193,clinc150,0,0.7945161290322581,0.04380952380952381,0.519,0.519,0.545,1000,637,0.0,0.0,0.9507989203019201,0.9095676190476191,0.8801227262765723,0.8152659358505887,0.9561904761904761,,3100,0.519,2503,False,selective,0.5,0.7945161290322581,2100,MAX_THRESHOLD,0.0,0.026
0.8341935483870968,0.8482490272373541,0.9478260869565217,0.0,0.5929787236407591,0.16580645161290322,clinc150,0,0.8341935483870968,0.025714285714285714,0.436,0.436,0.46,1000,514,0.0,0.0,0.9507989203019201,0.9095676190476191,0.8732394366197183,0.7911832946635731,0.9742857142857143,,3100,0.436,2503,False,selective,0.55,0.8341935483870968,2100,MAX_THRESHOLD,0.0,0.024
0.8716129032258064,0.8994974874371859,0.9649595687331537,0.0,0.6414932515524994,0.12838709677419355,clinc150,0,0.8716129032258064,0.012857142857142857,0.358,0.358,0.371,1000,398,0.0,0.0,0.9507989203019201,0.9095676190476191,0.863390254060808,0.7672094744633605,0.9871428571428571,,3100,0.358,2503,False,selective,0.6,0.8716129032258064,2100,MAX_THRESHOLD,0.0,0.013
0.8993548387096775,0.9230769230769231,0.9632107023411371,0.0,0.6905232145690413,0.10064516129032258,clinc150,0,0.8993548387096775,0.006190476190476191,0.288,0.288,0.299,1000,312,0.0,0.0,0.9507989203019201,0.9095676190476191,0.8539279869067102,0.7485652797704447,0.9938095238095238,,3100,0.288,2503,False,selective,0.65,0.8993548387096775,2100,MAX_THRESHOLD,0.0,0.011
0.92,0.9274193548387096,0.9663865546218487,0.0,0.735537809965473,0.08,clinc150,0,0.92,0.004761904761904762,0.23,0.23,0.238,1000,248,0.0,0.0,0.9507989203019201,0.9095676190476191,0.8441033925686591,0.7328190743338009,0.9952380952380953,,3100,0.23,2503,False,selective,0.7,0.92,2100,MAX_THRESHOLD,0.0,0.008
0.9419354838709677,0.9388888888888889,0.976878612716763,0.0,0.7883024621165814,0.05806451612903226,clinc150,0,0.9419354838709677,0.0033333333333333335,0.169,0.169,0.173,1000,180,0.0,0.0,0.9507989203019201,0.9095676190476191,0.8338645418326692,0.7167808219178082,0.9966666666666667,,3100,0.169,2503,False,selective,0.75,0.9419354838709677,2100,MAX_THRESHOLD,0.0,0.004
0.9567741935483871,0.9552238805970149,0.9770992366412213,0.0,0.8277700025556908,0.043225806451612905,clinc150,0,0.9567741935483871,0.0014285714285714286,0.128,0.128,0.131,1000,134,0.0,0.0,0.9507989203019201,0.9095676190476191,0.8278720884326886,0.7070128118678355,0.9985714285714286,,3100,0.128,2503,False,selective,0.8,0.9567741935483871,2100,MAX_THRESHOLD,0.0,0.003
0.7029032258064516,0.5342019543973942,0.984,0.26806451612903226,0.731156755222311,1.0416129032258064,clinc150,0,0.43483870967741933,0.20047619047619047,0.492,0.492,0.5,1000,921,0.0,0.26806451612903226,0.9507989203019201,0.9095676190476191,0.7847627950455713,0.7705369435520881,0.7995238095238095,,3100,0.492,2503,False,selective,0.2,0.43483870967741933,2100,R3,0.0,0.008
0.7058064516129032,0.5394736842105263,0.9859719438877755,0.2709677419354839,0.731156755222311,1.0416129032258064,clinc150,0,0.43483870967741933,0.19666666666666666,0.492,0.492,0.499,1000,912,0.025,0.26806451612903226,0.9507989203019201,0.9095676190476191,0.7868470149253732,0.7710237659963437,0.8033333333333333,,3100,0.492,2503,False,selective,0.2,0.43483870967741933,2100,R3,0.0,0.007
0.7119354838709677,0.5487122060470325,0.9879032258064516,0.2770967741935484,0.7315590614624352,1.0416129032258064,clinc150,0,0.43483870967741933,0.18904761904761905,0.49,0.49,0.496,1000,893,0.05,0.26806451612903226,0.9507989203019201,0.9095676190476191,0.7908056651961923,0.771635704576348,0.810952380952381,,3100,0.49,2503,False,selective,0.2,0.43483870967741933,2100,R3,0.0,0.006
0.7248387096774194,0.570926143024619,0.9898373983739838,0.29,0.7322324379107011,1.0416129032258064,clinc150,0,0.43483870967741933,0.1719047619047619,0.487,0.487,0.492,1000,853,0.075,0.26806451612903226,0.9507989203019201,0.9095676190476191,0.8000920174833218,0.7739207832665776,0.8280952380952381,,3100,0.487,2503,False,selective,0.2,0.43483870967741933,2100,R3,0.0,0.005
0.7374193548387097,0.5958230958230958,0.9938524590163934,0.3025806451612903,0.7326329174264273,1.0416129032258064,clinc150,0,0.43483870967741933,0.15523809523809523,0.485,0.485,0.488,1000,814,0.1,0.26806451612903226,0.9507989203019201,0.9095676190476191,0.8089375284997721,0.7760279965004374,0.8447619047619047,,3100,0.485,2503,False,selective,0.2,0.43483870967741933,2100,R3,0.0,0.003
0.7641935483870967,0.6470588235294118,0.9957894736842106,0.3293548387096774,0.7357209230167929,1.0416129032258064,clinc150,0,0.43483870967741933,0.1219047619047619,0.473,0.473,0.475,1000,731,0.15,0.26806451612903226,0.9507989203019201,0.9095676190476191,0.8252405459834414,0.7783875052764879,0.878095238095238,,3100,0.473,2503,False,selective,0.2,0.43483870967741933,2100,R3,0.0,0.002
0.7074193548387097,0.5964718853362734,0.9944852941176471,0.1964516129032258,0.6850373530696798,0.7893548387096774,clinc150,0,0.5109677419354839,0.17285714285714285,0.541,0.541,0.544,1000,907,0.0,0.1964516129032258,0.9507989203019201,0.9095676190476191,0.8092243186582809,0.7920656634746922,0.8271428571428572,,3100,0.541,2503,False,selective,0.25,0.5109677419354839,2100,R3,0.0,0.003
0.7112903225806452,0.6033519553072626,0.994475138121547,0.20032258064516129,0.6852768906369712,0.7893548387096774,clinc150,0,0.5109677419354839,0.1676190476190476,0.54,0.54,0.543,1000,895,0.025,0.1964516129032258,0.9507989203019201,0.9095676190476191,0.8120789779326365,0.7927437641723356,0.8323809523809523,,3100,0.54,2503,False,selective,0.25,0.5109677419354839,2100,R3,0.0,0.003
0.7135483870967742,0.6069819819819819,0.9944649446494465,0.20258064516129032,0.6855230545372054,0.7893548387096774,clinc150,0,0.5109677419354839,0.16476190476190475,0.539,0.539,0.542,1000,888,0.05,0.1964516129032258,0.9507989203019201,0.9095676190476191,0.813543599257885,0.7929475587703436,0.8352380952380952,,3100,0.539,2503,False,selective,0.25,0.5109677419354839,2100,R3,0.0,0.003
0.7229032258064516,0.6239813736903376,0.9962825278810409,0.21193548387096775,0.6862607862161284,0.7893548387096774,clinc150,0,0.5109677419354839,0.15285714285714286,0.536,0.536,0.538,1000,859,0.075,0.1964516129032258,0.9507989203019201,0.9095676190476191,0.8196268140981342,0.7938420348058902,0.8471428571428572,,3100,0.536,2503,False,selective,0.25,0.5109677419354839,2100,R3,0.0,0.002
0.7319354838709677,0.6377858002406739,0.9962406015037594,0.22096774193548388,0.6879492032535791,0.7893548387096774,clinc150,0,0.5109677419354839,0.14238095238095239,0.53,0.53,0.532,1000,831,0.1,0.1964516129032258,0.9507989203019201,0.9095676190476191,0.8244449530785075,0.7937417364477743,0.8576190476190476,,3100,0.53,2503,False,selective,0.25,0.5109677419354839,2100,R3,0.0,0.002
0.7574193548387097,0.6861702127659575,0.9980657640232108,0.24645161290322581,0.6923171169511722,0.7893548387096774,clinc150,0,0.5109677419354839,0.11190476190476191,0.516,0.516,0.517,1000,752,0.15,0.1964516129032258,0.9507989203019201,0.9095676190476191,0.8385791366906475,0.7942930153321976,0.888095238095238,,3100,0.516,2503,False,selective,0.25,0.5109677419354839,2100,R3,0.0,0.001
0.7148387096774194,0.6459276018099548,0.9913194444444444,0.1403225806451613,0.6525760945900482,0.6196774193548387,clinc150,0,0.574516129032258,0.14666666666666667,0.571,0.571,0.576,1000,884,0.0,0.1403225806451613,0.9507989203019201,0.9095676190476191,0.830398517145505,0.8086642599277978,0.8533333333333334,,3100,0.571,2503,False,selective,0.3,0.574516129032258,2100,R3,0.0,0.005
0.7154838709677419,0.6473922902494331,0.9913194444444444,0.14096774193548386,0.6525760945900482,0.6196774193548387,clinc150,0,0.574516129032258,0.1457142857142857,0.571,0.571,0.576,1000,882,0.025,0.1403225806451613,0.9507989203019201,0.9095676190476191,0.8309402501157943,0.8088367899008115,0.8542857142857143,,3100,0.571,2503,False,selective,0.3,0.574516129032258,2100,R3,0.0,0.005
0.7193548387096774,0.6540229885057471,0.9930191972076788,0.14483870967741935,0.6531391430045084,0.6196774193548387,clinc150,0,0.574516129032258,0.14142857142857143,0.569,0.569,0.573,1000,870,0.05,0.1403225806451613,0.9507989203019201,0.9095676190476191,0.8327944572748269,0.8085201793721973,0.8585714285714285,,3100,0.569,2503,False,selective,0.3,0.574516129032258,2100,R3,0.0,0.004
0.7274193548387097,0.6710059171597633,0.9929947460595446,0.1529032258064516,0.6537960918104951,0.6196774193548387,clinc150,0,0.574516129032258,0.13047619047619047,0.567,0.567,0.571,1000,845,0.075,0.1403225806451613,0.9507989203019201,0.9095676190476191,0.8385763490241102,0.8097560975609757,0.8695238095238095,,3100,0.567,2503,False,selective,0.3,0.574516129032258,2100,R3,0.0,0.004
0.7374193548387097,0.6842751842751843,0.9946428571428572,0.1629032258064516,0.6572107152032372,0.6196774193548387,clinc150,0,0.574516129032258,0.12095238095238095,0.557,0.557,0.56,1000,814,0.1,0.1403225806451613,0.9507989203019201,0.9095676190476191,0.8417692658458732,0.8075240594925635,0.8790476190476191,,3100,0.557,2503,False,selective,0.3,0.574516129032258,2100,R3,0.0,0.003
0.7570967741935484,0.7158034528552457,0.9981481481481481,0.18258064516129033,0.6634091787286669,0.6196774193548387,clinc150,0,0.574516129032258,0.10142857142857142,0.539,0.539,0.54,1000,753,0.15,0.1403225806451613,0.9507989203019201,0.9095676190476191,0.8486620193388801,0.804005112910098,0.8985714285714286,,3100,0.539,2503,False,selective,0.3,0.574516129032258,2100,R3,0.0,0.001
0.7351612903225806,0.6979293544457978,0.9845360824742269,0.09161290322580645,0.6184554970373599,0.4754838709677419,clinc150,0,0.6435483870967742,0.1138095238095238,0.573,0.573,0.582,1000,821,0.0,0.09161290322580645,0.9507989203019201,0.9095676190476191,0.8499657456040192,0.8165862220272049,0.8861904761904762,,3100,0.573,2503,False,selective,0.35,0.6435483870967742,2100,R3,0.0,0.009
0.7358064516129033,0.6996336996336996,0.9845360824742269,0.09225806451612903,0.6184554970373599,0.4754838709677419,clinc150,0,0.6435483870967742,0.11285714285714285,0.573,0.573,0.582,1000,819,0.025,0.09161290322580645,0.9507989203019201,0.9095676190476191,0.850490755535266,0.8167470407715914,0.8871428571428571,,3100,0.573,2503,False,selective,0.35,0.6435483870967742,2100,R3,0.0,0.009
0.7403225806451613,0.7105590062111802,0.9913344887348353,0.0967741935483871,0.6188235966384941,0.4754838709677419,clinc150,0,0.6435483870967742,0.10857142857142857,0.572,0.572,0.577,1000,805,0.05,0.09161290322580645,0.9507989203019201,0.9095676190476191,0.851877133105802,0.8156862745098039,0.8914285714285715,,3100,0.572,2503,False,selective,0.35,0.6435483870967742,2100,R3,0.0,0.005
0.7458064516129033,0.7233502538071066,0.991304347826087,0.10225806451612904,0.6195081962011948,0.4754838709677419,clinc150,0,0.6435483870967742,0.10142857142857142,0.57,0.57,0.575,1000,788,0.075,0.09161290322580645,0.9507989203019201,0.9095676190476191,0.8553943789664552,0.8161764705882353,0.8985714285714286,,3100,0.57,2503,False,selective,0.35,0.6435483870967742,2100,R3,0.0,0.005
0.7545161290322581,0.7332457293035479,0.9928825622775801,0.11096774193548387,0.6240268483032958,0.4754838709677419,clinc150,0,0.6435483870967742,0.09476190476190476,0.558,0.558,0.562,1000,761,0.1,0.09161290322580645,0.9507989203019201,0.9095676190476191,0.8564992115341293,0.8127404873877726,0.9052380952380953,,3100,0.558,2503,False,selective,0.35,0.6435483870967742,2100,R3,0.0,0.004
0.7683870967741936,0.754874651810585,0.998158379373849,0.12483870967741935,0.6303647376688353,0.4754838709677419,clinc150,0,0.6435483870967742,0.08333333333333333,0.542,0.542,0.543,1000,718,0.15,0.09161290322580645,0.9507989203019201,0.9095676190476191,0.858991521642124,0.808144416456759,0.9166666666666666,,3100,0.542,2503,False,selective,0.35,0.6435483870967742,2100,R3,0.0,0.001
0.7625806451612903,0.7432065217391305,0.9750445632798574,0.06225806451612903,0.6068552139949022,0.37290322580645163,clinc150,0,0.7003225806451613,0.08333333333333333,0.547,0.547,0.561,1000,736,0.0,0.06225806451612903,0.9507989203019201,0.9095676190476191,0.8624551971326164,0.8142978003384095,0.9166666666666666,,3100,0.547,2503,False,selective,0.4,0.7003225806451613,2100,R3,0.05,0.014
0.7635483870967742,0.7435197817189632,0.9767025089605734,0.06322580645161291,0.6076546655737642,0.37290322580645163,clinc150,0,0.7003225806451613,0.08333333333333333,0.545,0.545,0.558,1000,733,0.025,0.06225806451612903,0.9507989203019201,0.9095676190476191,0.8618759794045221,0.8132657372201099,0.9166666666666666,,3100,0.545,2503,False,selective,0.4,0.7003225806451613,2100,R3,0.05,0.013
0.765483870967742,0.7482806052269602,0.9766606822262118,0.06516129032258064,0.6080780481122127,0.37290322580645163,clinc150,0,0.7003225806451613,0.08095238095238096,0.544,0.544,0.557,1000,727,0.05,0.06225806451612903,0.9507989203019201,0.9095676190476191,0.8629555108428347,0.8133164770332912,0.919047619047619,,3100,0.544,2503,False,selective,0.4,0.7003225806451613,2100,R3,0.05,0.013
0.7693548387096775,0.7580419580419581,0.9818840579710145,0.06903225806451613,0.6089804876476116,0.37290322580645163,clinc150,0,0.7003225806451613,0.07761904761904762,0.542,0.542,0.552,1000,715,0.075,0.06225806451612903,0.9507989203019201,0.9095676190476191,0.863768115942029,0.8121593291404612,0.9223809523809524,,3100,0.542,2503,False,selective,0.4,0.7003225806451613,2100,R3,0.0,0.01
0.7758064516129032,0.7697841726618705,0.9852670349907919,0.07548387096774194,0.6121407625000652,0.37290322580645163,clinc150,0,0.7003225806451613,0.07238095238095238,0.535,0.535,0.543,1000,695,0.1,0.06225806451612903,0.9507989203019201,0.9095676190476191,0.8648168701442842,0.80997920997921,0.9276190476190476,,3100,0.535,2503,False,selective,0.4,0.7003225806451613,2100,R3,0.0,0.008
0.7870967741935484,0.7909090909090909,0.9905123339658444,0.0867741935483871,0.6182022247579099,0.37290322580645163,clinc150,0,0.7003225806451613,0.06333333333333334,0.522,0.522,0.527,1000,660,0.15,0.06225806451612903,0.9507989203019201,0.9095676190476191,0.8665198237885463,0.8061475409836065,0.9366666666666666,,3100,0.522,2503,False,selective,0.4,0.7003225806451613,2100,R3,0.0,0.005
0.7919354838709678,0.772093023255814,0.974559686888454,0.04032258064516129,0.613384990204513,0.2929032258064516,clinc150,0,0.7516129032258064,0.06380952380952382,0.498,0.498,0.511,1000,645,0.0,0.04032258064516129,0.9507989203019201,0.9095676190476191,0.8632272228320527,0.8008146639511201,0.9361904761904762,,3100,0.498,2503,False,selective,0.45,0.7516129032258064,2100,R3,0.0,0.013
0.7925806451612903,0.7744945567651633,0.974559686888454,0.04096774193548387,0.613384990204513,0.2929032258064516,clinc150,0,0.7516129032258064,0.06285714285714286,0.498,0.498,0.511,1000,643,0.025,0.04032258064516129,0.9507989203019201,0.9095676190476191,0.8637261356155367,0.800976800976801,0.9371428571428572,,3100,0.498,2503,False,selective,0.45,0.7516129032258064,2100,R3,0.0,0.013
0.7941935483870968,0.7774294670846394,0.9744597249508841,0.04258064516129032,0.6143060361099876,0.2929032258064516,clinc150,0,0.7516129032258064,0.06142857142857143,0.496,0.496,0.509,1000,638,0.05,0.04032258064516129,0.9507989203019201,0.9095676190476191,0.864094695309075,0.8005686433793664,0.9385714285714286,,3100,0.496,2503,False,selective,0.45,0.7516129032258064,2100,R3,0.0,0.013
0.795483870967742,0.7791798107255521,0.9762845849802372,0.04387096774193548,0.6152387130990429,0.2929032258064516,clinc150,0,0.7516129032258064,0.06095238095238095,0.494,0.494,0.506,1000,634,0.075,0.04032258064516129,0.9507989203019201,0.9095676190476191,0.8637757336837495,0.7996755879967559,0.939047619047619,,3100,0.494,2503,False,selective,0.45,0.7516129032258064,2100,R3,0.0,0.012
0.8,0.7887096774193548,0.9819277108433735,0.04838709677419355,0.6176521433391559,0.2929032258064516,clinc150,0,0.7516129032258064,0.058095238095238096,0.489,0.489,0.498,1000,620,0.1,0.04032258064516129,0.9507989203019201,0.9095676190476191,0.863755458515284,0.7975806451612903,0.9419047619047619,,3100,0.489,2503,False,selective,0.45,0.7516129032258064,2100,R3,0.0,0.009
0.8106451612903226,0.8040885860306644,0.9874476987447699,0.059032258064516126,0.6267347543337344,0.2929032258064516,clinc150,0,0.7516129032258064,0.051904761904761905,0.472,0.472,0.478,1000,587,0.15,0.04032258064516129,0.9507989203019201,0.9095676190476191,0.8632126598742683,0.7922801432550736,0.9480952380952381,,3100,0.472,2503,False,selective,0.45,0.7516129032258064,2100,R3,0.0,0.006
0.8187096774193549,0.8220640569395018,0.9746835443037974,0.024193548387096774,0.6155256507648953,0.2306451612903226,clinc150,0,0.7945161290322581,0.0419047619047619,0.462,0.462,0.474,1000,562,0.0,0.024193548387096774,0.9507989203019201,0.9095676190476191,0.8676153514445882,0.7927501970055162,0.9580952380952381,,3100,0.462,2503,False,selective,0.5,0.7945161290322581,2100,R3,0.0,0.012
0.8190322580645162,0.8235294117647058,0.9746835443037974,0.024516129032258065,0.6155256507648953,0.2306451612903226,clinc150,0,0.7945161290322581,0.041428571428571426,0.462,0.462,0.474,1000,561,0.025,0.024193548387096774,0.9507989203019201,0.9095676190476191,0.8678594524682044,0.7928318235525798,0.9585714285714285,,3100,0.462,2503,False,selective,0.5,0.7945161290322581,2100,R3,0.0,0.012
0.8190322580645162,0.8235294117647058,0.9746835443037974,0.024516129032258065,0.6155256507648953,0.2306451612903226,clinc150,0,0.7945161290322581,0.041428571428571426,0.462,0.462,0.474,1000,561,0.05,0.024193548387096774,0.9507989203019201,0.9095676190476191,0.8678594524682044,0.7928318235525798,0.9585714285714285,,3100,0.462,2503,False,selective,0.5,0.7945161290322581,2100,R3,0.0,0.012
0.82,0.8261648745519713,0.9746300211416491,0.025483870967741934,0.6161037937414684,0.2306451612903226,clinc150,0,0.7945161290322581,0.04047619047619048,0.461,0.461,0.473,1000,558,0.075,0.024193548387096774,0.9507989203019201,0.9095676190476191,0.8681602757432142,0.7926829268292683,0.9595238095238096,,3100,0.461,2503,False,selective,0.5,0.7945161290322581,2100,R3,0.0,0.012
0.822258064516129,0.8348457350272233,0.9808102345415778,0.027741935483870966,0.6166532705665584,0.2306451612903226,clinc150,0,0.7945161290322581,0.039047619047619046,0.46,0.46,0.469,1000,551,0.1,0.024193548387096774,0.9507989203019201,0.9095676190476191,0.8681436868143688,0.7916830129462534,0.960952380952381,,3100,0.46,2503,False,selective,0.5,0.7945161290322581,2100,R3,0.0,0.009
0.8309677419354838,0.8492366412213741,0.9845132743362832,0.03645161290322581,0.6256178426671195,0.2306451612903226,clinc150,0,0.7945161290322581,0.03428571428571429,0.445,0.445,0.452,1000,524,0.15,0.024193548387096774,0.9507989203019201,0.9095676190476191,0.8674080410607357,0.7872670807453416,0.9657142857142857,,3100,0.445,2503,False,selective,0.5,0.7945161290322581,2100,R3,0.0,0.007
0.8458064516129032,0.8556485355648535,0.964622641509434,0.011612903225806452,0.6259206394495732,0.17774193548387096,clinc150,0,0.8341935483870968,0.025714285714285714,0.40900000000000003,0.409,0.424,1000,478,0.0,0.011612903225806452,0.9507989203019201,0.9095676190476191,0.8665819567979669,0.7803203661327232,0.9742857142857143,,3100,0.409,2503,False,selective,0.55,0.8341935483870968,2100,R3,0.0,0.015
0.8458064516129032,0.8556485355648535,0.964622641509434,0.011612903225806452,0.6259206394495732,0.17774193548387096,clinc150,0,0.8341935483870968,0.025714285714285714,0.40900000000000003,0.409,0.424,1000,478,0.025,0.011612903225806452,0.9507989203019201,0.9095676190476191,0.8665819567979669,0.7803203661327232,0.9742857142857143,,3100,0.409,2503,False,selective,0.55,0.8341935483870968,2100,R3,0.0,0.015
0.8464516129032258,0.8592436974789915,0.9691943127962085,0.012258064516129033,0.6259206394495732,0.17774193548387096,clinc150,0,0.8341935483870968,0.025714285714285714,0.40900000000000003,0.409,0.422,1000,476,0.05,0.011612903225806452,0.9507989203019201,0.9095676190476191,0.8662150719729044,0.7797256097560976,0.9742857142857143,,3100,0.409,2503,False,selective,0.55,0.8341935483870968,2100,R3,0.0,0.013
0.8483870967741935,0.8659574468085106,0.9736842105263158,0.014193548387096775,0.6272365538629691,0.17774193548387096,clinc150,0,0.8341935483870968,0.024761904761904763,0.40700000000000003,0.407,0.418,1000,470,0.075,0.011612903225806452,0.9507989203019201,0.9095676190476191,0.8659619450317124,0.7787072243346007,0.9752380952380952,,3100,0.407,2503,False,selective,0.55,0.8341935483870968,2100,R3,0.0,0.011
0.8503225806451613,0.8706896551724138,0.9782082324455206,0.016129032258064516,0.6292786651135671,0.17774193548387096,clinc150,0,0.8341935483870968,0.024285714285714285,0.404,0.404,0.413,1000,464,0.1,0.011612903225806452,0.9507989203019201,0.9095676190476191,0.8652871621621622,0.7773141122913505,0.9757142857142858,,3100,0.404,2503,False,selective,0.55,0.8341935483870968,2100,R3,0.0,0.009
0.8570967741935483,0.8826185101580135,0.9824120603015075,0.022903225806451613,0.6380161190801129,0.17774193548387096,clinc150,0,0.8341935483870968,0.02142857142857143,0.391,0.391,0.398,1000,443,0.15,0.011612903225806452,0.9507989203019201,0.9095676190476191,0.863989909606895,0.7734286789612345,0.9785714285714285,,3100,0.391,2503,False,selective,0.55,0.8341935483870968,2100,R3,0.0,0.007
0.8767741935483871,0.9057591623036649,0.9746478873239437,0.005161290322580645,0.656487081709147,0.1335483870967742,clinc150,0,0.8716129032258064,0.012857142857142857,0.34600000000000003,0.346,0.355,1000,382,0.0,0.005161290322580645,0.9507989203019201,0.9095676190476191,0.8605230386052304,0.7626931567328918,0.9871428571428571,,3100,0.346,2503,False,selective,0.6,0.8716129032258064,2100,R3,0.0,0.009
0.8767741935483871,0.9057591623036649,0.9746478873239437,0.005161290322580645,0.656487081709147,0.1335483870967742,clinc150,0,0.8716129032258064,0.012857142857142857,0.34600000000000003,0.346,0.355,1000,382,0.025,0.005161290322580645,0.9507989203019201,0.9095676190476191,0.8605230386052304,0.7626931567328918,0.9871428571428571,,3100,0.346,2503,False,selective,0.6,0.8716129032258064,2100,R3,0.0,0.009
0.8767741935483871,0.9057591623036649,0.9746478873239437,0.005161290322580645,0.656487081709147,0.1335483870967742,clinc150,0,0.8716129032258064,0.012857142857142857,0.34600000000000003,0.346,0.355,1000,382,0.05,0.005161290322580645,0.9507989203019201,0.9095676190476191,0.8605230386052304,0.7626931567328918,0.9871428571428571,,3100,0.346,2503,False,selective,0.6,0.8716129032258064,2100,R3,0.0,0.009
0.8774193548387097,0.9052631578947369,0.9745042492917847,0.005806451612903226,0.6579364462357601,0.1335483870967742,clinc150,0,0.8716129032258064,0.012857142857142857,0.34400000000000003,0.344,0.353,1000,380,0.075,0.005161290322580645,0.9507989203019201,0.9095676190476191,0.8601659751037343,0.7621323529411764,0.9871428571428571,,3100,0.344,2503,False,selective,0.6,0.8716129032258064,2100,R3,0.0,0.009
0.8787096774193548,0.9069148936170213,0.9770773638968482,0.0070967741935483875,0.6601095550117878,0.1335483870967742,clinc150,0,0.8716129032258064,0.012857142857142857,0.341,0.341,0.349,1000,376,0.1,0.005161290322580645,0.9507989203019201,0.9095676190476191,0.8594527363184079,0.7610132158590308,0.9871428571428571,,3100,0.341,2503,False,selective,0.6,0.8716129032258064,2100,R3,0.0,0.008
0.8819354838709678,0.912568306010929,0.9823529411764705,0.01032258064516129,0.6653575274850484,0.1335483870967742,clinc150,0,0.8716129032258064,0.012380952380952381,0.334,0.334,0.34,1000,366,0.15,0.005161290322580645,0.9507989203019201,0.9095676190476191,0.8580885395117915,0.7585954645208486,0.9876190476190476,,3100,0.334,2503,False,selective,0.6,0.8716129032258064,2100,R3,0.0,0.006
0.9012903225806451,0.934640522875817,0.9761092150170648,0.001935483870967742,0.6925046489661859,0.10258064516129033,clinc150,0,0.8993548387096775,0.006190476190476191,0.286,0.286,0.293,1000,306,0.0,0.001935483870967742,0.9507989203019201,0.9095676190476191,0.8528810788720883,0.746957766642806,0.9938095238095238,,3100,0.286,2503,False,selective,0.65,0.8993548387096775,2100,R3,0.0,0.007
0.9012903225806451,0.934640522875817,0.9761092150170648,0.001935483870967742,0.6925046489661859,0.10258064516129033,clinc150,0,0.8993548387096775,0.006190476190476191,0.286,0.286,0.293,1000,306,0.025,0.001935483870967742,0.9507989203019201,0.9095676190476191,0.8528810788720883,0.746957766642806,0.9938095238095238,,3100,0.286,2503,False,selective,0.65,0.8993548387096775,2100,R3,0.0,0.007
0.9012903225806451,0.934640522875817,0.9761092150170648,0.001935483870967742,0.6925046489661859,0.10258064516129033,clinc150,0,0.8993548387096775,0.006190476190476191,0.286,0.286,0.293,1000,306,0.05,0.001935483870967742,0.9507989203019201,0.9095676190476191,0.8528810788720883,0.746957766642806,0.9938095238095238,,3100,0.286,2503,False,selective,0.65,0.8993548387096775,2100,R3,0.0,0.007
0.9016129032258065,0.9344262295081968,0.976027397260274,0.0022580645161290325,0.6932553705595124,0.10258064516129033,clinc150,0,0.8993548387096775,0.006190476190476191,0.285,0.285,0.292,1000,305,0.075,0.001935483870967742,0.9507989203019201,0.9095676190476191,0.8527068437180797,0.7466905187835421,0.9938095238095238,,3100,0.285,2503,False,selective,0.65,0.8993548387096775,2100,R3,0.0,0.007
0.902258064516129,0.9372937293729373,0.9793103448275862,0.002903225806451613,0.694048178056398,0.10258064516129033,clinc150,0,0.8993548387096775,0.006190476190476191,0.28400000000000003,0.284,0.29,1000,303,0.1,0.001935483870967742,0.9507989203019201,0.9095676190476191,0.8523585868899326,0.7461565963532356,0.9938095238095238,,3100,0.284,2503,False,selective,0.65,0.8993548387096775,2100,R3,0.0,0.006
0.9048387096774193,0.9423728813559322,0.9858156028368794,0.005483870967741935,0.6990192300496497,0.10258064516129033,clinc150,0,0.8993548387096775,0.006190476190476191,0.278,0.278,0.282,1000,295,0.15,0.001935483870967742,0.9507989203019201,0.9095676190476191,0.8509683995922528,0.7440285204991087,0.9938095238095238,,3100,0.278,2503,False,selective,0.65,0.8993548387096775,2100,R3,0.0,0.004
0.9209677419354839,0.9387755102040817,0.9787234042553191,0.000967741935483871,0.735537809965473,0.08096774193548387,clinc150,0,0.92,0.004761904761904762,0.23,0.23,0.235,1000,245,0.0,0.000967741935483871,0.9507989203019201,0.9095676190476191,0.8435923309788093,0.7320490367775832,0.9952380952380953,,3100,0.23,2503,False,selective,0.7,0.92,2100,R3,0.0,0.005
0.9212903225806451,0.9385245901639344,0.9786324786324786,0.0012903225806451613,0.7363720473302485,0.08096774193548387,clinc150,0,0.92,0.004761904761904762,0.229,0.229,0.234,1000,244,0.025,0.000967741935483871,0.9507989203019201,0.9095676190476191,0.8434221146085552,0.7317927170868347,0.9952380952380953,,3100,0.229,2503,False,selective,0.7,0.92,2100,R3,0.0,0.005
0.9212903225806451,0.9385245901639344,0.9786324786324786,0.0012903225806451613,0.7363720473302485,0.08096774193548387,clinc150,0,0.92,0.004761904761904762,0.229,0.229,0.234,1000,244,0.05,0.000967741935483871,0.9507989203019201,0.9095676190476191,0.8434221146085552,0.7317927170868347,0.9952380952380953,,3100,0.229,2503,False,selective,0.7,0.92,2100,R3,0.0,0.005
0.9212903225806451,0.9385245901639344,0.9786324786324786,0.0012903225806451613,0.7363720473302485,0.08096774193548387,clinc150,0,0.92,0.004761904761904762,0.229,0.229,0.234,1000,244,0.075,0.000967741935483871,0.9507989203019201,0.9095676190476191,0.8434221146085552,0.7317927170868347,0.9952380952380953,,3100,0.229,2503,False,selective,0.7,0.92,2100,R3,0.0,0.005
0.9212903225806451,0.9385245901639344,0.9786324786324786,0.0012903225806451613,0.7363720473302485,0.08096774193548387,clinc150,0,0.92,0.004761904761904762,0.229,0.229,0.234,1000,244,0.1,0.000967741935483871,0.9507989203019201,0.9095676190476191,0.8434221146085552,0.7317927170868347,0.9952380952380953,,3100,0.229,2503,False,selective,0.7,0.92,2100,R3,0.0,0.005
0.9225806451612903,0.9416666666666667,0.9826086956521739,0.0025806451612903226,0.7390233858152717,0.08096774193548387,clinc150,0,0.92,0.004761904761904762,0.226,0.226,0.23,1000,240,0.15,0.000967741935483871,0.9507989203019201,0.9095676190476191,0.8427419354838709,0.7307692307692307,0.9952380952380953,,3100,0.226,2503,False,selective,0.7,0.92,2100,R3,0.0,0.004
0.942258064516129,0.9441340782122905,0.9825581395348837,0.0003225806451612903,0.7883024621165814,0.05838709677419355,clinc150,0,0.9419354838709677,0.0033333333333333335,0.169,0.169,0.172,1000,179,0.0,0.0003225806451612903,0.9507989203019201,0.9095676190476191,0.8336984664409479,0.7165354330708661,0.9966666666666667,,3100,0.169,2503,False,selective,0.75,0.9419354838709677,2100,R3,0.0,0.003
0.942258064516129,0.9441340782122905,0.9825581395348837,0.0003225806451612903,0.7883024621165814,0.05838709677419355,clinc150,0,0.9419354838709677,0.0033333333333333335,0.169,0.169,0.172,1000,179,0.025,0.0003225806451612903,0.9507989203019201,0.9095676190476191,0.8336984664409479,0.7165354330708661,0.9966666666666667,,3100,0.169,2503,False,selective,0.75,0.9419354838709677,2100,R3,0.0,0.003
0.942258064516129,0.9441340782122905,0.9825581395348837,0.0003225806451612903,0.7883024621165814,0.05838709677419355,clinc150,0,0.9419354838709677,0.0033333333333333335,0.169,0.169,0.172,1000,179,0.05,0.0003225806451612903,0.9507989203019201,0.9095676190476191,0.8336984664409479,0.7165354330708661,0.9966666666666667,,3100,0.169,2503,False,selective,0.75,0.9419354838709677,2100,R3,0.0,0.003
0.942258064516129,0.9441340782122905,0.9825581395348837,0.0003225806451612903,0.7883024621165814,0.05838709677419355,clinc150,0,0.9419354838709677,0.0033333333333333335,0.169,0.169,0.172,1000,179,0.075,0.0003225806451612903,0.9507989203019201,0.9095676190476191,0.8336984664409479,0.7165354330708661,0.9966666666666667,,3100,0.169,2503,False,selective,0.75,0.9419354838709677,2100,R3,0.0,0.003
0.942258064516129,0.9441340782122905,0.9825581395348837,0.0003225806451612903,0.7883024621165814,0.05838709677419355,clinc150,0,0.9419354838709677,0.0033333333333333335,0.169,0.169,0.172,1000,179,0.1,0.0003225806451612903,0.9507989203019201,0.9095676190476191,0.8336984664409479,0.7165354330708661,0.9966666666666667,,3100,0.169,2503,False,selective,0.75,0.9419354838709677,2100,R3,0.0,0.003
0.9425806451612904,0.9438202247191011,0.9824561403508771,0.0006451612903225806,0.789255627255924,0.05838709677419355,clinc150,0,0.9419354838709677,0.0033333333333333335,0.168,0.168,0.171,1000,178,0.15,0.0003225806451612903,0.9507989203019201,0.9095676190476191,0.8335324571883713,0.716290212183436,0.9966666666666667,,3100,0.168,2503,False,selective,0.75,0.9419354838709677,2100,R3,0.0,0.003
0.9567741935483871,0.9552238805970149,0.9770992366412213,0.0,0.8277700025556908,0.043225806451612905,clinc150,0,0.9567741935483871,0.0014285714285714286,0.128,0.128,0.131,1000,134,0.0,0.0,0.9507989203019201,0.9095676190476191,0.8278720884326886,0.7070128118678355,0.9985714285714286,,3100,0.128,2503,False,selective,0.8,0.9567741935483871,2100,R3,0.0,0.003
0.9567741935483871,0.9552238805970149,0.9770992366412213,0.0,0.8277700025556908,0.043225806451612905,clinc150,0,0.9567741935483871,0.0014285714285714286,0.128,0.128,0.131,1000,134,0.025,0.0,0.9507989203019201,0.9095676190476191,0.8278720884326886,0.7070128118678355,0.9985714285714286,,3100,0.128,2503,False,selective,0.8,0.9567741935483871,2100,R3,0.0,0.003
0.9570967741935484,0.9624060150375939,0.9846153846153847,0.0003225806451612903,0.8277700025556908,0.043225806451612905,clinc150,0,0.9567741935483871,0.0014285714285714286,0.128,0.128,0.13,1000,133,0.05,0.0,0.9507989203019201,0.9095676190476191,0.827708703374778,0.7067745197168858,0.9985714285714286,,3100,0.128,2503,True,selective,0.8,0.9567741935483871,2100,R3,0.0,0.002
0.9570967741935484,0.9624060150375939,0.9846153846153847,0.0003225806451612903,0.8277700025556908,0.043225806451612905,clinc150,0,0.9567741935483871,0.0014285714285714286,0.128,0.128,0.13,1000,133,0.075,0.0,0.9507989203019201,0.9095676190476191,0.827708703374778,0.7067745197168858,0.9985714285714286,,3100,0.128,2503,False,selective,0.8,0.9567741935483871,2100,R3,0.0,0.002
0.9570967741935484,0.9624060150375939,0.9846153846153847,0.0003225806451612903,0.8277700025556908,0.043225806451612905,clinc150,0,0.9567741935483871,0.0014285714285714286,0.128,0.128,0.13,1000,133,0.1,0.0,0.9507989203019201,0.9095676190476191,0.827708703374778,0.7067745197168858,0.9985714285714286,,3100,0.128,2503,False,selective,0.8,0.9567741935483871,2100,R3,0.0,0.002
0.9570967741935484,0.9624060150375939,0.9846153846153847,0.0003225806451612903,0.8277700025556908,0.043225806451612905,clinc150,0,0.9567741935483871,0.0014285714285714286,0.128,0.128,0.13,1000,133,0.15,0.0,0.9507989203019201,0.9095676190476191,0.827708703374778,0.7067745197168858,0.9985714285714286,,3100,0.128,2503,False,selective,0.8,0.9567741935483871,2100,R3,0.0,0.002
,,,,,,banking77_open,,,,,0.9399624765478424,,,,,,,,,,,0.001,,,2503,,R0,,,,,,
,,,,,,banking77_open,,,,,0.9399624765478424,,,,,,,,,,,0.01,,,2503,,R0,,,,,,
,,,,,,banking77_open,,,,,0.9390243902439024,,,,,,,,,,,0.1,,,2503,,R0,,,,,,
,,,,,,banking77_open,,,,,0.9080675422138836,,,,,,,0.8915838578652368,,,,0.0001,,,2503,,R2,,,,,,
,,,,,,banking77_open,,,,,0.9108818011257036,,,,,,,0.8914518599176677,,,,0.001,,,2503,,R2,,,,,,
,,,,,,banking77_open,,,,,0.9108818011257036,,,,,,,0.8914338423936672,,,,0.01,,,2503,,R2,,,,,,
,,,,,,banking77_open,,,,,0.9080675422138836,,,,,,,0.8918035933209821,,,,0.1,,,2503,,R2,,,,,,
0.388904940768564,0.4425531914893617,0.9203539823008849,0.0,0.44055650918116096,0.611095059231436,banking77_open,0,0.388904940768564,0.45845511482254697,0.8905899860099972,0.8780487804878049,0.9540337711069419,1066,2115,0.0,0.0,0.9464122333801193,0.8914518599176677,0.6933974873028602,0.9635958395245171,0.541544885177453,,3461,0.8780487804878049,2503,False,selective,0.2,0.388904940768564,2395,MAX_THRESHOLD,0.5714285714285714,0.07598499061913697
0.4559375902918232,0.4885820499203399,0.9246231155778895,0.0,0.4431560742600348,0.5440624097081769,banking77_open,0,0.4559375902918232,0.3707724425887265,0.8763708936992805,0.8630393996247655,0.9333958724202627,1066,1883,0.0,0.0,0.9464122333801193,0.8914518599176677,0.7586206896551724,0.9550063371356147,0.6292275574112735,,3461,0.8630393996247655,2503,False,selective,0.25,0.4559375902918232,2395,MAX_THRESHOLD,0.5714285714285714,0.07035647279549719
0.514591158624675,0.5351190476190476,0.9287190082644629,0.0,0.44719879009255414,0.48540884137532503,banking77_open,0,0.514591158624675,0.29728601252609604,0.8580005539363265,0.8433395872420263,0.9080675422138836,1066,1680,0.0,0.0,0.9464122333801193,0.8914518599176677,0.8060344827586208,0.9449747332959012,0.702713987473904,,3461,0.8433395872420263,2503,False,selective,0.3,0.514591158624675,2395,MAX_THRESHOLD,0.5428571428571428,0.0647279549718574
0.5770008668015024,0.5840163934426229,0.9405940594059405,0.0,0.4573187472780432,0.4229991331984975,banking77_open,0,0.5770008668015024,0.23173277661795408,0.8202256876594736,0.8020637898686679,0.8527204502814258,1066,1464,0.0,0.0,0.9464122333801193,0.8914518599176677,0.8378870673952641,0.9213820731096645,0.7682672233820459,,3461,0.8020637898686679,2503,True,selective,0.35,0.5770008668015024,2395,MAX_THRESHOLD,0.5142857142857142,0.05065666041275797
0.6339208321294424,0.6306235201262825,0.9478054567022538,0.0,0.47240781999388065,0.36607916787055766,banking77_open,0,0.6339208321294424,0.17703549060542798,0.7713358301709535,0.7495309568480301,0.7908067542213884,1066,1267,0.0,0.0,0.9464122333801193,0.8914518599176677,0.8590106777075617,0.898359161349134,0.822964509394572,,3461,0.7495309568480301,2503,False,selective,0.4,0.6339208321294424,2395,MAX_THRESHOLD,0.38461538461538464,0.04127579737335835
0.6879514591158624,0.6861111111111111,0.9512195121951219,0.0,0.4905160533315558,0.3120485408841375,banking77_open,0,0.6879514591158624,0.125678496868476,0.7172435902566021,0.6951219512195121,0.7307692307692307,1066,1080,0.0,0.0,0.9464122333801193,0.8914518599176677,0.8768844221105527,0.879462410751785,0.874321503131524,,3461,0.6951219512195121,2503,False,selective,0.45,0.6879514591158624,2395,MAX_THRESHOLD,0.3076923076923077,0.03564727954971857
0.7347587402484831,0.7167755991285403,0.9550072568940493,0.0,0.5203947177788388,0.2652412597515169,banking77_open,0,0.7347587402484831,0.09561586638830898,0.6419867204276198,0.6172607879924953,0.6463414634146342,1066,918,0.0,0.0,0.9464122333801193,0.8914518599176677,0.8772782503037666,0.8517499016909162,0.904384133611691,,3461,0.6172607879924953,2503,False,selective,0.5,0.7347587402484831,2395,MAX_THRESHOLD,0.15384615384615385,0.029080675422138838
0.7835885582201676,0.7636849132176236,0.9694915254237289,0.0,0.5556636810608442,0.21641144177983243,banking77_open,0,0.7835885582201676,0.06638830897703549,0.5620544201783076,0.5365853658536586,0.5534709193245778,1066,749,0.0,0.0,0.9464122333801193,0.8914518599176677,0.8756608576463678,0.8244837758112095,0.9336116910229645,,3461,0.5365853658536586,2503,False,selective,0.55,0.7835885582201676,2395,MAX_THRESHOLD,0.11538461538461539,0.016885553470919325
0.8292401040161803,0.817258883248731,0.971830985915493,0.0,0.5980452616437394,0.17075989598381972,banking77_open,0,0.8292401040161803,0.03924843423799582,0.47730012785350395,0.4530956848030019,0.46622889305816134,1066,591,0.0,0.0,0.9464122333801193,0.8914518599176677,0.8740740740740741,0.8017421602787457,0.9607515657620042,,3461,0.4530956848030019,2503,False,selective,0.6,0.8292401040161803,2395,MAX_THRESHOLD,0.08571428571428572,0.013133208255159476
0.862178561109506,0.8574423480083857,0.9879227053140096,0.0,0.6381211158173233,0.13782143889049409,banking77_open,0,0.862178561109506,0.02630480167014614,0.40682476621375047,0.38367729831144465,0.3883677298311445,1066,477,0.0,0.0,0.9464122333801193,0.8914518599176677,0.8670756646216768,0.7815013404825737,0.9736951983298539,,3461,0.38367729831144465,2503,False,selective,0.65,0.862178561109506,2395,MAX_THRESHOLD,0.038461538461538464,0.004690431519699813
0.8988731580468072,0.8828571428571429,0.9903846153846154,0.0,0.6995926397704447,0.10112684195319271,banking77_open,0,0.8988731580468072,0.015866388308977037,0.31111632055999555,0.2898686679174484,0.2926829268292683,1066,350,0.0,0.0,0.9464122333801193,0.8914518599176677,0.8561569197239375,0.7576342012214722,0.984133611691023,,3461,0.2898686679174484,2503,False,selective,0.7,0.8988731580468072,2395,MAX_THRESHOLD,0.038461538461538464,0.0028142589118198874
0.9205431956082057,0.9018181818181819,0.992,0.0,0.742061299280917,0.07945680439179428,banking77_open,0,0.9205431956082057,0.010438413361169102,0.25307860457645875,0.2326454033771107,0.23452157598499063,1066,275,0.0,0.0,0.9464122333801193,0.8914518599176677,0.8493101594696291,0.743879472693032,0.9895615866388309,,3461,0.2326454033771107,2503,False,selective,0.75,0.9205431956082057,2395,MAX_THRESHOLD,0.02857142857142857,0.001876172607879925
0.9436579023403641,0.9487179487179487,0.9946236559139785,0.0,0.7909201329472694,0.056342097659635944,banking77_open,0,0.9436579023403641,0.0037578288100208767,0.18790001927938452,0.17354596622889307,0.17448405253283303,1066,195,0.0,0.0,0.9464122333801193,0.8914518599176677,0.84296060766649,0.7305572565829761,0.9962421711899792,,3461,0.17354596622889307,2503,False,selective,0.8,0.9436579023403641,2395,MAX_THRESHOLD,0.0,0.0009380863039399625
0.7665414620052008,0.4863861386138614,0.9800498753117207,0.3776365212366368,0.8037116211797235,1.5105460849465473,banking77_open,0,0.388904940768564,0.169937369519833,0.3717344275656897,0.36866791744840527,0.37617260787992496,1066,808,0.0,0.3776365212366368,0.9464122333801193,0.8914518599176677,0.7876386687797148,0.7493403693931399,0.830062630480167,,3461,0.36866791744840527,2503,False,selective,0.2,0.388904940768564,2395,R3,0.0,0.0075046904315197
0.7691418665125687,0.4918648310387985,0.9825,0.38023692574400464,0.8037116211797235,1.5105460849465473,banking77_open,0,0.388904940768564,0.16659707724425887,0.3717344275656897,0.36866791744840527,0.37523452157598497,1066,799,0.025,0.3776365212366368,0.9464122333801193,0.8914518599176677,0.7894008305319359,0.7498121712997746,0.8334029227557411,,3461,0.36866791744840527,2503,False,selective,0.2,0.388904940768564,2395,R3,0.0,0.006566604127579738
0.7792545507078878,0.5143979057591623,0.9825,0.3903496099393239,0.8037116211797235,1.5105460849465473,banking77_open,0,0.388904940768564,0.15198329853862214,0.3717344275656897,0.36866791744840527,0.37523452157598497,1066,764,0.05,0.3776365212366368,0.9464122333801193,0.8914518599176677,0.7977219167321289,0.7530589543937709,0.8480167014613779,,3461,0.36866791744840527,2503,False,selective,0.2,0.388904940768564,2395,R3,0.0,0.006566604127579738
0.7899451025715111,0.5392022008253095,0.9849246231155779,0.4010401618029471,0.8038868447598382,1.5105460849465473,banking77_open,0,0.388904940768564,0.1373695198329854,0.37095742678868887,0.3677298311444653,0.37335834896810505,1066,727,0.075,0.3776365212366368,0.9464122333801193,0.8914518599176677,0.8056151296549033,0.7556693489392831,0.8626304801670146,,3461,0.3677298311444653,2503,False,selective,0.2,0.388904940768564,2395,R3,0.0,0.005628517823639775
0.8020803236058942,0.5693430656934306,0.9898477157360406,0.41317538283733024,0.8042346016414904,1.5105460849465473,banking77_open,0,0.388904940768564,0.12150313152400835,0.3690870601968369,0.36585365853658536,0.3696060037523452,1066,685,0.1,0.3776365212366368,0.9464122333801193,0.8914518599176677,0.8137690968864822,0.7579250720461095,0.8784968684759916,,3461,0.36585365853658536,2503,False,selective,0.2,0.388904940768564,2395,R3,0.0,0.00375234521575985
0.8228835596648367,0.6199021207177814,0.9947643979057592,0.43397861889627276,0.8061726734910549,1.5105460849465473,banking77_open,0,0.388904940768564,0.09645093945720251,0.36093408319503,0.35647279549718575,0.35834896810506567,1066,613,0.15,0.3776365212366368,0.9464122333801193,0.8914518599176677,0.8254815945069617,0.7598314606741573,0.9035490605427975,,3461,0.35647279549718575,2503,False,selective,0.2,0.388904940768564,2395,R3,0.0,0.001876172607879925
0.7532505056342098,0.5433255269320844,0.9727463312368972,0.2973129153423866,0.7606413915934971,1.1459115862467495,banking77_open,0,0.4559375902918232,0.15741127348643005,0.44213725249176333,0.4352720450281426,0.4474671669793621,1066,854,0.0,0.2973129153423866,0.9464122333801193,0.8914518599176677,0.8068772491003599,0.7740698120444955,0.84258872651357,,3461,0.4352720450281426,2503,False,selective,0.25,0.4559375902918232,2395,R3,0.0,0.012195121951219513
0.7544062409708177,0.5458823529411765,0.9727463312368972,0.29846865067899453,0.7606413915934971,1.1459115862467495,banking77_open,0,0.4559375902918232,0.155741127348643,0.44213725249176333,0.4352720450281426,0.4474671669793621,1066,850,0.025,0.2973129153423866,0.9464122333801193,0.8914518599176677,0.8078306032760687,0.7744159325928763,0.844258872651357,,3461,0.4352720450281426,2503,False,selective,0.25,0.4559375902918232,2395,R3,0.0,0.012195121951219513
0.7613406529904652,0.5617433414043583,0.9727463312368972,0.30540306269864204,0.7606413915934971,1.1459115862467495,banking77_open,0,0.4559375902918232,0.14572025052192067,0.44213725249176333,0.4352720450281426,0.4474671669793621,1066,826,0.05,0.2973129153423866,0.9464122333801193,0.8914518599176677,0.8135188866799204,0.7764705882352941,0.8542797494780794,,3461,0.4352720450281426,2503,False,selective,0.25,0.4559375902918232,2395,R3,0.0,0.012195121951219513
0.7711644033516325,0.5833333333333334,0.9767441860465116,0.3152268130598093,0.7610347916225791,1.1459115862467495,banking77_open,0,0.4559375902918232,0.13319415448851774,0.4407116510661619,0.4333958724202627,0.4437148217636023,1066,792,0.075,0.2973129153423866,0.9464122333801193,0.8914518599176677,0.8199052132701422,0.7778194080179842,0.8668058455114822,,3461,0.4333958724202627,2503,False,selective,0.25,0.4559375902918232,2395,R3,0.0,0.010318949343339587
0.7815660213811038,0.6071428571428571,0.9807692307692307,0.3256284310892806,0.7616577417267941,1.1459115862467495,banking77_open,0,0.4559375902918232,0.12025052192066805,0.4383139450046627,0.43058161350844276,0.43902439024390244,1066,756,0.1,0.2973129153423866,0.9464122333801193,0.8914518599176677,0.8262745098039215,0.7789279112754159,0.8797494780793319,,3461,0.43058161350844276,2503,False,selective,0.25,0.4559375902918232,2395,R3,0.0,0.008442776735459663
0.80583646344987,0.6666666666666666,0.9911504424778761,0.3498988731580468,0.7642037105029726,1.1459115862467495,banking77_open,0,0.4559375902918232,0.0918580375782881,0.42826509377103605,0.4202626641651032,0.42401500938086306,1066,672,0.15,0.2973129153423866,0.9464122333801193,0.8914518599176677,0.8391203703703703,0.779849408390104,0.9081419624217119,,3461,0.4202626641651032,2503,False,selective,0.25,0.4559375902918232,2395,R3,0.0,0.00375234521575985
0.7356255417509391,0.5879781420765028,0.9711191335740073,0.22103438312626408,0.7092611550964707,0.8777809881537127,banking77_open,0,0.514591158624675,0.15073068893528183,0.5139601461515112,0.5046904315196998,0.5196998123827392,1066,915,0.0,0.22103438312626408,0.9464122333801193,0.8914518599176677,0.8233151183970856,0.7989002356637863,0.8492693110647181,,3461,0.5046904315196998,2503,False,selective,0.3,0.514591158624675,2395,R3,0.02857142857142857,0.0150093808630394
0.7376480785900029,0.5925110132158591,0.9711191335740073,0.22305691996532795,0.7092611550964707,0.8777809881537127,banking77_open,0,0.514591158624675,0.1478079331941545,0.5139601461515112,0.5046904315196998,0.5196998123827392,1066,908,0.025,0.22103438312626408,0.9464122333801193,0.8914518599176677,0.8249797898140663,0.7994516255385821,0.8521920668058455,,3461,0.5046904315196998,2503,False,selective,0.3,0.514591158624675,2395,R3,0.02857142857142857,0.0150093808630394
0.7422710199364345,0.602017937219731,0.9710669077757685,0.2276798613117596,0.7094730532519143,0.8777809881537127,banking77_open,0,0.514591158624675,0.14154488517745303,0.5132059983385397,0.5037523452157598,0.5187617260787992,1066,892,0.05,0.22103438312626408,0.9464122333801193,0.8914518599176677,0.8283642224012893,0.8003114052160374,0.858455114822547,,3461,0.5037523452157598,2503,False,selective,0.3,0.514591158624675,2395,R3,0.02857142857142857,0.0150093808630394
0.7509390349609939,0.6183294663573086,0.9726277372262774,0.23634787633631898,0.7103998818166534,0.8777809881537127,banking77_open,0,0.514591158624675,0.13110647181628393,0.5104329824076291,0.5,0.5140712945590994,1066,862,0.075,0.22103438312626408,0.9464122333801193,0.8914518599176677,0.8334000800961153,0.8006925740669488,0.8688935281837161,,3461,0.5,2503,False,selective,0.3,0.514591158624675,2395,R3,0.02857142857142857,0.014071294559099437
0.7624963883270731,0.6411192214111923,0.9777365491651205,0.24790522970239814,0.7118814554903102,0.8777809881537127,banking77_open,0,0.514591158624675,0.11816283924843424,0.5055737456404976,0.49437148217636023,0.5056285178236398,1066,822,0.1,0.22103438312626408,0.9464122333801193,0.8914518599176677,0.8390941597139452,0.8003031451307313,0.8818371607515657,,3461,0.49437148217636023,2503,False,selective,0.3,0.514591158624675,2395,R3,0.02857142857142857,0.01125703564727955
0.7870557642299914,0.6987788331071914,0.9903846153846154,0.2724646056053164,0.7149354819189262,0.8777809881537127,banking77_open,0,0.514591158624675,0.0906054279749478,0.4948961547838239,0.4831144465290807,0.4878048780487805,1066,737,0.15,0.22103438312626408,0.9464122333801193,0.8914518599176677,0.8509474506739597,0.7995594713656388,0.9093945720250521,,3461,0.4831144465290807,2503,False,selective,0.3,0.514591158624675,2395,R3,0.02857142857142857,0.004690431519699813
0.7419820861022826,0.6382978723404256,0.9710391822827938,0.1649812193007801,0.6753745592121593,0.6758162380814794,banking77_open,0,0.5770008668015024,0.12776617954070982,0.5498159341151043,0.5347091932457786,0.550656660412758,1066,893,0.0,0.1649812193007801,0.9464122333801193,0.8914518599176677,0.8418295385855328,0.8134735202492211,0.8722338204592902,,3461,0.5347091932457786,2503,False,selective,0.35,0.5770008668015024,2395,R3,0.05714285714285714,0.01594746716697936
0.7425599537705866,0.6397306397306397,0.9710391822827938,0.16555908696908408,0.6753745592121593,0.6758162380814794,banking77_open,0,0.5770008668015024,0.1269311064718163,0.5498159341151043,0.5347091932457786,0.550656660412758,1066,891,0.025,0.1649812193007801,0.9464122333801193,0.8914518599176677,0.8422960725075529,0.8136186770428016,0.8730688935281837,,3461,0.5347091932457786,2503,False,selective,0.35,0.5770008668015024,2395,R3,0.05714285714285714,0.01594746716697936
0.7460271597804102,0.6473265073947668,0.9726495726495726,0.16902629297890784,0.6756493063377108,0.6758162380814794,banking77_open,0,0.5770008668015024,0.12275574112734865,0.5490833333825036,0.5337711069418386,0.5487804878048781,1066,879,0.05,0.1649812193007801,0.9464122333801193,0.8914518599176677,0.8442837050431987,0.813710302091402,0.8772442588726513,,3461,0.5337711069418386,2503,False,selective,0.35,0.5770008668015024,2395,R3,0.05714285714285714,0.0150093808630394
0.7535394394683618,0.6611957796014069,0.9774696707105719,0.1765385726668593,0.6770698255625082,0.6758162380814794,banking77_open,0,0.5770008668015024,0.11524008350730688,0.5445527044891568,0.5290806754221389,0.5412757973733584,1066,853,0.075,0.1649812193007801,0.9464122333801193,0.8914518599176677,0.8470917449530283,0.8125,0.8847599164926931,,3461,0.5290806754221389,2503,False,selective,0.35,0.5770008668015024,2395,R3,0.05714285714285714,0.012195121951219513
0.7624963883270731,0.6788321167883211,0.9772329246935202,0.18549552152557064,0.6786982142954504,0.6758162380814794,banking77_open,0,0.5770008668015024,0.10480167014613778,0.5392650434243865,0.5234521575984991,0.5356472795497186,1066,822,0.1,0.1649812193007801,0.9464122333801193,0.8914518599176677,0.8518077075883989,0.8124289503599849,0.8951983298538622,,3461,0.5234521575984991,2503,False,selective,0.35,0.5770008668015024,2395,R3,0.05714285714285714,0.012195121951219513
0.7847442935567756,0.7248322147651006,0.9854014598540146,0.20774342675527305,0.684353340280288,0.6758162380814794,banking77_open,0,0.5770008668015024,0.08225469728601252,0.5227564089693574,0.5065666041275797,0.5140712945590994,1066,745,0.15,0.1649812193007801,0.9464122333801193,0.8914518599176677,0.8601056544707494,0.8092783505154639,0.9177453027139875,,3461,0.5065666041275797,2503,False,selective,0.35,0.5770008668015024,2395,R3,0.05714285714285714,0.0075046904315197
0.7454492921121063,0.6889897843359818,0.9743178170144462,0.11152845998266397,0.6216271758824977,0.5171915631320427,banking77_open,0,0.6339208321294424,0.10772442588726514,0.5895568060423764,0.5694183864915572,0.5844277673545967,1066,881,0.0,0.11152845998266397,0.9464122333801193,0.8914518599176677,0.8590954773869346,0.8282945736434109,0.8922755741127348,,3461,0.5694183864915572,2503,False,selective,0.4,0.6339208321294424,2395,R3,0.11428571428571428,0.0150093808630394
0.7460271597804102,0.6905574516496018,0.9743178170144462,0.11210632765096792,0.6216271758824977,0.5171915631320427,banking77_open,0,0.6339208321294424,0.10688935281837161,0.5895568060423764,0.5694183864915572,0.5844277673545967,1066,879,0.025,0.11152845998266397,0.9464122333801193,0.8914518599176677,0.8595539481615431,0.8284275755228505,0.8931106471816284,,3461,0.5694183864915572,2503,False,selective,0.4,0.6339208321294424,2395,R3,0.11428571428571428,0.0150093808630394
0.750072233458538,0.6994219653179191,0.9773828756058158,0.11615140132909564,0.6222428690684454,0.5171915631320427,banking77_open,0,0.6339208321294424,0.10271398747390396,0.5864695922528215,0.5675422138836773,0.5806754221388368,1066,865,0.05,0.11152845998266397,0.9464122333801193,0.8914518599176677,0.8611500701262272,0.8278120184899846,0.8972860125260961,,3461,0.5675422138836773,2503,False,selective,0.4,0.6339208321294424,2395,R3,0.11428571428571428,0.013133208255159476
0.7567177116440336,0.7149643705463183,0.9788617886178862,0.12279687951459116,0.6231744343450897,0.5171915631320427,banking77_open,0,0.6339208321294424,0.09478079331941545,0.5838673334005626,0.5647279549718575,0.5769230769230769,1066,842,0.075,0.11152845998266397,0.9464122333801193,0.8914518599176677,0.8647786198643798,0.8277968690339824,0.9052192066805845,,3461,0.5647279549718575,2503,False,selective,0.4,0.6339208321294424,2395,R3,0.11428571428571428,0.012195121951219513
0.763074255995377,0.7292682926829268,0.9787234042553191,0.1291534238659347,0.6245401452295564,0.5171915631320427,banking77_open,0,0.6339208321294424,0.08726513569937369,0.5805256227218955,0.5609756097560976,0.573170731707317,1066,820,0.1,0.11152845998266397,0.9464122333801193,0.8914518599176677,0.8681493248610007,0.8277167739492617,0.9127348643006263,,3461,0.5609756097560976,2503,False,selective,0.4,0.6339208321294424,2395,R3,0.08571428571428572,0.012195121951219513
0.7827217567177116,0.7672872340425532,0.9812925170068028,0.1488009245882693,0.6321935276442697,0.5171915631320427,banking77_open,0,0.6339208321294424,0.0684759916492693,0.5612251597471759,0.5412757973733584,0.551594746716698,1066,752,0.15,0.11152845998266397,0.9464122333801193,0.8914518599176677,0.8742163009404389,0.8235511258767073,0.9315240083507307,,3461,0.5412757973733584,2503,False,selective,0.4,0.6339208321294424,2395,R3,0.08571428571428572,0.010318949343339587
0.7610517191563132,0.7448609431680774,0.9746835443037974,0.07310026004045074,0.593790442192433,0.3987286911297313,banking77_open,0,0.6879514591158624,0.081419624217119,0.5999000825171898,0.5778611632270169,0.5928705440900562,1066,827,0.0,0.07310026004045074,0.9464122333801193,0.8914518599176677,0.874925432491549,0.8352315869400152,0.918580375782881,,3461,0.5778611632270169,2503,False,selective,0.45,0.6879514591158624,2395,R3,0.2,0.0150093808630394
0.7616295868246171,0.7466666666666667,0.9746835443037974,0.07367812770875469,0.593790442192433,0.3987286911297313,banking77_open,0,0.6879514591158624,0.08058455114822546,0.5999000825171898,0.5778611632270169,0.5928705440900562,1066,825,0.025,0.07310026004045074,0.9464122333801193,0.8914518599176677,0.8753726893261776,0.8353566009104704,0.9194154488517745,,3461,0.5778611632270169,2503,False,selective,0.45,0.6879514591158624,2395,R3,0.2,0.0150093808630394
0.764518925166137,0.750920245398773,0.9760765550239234,0.0765674660502745,0.5951960858317,0.3987286911297313,banking77_open,0,0.6879514591158624,0.07849686847599165,0.5965659060372334,0.574108818011257,0.5881801125703565,1066,815,0.05,0.07310026004045074,0.9464122333801193,0.8914518599176677,0.8756199166831978,0.8340891912320484,0.9215031315240083,,3461,0.574108818011257,2503,False,selective,0.45,0.6879514591158624,2395,R3,0.17142857142857143,0.014071294559099437
0.7671193296735047,0.7568238213399504,0.9775641025641025,0.0791678705576423,0.5959064409114555,0.3987286911297313,banking77_open,0,0.6879514591158624,0.07599164926931107,0.5950523732737005,0.5722326454033771,0.5853658536585366,1066,806,0.075,0.07310026004045074,0.9464122333801193,0.8914518599176677,0.8764356435643564,0.8335216572504708,0.924008350730689,,3461,0.5722326454033771,2503,False,selective,0.45,0.6879514591158624,2395,R3,0.17142857142857143,0.013133208255159476
0.7737648078590003,0.7726692209450831,0.9805510534846029,0.08581334874313783,0.597842972782945,0.3987286911297313,banking77_open,0,0.6879514591158624,0.06931106471816284,0.5912108301176413,0.5675422138836773,0.5787992495309568,1066,783,0.1,0.07310026004045074,0.9464122333801193,0.8914518599176677,0.878769958604376,0.8323375653472741,0.9306889352818372,,3461,0.5675422138836773,2503,False,selective,0.45,0.6879514591158624,2395,R3,0.17142857142857143,0.01125703564727955
0.791389771742271,0.8047091412742382,0.9847457627118644,0.10343831262640855,0.607311949629266,0.3987286911297313,banking77_open,0,0.6879514591158624,0.05511482254697286,0.5693073533478071,0.5450281425891182,0.5534709193245778,1066,722,0.15,0.07310026004045074,0.9464122333801193,0.8914518599176677,0.8815738215816128,0.8262139466958744,0.9448851774530271,,3461,0.5450281425891182,2503,False,selective,0.45,0.6879514591158624,2395,R3,0.17142857142857143,0.008442776735459663
0.7809881537127997,0.758575197889182,0.9712837837837838,0.04622941346431667,0.5910182165810504,0.31782721756717713,banking77_open,0,0.7347587402484831,0.06931106471816284,0.5615356901132221,0.5393996247654784,0.5553470919324578,1066,758,0.0,0.04622941346431667,0.9464122333801193,0.8914518599176677,0.8744605727736368,0.8246392896781354,0.9306889352818372,,3461,0.5393996247654784,2503,False,selective,0.5,0.7347587402484831,2395,R3,0.15384615384615385,0.01594746716697936
0.7818549552152557,0.7615894039735099,0.9729272419627749,0.04709621496677261,0.5910182165810504,0.31782721756717713,banking77_open,0,0.7347587402484831,0.0684759916492693,0.5615356901132221,0.5393996247654784,0.5544090056285178,1066,755,0.025,0.04622941346431667,0.9464122333801193,0.8914518599176677,0.8747304450107822,0.8244641537324464,0.9315240083507307,,3461,0.5393996247654784,2503,False,selective,0.5,0.7347587402484831,2395,R3,0.15384615384615385,0.0150093808630394
0.7835885582201676,0.7676902536715621,0.9745762711864406,0.04882981797168449,0.5910182165810504,0.31782721756717713,banking77_open,0,0.7347587402484831,0.06638830897703549,0.5615356901132221,0.5393996247654784,0.5534709193245778,1066,749,0.05,0.04622941346431667,0.9464122333801193,0.8914518599176677,0.8756608576463678,0.8244837758112095,0.9336116910229645,,3461,0.5393996247654784,2503,False,selective,0.5,0.7347587402484831,2395,R3,0.15384615384615385,0.014071294559099437
0.7867668303958394,0.7750677506775068,0.9761092150170648,0.05200809014735625,0.5923073089863558,0.31782721756717713,banking77_open,0,0.7347587402484831,0.06346555323590815,0.5588860363724868,0.5365853658536586,0.549718574108818,1066,738,0.075,0.04622941346431667,0.9464122333801193,0.8914518599176677,0.8765142633841344,0.8237238340066103,0.9365344467640918,,3461,0.5365853658536586,2503,False,selective,0.5,0.7347587402484831,2395,R3,0.15384615384615385,0.013133208255159476
0.7928344409130309,0.7907949790794979,0.9792746113989638,0.05807570066454782,0.5944403975927568,0.31782721756717713,banking77_open,0,0.7347587402484831,0.05762004175365344,0.5549346453243215,0.5318949343339587,0.5431519699812383,1066,717,0.1,0.04622941346431667,0.9464122333801193,0.8914518599176677,0.878381007978206,0.8225218658892128,0.9423799582463466,,3461,0.5318949343339587,2503,False,selective,0.5,0.7347587402484831,2395,R3,0.15384615384615385,0.01125703564727955
0.8067032649523259,0.820627802690583,0.9838709677419355,0.07194452470384281,0.602569820876672,0.31782721756717713,banking77_open,0,0.7347587402484831,0.04634655532359081,0.538815876100814,0.5150093808630394,0.5234521575984991,1066,669,0.15,0.04622941346431667,0.9464122333801193,0.8914518599176677,0.8806631964526702,0.8180515759312321,0.9536534446764092,,3461,0.5150093808630394,2503,False,selective,0.5,0.7347587402484831,2395,R3,0.14285714285714285,0.008442776735459663
0.8067032649523259,0.7832585949177877,0.9794392523364486,0.023114706732158336,0.599421700294131,0.24125975151690263,banking77_open,0,0.7835885582201676,0.055949895615866385,0.5141255113451964,0.4915572232645403,0.50187617260788,1066,669,0.0,0.023114706732158336,0.9464122333801193,0.8914518599176677,0.8717948717948718,0.8098137535816619,0.9440501043841336,,3461,0.4915572232645403,2503,False,selective,0.55,0.7835885582201676,2395,R3,0.11538461538461539,0.010318949343339587
0.8069921987864779,0.7844311377245509,0.9794392523364486,0.023403640566310314,0.599421700294131,0.24125975151690263,banking77_open,0,0.7835885582201676,0.055532359081419624,0.5141255113451964,0.4915572232645403,0.50187617260788,1066,668,0.025,0.023114706732158336,0.9464122333801193,0.8914518599176677,0.8720123361603701,0.8098818474758325,0.9444676409185804,,3461,0.4915572232645403,2503,False,selective,0.55,0.7835885582201676,2395,R3,0.11538461538461539,0.010318949343339587
0.8093036694596937,0.7924242424242425,0.9812382739212008,0.025715111239526148,0.5998653299082368,0.24125975151690263,banking77_open,0,0.7835885582201676,0.05302713987473904,0.5133929106125955,0.4906191369606004,0.5,1066,660,0.05,0.023114706732158336,0.9464122333801193,0.8914518599176677,0.8729792147806005,0.8097108175651553,0.9469728601252609,,3461,0.4906191369606004,2503,False,selective,0.55,0.7835885582201676,2395,R3,0.11538461538461539,0.009380863039399626
0.8119040739670615,0.7972350230414746,0.9829545454545454,0.028315515746893963,0.6017961627808628,0.24125975151690263,banking77_open,0,0.7835885582201676,0.05135699373695198,0.5098731397851324,0.48686679174484054,0.49530956848030017,1066,651,0.075,0.023114706732158336,0.9464122333801193,0.8914518599176677,0.8730067243035543,0.8085409252669039,0.948643006263048,,3461,0.48686679174484054,2503,False,selective,0.55,0.7835885582201676,2395,R3,0.11428571428571428,0.008442776735459663
0.8153712799768853,0.8043818466353677,0.982791586998088,0.03178272175671771,0.6042861396200259,0.24125975151690263,banking77_open,0,0.7835885582201676,0.048434237995824636,0.5061108069905416,0.4821763602251407,0.4906191369606004,1066,639,0.1,0.023114706732158336,0.9464122333801193,0.8914518599176677,0.873682192831129,0.8075832742735648,0.9515657620041754,,3461,0.4821763602251407,2503,False,selective,0.55,0.7835885582201676,2395,R3,0.11428571428571428,0.008442776735459663
0.8257728980063566,0.8291873963515755,0.9900990099009901,0.04218433978618896,0.6113183071646183,0.24125975151690263,banking77_open,0,0.7835885582201676,0.04091858037578288,0.4939381112385418,0.46904315196998125,0.47373358348968103,1066,603,0.15,0.023114706732158336,0.9464122333801193,0.8914518599176677,0.8745478774033885,0.8037088873337999,0.9590814196242171,,3461,0.46904315196998125,2503,False,selective,0.55,0.7835885582201676,2395,R3,0.11428571428571428,0.004690431519699813
0.8405085235481075,0.822463768115942,0.9721627408993576,0.011268419531927188,0.6260001652475228,0.18202831551574689,banking77_open,0,0.8292401040161803,0.03549060542797495,0.4482269738331575,0.425891181988743,0.43808630393996245,1066,552,0.0,0.011268419531927188,0.9464122333801193,0.8914518599176677,0.8710407239819005,0.7940873152286009,0.964509394572025,,3461,0.425891181988743,2503,False,selective,0.6,0.8292401040161803,2395,R3,0.08571428571428572,0.012195121951219513
0.8407974573822594,0.822141560798548,0.9721030042918455,0.011557353366079168,0.6265246639007719,0.18202831551574689,banking77_open,0,0.8292401040161803,0.03549060542797495,0.4473998439737696,0.424953095684803,0.4371482176360225,1066,551,0.025,0.011268419531927188,0.9464122333801193,0.8914518599176677,0.8708765315739867,0.7938144329896907,0.964509394572025,,3461,0.424953095684803,2503,False,selective,0.6,0.8292401040161803,2395,R3,0.08571428571428572,0.012195121951219513
0.8422421265530193,0.8278388278388278,0.9762419006479481,0.013002022536839063,0.6270527742730164,0.18202831551574689,banking77_open,0,0.8292401040161803,0.03465553235908142,0.4463314679053935,0.42401500938086306,0.4343339587242026,1066,546,0.05,0.011268419531927188,0.9464122333801193,0.8914518599176677,0.8708097928436912,0.793138936535163,0.9653444676409186,,3461,0.42401500938086306,2503,False,selective,0.6,0.8292401040161803,2395,R3,0.08571428571428572,0.010318949343339587
0.8433978618896273,0.8321033210332104,0.9804347826086957,0.014157757873446981,0.6276387498251901,0.18202831551574689,banking77_open,0,0.8292401040161803,0.03423799582463465,0.44526309183701746,0.4230769230769231,0.43151969981238275,1066,542,0.075,0.011268419531927188,0.9464122333801193,0.8914518599176677,0.870530673692134,0.7923946557040082,0.9657620041753654,,3461,0.4230769230769231,2503,False,selective,0.6,0.8292401040161803,2395,R3,0.08571428571428572,0.008442776735459663
0.8448425310603872,0.8342644320297952,0.9803063457330415,0.015602427044206876,0.6293080695609484,0.18202831551574689,banking77_open,0,0.8292401040161803,0.033402922755741124,0.4431048896788153,0.4202626641651032,0.42870544090056284,1066,537,0.1,0.011268419531927188,0.9464122333801193,0.8914518599176677,0.8704643730024442,0.7917236662106704,0.9665970772442589,,3461,0.4202626641651032,2503,False,selective,0.6,0.8292401040161803,2395,R3,0.08571428571428572,0.008442776735459663
0.8497544062409709,0.85,0.9866071428571429,0.020514302224790525,0.6328520698219126,0.18202831551574689,banking77_open,0,0.8292401040161803,0.030062630480167014,0.43822405173346124,0.4146341463414634,0.4202626641651032,1066,520,0.15,0.011268419531927188,0.9464122333801193,0.8914518599176677,0.8706896551724137,0.7898673920435226,0.969937369519833,,3461,0.4146341463414634,2503,False,selective,0.6,0.8292401040161803,2395,R3,0.08571428571428572,0.005628517823639775
0.8665125686217856,0.8593073593073594,0.9875621890547264,0.004334007512279688,0.6506555185508172,0.14215544640277378,banking77_open,0,0.862178561109506,0.025052192066805846,0.3951852784873062,0.3724202626641651,0.3771106941838649,1066,462,0.0,0.004334007512279688,0.9464122333801193,0.8914518599176677,0.8657767890248425,0.778592864288096,0.9749478079331941,,3461,0.3724202626641651,2503,False,selective,0.65,0.862178561109506,2395,R3,0.038461538461538464,0.004690431519699813
0.8670904362900895,0.8608695652173913,0.99,0.004911875180583647,0.6512625406707784,0.14215544640277378,banking77_open,0,0.862178561109506,0.025052192066805846,0.3944526777547055,0.3714821763602251,0.37523452157598497,1066,460,0.025,0.004334007512279688,0.9464122333801193,0.8914518599176677,0.8654558932542624,0.7780739753415529,0.9749478079331941,,3461,0.3714821763602251,2503,False,selective,0.65,0.862178561109506,2395,R3,0.038461538461538464,0.00375234521575985
0.8673793701242416,0.8627450980392157,0.99,0.005200809014735626,0.6512625406707784,0.14215544640277378,banking77_open,0,0.862178561109506,0.024634655532359082,0.3944526777547055,0.3714821763602251,0.37523452157598497,1066,459,0.05,0.004334007512279688,0.9464122333801193,0.8914518599176677,0.8656661108022975,0.7781479013990673,0.9753653444676409,,3461,0.3714821763602251,2503,False,selective,0.65,0.862178561109506,2395,R3,0.038461538461538464,0.00375234521575985
0.8682461716266975,0.8640350877192983,0.9899497487437185,0.006067610517191563,0.6524638435957963,0.14215544640277378,banking77_open,0,0.862178561109506,0.024217118997912318,0.39270953785367085,0.3696060037523452,0.37335834896810505,1066,456,0.075,0.004334007512279688,0.9464122333801193,0.8914518599176677,0.8655555555555555,0.7777038269550749,0.9757828810020877,,3461,0.3696060037523452,2503,False,selective,0.65,0.862178561109506,2395,R3,0.038461538461538464,0.00375234521575985
0.8691129731291535,0.8653421633554084,0.98989898989899,0.006934412019647501,0.6537834982835745,0.14215544640277378,banking77_open,0,0.862178561109506,0.023799582463465554,0.3908621099192864,0.3677298311444653,0.3714821763602251,1066,453,0.1,0.004334007512279688,0.9464122333801193,0.8914518599176677,0.8654451230797705,0.7772606382978723,0.9762004175365344,,3461,0.3677298311444653,2503,False,selective,0.65,0.862178561109506,2395,R3,0.038461538461538464,0.00375234521575985
0.8717133776365212,0.8716216216216216,0.9923076923076923,0.009534816527015313,0.6569377029151674,0.14215544640277378,banking77_open,0,0.862178561109506,0.02254697286012526,0.38661674760940795,0.3630393996247655,0.36585365853658536,1066,444,0.15,0.004334007512279688,0.9464122333801193,0.8914518599176677,0.8651145602365113,0.7759363606231355,0.9774530271398747,,3461,0.3630393996247655,2503,False,selective,0.65,0.862178561109506,2395,R3,0.038461538461538464,0.0028142589118198874
0.9000288933834152,0.884393063583815,0.9902912621359223,0.0011557353366079169,0.7021922338932702,0.10228257728980064,banking77_open,0,0.8988731580468072,0.015448851774530271,0.3078917673354423,0.2870544090056285,0.2898686679174484,1066,346,0.0,0.0011557353366079169,0.9464122333801193,0.8914518599176677,0.8558983666061707,0.7569823434991975,0.9845511482254697,,3461,0.2870544090056285,2503,False,selective,0.7,0.8988731580468072,2395,R3,0.038461538461538464,0.0028142589118198874
0.9000288933834152,0.884393063583815,0.9902912621359223,0.0011557353366079169,0.7021922338932702,0.10228257728980064,banking77_open,0,0.8988731580468072,0.015448851774530271,0.3078917673354423,0.2870544090056285,0.2898686679174484,1066,346,0.025,0.0011557353366079169,0.9464122333801193,0.8914518599176677,0.8558983666061707,0.7569823434991975,0.9845511482254697,,3461,0.2870544090056285,2503,False,selective,0.7,0.8988731580468072,2395,R3,0.038461538461538464,0.0028142589118198874
0.9003178272175671,0.8869565217391304,0.9902912621359223,0.001444669170759896,0.7021922338932702,0.10228257728980064,banking77_open,0,0.8988731580468072,0.015031315240083507,0.3078917673354423,0.2870544090056285,0.2898686679174484,1066,345,0.05,0.0011557353366079169,0.9464122333801193,0.8914518599176677,0.8561059698784249,0.7570603337612324,0.9849686847599165,,3461,0.2870544090056285,2503,False,selective,0.7,0.8988731580468072,2395,R3,0.038461538461538464,0.0028142589118198874
0.9003178272175671,0.8869565217391304,0.9902912621359223,0.001444669170759896,0.7021922338932702,0.10228257728980064,banking77_open,0,0.8988731580468072,0.015031315240083507,0.3078917673354423,0.2870544090056285,0.2898686679174484,1066,345,0.075,0.0011557353366079169,0.9464122333801193,0.8914518599176677,0.8561059698784249,0.7570603337612324,0.9849686847599165,,3461,0.2870544090056285,2503,False,selective,0.7,0.8988731580468072,2395,R3,0.038461538461538464,0.0028142589118198874
0.9008956948858712,0.8862973760932945,0.990228013029316,0.0020225368390638545,0.7036761333298426,0.10228257728980064,banking77_open,0,0.8988731580468072,0.015031315240083507,0.3060443394010579,0.2851782363977486,0.2879924953095685,1066,343,0.1,0.0011557353366079169,0.9464122333801193,0.8914518599176677,0.8557953927081444,0.7565747273893522,0.9849686847599165,,3461,0.2851782363977486,2503,False,selective,0.7,0.8988731580468072,2395,R3,0.038461538461538464,0.0028142589118198874
0.902051430222479,0.8849557522123894,0.9900990099009901,0.003178272175671771,0.7069149397948645,0.10228257728980064,banking77_open,0,0.8988731580468072,0.015031315240083507,0.30222408558080405,0.28142589118198874,0.28424015009380865,1066,339,0.15,0.0011557353366079169,0.9464122333801193,0.8914518599176677,0.8551749139024831,0.7556053811659192,0.9849686847599165,,3461,0.28142589118198874,2503,False,selective,0.7,0.8988731580468072,2395,R3,0.038461538461538464,0.0028142589118198874
0.9205431956082057,0.9018181818181819,0.992,0.0,0.742061299280917,0.07945680439179428,banking77_open,0,0.9205431956082057,0.010438413361169102,0.25307860457645875,0.2326454033771107,0.23452157598499063,1066,275,0.0,0.0,0.9464122333801193,0.8914518599176677,0.8493101594696291,0.743879472693032,0.9895615866388309,,3461,0.2326454033771107,2503,False,selective,0.75,0.9205431956082057,2395,R3,0.02857142857142857,0.001876172607879925
0.9205431956082057,0.9018181818181819,0.992,0.0,0.742061299280917,0.07945680439179428,banking77_open,0,0.9205431956082057,0.010438413361169102,0.25307860457645875,0.2326454033771107,0.23452157598499063,1066,275,0.025,0.0,0.9464122333801193,0.8914518599176677,0.8493101594696291,0.743879472693032,0.9895615866388309,,3461,0.2326454033771107,2503,False,selective,0.75,0.9205431956082057,2395,R3,0.02857142857142857,0.001876172607879925
0.9208321294423577,0.9014598540145985,0.9919678714859438,0.0002889338341519792,0.7427999892005024,0.07945680439179428,banking77_open,0,0.9205431956082057,0.010438413361169102,0.2517965532944075,0.23170731707317074,0.23358348968105067,1066,274,0.05,0.0,0.9464122333801193,0.8914518599176677,0.8491580078824793,0.7436460621273925,0.9895615866388309,,3461,0.23170731707317074,2503,False,selective,0.75,0.9205431956082057,2395,R3,0.02857142857142857,0.001876172607879925
0.9211210632765097,0.9010989010989011,0.9919354838709677,0.0005778676683039584,0.7436550255490986,0.07945680439179428,banking77_open,0,0.9205431956082057,0.010438413361169102,0.2510195525174067,0.23076923076923078,0.2326454033771107,1066,273,0.075,0.0,0.9464122333801193,0.8914518599176677,0.8490059108006448,0.7434127979924717,0.9895615866388309,,3461,0.23076923076923078,2503,False,selective,0.75,0.9205431956082057,2395,R3,0.02857142857142857,0.001876172607879925
0.9214099971106616,0.9007352941176471,0.9919028340080972,0.0008668015024559376,0.744414920873879,0.07945680439179428,banking77_open,0,0.9205431956082057,0.010438413361169102,0.250286951784806,0.2298311444652908,0.23170731707317074,1066,272,0.1,0.0,0.9464122333801193,0.8914518599176677,0.8488538681948424,0.7431796801505174,0.9895615866388309,,3461,0.2298311444652908,2503,False,selective,0.75,0.9205431956082057,2395,R3,0.02857142857142857,0.001876172607879925
0.9228546662814215,0.898876404494382,0.9917355371900827,0.0023114706732158337,0.7486595951935447,0.07945680439179428,banking77_open,0,0.9205431956082057,0.010438413361169102,0.245301196799051,0.225140712945591,0.2270168855534709,1066,267,0.15,0.0,0.9464122333801193,0.8914518599176677,0.8480944712828772,0.7420162805259862,0.9895615866388309,,3461,0.225140712945591,2503,False,selective,0.75,0.9205431956082057,2395,R3,0.02857142857142857,0.001876172607879925
0.9436579023403641,0.9487179487179487,0.9946236559139785,0.0,0.7909201329472694,0.056342097659635944,banking77_open,0,0.9436579023403641,0.0037578288100208767,0.18790001927938452,0.17354596622889307,0.17448405253283303,1066,195,0.0,0.0,0.9464122333801193,0.8914518599176677,0.84296060766649,0.7305572565829761,0.9962421711899792,,3461,0.17354596622889307,2503,True,selective,0.8,0.9436579023403641,2395,R3,0.0,0.0009380863039399625
0.9436579023403641,0.9487179487179487,0.9946236559139785,0.0,0.7909201329472694,0.056342097659635944,banking77_open,0,0.9436579023403641,0.0037578288100208767,0.18790001927938452,0.17354596622889307,0.17448405253283303,1066,195,0.025,0.0,0.9464122333801193,0.8914518599176677,0.84296060766649,0.7305572565829761,0.9962421711899792,,3461,0.17354596622889307,2503,False,selective,0.8,0.9436579023403641,2395,R3,0.0,0.0009380863039399625
0.9436579023403641,0.9487179487179487,0.9946236559139785,0.0,0.7909201329472694,0.056342097659635944,banking77_open,0,0.9436579023403641,0.0037578288100208767,0.18790001927938452,0.17354596622889307,0.17448405253283303,1066,195,0.05,0.0,0.9464122333801193,0.8914518599176677,0.84296060766649,0.7305572565829761,0.9962421711899792,,3461,0.17354596622889307,2503,False,selective,0.8,0.9436579023403641,2395,R3,0.0,0.0009380863039399625
0.943946836174516,0.9484536082474226,0.9945945945945946,0.0002889338341519792,0.7917751692958657,0.056342097659635944,banking77_open,0,0.9436579023403641,0.0037578288100208767,0.18712301850238375,0.1726078799249531,0.17354596622889307,1066,194,0.075,0.0,0.9464122333801193,0.8914518599176677,0.8428117273048393,0.7303336394245485,0.9962421711899792,,3461,0.1726078799249531,2503,False,selective,0.8,0.9436579023403641,2395,R3,0.0,0.0009380863039399625
0.943946836174516,0.9484536082474226,0.9945945945945946,0.0002889338341519792,0.7917751692958657,0.056342097659635944,banking77_open,0,0.9436579023403641,0.0037578288100208767,0.18712301850238375,0.1726078799249531,0.17354596622889307,1066,194,0.1,0.0,0.9464122333801193,0.8914518599176677,0.8428117273048393,0.7303336394245485,0.9962421711899792,,3461,0.1726078799249531,2503,False,selective,0.8,0.9436579023403641,2395,R3,0.0,0.0009380863039399625
0.944813637676972,0.9476439790575916,0.9945054945054945,0.0011557353366079169,0.7945268560289342,0.056342097659635944,banking77_open,0,0.9436579023403641,0.0037578288100208767,0.18407976545913068,0.1697936210131332,0.17073170731707318,1066,191,0.15,0.0,0.9464122333801193,0.8914518599176677,0.8423654015887025,0.7296636085626911,0.9962421711899792,,3461,0.1697936210131332,2503,False,selective,0.8,0.9436579023403641,2395,R3,0.0,0.0009380863039399625
,,,,,,banking77_closed,,,,,0.9022593320235757,,,,,,,,,,,0.001,,,2503,,R0,,,,,,
,,,,,,banking77_closed,,,,,0.8988212180746562,,,,,,,,,,,0.01,,,2503,,R0,,,,,,
,,,,,,banking77_closed,,,,,0.8939096267190569,,,,,,,,,,,0.1,,,2503,,R0,,,,,,
,,,,,,banking77_closed,,,,,0.8369351669941061,,,,,,,0.0,,,,0.0001,,,2503,,R2,,,,,,
,,,,,,banking77_closed,,,,,0.8388998035363457,,,,,,,0.0,,,,0.001,,,2503,,R2,,,,,,
,,,,,,banking77_closed,,,,,0.8393909626719057,,,,,,,0.0,,,,0.01,,,2503,,R2,,,,,,
,,,,,,banking77_closed,,,,,0.8388998035363457,,,,,,,0.0,,,,0.1,,,2503,,R2,,,,,,
,,,,,,clinc150,,,,,0.979,,,,,,,,,,,0.001,,,2504,,R0,,,,,,
,,,,,,clinc150,,,,,0.979,,,,,,,,,,,0.01,,,2504,,R0,,,,,,
,,,,,,clinc150,,,,,0.978,,,,,,,,,,,0.1,,,2504,,R0,,,,,,
,,,,,,clinc150,,,,,0.967,,,,,,,0.91635,,,,0.0001,,,2504,,R2,,,,,,
,,,,,,clinc150,,,,,0.967,,,,,,,0.9162961904761905,,,,0.001,,,2504,,R2,,,,,,
,,,,,,clinc150,,,,,0.967,,,,,,,0.9156828571428571,,,,0.01,,,2504,,R2,,,,,,
,,,,,,clinc150,,,,,0.97,,,,,,,0.9103528571428572,,,,0.1,,,2504,,R2,,,,,,
0.4003225806451613,0.5029585798816568,0.9719334719334719,0.0,0.3947998003513397,0.5996774193548388,clinc150,0,0.4003225806451613,0.42714285714285716,0.9349999999999999,0.935,0.962,1000,1859,0.0,0.0,0.9515413096731653,0.9103528571428572,0.720143669560012,0.9693795326349718,0.5728571428571428,,3100,0.935,2504,False,selective,0.2,0.4003225806451613,2100,MAX_THRESHOLD,0.3,0.027
0.46774193548387094,0.556969696969697,0.9724867724867725,0.0,0.39773869471014855,0.532258064516129,clinc150,0,0.46774193548387094,0.3357142857142857,0.919,0.919,0.945,1000,1650,0.0,0.0,0.9515413096731653,0.9103528571428572,0.7859154929577463,0.9620689655172414,0.6642857142857143,,3100,0.919,2504,False,selective,0.25,0.46774193548387094,2100,MAX_THRESHOLD,0.15,0.026
0.5274193548387097,0.6040955631399317,0.9735973597359736,0.0,0.40533365967045526,0.47258064516129034,clinc150,0,0.5274193548387097,0.26476190476190475,0.885,0.885,0.909,1000,1465,0.0,0.0,0.9515413096731653,0.9103528571428572,0.8267737617135207,0.94434250764526,0.7352380952380952,,3100,0.885,2504,False,selective,0.3,0.5274193548387097,2100,MAX_THRESHOLD,0.0,0.024
0.5874193548387097,0.6583268178264269,0.9745370370370371,0.0,0.41669972955008505,0.41258064516129034,clinc150,0,0.5874193548387097,0.1976190476190476,0.842,0.842,0.864,1000,1279,0.0,0.0,0.9515413096731653,0.9103528571428572,0.8594746238204539,0.9253157605711148,0.8023809523809524,,3100,0.842,2504,True,selective,0.35,0.5874193548387097,2100,MAX_THRESHOLD,0.0,0.022
0.6464516129032258,0.7071167883211679,0.9748427672955975,0.0,0.43762060121246504,0.3535483870967742,clinc150,0,0.6464516129032258,0.14333333333333334,0.775,0.775,0.795,1000,1096,0.0,0.0,0.9515413096731653,0.9103528571428572,0.8767056530214424,0.8977045908183633,0.8566666666666667,,3100,0.775,2504,False,selective,0.4,0.6464516129032258,2100,MAX_THRESHOLD,0.0,0.02
0.7009677419354838,0.7626752966558792,0.9805825242718447,0.0,0.46220017804068786,0.2990322580645161,clinc150,0,0.7009677419354838,0.0980952380952381,0.707,0.707,0.721,1000,927,0.0,0.0,0.9515413096731653,0.9103528571428572,0.8864966065995787,0.8716060745513116,0.9019047619047619,,3100,0.707,2504,False,selective,0.45,0.7009677419354838,2100,MAX_THRESHOLD,0.0,0.014
0.7416129032258064,0.8014981273408239,0.9876923076923076,0.0,0.48912478983298785,0.2583870967741935,clinc150,0,0.7416129032258064,0.0719047619047619,0.642,0.642,0.65,1000,801,0.0,0.0,0.9515413096731653,0.9103528571428572,0.8861104796544669,0.8477598956067856,0.9280952380952381,,3100,0.642,2504,False,selective,0.5,0.7416129032258064,2100,MAX_THRESHOLD,0.0,0.008
0.7841935483870968,0.8400597907324364,0.9876977152899824,0.0,0.5264064359958748,0.21580645161290324,clinc150,0,0.7841935483870968,0.047619047619047616,0.5619999999999999,0.562,0.569,1000,669,0.0,0.0,0.9515413096731653,0.9103528571428572,0.8828073273008167,0.8227067050596463,0.9523809523809523,,3100,0.562,2504,False,selective,0.55,0.7841935483870968,2100,MAX_THRESHOLD,0.0,0.007
0.8219354838709677,0.8568840579710145,0.9854166666666667,0.0,0.5730015706371179,0.17806451612903226,clinc150,0,0.8219354838709677,0.03428571428571429,0.47300000000000003,0.473,0.48,1000,552,0.0,0.0,0.9515413096731653,0.9103528571428572,0.8726333907056799,0.7959183673469388,0.9657142857142857,,3100,0.473,2504,False,selective,0.6,0.8219354838709677,2100,MAX_THRESHOLD,0.0,0.007
0.857741935483871,0.8843537414965986,0.9898477157360406,0.0,0.6220564254794352,0.14225806451612905,clinc150,0,0.857741935483871,0.02238095238095238,0.39,0.39,0.394,1000,441,0.0,0.0,0.9515413096731653,0.9103528571428572,0.8627862996427822,0.7720947724708537,0.9776190476190476,,3100,0.39,2504,False,selective,0.65,0.857741935483871,2100,MAX_THRESHOLD,0.0,0.004
0.8864516129032258,0.9147727272727273,0.9907692307692307,0.0,0.6673811388586964,0.1135483870967742,clinc150,0,0.8864516129032258,0.012857142857142857,0.322,0.322,0.325,1000,352,0.0,0.0,0.9515413096731653,0.9103528571428572,0.8551980198019803,0.7543668122270742,0.9871428571428571,,3100,0.322,2504,False,selective,0.7,0.8864516129032258,2100,MAX_THRESHOLD,0.0,0.003
0.9083870967741936,0.9119718309859155,0.9885496183206107,0.0,0.7137182859112583,0.09161290322580645,clinc150,0,0.9083870967741936,0.010476190476190476,0.259,0.259,0.262,1000,284,0.0,0.0,0.9515413096731653,0.9103528571428572,0.8454027664768105,0.7379261363636364,0.9895238095238095,,3100,0.259,2504,False,selective,0.75,0.9083870967741936,2100,MAX_THRESHOLD,0.0,0.003
0.9329032258064516,0.9182692307692307,0.9896373056994818,0.0,0.7695356710394252,0.06709677419354838,clinc150,0,0.9329032258064516,0.007142857142857143,0.191,0.191,0.193,1000,208,0.0,0.0,0.9515413096731653,0.9103528571428572,0.8353365384615384,0.720954356846473,0.9928571428571429,,3100,0.191,2504,False,selective,0.8,0.9329032258064516,2100,MAX_THRESHOLD,0.0,0.002
0.714516129032258,0.5209039548022599,0.9978354978354979,0.3141935483870968,0.7624768335022615,1.0938709677419354,clinc150,0,0.4003225806451613,0.20142857142857143,0.461,0.461,0.462,1000,885,0.0,0.3141935483870968,0.9515413096731653,0.9103528571428572,0.7772885283893394,0.7571106094808127,0.7985714285714286,,3100,0.461,2504,False,selective,0.2,0.4003225806451613,2100,R3,0.0,0.001
0.7167741935483871,0.5250569476082004,0.9978354978354979,0.3164516129032258,0.7624768335022615,1.0938709677419354,clinc150,0,0.4003225806451613,0.1980952380952381,0.461,0.461,0.462,1000,878,0.025,0.3141935483870968,0.9515413096731653,0.9103528571428572,0.7792688570106432,0.7578757875787578,0.8019047619047619,,3100,0.461,2504,False,selective,0.2,0.4003225806451613,2100,R3,0.0,0.001
0.7264516129032258,0.5424528301886793,0.9978308026030369,0.3261290322580645,0.7626623481467151,1.0938709677419354,clinc150,0,0.4003225806451613,0.18428571428571427,0.46,0.46,0.461,1000,848,0.05,0.3141935483870968,0.9515413096731653,0.9103528571428572,0.7872242647058825,0.7606571936056838,0.8157142857142857,,3100,0.46,2504,False,selective,0.2,0.4003225806451613,2100,R3,0.0,0.001
0.7358064516129033,0.5604395604395604,0.9978260869565218,0.33548387096774196,0.7628469395488775,1.0938709677419354,clinc150,0,0.4003225806451613,0.17095238095238094,0.459,0.459,0.46,1000,819,0.075,0.3141935483870968,0.9515413096731653,0.9103528571428572,0.7947957087422963,0.7632617273125822,0.829047619047619,,3100,0.459,2504,False,selective,0.2,0.4003225806451613,2100,R3,0.0,0.001
0.7512903225806452,0.5914396887159533,1.0,0.35096774193548386,0.7634847780960939,1.0938709677419354,clinc150,0,0.4003225806451613,0.15,0.456,0.456,0.456,1000,771,0.1,0.3141935483870968,0.9515413096731653,0.9103528571428572,0.8060510273199367,0.7664233576642335,0.85,,3100,0.456,2504,False,selective,0.2,0.4003225806451613,2100,R3,0.0,0.0
0.7796774193548387,0.6588579795021962,1.0,0.3793548387096774,0.764878944463274,1.0938709677419354,clinc150,0,0.4003225806451613,0.11095238095238096,0.45,0.45,0.45,1000,683,0.15,0.3141935483870968,0.9515413096731653,0.9103528571428572,0.826654859419969,0.7724451799751758,0.8890476190476191,,3100,0.45,2504,False,selective,0.2,0.4003225806451613,2100,R3,0.0,0.0
0.6925806451612904,0.5802728226652676,0.9910394265232975,0.22483870967741937,0.6948252866219812,0.84,clinc150,0,0.46774193548387094,0.1880952380952381,0.553,0.553,0.558,1000,953,0.0,0.22483870967741937,0.9515413096731653,0.9103528571428572,0.802919708029197,0.7941313460642757,0.8119047619047619,,3100,0.553,2504,False,selective,0.25,0.46774193548387094,2100,R3,0.0,0.005
0.6954838709677419,0.5847457627118644,0.9910233393177738,0.22774193548387098,0.6950369838185427,0.84,clinc150,0,0.46774193548387094,0.18428571428571427,0.552,0.552,0.557,1000,944,0.025,0.22483870967741937,0.9515413096731653,0.9103528571428572,0.8049812030075189,0.7945269016697588,0.8157142857142857,,3100,0.552,2504,False,selective,0.25,0.46774193548387094,2100,R3,0.0,0.005
0.7,0.5935483870967742,0.9928057553956835,0.23225806451612904,0.6950369838185427,0.84,clinc150,0,0.46774193548387094,0.17809523809523808,0.552,0.552,0.556,1000,930,0.05,0.22483870967741937,0.9515413096731653,0.9103528571428572,0.808430913348946,0.7953917050691244,0.8219047619047619,,3100,0.552,2504,False,selective,0.25,0.46774193548387094,2100,R3,0.0,0.004
0.7096774193548387,0.6122222222222222,0.9927927927927928,0.24193548387096775,0.6952636635974367,0.84,clinc150,0,0.46774193548387094,0.16428571428571428,0.551,0.551,0.555,1000,900,0.075,0.22483870967741937,0.9515413096731653,0.9103528571428572,0.8162790697674419,0.7977272727272727,0.8357142857142857,,3100,0.551,2504,False,selective,0.25,0.46774193548387094,2100,R3,0.0,0.004
0.7222580645161291,0.6341463414634146,0.994535519125683,0.25451612903225806,0.696492564178346,0.84,clinc150,0,0.46774193548387094,0.14857142857142858,0.546,0.546,0.549,1000,861,0.1,0.22483870967741937,0.9515413096731653,0.9103528571428572,0.8241530306522241,0.7985707905314873,0.8514285714285714,,3100,0.546,2504,False,selective,0.25,0.46774193548387094,2100,R3,0.0,0.003
0.7525806451612903,0.6975228161668839,0.9962756052141527,0.28483870967741937,0.6994597826275396,0.84,clinc150,0,0.46774193548387094,0.10952380952380952,0.535,0.535,0.537,1000,767,0.15,0.22483870967741937,0.9515413096731653,0.9103528571428572,0.8436724565756824,0.8015430775825118,0.8904761904761904,,3100,0.535,2504,False,selective,0.25,0.46774193548387094,2100,R3,0.0,0.002
0.6848387096774193,0.6151484135107472,0.9901153212520593,0.15741935483870967,0.6482300582700876,0.6612903225806451,clinc150,0,0.5274193548387097,0.1761904761904762,0.601,0.601,0.607,1000,977,0.0,0.15741935483870967,0.9515413096731653,0.9103528571428572,0.8193227563343595,0.814884597268017,0.8238095238095238,,3100,0.601,2504,False,selective,0.3,0.5274193548387097,2100,R3,0.0,0.006
0.6864516129032258,0.6183127572016461,0.9901153212520593,0.15903225806451612,0.6482300582700876,0.6612903225806451,clinc150,0,0.5274193548387097,0.1738095238095238,0.601,0.601,0.607,1000,972,0.025,0.15741935483870967,0.9515413096731653,0.9103528571428572,0.8207190160832545,0.8153195488721805,0.8261904761904761,,3100,0.601,2504,False,selective,0.3,0.5274193548387097,2100,R3,0.0,0.006
0.6893548387096774,0.6230529595015576,0.9900990099009901,0.16193548387096773,0.6485063765504577,0.6612903225806451,clinc150,0,0.5274193548387097,0.17,0.6,0.6,0.606,1000,963,0.05,0.15741935483870967,0.9515413096731653,0.9103528571428572,0.822751947132405,0.815629386991109,0.83,,3100,0.6,2504,False,selective,0.3,0.5274193548387097,2100,R3,0.0,0.006
0.6970967741935484,0.6389776357827476,0.9917355371900827,0.1696774193548387,0.6485063765504577,0.6612903225806451,clinc150,0,0.5274193548387097,0.15904761904761905,0.6,0.6,0.605,1000,939,0.075,0.15741935483870967,0.9515413096731653,0.9103528571428572,0.8289134006101854,0.8172142526608052,0.840952380952381,,3100,0.6,2504,False,selective,0.3,0.5274193548387097,2100,R3,0.0,0.005
0.707741935483871,0.6567328918322296,0.9916666666666667,0.1803225806451613,0.6498504715996711,0.6612903225806451,clinc150,0,0.5274193548387097,0.1457142857142857,0.595,0.595,0.6,1000,906,0.1,0.15741935483870967,0.9515413096731653,0.9103528571428572,0.8355845365626456,0.8176845943482224,0.8542857142857143,,3100,0.595,2504,False,selective,0.3,0.5274193548387097,2100,R3,0.0,0.005
0.7335483870967742,0.7033898305084746,0.9931623931623932,0.2061290322580645,0.6540342794424191,0.6612903225806451,clinc150,0,0.5274193548387097,0.11476190476190476,0.581,0.581,0.585,1000,826,0.15,0.15741935483870967,0.9515413096731653,0.9103528571428572,0.8500228623685414,0.8175021987686896,0.8852380952380953,,3100,0.581,2504,False,selective,0.3,0.5274193548387097,2100,R3,0.0,0.004
0.6983870967741935,0.6866310160427808,0.9907407407407407,0.11096774193548387,0.5974811302750187,0.5335483870967742,clinc150,0,0.5874193548387097,0.13666666666666666,0.642,0.642,0.648,1000,935,0.0,0.11096774193548387,0.9515413096731653,0.9103528571428572,0.8501758499413833,0.8374133949191686,0.8633333333333333,,3100,0.642,2504,False,selective,0.35,0.5874193548387097,2100,R3,0.0,0.006
0.6993548387096774,0.6888412017167382,0.9907407407407407,0.11193548387096774,0.5974811302750187,0.5335483870967742,clinc150,0,0.5874193548387097,0.13523809523809524,0.642,0.642,0.648,1000,932,0.025,0.11096774193548387,0.9515413096731653,0.9103528571428572,0.850984067478913,0.8376383763837638,0.8647619047619047,,3100,0.642,2504,False,selective,0.35,0.5874193548387097,2100,R3,0.0,0.006
0.7025806451612904,0.6919739696312365,0.9922239502332815,0.11516129032258064,0.5987178207533749,0.5335483870967742,clinc150,0,0.5874193548387097,0.13285714285714287,0.638,0.638,0.643,1000,922,0.05,0.11096774193548387,0.9515413096731653,0.9103528571428572,0.8513323983169705,0.8360881542699724,0.8671428571428571,,3100,0.638,2504,False,selective,0.35,0.5874193548387097,2100,R3,0.0,0.005
0.7058064516129032,0.6973684210526315,0.9921996879875195,0.11838709677419355,0.5993808675562943,0.5335483870967742,clinc150,0,0.5874193548387097,0.12904761904761905,0.636,0.636,0.641,1000,912,0.075,0.11096774193548387,0.9515413096731653,0.9103528571428572,0.8530783582089553,0.8359232175502742,0.8709523809523809,,3100,0.636,2504,False,selective,0.35,0.5874193548387097,2100,R3,0.0,0.005
0.7135483870967742,0.7117117117117117,0.9937106918238994,0.12612903225806452,0.6006723111047876,0.5335483870967742,clinc150,0,0.5874193548387097,0.12,0.632,0.632,0.636,1000,888,0.1,0.11096774193548387,0.9515413096731653,0.9103528571428572,0.8571428571428572,0.8354430379746836,0.88,,3100,0.632,2504,False,selective,0.35,0.5874193548387097,2100,R3,0.0,0.004
0.7325806451612903,0.7454764776839565,0.9935691318327974,0.14516129032258066,0.6057180340945556,0.5335483870967742,clinc150,0,0.5874193548387097,0.09857142857142857,0.618,0.618,0.622,1000,829,0.15,0.11096774193548387,0.9515413096731653,0.9103528571428572,0.8661633493479752,0.8335535006605019,0.9014285714285715,,3100,0.618,2504,False,selective,0.35,0.5874193548387097,2100,R3,0.0,0.004
0.7196774193548388,0.7376294591484465,0.9861538461538462,0.0732258064516129,0.5677319187495232,0.42935483870967744,clinc150,0,0.6464516129032258,0.10428571428571429,0.641,0.641,0.65,1000,869,0.0,0.0732258064516129,0.9515413096731653,0.9103528571428572,0.8686215654583237,0.8431196772747647,0.8957142857142857,,3100,0.641,2504,False,selective,0.4,0.6464516129032258,2100,R3,0.0,0.009
0.7206451612903226,0.7401847575057737,0.9861538461538462,0.07419354838709677,0.5677319187495232,0.42935483870967744,clinc150,0,0.6464516129032258,0.10285714285714286,0.641,0.641,0.65,1000,866,0.025,0.0732258064516129,0.9515413096731653,0.9103528571428572,0.8694047069681589,0.8433303491495077,0.8971428571428571,,3100,0.641,2504,False,selective,0.4,0.6464516129032258,2100,R3,0.0,0.009
0.7235483870967742,0.7467911318553092,0.9891808346213292,0.07709677419354839,0.5680850637112362,0.42935483870967744,clinc150,0,0.6464516129032258,0.1,0.64,0.64,0.647,1000,857,0.05,0.0732258064516129,0.9515413096731653,0.9103528571428572,0.8703661063780798,0.8426214890771289,0.9,,3100,0.64,2504,False,selective,0.4,0.6464516129032258,2100,R3,0.0,0.007
0.7261290322580645,0.7526501766784452,0.9891640866873065,0.07967741935483871,0.5684385197439668,0.42935483870967744,clinc150,0,0.6464516129032258,0.09666666666666666,0.639,0.639,0.646,1000,849,0.075,0.0732258064516129,0.9515413096731653,0.9103528571428572,0.8719834520799816,0.8427365615282096,0.9033333333333333,,3100,0.639,2504,False,selective,0.4,0.6464516129032258,2100,R3,0.0,0.007
0.73,0.7598566308243727,0.9921996879875195,0.08354838709677419,0.5695462764717835,0.42935483870967744,clinc150,0,0.6464516129032258,0.09333333333333334,0.636,0.636,0.641,1000,837,0.1,0.0732258064516129,0.9515413096731653,0.9103528571428572,0.8727939491175796,0.8413610251878038,0.9066666666666666,,3100,0.636,2504,False,selective,0.4,0.6464516129032258,2100,R3,0.0,0.005
0.7422580645161291,0.7759699624530664,0.992,0.09580645161290323,0.5758912411168496,0.42935483870967744,clinc150,0,0.6464516129032258,0.08285714285714285,0.62,0.62,0.625,1000,799,0.15,0.0732258064516129,0.9515413096731653,0.9103528571428572,0.8752556237218815,0.8370273794002607,0.9171428571428571,,3100,0.62,2504,False,selective,0.4,0.6464516129032258,2100,R3,0.0,0.005
0.7470967741935484,0.7895408163265306,0.9872408293460925,0.046129032258064515,0.557339568208361,0.34580645161290324,clinc150,0,0.7009677419354838,0.07476190476190477,0.619,0.619,0.627,1000,784,0.0,0.046129032258064515,0.9515413096731653,0.9103528571428572,0.879981884057971,0.8389464594127807,0.9252380952380952,,3100,0.619,2504,False,selective,0.45,0.7009677419354838,2100,R3,0.0,0.008
0.7474193548387097,0.789272030651341,0.987220447284345,0.04645161290322581,0.5577445447654529,0.34580645161290324,clinc150,0,0.7009677419354838,0.07476190476190477,0.618,0.618,0.626,1000,783,0.025,0.046129032258064515,0.9515413096731653,0.9103528571428572,0.8797826579126103,0.8385843763487268,0.9252380952380952,,3100,0.618,2504,False,selective,0.45,0.7009677419354838,2100,R3,0.0,0.008
0.7480645161290322,0.7912932138284251,0.987220447284345,0.04709677419354839,0.5577445447654529,0.34580645161290324,clinc150,0,0.7009677419354838,0.07380952380952381,0.618,0.618,0.626,1000,781,0.05,0.046129032258064515,0.9515413096731653,0.9103528571428572,0.8802896582937316,0.838723587753342,0.9261904761904762,,3100,0.618,2504,False,selective,0.45,0.7009677419354838,2100,R3,0.0,0.008
0.7512903225806452,0.8002594033722439,0.9935587761674718,0.05032258064516129,0.5581821523909755,0.34580645161290324,clinc150,0,0.7009677419354838,0.07142857142857142,0.617,0.617,0.621,1000,771,0.075,0.046129032258064515,0.9515413096731653,0.9103528571428572,0.8805599458116957,0.8372692142550451,0.9285714285714286,,3100,0.617,2504,False,selective,0.45,0.7009677419354838,2100,R3,0.0,0.004
0.7545161290322581,0.80946123521682,0.9951534733441034,0.053548387096774196,0.558649355929033,0.34580645161290324,clinc150,0,0.7009677419354838,0.06761904761904762,0.616,0.616,0.619,1000,761,0.1,0.046129032258064515,0.9515413096731653,0.9103528571428572,0.8821806713223698,0.8371098760153912,0.9323809523809524,,3100,0.616,2504,False,selective,0.45,0.7009677419354838,2100,R3,0.0,0.003
0.7632258064516129,0.8201634877384196,0.9950413223140496,0.06225806451612903,0.5649999494519657,0.34580645161290324,clinc150,0,0.7009677419354838,0.06142857142857143,0.602,0.602,0.605,1000,734,0.15,0.046129032258064515,0.9515413096731653,0.9103528571428572,0.8826690550828482,0.8330515638207946,0.9385714285714286,,3100,0.602,2504,False,selective,0.45,0.7009677419354838,2100,R3,0.0,0.003
0.7683870967741936,0.8259052924791086,0.9949664429530202,0.026774193548387098,0.5430708556161685,0.28516129032258064,clinc150,0,0.7416129032258064,0.058095238095238096,0.593,0.593,0.596,1000,718,0.0,0.026774193548387098,0.9515413096731653,0.9103528571428572,0.8826416778224008,0.8303946263643996,0.9419047619047619,,3100,0.593,2504,False,selective,0.5,0.7416129032258064,2100,R3,0.0,0.003
0.7687096774193548,0.8270571827057183,0.9949664429530202,0.027096774193548386,0.5430708556161685,0.28516129032258064,clinc150,0,0.7416129032258064,0.05761904761904762,0.593,0.593,0.596,1000,717,0.025,0.026774193548387098,0.9515413096731653,0.9103528571428572,0.8828909212580861,0.8304657994125052,0.9423809523809524,,3100,0.593,2504,False,selective,0.5,0.7416129032258064,2100,R3,0.0,0.003
0.7703225806451612,0.8300561797752809,0.9949494949494949,0.02870967741935484,0.5439945073903185,0.28516129032258064,clinc150,0,0.7416129032258064,0.05619047619047619,0.591,0.591,0.594,1000,712,0.05,0.026774193548387098,0.9515413096731653,0.9103528571428572,0.8832442067736185,0.8299832495812395,0.9438095238095238,,3100,0.591,2504,False,selective,0.5,0.7416129032258064,2100,R3,0.0,0.003
0.7712903225806451,0.8321579689703809,0.9949409780775716,0.02967741935483871,0.5444321150158411,0.28516129032258064,clinc150,0,0.7416129032258064,0.05523809523809524,0.59,0.59,0.593,1000,709,0.075,0.026774193548387098,0.9515413096731653,0.9103528571428572,0.8835448675128034,0.8297783354245086,0.9447619047619048,,3100,0.59,2504,False,selective,0.5,0.7416129032258064,2100,R3,0.0,0.003
0.7741935483870968,0.84,0.9949238578680203,0.03258064516129032,0.5453996004286373,0.28516129032258064,clinc150,0,0.7416129032258064,0.051904761904761905,0.588,0.588,0.591,1000,700,0.1,0.026774193548387098,0.9515413096731653,0.9103528571428572,0.8848888888888888,0.8295833333333333,0.9480952380952381,,3100,0.588,2504,False,selective,0.5,0.7416129032258064,2100,R3,0.0,0.003
0.7825806451612903,0.857566765578635,0.9948364888123924,0.04096774193548387,0.5503049369614544,0.28516129032258064,clinc150,0,0.7416129032258064,0.04428571428571428,0.578,0.578,0.581,1000,674,0.15,0.026774193548387098,0.9515413096731653,0.9103528571428572,0.8868758285461777,0.8272877164056059,0.9557142857142857,,3100,0.578,2504,False,selective,0.5,0.7416129032258064,2100,R3,0.0,0.003
0.8006451612903226,0.8656957928802589,0.9944237918215614,0.016451612903225808,0.5569274700065144,0.23225806451612904,clinc150,0,0.7841935483870968,0.0380952380952381,0.535,0.535,0.538,1000,618,0.0,0.016451612903225808,0.9515413096731653,0.9103528571428572,0.881711043212571,0.8138597904915391,0.9619047619047619,,3100,0.535,2504,False,selective,0.55,0.7841935483870968,2100,R3,0.0,0.003
0.8006451612903226,0.8656957928802589,0.9944237918215614,0.016451612903225808,0.5569274700065144,0.23225806451612904,clinc150,0,0.7841935483870968,0.0380952380952381,0.535,0.535,0.538,1000,618,0.025,0.016451612903225808,0.9515413096731653,0.9103528571428572,0.881711043212571,0.8138597904915391,0.9619047619047619,,3100,0.535,2504,False,selective,0.55,0.7841935483870968,2100,R3,0.0,0.003
0.8009677419354839,0.8654781199351702,0.994413407821229,0.016774193548387096,0.5574453974053081,0.23225806451612904,clinc150,0,0.7841935483870968,0.0380952380952381,0.534,0.534,0.537,1000,617,0.05,0.016451612903225808,0.9515413096731653,0.9103528571428572,0.8815186559022475,0.8135320177204994,0.9619047619047619,,3100,0.534,2504,False,selective,0.55,0.7841935483870968,2100,R3,0.0,0.003
0.8016129032258065,0.8666666666666667,0.9962616822429906,0.017419354838709676,0.5579638434225023,0.23225806451612904,clinc150,0,0.7841935483870968,0.0380952380952381,0.533,0.533,0.535,1000,615,0.075,0.016451612903225808,0.9515413096731653,0.9103528571428572,0.88113413304253,0.8128772635814889,0.9619047619047619,,3100,0.533,2504,False,selective,0.55,0.7841935483870968,2100,R3,0.0,0.002
0.8029032258064516,0.8690671031096563,0.9962476547842402,0.01870967741935484,0.5590556579258368,0.23225806451612904,clinc150,0,0.7841935483870968,0.037142857142857144,0.531,0.531,0.533,1000,611,0.1,0.016451612903225808,0.9515413096731653,0.9103528571428572,0.8812377424275442,0.812374447569305,0.9628571428571429,,3100,0.531,2504,False,selective,0.55,0.7841935483870968,2100,R3,0.0,0.002
0.8093548387096774,0.883248730964467,0.9961832061068703,0.025161290322580646,0.5641479996564344,0.23225806451612904,clinc150,0,0.7841935483870968,0.03190476190476191,0.522,0.522,0.524,1000,591,0.15,0.016451612903225808,0.9515413096731653,0.9103528571428572,0.8821870253851161,0.8102829812674373,0.9680952380952381,,3100,0.522,2504,False,selective,0.55,0.7841935483870968,2100,R3,0.0,0.002
0.8325806451612904,0.8805394990366089,0.9913232104121475,0.01064516129032258,0.5914574340859916,0.18870967741935485,clinc150,0,0.8219354838709677,0.02761904761904762,0.457,0.457,0.461,1000,519,0.0,0.01064516129032258,0.9515413096731653,0.9103528571428572,0.8724631488998078,0.7911662146454862,0.9723809523809523,,3100,0.457,2504,False,selective,0.6,0.8219354838709677,2100,R3,0.0,0.004
0.8325806451612904,0.8805394990366089,0.9913232104121475,0.01064516129032258,0.5914574340859916,0.18870967741935485,clinc150,0,0.8219354838709677,0.02761904761904762,0.457,0.457,0.461,1000,519,0.025,0.01064516129032258,0.9515413096731653,0.9103528571428572,0.8724631488998078,0.7911662146454862,0.9723809523809523,,3100,0.457,2504,False,selective,0.6,0.8219354838709677,2100,R3,0.0,0.004
0.8329032258064516,0.8803088803088803,0.991304347826087,0.01096774193548387,0.5920444414625009,0.18870967741935485,clinc150,0,0.8219354838709677,0.02761904761904762,0.456,0.456,0.46,1000,518,0.05,0.01064516129032258,0.9515413096731653,0.9103528571428572,0.8722768047842803,0.790859798605732,0.9723809523809523,,3100,0.456,2504,False,selective,0.6,0.8219354838709677,2100,R3,0.0,0.004
0.8338709677419355,0.8854368932038835,0.9934640522875817,0.011935483870967743,0.5920444414625009,0.18870967741935485,clinc150,0,0.8219354838709677,0.02666666666666667,0.456,0.456,0.459,1000,515,0.075,0.01064516129032258,0.9515413096731653,0.9103528571428572,0.872572038420491,0.790715667311412,0.9733333333333334,,3100,0.456,2504,False,selective,0.6,0.8219354838709677,2100,R3,0.0,0.003
0.8348387096774194,0.888671875,0.9934497816593887,0.012903225806451613,0.5926359740910966,0.18870967741935485,clinc150,0,0.8219354838709677,0.025714285714285714,0.455,0.455,0.458,1000,512,0.1,0.01064516129032258,0.9515413096731653,0.9103528571428572,0.8728668941979522,0.7905718701700154,0.9742857142857143,,3100,0.455,2504,False,selective,0.6,0.8219354838709677,2100,R3,0.0,0.003
0.837741935483871,0.8946322067594433,0.9933774834437086,0.015806451612903227,0.5958789158636856,0.18870967741935485,clinc150,0,0.8219354838709677,0.023809523809523808,0.45,0.45,0.453,1000,503,0.15,0.01064516129032258,0.9515413096731653,0.9103528571428572,0.8728975942090698,0.7893723527146708,0.9761904761904762,,3100,0.45,2504,False,selective,0.6,0.8219354838709677,2100,R3,0.0,0.003
0.8648387096774194,0.9021479713603818,0.9921259842519685,0.0070967741935483875,0.6371955515841486,0.14935483870967742,clinc150,0,0.857741935483871,0.018095238095238095,0.378,0.378,0.381,1000,419,0.0,0.0070967741935483875,0.9515413096731653,0.9103528571428572,0.8625810499895419,0.7691160014919806,0.981904761904762,,3100,0.378,2504,False,selective,0.65,0.857741935483871,2100,R3,0.0,0.003
0.8648387096774194,0.9021479713603818,0.9921259842519685,0.0070967741935483875,0.6371955515841486,0.14935483870967742,clinc150,0,0.857741935483871,0.018095238095238095,0.378,0.378,0.381,1000,419,0.025,0.0070967741935483875,0.9515413096731653,0.9103528571428572,0.8625810499895419,0.7691160014919806,0.981904761904762,,3100,0.378,2504,False,selective,0.65,0.857741935483871,2100,R3,0.0,0.003
0.8651612903225806,0.9043062200956937,0.9921259842519685,0.007419354838709678,0.6371955515841486,0.14935483870967742,clinc150,0,0.857741935483871,0.017619047619047618,0.378,0.378,0.381,1000,418,0.05,0.0070967741935483875,0.9515413096731653,0.9103528571428572,0.8628189042241741,0.7692020879940343,0.9823809523809524,,3100,0.378,2504,False,selective,0.65,0.857741935483871,2100,R3,0.0,0.003
0.8661290322580645,0.9060240963855422,0.9920844327176781,0.008387096774193548,0.6385290932767914,0.14935483870967742,clinc150,0,0.857741935483871,0.017142857142857144,0.376,0.376,0.379,1000,415,0.075,0.0070967741935483875,0.9515413096731653,0.9103528571428572,0.8626959247648903,0.7687150837988826,0.9828571428571429,,3100,0.376,2504,False,selective,0.65,0.857741935483871,2100,R3,0.0,0.003
0.8664516129032258,0.9082125603864735,0.9920844327176781,0.008709677419354838,0.6385290932767914,0.14935483870967742,clinc150,0,0.857741935483871,0.016666666666666666,0.376,0.376,0.379,1000,414,0.1,0.0070967741935483875,0.9515413096731653,0.9103528571428572,0.8629335562055996,0.768801191362621,0.9833333333333333,,3100,0.376,2504,False,selective,0.65,0.857741935483871,2100,R3,0.0,0.003
0.8680645161290322,0.9119804400977995,0.9920212765957447,0.01032258064516129,0.6405344026701884,0.14935483870967742,clinc150,0,0.857741935483871,0.015714285714285715,0.373,0.373,0.376,1000,409,0.15,0.0070967741935483875,0.9515413096731653,0.9103528571428572,0.862867877269881,0.7681159420289855,0.9842857142857143,,3100,0.373,2504,False,selective,0.65,0.857741935483871,2100,R3,0.0,0.003
0.8893548387096775,0.924198250728863,0.990625,0.002903225806451613,0.6749898244564024,0.11645161290322581,clinc150,0,0.8864516129032258,0.010952380952380953,0.317,0.317,0.32,1000,343,0.0,0.002903225806451613,0.9515413096731653,0.9103528571428572,0.8552604488367305,0.7533550961189699,0.9890476190476191,,3100,0.317,2504,False,selective,0.7,0.8864516129032258,2100,R3,0.0,0.003
0.8893548387096775,0.924198250728863,0.990625,0.002903225806451613,0.6749898244564024,0.11645161290322581,clinc150,0,0.8864516129032258,0.010952380952380953,0.317,0.317,0.32,1000,343,0.025,0.002903225806451613,0.9515413096731653,0.9103528571428572,0.8552604488367305,0.7533550961189699,0.9890476190476191,,3100,0.317,2504,False,selective,0.7,0.8864516129032258,2100,R3,0.0,0.003
0.8896774193548387,0.9239766081871345,0.9905956112852664,0.0032258064516129032,0.675693958252964,0.11645161290322581,clinc150,0,0.8864516129032258,0.010952380952380953,0.316,0.316,0.319,1000,342,0.05,0.002903225806451613,0.9515413096731653,0.9103528571428572,0.8550843968711405,0.7530819434372734,0.9890476190476191,,3100,0.316,2504,False,selective,0.7,0.8864516129032258,2100,R3,0.0,0.003
0.8896774193548387,0.9239766081871345,0.9905956112852664,0.0032258064516129032,0.675693958252964,0.11645161290322581,clinc150,0,0.8864516129032258,0.010952380952380953,0.316,0.316,0.319,1000,342,0.075,0.002903225806451613,0.9515413096731653,0.9103528571428572,0.8550843968711405,0.7530819434372734,0.9890476190476191,,3100,0.316,2504,False,selective,0.7,0.8864516129032258,2100,R3,0.0,0.003
0.8896774193548387,0.9239766081871345,0.9905956112852664,0.0032258064516129032,0.675693958252964,0.11645161290322581,clinc150,0,0.8864516129032258,0.010952380952380953,0.316,0.316,0.319,1000,342,0.1,0.002903225806451613,0.9515413096731653,0.9103528571428572,0.8550843968711405,0.7530819434372734,0.9890476190476191,,3100,0.316,2504,False,selective,0.7,0.8864516129032258,2100,R3,0.0,0.003
0.8912903225806451,0.9317507418397626,0.9936708860759493,0.004838709677419355,0.6772323590638782,0.11645161290322581,clinc150,0,0.8864516129032258,0.01,0.314,0.314,0.316,1000,337,0.15,0.002903225806451613,0.9515413096731653,0.9103528571428572,0.8550277606415791,0.752442996742671,0.99,,3100,0.314,2504,False,selective,0.7,0.8864516129032258,2100,R3,0.0,0.002
0.9109677419354839,0.9202898550724637,0.9883268482490273,0.0025806451612903226,0.7213269715089644,0.09419354838709677,clinc150,0,0.9083870967741936,0.009047619047619047,0.254,0.254,0.257,1000,276,0.0,0.0025806451612903226,0.9515413096731653,0.9103528571428572,0.8452477660438669,0.7368980169971672,0.9909523809523809,,3100,0.254,2504,False,selective,0.75,0.9083870967741936,2100,R3,0.0,0.003
0.9112903225806451,0.9236363636363636,0.9883268482490273,0.002903225806451613,0.7213269715089644,0.09419354838709677,clinc150,0,0.9083870967741936,0.008571428571428572,0.254,0.254,0.257,1000,275,0.025,0.0025806451612903226,0.9515413096731653,0.9103528571428572,0.845482233502538,0.7369911504424779,0.9914285714285714,,3100,0.254,2504,False,selective,0.75,0.9083870967741936,2100,R3,0.0,0.003
0.9112903225806451,0.9236363636363636,0.9883268482490273,0.002903225806451613,0.7213269715089644,0.09419354838709677,clinc150,0,0.9083870967741936,0.008571428571428572,0.254,0.254,0.257,1000,275,0.05,0.0025806451612903226,0.9515413096731653,0.9103528571428572,0.845482233502538,0.7369911504424779,0.9914285714285714,,3100,0.254,2504,False,selective,0.75,0.9083870967741936,2100,R3,0.0,0.003
0.9112903225806451,0.9236363636363636,0.9883268482490273,0.002903225806451613,0.7213269715089644,0.09419354838709677,clinc150,0,0.9083870967741936,0.008571428571428572,0.254,0.254,0.257,1000,275,0.075,0.0025806451612903226,0.9515413096731653,0.9103528571428572,0.845482233502538,0.7369911504424779,0.9914285714285714,,3100,0.254,2504,False,selective,0.75,0.9083870967741936,2100,R3,0.0,0.003
0.9112903225806451,0.9236363636363636,0.9883268482490273,0.002903225806451613,0.7213269715089644,0.09419354838709677,clinc150,0,0.9083870967741936,0.008571428571428572,0.254,0.254,0.257,1000,275,0.1,0.0025806451612903226,0.9515413096731653,0.9103528571428572,0.845482233502538,0.7369911504424779,0.9914285714285714,,3100,0.254,2504,False,selective,0.75,0.9083870967741936,2100,R3,0.0,0.003
0.9125806451612903,0.933579335793358,0.9921568627450981,0.004193548387096774,0.7221584576403777,0.09419354838709677,clinc150,0,0.9083870967741936,0.007619047619047619,0.253,0.253,0.255,1000,271,0.15,0.0025806451612903226,0.9515413096731653,0.9103528571428572,0.8456076283221748,0.736656062212796,0.9923809523809524,,3100,0.253,2504,False,selective,0.75,0.9083870967741936,2100,R3,0.0,0.002
0.9341935483870968,0.9264705882352942,0.9895287958115183,0.0012903225806451613,0.7732961995169436,0.06838709677419355,clinc150,0,0.9329032258064516,0.006190476190476191,0.189,0.189,0.191,1000,204,0.0,0.0012903225806451613,0.9515413096731653,0.9103528571428572,0.8354683746997598,0.7206491712707183,0.9938095238095238,,3100,0.189,2504,False,selective,0.8,0.9329032258064516,2100,R3,0.0,0.002
0.9341935483870968,0.9264705882352942,0.9895287958115183,0.0012903225806451613,0.7732961995169436,0.06838709677419355,clinc150,0,0.9329032258064516,0.006190476190476191,0.189,0.189,0.191,1000,204,0.025,0.0012903225806451613,0.9515413096731653,0.9103528571428572,0.8354683746997598,0.7206491712707183,0.9938095238095238,,3100,0.189,2504,False,selective,0.8,0.9329032258064516,2100,R3,0.0,0.002
0.9341935483870968,0.9264705882352942,0.9895287958115183,0.0012903225806451613,0.7732961995169436,0.06838709677419355,clinc150,0,0.9329032258064516,0.006190476190476191,0.189,0.189,0.191,1000,204,0.05,0.0012903225806451613,0.9515413096731653,0.9103528571428572,0.8354683746997598,0.7206491712707183,0.9938095238095238,,3100,0.189,2504,False,selective,0.8,0.9329032258064516,2100,R3,0.0,0.002
0.9345161290322581,0.9261083743842364,0.9894736842105263,0.0016129032258064516,0.7742615773289915,0.06838709677419355,clinc150,0,0.9329032258064516,0.006190476190476191,0.188,0.188,0.19,1000,203,0.075,0.0012903225806451613,0.9515413096731653,0.9103528571428572,0.8353011807084251,0.7204004142216086,0.9938095238095238,,3100,0.188,2504,False,selective,0.8,0.9329032258064516,2100,R3,0.0,0.002
0.9345161290322581,0.9261083743842364,0.9894736842105263,0.0016129032258064516,0.7742615773289915,0.06838709677419355,clinc150,0,0.9329032258064516,0.006190476190476191,0.188,0.188,0.19,1000,203,0.1,0.0012903225806451613,0.9515413096731653,0.9103528571428572,0.8353011807084251,0.7204004142216086,0.9938095238095238,,3100,0.188,2504,False,selective,0.8,0.9329032258064516,2100,R3,0.0,0.002
0.9351612903225807,0.9353233830845771,0.9947089947089947,0.0022580645161290325,0.7742615773289915,0.06838709677419355,clinc150,0,0.9329032258064516,0.005714285714285714,0.188,0.188,0.189,1000,201,0.15,0.0012903225806451613,0.9515413096731653,0.9103528571428572,0.8353670734146829,0.7202483615039669,0.9942857142857143,,3100,0.188,2504,True,selective,0.8,0.9329032258064516,2100,R3,0.0,0.001
,,,,,,banking77_open,,,,,0.9550561797752809,,,,,,,,,,,0.001,,,2504,,R0,,,,,,
,,,,,,banking77_open,,,,,0.954119850187266,,,,,,,,,,,0.01,,,2504,,R0,,,,,,
,,,,,,banking77_open,,,,,0.949438202247191,,,,,,,,,,,0.1,,,2504,,R0,,,,,,
,,,,,,banking77_open,,,,,0.9110486891385767,,,,,,,0.8392088955071221,,,,0.0001,,,2504,,R2,,,,,,
,,,,,,banking77_open,,,,,0.9110486891385767,,,,,,,0.8391705398372517,,,,0.001,,,2504,,R2,,,,,,
,,,,,,banking77_open,,,,,0.9110486891385767,,,,,,,0.8391983664997067,,,,0.01,,,2504,,R2,,,,,,
,,,,,,banking77_open,,,,,0.9091760299625468,,,,,,,0.8395586089677061,,,,0.1,,,2504,,R2,,,,,,
0.18100056211354693,0.32772820864790664,0.9200385356454721,0.0,0.47484434214406834,0.818999437886453,banking77_open,0,0.18100056211354693,0.7534136546184739,0.9050357789827557,0.8941947565543071,0.9719101123595506,1068,2914,0.0,0.0,0.9110834733572117,0.8392088955071221,0.39183152520740266,0.953416149068323,0.2465863453815261,,3558,0.8941947565543071,2504,False,selective,0.2,0.18100056211354693,2490,MAX_THRESHOLD,0.5714285714285714,0.07771535580524344
0.23805508712759976,0.3467355219476208,0.9215686274509803,0.0,0.47582432918203416,0.7619449128724002,banking77_open,0,0.23805508712759976,0.6791164658634539,0.8917854641220975,0.8801498127340824,0.9550561797752809,1068,2711,0.0,0.0,0.9110834733572117,0.8392088955071221,0.47887323943661975,0.9433293978748524,0.3208835341365462,,3558,0.8801498127340824,2504,False,selective,0.25,0.23805508712759976,2490,MAX_THRESHOLD,0.5714285714285714,0.0749063670411985
0.3263069139966273,0.3808927826449729,0.9250253292806484,0.0,0.4784163824756315,0.6736930860033726,banking77_open,0,0.3263069139966273,0.5662650602409639,0.8689403156832679,0.8548689138576779,0.9241573033707865,1068,2397,0.0,0.0,0.9110834733572117,0.8392088955071221,0.5916187345932621,0.9302325581395349,0.43373493975903615,,3558,0.8548689138576779,2504,False,selective,0.3,0.3263069139966273,2490,MAX_THRESHOLD,0.5714285714285714,0.06928838951310862
0.42495784148397975,0.42717497556207235,0.9307774227902024,0.0,0.48364417425914513,0.5750421585160203,banking77_open,0,0.42495784148397975,0.44457831325301206,0.8353805193706288,0.8183520599250936,0.8792134831460674,1068,2046,0.0,0.0,0.9110834733572117,0.8392088955071221,0.6911544227886057,0.9146825396825397,0.555421686746988,,3558,0.8183520599250936,2504,False,selective,0.35,0.42495784148397975,2490,MAX_THRESHOLD,0.5625,0.060861423220973786
0.528105677346824,0.48421679571173315,0.9334098737083811,0.0,0.4949924095841621,0.47189432265317593,banking77_open,0,0.528105677346824,0.3244979919678715,0.7792708150329273,0.7612359550561798,0.8155430711610487,1068,1679,0.0,0.0,0.9110834733572117,0.8392088955071221,0.7699702449073015,0.895156998403406,0.6755020080321286,,3558,0.7612359550561798,2504,True,selective,0.4,0.528105677346824,2490,MAX_THRESHOLD,0.40625,0.054307116104868915
0.612141652613828,0.5449275362318841,0.9388264669163545,0.0,0.5095982987065074,0.38785834738617203,banking77_open,0,0.612141652613828,0.2325301204819277,0.7254650722691351,0.704119850187266,0.75,1068,1380,0.0,0.0,0.9110834733572117,0.8392088955071221,0.8187660668380462,0.8774104683195593,0.7674698795180723,,3558,0.704119850187266,2504,False,selective,0.45,0.612141652613828,2490,MAX_THRESHOLD,0.34375,0.04588014981273408
0.6902754356379989,0.6152450090744102,0.9456066945606695,0.0,0.5316598900224643,0.30972456436200113,banking77_open,0,0.6902754356379989,0.15461847389558234,0.6562858013070063,0.6348314606741573,0.6713483146067416,1068,1102,0.0,0.0,0.9110834733572117,0.8392088955071221,0.8511928831378891,0.8570846905537459,0.8453815261044176,,3558,0.6348314606741573,2504,False,selective,0.5,0.6902754356379989,2490,MAX_THRESHOLD,0.34375,0.03651685393258427
0.7585722315907814,0.681024447031432,0.9543230016313213,0.0,0.5654929029542154,0.24142776840921867,banking77_open,0,0.7585722315907814,0.09879518072289156,0.5715483728216154,0.547752808988764,0.5739700374531835,1068,859,0.0,0.0,0.9110834733572117,0.8392088955071221,0.8649065330506841,0.8314190440904039,0.9012048192771084,,3558,0.547752808988764,2504,False,selective,0.55,0.7585722315907814,2490,MAX_THRESHOLD,0.25,0.026217228464419477
0.8128161888701517,0.7477477477477478,0.9707602339181286,0.0,0.6033657927827096,0.18718381112984822,banking77_open,0,0.8128161888701517,0.06144578313253012,0.48932532447693844,0.46629213483146065,0.4803370786516854,1068,666,0.0,0.0,0.9110834733572117,0.8392088955071221,0.8684503901895206,0.808091286307054,0.9385542168674699,,3558,0.46629213483146065,2504,False,selective,0.6,0.8128161888701517,2490,MAX_THRESHOLD,0.18181818181818182,0.014044943820224719
0.8546936481169196,0.8123791102514507,0.974477958236659,0.0,0.6430138967430455,0.1453063518830804,banking77_open,0,0.8546936481169196,0.03453815261044177,0.4146278914831213,0.39325842696629215,0.4035580524344569,1068,517,0.0,0.0,0.9110834733572117,0.8392088955071221,0.8692822274453083,0.7905294311081881,0.9654618473895582,,3558,0.39325842696629215,2504,False,selective,0.65,0.8546936481169196,2490,MAX_THRESHOLD,0.07692307692307693,0.010299625468164793
0.8887015177065767,0.8661616161616161,0.9744318181818182,0.0,0.6876810785548886,0.11129848229342328,banking77_open,0,0.8887015177065767,0.017670682730923693,0.342337530625294,0.3211610486891386,0.3295880149812734,1068,396,0.0,0.0,0.9110834733572117,0.8392088955071221,0.8655343241330503,0.7735610373181531,0.9823293172690764,,3558,0.3211610486891386,2504,False,selective,0.7,0.8887015177065767,2490,MAX_THRESHOLD,0.02857142857142857,0.008426966292134831
0.9109050028105677,0.8927444794952681,0.9758620689655172,0.0,0.7264357043112858,0.08909499718943227,banking77_open,0,0.9109050028105677,0.010843373493975903,0.28095904837763425,0.2649812734082397,0.27153558052434457,1068,317,0.0,0.0,0.9110834733572117,0.8392088955071221,0.8595358576164719,0.759950632520827,0.9891566265060241,,3558,0.2649812734082397,2504,False,selective,0.75,0.9109050028105677,2490,MAX_THRESHOLD,0.02857142857142857,0.006554307116104869
0.9353569421023047,0.908695652173913,0.9812206572769953,0.0,0.7799027710536828,0.06464305789769534,banking77_open,0,0.9353569421023047,0.006827309236947791,0.20846269779716034,0.1956928838951311,0.199438202247191,1068,230,0.0,0.0,0.9110834733572117,0.8392088955071221,0.8501203162598832,0.7430889423076923,0.9931726907630523,,3558,0.1956928838951311,2504,False,selective,0.8,0.9353569421023047,2490,MAX_THRESHOLD,0.0,0.003745318352059925
0.7532321528948848,0.428246013667426,0.9715762273901809,0.5722315907813378,0.841498603937323,2.124789207419899,banking77_open,0,0.18100056211354693,0.19718875502008032,0.36902280271136423,0.352059925093633,0.36235955056179775,1068,878,0.0,0.5722315907813378,0.9110834733572117,0.8392088955071221,0.7733075435203094,0.7458955223880597,0.8028112449799196,,3558,0.352059925093633,2504,False,selective,0.2,0.18100056211354693,2490,R3,0.0,0.010299625468164793
0.7571669477234402,0.4351851851851852,0.9715762273901809,0.5761663856098932,0.841498603937323,2.124789207419899,banking77_open,0,0.18100056211354693,0.19156626506024096,0.36902280271136423,0.352059925093633,0.36235955056179775,1068,864,0.025,0.5722315907813378,0.9110834733572117,0.8392088955071221,0.7766203703703705,0.7472160356347439,0.808433734939759,,3558,0.352059925093633,2504,False,selective,0.2,0.18100056211354693,2490,R3,0.0,0.010299625468164793
0.7670039347948285,0.451145958986731,0.9714285714285714,0.5860033726812817,0.8416295576893286,2.124789207419899,banking77_open,0,0.18100056211354693,0.1783132530120482,0.36655844784426334,0.350187265917603,0.3604868913857678,1068,829,0.05,0.5722315907813378,0.9110834733572117,0.8392088955071221,0.7840582487066488,0.7497251740564309,0.8216867469879519,,3558,0.350187265917603,2504,False,selective,0.2,0.18100056211354693,2490,R3,0.0,0.010299625468164793
0.776840921866217,0.47103274559193953,0.9765013054830287,0.59584035975267,0.8416295576893286,2.124789207419899,banking77_open,0,0.18100056211354693,0.1650602409638554,0.36655844784426334,0.350187265917603,0.3586142322097378,1068,794,0.075,0.5722315907813378,0.9110834733572117,0.8392088955071221,0.7913970308336505,0.7521707670043415,0.8349397590361446,,3558,0.350187265917603,2504,False,selective,0.2,0.18100056211354693,2490,R3,0.0,0.008426966292134831
0.7869589657110736,0.48812664907651715,0.9762532981530343,0.6059584035975267,0.8419189044439432,2.124789207419899,banking77_open,0,0.18100056211354693,0.15220883534136545,0.3636027978297898,0.3464419475655431,0.3548689138576779,1068,758,0.1,0.5722315907813378,0.9110834733572117,0.8392088955071221,0.7981096408317581,0.7539285714285714,0.8477911646586346,,3558,0.3464419475655431,2504,False,selective,0.2,0.18100056211354693,2490,R3,0.0,0.008426966292134831
0.8184373243395165,0.5495356037151703,0.9833795013850416,0.6374367622259697,0.8434215839456756,2.124789207419899,banking77_open,0,0.18100056211354693,0.1144578313253012,0.3512108435421547,0.33239700374531833,0.33801498127340823,1068,646,0.15,0.5722315907813378,0.9110834733572117,0.8392088955071221,0.8163643095149945,0.7572115384615384,0.8855421686746988,,3558,0.33239700374531833,2504,False,selective,0.2,0.18100056211354693,2490,R3,0.0,0.0056179775280898875
0.6720067453625632,0.40445586975149955,0.979253112033195,0.43395165823496346,0.7921674058559702,1.6042720629567173,banking77_open,0,0.23805508712759976,0.2751004016064257,0.4556184635888719,0.4419475655430712,0.45131086142322097,1068,1167,0.0,0.43395165823496346,0.9110834733572117,0.8392088955071221,0.7396025404630199,0.7549142618151401,0.7248995983935743,,3558,0.4419475655430712,2504,False,selective,0.25,0.23805508712759976,2490,R3,0.0,0.009363295880149813
0.6748173130972457,0.4079515989628349,0.979253112033195,0.43676222596964587,0.7921674058559702,1.6042720629567173,banking77_open,0,0.23805508712759976,0.2710843373493976,0.4556184635888719,0.4419475655430712,0.45131086142322097,1068,1157,0.025,0.43395165823496346,0.9110834733572117,0.8392088955071221,0.7421795133919444,0.7559350270720533,0.7289156626506024,,3558,0.4419475655430712,2504,False,selective,0.25,0.23805508712759976,2490,R3,0.0,0.009363295880149813
0.6863406408094435,0.42025089605734767,0.9791231732776617,0.44828555368184375,0.7924417796732209,1.6042720629567173,banking77_open,0,0.23805508712759976,0.25582329317269076,0.4531077798281882,0.43913857677902624,0.448501872659176,1068,1116,0.05,0.43395165823496346,0.9110834733572117,0.8392088955071221,0.751419302514193,0.7588042588042588,0.7441767068273092,,3558,0.43913857677902624,2504,False,selective,0.25,0.23805508712759976,2490,R3,0.0,0.009363295880149813
0.7026419336706015,0.44139886578449905,0.9810924369747899,0.4645868465430017,0.7926691877170818,1.6042720629567173,banking77_open,0,0.23805508712759976,0.23373493975903614,0.451491005797621,0.43726591760299627,0.44569288389513106,1068,1058,0.075,0.43395165823496346,0.9110834733572117,0.8392088955071221,0.7647294589178357,0.7632,0.7662650602409639,,3558,0.43726591760299627,2504,False,selective,0.25,0.23805508712759976,2490,R3,0.0,0.008426966292134831
0.7228780213603148,0.4695740365111562,0.9809322033898306,0.484822934232715,0.7931231128324181,1.6042720629567173,banking77_open,0,0.23805508712759976,0.20642570281124498,0.44833144529697894,0.43352059925093633,0.4419475655430712,1068,986,0.1,0.43395165823496346,0.9110834733572117,0.8392088955071221,0.7807190833662584,0.7682737169517885,0.793574297188755,,3558,0.43352059925093633,2504,False,selective,0.25,0.23805508712759976,2490,R3,0.0,0.008426966292134831
0.7678471051152332,0.5338983050847458,0.9865771812080537,0.5297920179876335,0.795977771876183,1.6042720629567173,banking77_open,0,0.23805508712759976,0.15220883534136545,0.4295536510658116,0.41292134831460675,0.41853932584269665,1068,826,0.15,0.43395165823496346,0.9110834733572117,0.8392088955071221,0.8085024894676369,0.7726939970717424,0.8477911646586346,,3558,0.41292134831460675,2504,False,selective,0.25,0.23805508712759976,2490,R3,0.0,0.0056179775280898875
0.6385609893198426,0.43157076205287714,0.980565371024735,0.3122540753232153,0.7364843012463218,1.1860595840359753,banking77_open,0,0.3263069139966273,0.2891566265060241,0.5325154884598773,0.5196629213483146,0.5299625468164794,1068,1286,0.0,0.3122540753232153,0.9110834733572117,0.8392088955071221,0.7433851322973539,0.7790492957746479,0.7108433734939759,,3558,0.5196629213483146,2504,False,selective,0.3,0.3263069139966273,2490,R3,0.0,0.010299625468164793
0.641371557054525,0.43495297805642635,0.9823008849557522,0.3150646430578977,0.7364843012463218,1.1860595840359753,banking77_open,0,0.3263069139966273,0.2855421686746988,0.5325154884598773,0.5196629213483146,0.5290262172284644,1068,1276,0.025,0.3122540753232153,0.9110834733572117,0.8392088955071221,0.7455993294216261,0.7795793163891324,0.7144578313253012,,3558,0.5196629213483146,2504,False,selective,0.3,0.3263069139966273,2490,R3,0.0,0.009363295880149813
0.6509274873524452,0.44524959742351045,0.9822380106571936,0.3246205733558179,0.7367511360855771,1.1860595840359753,banking77_open,0,0.3263069139966273,0.27269076305220885,0.530796694433391,0.5177902621722846,0.5271535580524345,1068,1242,0.05,0.3122540753232153,0.9110834733572117,0.8392088955071221,0.7536412817311693,0.781951640759931,0.7273092369477911,,3558,0.5177902621722846,2504,False,selective,0.3,0.3263069139966273,2490,R3,0.0,0.009363295880149813
0.6663856098931984,0.464195450716091,0.9839285714285714,0.3400786958965711,0.737006557363236,1.1860595840359753,banking77_open,0,0.3263069139966273,0.25180722891566265,0.5292002704231739,0.5159176029962547,0.5243445692883895,1068,1187,0.075,0.3122540753232153,0.9110834733572117,0.8392088955071221,0.766508948775972,0.785744411640658,0.7481927710843373,,3558,0.5159176029962547,2504,False,selective,0.3,0.3263069139966273,2490,R3,0.0,0.008426966292134831
0.6854974704890388,0.48882931188561213,0.9838129496402878,0.3591905564924115,0.7376693428302834,1.1860595840359753,banking77_open,0,0.3263069139966273,0.22610441767068273,0.5256229870951409,0.5121722846441947,0.5205992509363296,1068,1119,0.1,0.3122540753232153,0.9110834733572117,0.8392088955071221,0.7819030229255427,0.7900779007790077,0.7738955823293173,,3558,0.5121722846441947,2504,False,selective,0.3,0.3263069139966273,2490,R3,0.0,0.008426966292134831
0.731309724564362,0.5502092050209205,0.9887218045112782,0.4050028105677347,0.7413123659511408,1.1860595840359753,banking77_open,0,0.3263069139966273,0.17028112449799196,0.5071455987733537,0.49250936329588013,0.49812734082397003,1068,956,0.15,0.3122540753232153,0.9110834733572117,0.8392088955071221,0.8114689709347996,0.7940046118370484,0.8297188755020081,,3558,0.49250936329588013,2504,False,selective,0.3,0.3263069139966273,2490,R3,0.0,0.0056179775280898875
0.6363125351320967,0.4605873261205564,0.9706840390879479,0.21135469364811693,0.6981900541931878,0.8799887577290613,banking77_open,0,0.42495784148397975,0.27309236947791166,0.5715999959048395,0.5580524344569289,0.5749063670411985,1068,1294,0.0,0.21135469364811693,0.9110834733572117,0.8392088955071221,0.7614640302902819,0.799469964664311,0.7269076305220884,,3558,0.5580524344569289,2504,False,selective,0.35,0.42495784148397975,2490,R3,0.0,0.016853932584269662
0.6396852164137156,0.46489859594383776,0.9706840390879479,0.21472737492973581,0.6981900541931878,0.8799887577290613,banking77_open,0,0.42495784148397975,0.26827309236947794,0.5715999959048395,0.5580524344569289,0.5749063670411985,1068,1282,0.025,0.21135469364811693,0.9110834733572117,0.8392088955071221,0.7645824590851868,0.8005272407732865,0.7317269076305221,,3558,0.5580524344569289,2504,False,selective,0.35,0.42495784148397975,2490,R3,0.0,0.016853932584269662
0.6481169196177627,0.4744408945686901,0.972176759410802,0.22315907813378302,0.6985484231704876,0.8799887577290613,banking77_open,0,0.42495784148397975,0.25742971887550203,0.5699682942731378,0.5561797752808989,0.5720973782771536,1068,1252,0.05,0.21135469364811693,0.9110834733572117,0.8392088955071221,0.7710592160133444,0.8018213356461406,0.742570281124498,,3558,0.5561797752808989,2504,False,selective,0.35,0.42495784148397975,2490,R3,0.0,0.015917602996254682
0.6627318718381113,0.4925,0.9768595041322314,0.23777403035413153,0.6991905110389098,0.8799887577290613,banking77_open,0,0.42495784148397975,0.2389558232931727,0.567704544950565,0.5533707865168539,0.5664794007490637,1068,1200,0.075,0.21135469364811693,0.9110834733572117,0.8392088955071221,0.7817656765676568,0.8036471586089907,0.7610441767068273,,3558,0.5533707865168539,2504,False,selective,0.35,0.42495784148397975,2490,R3,0.0,0.013108614232209739
0.6770657672849916,0.5091383812010444,0.9766277128547579,0.2521079258010118,0.700463277853418,0.8799887577290613,banking77_open,0,0.42495784148397975,0.22088353413654618,0.5627234043236443,0.547752808988764,0.5608614232209738,1068,1149,0.1,0.21135469364811693,0.9110834733572117,0.8392088955071221,0.7919983670136762,0.8053134080531341,0.7791164658634538,,3558,0.547752808988764,2504,False,selective,0.35,0.42495784148397975,2490,R3,0.0,0.013108614232209739
0.7172568858909499,0.5666003976143141,0.9878682842287695,0.2922990444069702,0.70356682805238,0.8799887577290613,banking77_open,0,0.42495784148397975,0.172289156626506,0.5496910588944741,0.5337078651685393,0.5402621722846442,1068,1006,0.15,0.21135469364811693,0.9110834733572117,0.8392088955071221,0.8175327251090837,0.807601880877743,0.827710843373494,,3558,0.5337078651685393,2504,False,selective,0.35,0.42495784148397975,2490,R3,0.0,0.006554307116104869
0.6630129286115796,0.5104253544620517,0.9714285714285714,0.13490725126475547,0.6651165934037222,0.6444631815626757,banking77_open,0,0.528105677346824,0.2285140562248996,0.5906382987125814,0.5730337078651685,0.5898876404494382,1068,1199,0.0,0.13490725126475547,0.9110834733572117,0.8392088955071221,0.7923283151165189,0.8143281051292921,0.7714859437751004,,3558,0.5730337078651685,2504,False,selective,0.4,0.528105677346824,2490,R3,0.11764705882352941,0.016853932584269662
0.6649803260258572,0.5125838926174496,0.9713831478537361,0.13687464867903318,0.6653509923950133,0.6444631815626757,banking77_open,0,0.528105677346824,0.22610441767068273,0.5899260480003308,0.5720973782771536,0.5889513108614233,1068,1192,0.025,0.13490725126475547,0.9110834733572117,0.8392088955071221,0.7936573311367381,0.8144547759932376,0.7738955823293173,,3558,0.5720973782771536,2504,False,selective,0.4,0.528105677346824,2490,R3,0.11764705882352941,0.016853932584269662
0.6720067453625632,0.5227077977720651,0.9728867623604466,0.14390106801573918,0.6655731154371287,0.6444631815626757,banking77_open,0,0.528105677346824,0.21686746987951808,0.58919344726773,0.5711610486891385,0.5870786516853933,1068,1167,0.05,0.13490725126475547,0.9110834733572117,0.8392088955071221,0.7990165949600492,0.8155583437892095,0.7831325301204819,,3558,0.5711610486891385,2504,False,selective,0.4,0.528105677346824,2490,R3,0.11764705882352941,0.015917602996254682
0.684654300168634,0.5401069518716578,0.9758454106280193,0.15654862282181,0.6665142370848538,0.6444631815626757,banking77_open,0,0.528105677346824,0.20120481927710843,0.5861055629298457,0.5674157303370787,0.5814606741573034,1068,1122,0.075,0.13490725126475547,0.9110834733572117,0.8392088955071221,0.8075517661388549,0.8165024630541872,0.7987951807228916,,3558,0.5674157303370787,2504,False,selective,0.4,0.528105677346824,2490,R3,0.11764705882352941,0.014044943820224719
0.6953344575604272,0.551660516605166,0.9755301794453507,0.16722878021360316,0.6686043789928702,0.6444631815626757,banking77_open,0,0.528105677346824,0.1891566265060241,0.579656632200606,0.5599250936329588,0.5739700374531835,1068,1084,0.1,0.13490725126475547,0.9110834733572117,0.8392088955071221,0.8134568896051572,0.8160873080032336,0.810843373493976,,3558,0.5599250936329588,2504,False,selective,0.4,0.528105677346824,2490,R3,0.11764705882352941,0.014044943820224719
0.7299044406970208,0.6066597294484911,0.988135593220339,0.20179876335019675,0.6729973239110801,0.6444631815626757,banking77_open,0,0.528105677346824,0.14899598393574298,0.5676005778859335,0.545880149812734,0.552434456928839,1068,961,0.15,0.13490725126475547,0.9110834733572117,0.8392088955071221,0.8331039905641833,0.8159414709279939,0.851004016064257,,3558,0.545880149812734,2504,False,selective,0.4,0.528105677346824,2490,R3,0.06060606060606061,0.006554307116104869
0.6947723440134908,0.5598526703499079,0.9635499207606973,0.08263069139966273,0.6360786341777467,0.485947161326588,banking77_open,0,0.612141652613828,0.1827309236947791,0.592650125096703,0.5692883895131086,0.5908239700374532,1068,1086,0.0,0.08263069139966273,0.9110834733572117,0.8392088955071221,0.8202337767029423,0.823220064724919,0.8172690763052208,,3558,0.5692883895131086,2504,False,selective,0.45,0.612141652613828,2490,R3,0.12121212121212122,0.02153558052434457
0.6984260820685778,0.5647716682199441,0.9634340222575517,0.08628442945474986,0.6366312104016089,0.485947161326588,banking77_open,0,0.612141652613828,0.1783132530120482,0.5910946952324496,0.5674157303370787,0.5889513108614233,1068,1073,0.025,0.08263069139966273,0.9110834733572117,0.8392088955071221,0.8225125628140704,0.8233400402414487,0.8216867469879519,,3558,0.5674157303370787,2504,False,selective,0.45,0.612141652613828,2490,R3,0.12121212121212122,0.02153558052434457
0.7029229904440697,0.5714285714285714,0.9648562300319489,0.09078133783024171,0.6372274447802923,0.485947161326588,banking77_open,0,0.612141652613828,0.17309236947791165,0.5896657835868196,0.5655430711610487,0.5861423220973783,1068,1057,0.05,0.08263069139966273,0.9110834733572117,0.8392088955071221,0.8250851532758966,0.8232706917233107,0.8269076305220884,,3558,0.5655430711610487,2504,False,selective,0.45,0.612141652613828,2490,R3,0.12121212121212122,0.020599250936329586
0.709106239460371,0.5826086956521739,0.9694533762057878,0.09696458684654301,0.637518688513496,0.485947161326588,banking77_open,0,0.612141652613828,0.16586345381526105,0.588679590292934,0.5646067415730337,0.5823970037453183,1068,1035,0.075,0.08263069139966273,0.9110834733572117,0.8392088955071221,0.8286455216437264,0.823226317875545,0.834136546184739,,3558,0.5646067415730337,2504,False,selective,0.45,0.612141652613828,2490,R3,0.12121212121212122,0.017790262172284643
0.7178189994378864,0.5976095617529881,0.9724473257698542,0.10567734682405847,0.6384353253967511,0.485947161326588,banking77_open,0,0.612141652613828,0.15542168674698795,0.5860969729888313,0.5617977528089888,0.5777153558052435,1068,1004,0.1,0.08263069139966273,0.9110834733572117,0.8392088955071221,0.8338620142743856,0.8234142521534847,0.844578313253012,,3558,0.5617977528089888,2504,False,selective,0.45,0.612141652613828,2490,R3,0.12121212121212122,0.015917602996254682
0.7459246767847105,0.6438053097345132,0.9831081081081081,0.13378302417088253,0.6448807938837698,0.485947161326588,banking77_open,0,0.612141652613828,0.12530120481927712,0.5710928669838471,0.5449438202247191,0.5543071161048689,1068,904,0.15,0.08263069139966273,0.9110834733572117,0.8392088955071221,0.8468118195956454,0.8206480783722683,0.8746987951807229,,3558,0.5449438202247191,2504,False,selective,0.45,0.612141652613828,2490,R3,0.06060606060606061,0.009363295880149813
0.7329960652051715,0.6189473684210526,0.9639344262295082,0.04272062956717257,0.6141356837329534,0.35609893198426085,banking77_open,0,0.6902754356379989,0.13654618473895583,0.5747762458881998,0.550561797752809,0.5711610486891385,1068,950,0.0,0.04272062956717257,0.9110834733572117,0.8392088955071221,0.8434680266771282,0.8243865030674846,0.8634538152610441,,3558,0.550561797752809,2504,False,selective,0.5,0.6902754356379989,2490,R3,0.12121212121212122,0.020599250936329586
0.7332771219786397,0.6195995785036881,0.9639344262295082,0.04300168634064081,0.6141356837329534,0.35609893198426085,banking77_open,0,0.6902754356379989,0.13614457831325302,0.5747762458881998,0.550561797752809,0.5711610486891385,1068,949,0.025,0.04272062956717257,0.9110834733572117,0.8392088955071221,0.8436948421259071,0.8244538137217324,0.863855421686747,,3558,0.550561797752809,2504,False,selective,0.5,0.6902754356379989,2490,R3,0.12121212121212122,0.020599250936329586
0.7374929735806633,0.6284796573875803,0.9702479338842975,0.047217537942664416,0.6144931435978747,0.35609893198426085,banking77_open,0,0.6902754356379989,0.1321285140562249,0.5740220980752284,0.549625468164794,0.5664794007490637,1068,934,0.05,0.04272062956717257,0.9110834733572117,0.8392088955071221,0.8451310129057489,0.8235518292682927,0.8678714859437751,,3558,0.549625468164794,2504,False,selective,0.5,0.6902754356379989,2490,R3,0.12121212121212122,0.016853932584269662
0.7419898819561551,0.6394335511982571,0.9702479338842975,0.05171444631815627,0.6144931435978747,0.35609893198426085,banking77_open,0,0.6902754356379989,0.12570281124497992,0.5740220980752284,0.549625468164794,0.5664794007490637,1068,918,0.075,0.04272062956717257,0.9110834733572117,0.8392088955071221,0.8487329434697855,0.8246212121212121,0.87429718875502,,3558,0.549625468164794,2504,False,selective,0.5,0.6902754356379989,2490,R3,0.12121212121212122,0.016853932584269662
0.7492973580663294,0.655829596412556,0.9782608695652174,0.05902192242833052,0.6153374192059349,0.35609893198426085,banking77_open,0,0.6902754356379989,0.1180722891566265,0.5725931864295984,0.547752808988764,0.5599250936329588,1068,892,0.1,0.04272062956717257,0.9110834733572117,0.8392088955071221,0.8518231186966642,0.8237059264816204,0.8819277108433735,,3558,0.547752808988764,2504,False,selective,0.5,0.6902754356379989,2490,R3,0.12121212121212122,0.012172284644194757
0.7703766160764475,0.6952264381884945,0.9861111111111112,0.08010118043844856,0.6221657318065306,0.35609893198426085,banking77_open,0,0.6902754356379989,0.09678714859437751,0.5578701898440825,0.5318352059925093,0.5393258426966292,1068,817,0.15,0.04272062956717257,0.9110834733572117,0.8392088955071221,0.859873829095775,0.8205034658883619,0.9032128514056225,,3558,0.5318352059925093,2504,False,selective,0.5,0.6902754356379989,2490,R3,0.09090909090909091,0.00749063670411985
0.7830241708825183,0.6839378238341969,0.9652650822669104,0.024451939291736932,0.6204979347100341,0.26728499156829677,banking77_open,0,0.7585722315907814,0.09036144578313253,0.5241584563101643,0.4943820224719101,0.5121722846441947,1068,772,0.0,0.024451939291736932,0.9110834733572117,0.8392088955071221,0.8586050037907506,0.8129935391241924,0.9096385542168675,,3558,0.4943820224719101,2504,False,selective,0.55,0.7585722315907814,2490,R3,0.15151515151515152,0.017790262172284643
0.7833052276559865,0.6848249027237354,0.9652650822669104,0.02473299606520517,0.6204979347100341,0.26728499156829677,banking77_open,0,0.7585722315907814,0.08995983935742972,0.5241584563101643,0.4943820224719101,0.5121722846441947,1068,771,0.025,0.024451939291736932,0.9110834733572117,0.8392088955071221,0.8588212999810498,0.8130606386795838,0.9100401606425703,,3558,0.4943820224719101,2504,False,selective,0.55,0.7585722315907814,2490,R3,0.15151515151515152,0.017790262172284643
0.7847105115233277,0.6879895561357703,0.9669724770642202,0.026138279932546374,0.6209068909777594,0.26728499156829677,banking77_open,0,0.7585722315907814,0.08875502008032128,0.5233037554554635,0.4934456928838951,0.5102996254681648,1068,766,0.05,0.024451939291736932,0.9110834733572117,0.8392088955071221,0.8591442635365392,0.8126790830945558,0.9112449799196787,,3558,0.4934456928838951,2504,False,selective,0.55,0.7585722315907814,2490,R3,0.15151515151515152,0.016853932584269662
0.7880831928049467,0.6962864721485411,0.9686346863468634,0.02951096121416526,0.6217732080757596,0.26728499156829677,banking77_open,0,0.7585722315907814,0.08514056224899598,0.5217254726271806,0.49157303370786515,0.5074906367041199,1068,754,0.075,0.024451939291736932,0.9110834733572117,0.8392088955071221,0.8605969021533811,0.8124108416547788,0.914859437751004,,3558,0.49157303370786515,2504,False,selective,0.55,0.7585722315907814,2490,R3,0.12121212121212122,0.015917602996254682
0.7937043282743114,0.7098092643051771,0.9756554307116105,0.035132096683530074,0.6236295191361753,0.26728499156829677,banking77_open,0,0.7585722315907814,0.08032128514056225,0.5186877123138786,0.48782771535580527,0.5,1068,734,0.1,0.024451939291736932,0.9110834733572117,0.8392088955071221,0.8618742943168989,0.8109065155807366,0.9196787148594378,,3558,0.48782771535580527,2504,False,selective,0.55,0.7585722315907814,2490,R3,0.12121212121212122,0.012172284644194757
0.8041034288926363,0.733142037302726,0.980806142034549,0.045531197301854974,0.6282519843541892,0.26728499156829677,banking77_open,0,0.7585722315907814,0.07068273092369477,0.5100583712877127,0.47846441947565543,0.48782771535580527,1068,697,0.15,0.024451939291736932,0.9110834733572117,0.8392088955071221,0.8648850682115492,0.8088081090527788,0.9293172690763052,,3558,0.47846441947565543,2504,False,selective,0.55,0.7585722315907814,2490,R3,0.12121212121212122,0.009363295880149813
0.8257448004496908,0.7548387096774194,0.9811320754716981,0.012928611579539067,0.635785762144307,0.20011242270938728,banking77_open,0,0.8128161888701517,0.05742971887550201,0.465954696661704,0.43820224719101125,0.44662921348314605,1068,620,0.0,0.012928611579539067,0.9110834733572117,0.8392088955071221,0.8647752394988947,0.7988427501701838,0.942570281124498,,3558,0.43820224719101125,2504,False,selective,0.6,0.8128161888701517,2490,R3,0.18181818181818182,0.008426966292134831
0.8257448004496908,0.7548387096774194,0.9811320754716981,0.012928611579539067,0.635785762144307,0.20011242270938728,banking77_open,0,0.8128161888701517,0.05742971887550201,0.465954696661704,0.43820224719101125,0.44662921348314605,1068,620,0.025,0.012928611579539067,0.9110834733572117,0.8392088955071221,0.8647752394988947,0.7988427501701838,0.942570281124498,,3558,0.43820224719101125,2504,False,selective,0.6,0.8128161888701517,2490,R3,0.18181818181818182,0.008426966292134831
0.8265879707700956,0.7552674230145867,0.9810526315789474,0.013771781899943788,0.636797921196007,0.20011242270938728,banking77_open,0,0.8128161888701517,0.0570281124497992,0.46387899458600196,0.4363295880149813,0.4447565543071161,1068,617,0.05,0.012928611579539067,0.9110834733572117,0.8392088955071221,0.8646658074019516,0.7983679020741244,0.9429718875502008,,3558,0.4363295880149813,2504,False,selective,0.6,0.8128161888701517,2490,R3,0.18181818181818182,0.008426966292134831
0.8279932546374368,0.7598039215686274,0.9830866807610994,0.01517706576728499,0.6372938333176899,0.20011242270938728,banking77_open,0,0.8128161888701517,0.05582329317269076,0.46289280129211635,0.4353932584269663,0.44288389513108617,1068,612,0.075,0.012928611579539067,0.9110834733572117,0.8392088955071221,0.8649742457689478,0.7980312287847929,0.9441767068273093,,3558,0.4353932584269663,2504,False,selective,0.6,0.8128161888701517,2490,R3,0.18181818181818182,0.00749063670411985
0.8302417088251827,0.7649006622516556,0.9871794871794872,0.017425519955030916,0.6388345101874257,0.20011242270938728,banking77_open,0,0.8128161888701517,0.05461847389558233,0.4605298048114728,0.43258426966292135,0.43820224719101125,1068,604,0.1,0.012928611579539067,0.9110834733572117,0.8392088955071221,0.8648052902277736,0.7968855788761002,0.9453815261044177,,3558,0.43258426966292135,2504,False,selective,0.6,0.8128161888701517,2490,R3,0.18181818181818182,0.0056179775280898875
0.8344575604272063,0.7741935483870968,0.9891540130151844,0.021641371557054524,0.6419190892369846,0.20011242270938728,banking77_open,0,0.8128161888701517,0.05140562248995984,0.45579311364944225,0.42696629213483145,0.43164794007490637,1068,589,0.15,0.012928611579539067,0.9110834733572117,0.8392088955071221,0.8653599560359041,0.7955540586055911,0.9485943775100402,,3558,0.42696629213483145,2504,False,selective,0.6,0.8128161888701517,2490,R3,0.14285714285714285,0.0046816479400749065
0.8622821810005621,0.8122448979591836,0.9802955665024631,0.007588532883642495,0.6677350196872543,0.1528948847667229,banking77_open,0,0.8546936481169196,0.033734939759036145,0.39738149294202124,0.37265917602996257,0.3801498127340824,1068,490,0.0,0.007588532883642495,0.9110834733572117,0.8392088955071221,0.8657790572148254,0.7842242503259452,0.9662650602409638,,3558,0.37265917602996257,2504,False,selective,0.65,0.8546936481169196,2490,R3,0.07692307692307693,0.00749063670411985
0.8625632377740303,0.8139059304703476,0.9802955665024631,0.007869589657110737,0.6677350196872543,0.1528948847667229,banking77_open,0,0.8546936481169196,0.03333333333333333,0.39738149294202124,0.37265917602996257,0.3801498127340824,1068,489,0.025,0.007588532883642495,0.9110834733572117,0.8392088955071221,0.8659830904838999,0.7842945584881069,0.9666666666666667,,3558,0.37265917602996257,2504,False,selective,0.65,0.8546936481169196,2490,R3,0.07692307692307693,0.00749063670411985
0.8628442945474986,0.8155737704918032,0.9827160493827161,0.008150646430578976,0.6677350196872543,0.1528948847667229,banking77_open,0,0.8546936481169196,0.03333333333333333,0.39738149294202124,0.37265917602996257,0.3792134831460674,1068,488,0.05,0.007588532883642495,0.9110834733572117,0.8392088955071221,0.8658273381294963,0.7840390879478827,0.9666666666666667,,3558,0.37265917602996257,2504,False,selective,0.65,0.8546936481169196,2490,R3,0.07692307692307693,0.006554307116104869
0.8628442945474986,0.8155737704918032,0.9827160493827161,0.008150646430578976,0.6677350196872543,0.1528948847667229,banking77_open,0,0.8546936481169196,0.03333333333333333,0.39738149294202124,0.37265917602996257,0.3792134831460674,1068,488,0.075,0.007588532883642495,0.9110834733572117,0.8392088955071221,0.8658273381294963,0.7840390879478827,0.9666666666666667,,3558,0.37265917602996257,2504,False,selective,0.65,0.8546936481169196,2490,R3,0.07692307692307693,0.006554307116104869
0.863406408094435,0.8189300411522634,0.9851485148514851,0.008712759977515458,0.6677350196872543,0.1528948847667229,banking77_open,0,0.8546936481169196,0.03293172690763052,0.39738149294202124,0.37265917602996257,0.3782771535580524,1068,486,0.1,0.007588532883642495,0.9110834733572117,0.8392088955071221,0.8658755843221863,0.7838541666666666,0.9670682730923694,,3558,0.37265917602996257,2504,False,selective,0.65,0.8546936481169196,2490,R3,0.07692307692307693,0.0056179775280898875
0.8650927487352446,0.8270833333333333,0.9851116625310173,0.010399100618324901,0.6683209257335686,0.1528948847667229,banking77_open,0,0.8546936481169196,0.030923694779116467,0.3966044921650205,0.3717228464419476,0.37734082397003743,1068,480,0.15,0.007588532883642495,0.9110834733572117,0.8392088955071221,0.8667385057471265,0.7839506172839507,0.9690763052208835,,3558,0.3717228464419476,2504,False,selective,0.65,0.8546936481169196,2490,R3,0.07692307692307693,0.0056179775280898875
0.8915120854412592,0.8652849740932642,0.9766081871345029,0.002810567734682406,0.698870675330305,0.11410905002810567,banking77_open,0,0.8887015177065767,0.017670682730923693,0.33542770350673823,0.31273408239700373,0.3202247191011236,1068,386,0.0,0.002810567734682406,0.9110834733572117,0.8392088955071221,0.8640056517131756,0.7711223203026482,0.9823293172690764,,3558,0.31273408239700373,2504,False,selective,0.7,0.8887015177065767,2490,R3,0.02857142857142857,0.00749063670411985
0.8915120854412592,0.8652849740932642,0.9766081871345029,0.002810567734682406,0.698870675330305,0.11410905002810567,banking77_open,0,0.8887015177065767,0.017670682730923693,0.33542770350673823,0.31273408239700373,0.3202247191011236,1068,386,0.025,0.002810567734682406,0.9110834733572117,0.8392088955071221,0.8640056517131756,0.7711223203026482,0.9823293172690764,,3558,0.31273408239700373,2504,False,selective,0.7,0.8887015177065767,2490,R3,0.02857142857142857,0.00749063670411985
0.8917931422147274,0.8675324675324675,0.9794721407624634,0.0030916245081506464,0.698870675330305,0.11410905002810567,banking77_open,0,0.8887015177065767,0.017670682730923693,0.33542770350673823,0.31273408239700373,0.3192883895131086,1068,385,0.05,0.002810567734682406,0.9110834733572117,0.8392088955071221,0.8638530814056153,0.770879294043492,0.9823293172690764,,3558,0.31273408239700373,2504,False,selective,0.7,0.8887015177065767,2490,R3,0.02857142857142857,0.006554307116104869
0.8917931422147274,0.8675324675324675,0.9794721407624634,0.0030916245081506464,0.698870675330305,0.11410905002810567,banking77_open,0,0.8887015177065767,0.017670682730923693,0.33542770350673823,0.31273408239700373,0.3192883895131086,1068,385,0.075,0.002810567734682406,0.9110834733572117,0.8392088955071221,0.8638530814056153,0.770879294043492,0.9823293172690764,,3558,0.31273408239700373,2504,False,selective,0.7,0.8887015177065767,2490,R3,0.02857142857142857,0.006554307116104869
0.8920741989881956,0.8697916666666666,0.9794721407624634,0.003372681281618887,0.698870675330305,0.11410905002810567,banking77_open,0,0.8887015177065767,0.017269076305220885,0.33542770350673823,0.31273408239700373,0.3192883895131086,1068,384,0.1,0.002810567734682406,0.9110834733572117,0.8392088955071221,0.8640536723163841,0.7709514807813485,0.9827309236947791,,3558,0.31273408239700373,2504,False,selective,0.7,0.8887015177065767,2490,R3,0.02857142857142857,0.006554307116104869
0.8934794828555368,0.8786279683377308,0.9823008849557522,0.00477796514896009,0.6996964187846343,0.11410905002810567,banking77_open,0,0.8887015177065767,0.01606425702811245,0.3346735556937669,0.31179775280898875,0.31741573033707865,1068,379,0.15,0.002810567734682406,0.9110834733572117,0.8392088955071221,0.864349973540307,0.7706826045926392,0.9839357429718876,,3558,0.31179775280898875,2504,False,selective,0.7,0.8887015177065767,2490,R3,0.02857142857142857,0.0056179775280898875
0.9120292299044407,0.8913738019169329,0.9755244755244755,0.0011242270938729624,0.7316481658661963,0.09021922428330523,banking77_open,0,0.9109050028105677,0.010843373493975903,0.2779157953343812,0.2612359550561798,0.26779026217228463,1068,313,0.0,0.0011242270938729624,0.9110834733572117,0.8392088955071221,0.8589363557105493,0.7590138674884438,0.9891566265060241,,3558,0.2612359550561798,2504,False,selective,0.75,0.9109050028105677,2490,R3,0.02857142857142857,0.006554307116104869
0.9120292299044407,0.8913738019169329,0.9755244755244755,0.0011242270938729624,0.7316481658661963,0.09021922428330523,banking77_open,0,0.9109050028105677,0.010843373493975903,0.2779157953343812,0.2612359550561798,0.26779026217228463,1068,313,0.025,0.0011242270938729624,0.9110834733572117,0.8392088955071221,0.8589363557105493,0.7590138674884438,0.9891566265060241,,3558,0.2612359550561798,2504,False,selective,0.75,0.9109050028105677,2490,R3,0.02857142857142857,0.006554307116104869
0.9123102866779089,0.8942307692307693,0.9789473684210527,0.001405283867341203,0.7316481658661963,0.09021922428330523,banking77_open,0,0.9109050028105677,0.010843373493975903,0.2779157953343812,0.2612359550561798,0.26685393258426965,1068,312,0.05,0.0011242270938729624,0.9110834733572117,0.8392088955071221,0.858786610878661,0.7587800369685767,0.9891566265060241,,3558,0.2612359550561798,2504,False,selective,0.75,0.9109050028105677,2490,R3,0.02857142857142857,0.0056179775280898875
0.9123102866779089,0.8942307692307693,0.9789473684210527,0.001405283867341203,0.7316481658661963,0.09021922428330523,banking77_open,0,0.9109050028105677,0.010843373493975903,0.2779157953343812,0.2612359550561798,0.26685393258426965,1068,312,0.075,0.0011242270938729624,0.9110834733572117,0.8392088955071221,0.858786610878661,0.7587800369685767,0.9891566265060241,,3558,0.2612359550561798,2504,False,selective,0.75,0.9109050028105677,2490,R3,0.02857142857142857,0.0056179775280898875
0.9125913434513772,0.8971061093247589,0.9789473684210527,0.0016863406408094434,0.7316481658661963,0.09021922428330523,banking77_open,0,0.9109050028105677,0.010441767068273093,0.2779157953343812,0.2612359550561798,0.26685393258426965,1068,311,0.1,0.0011242270938729624,0.9110834733572117,0.8392088955071221,0.8589855325082797,0.7588543270711426,0.989558232931727,,3558,0.2612359550561798,2504,False,selective,0.75,0.9109050028105677,2490,R3,0.02857142857142857,0.0056179775280898875
0.9131534569983136,0.8996763754045307,0.9823321554770318,0.0022484541877459247,0.7324739093205256,0.09021922428330523,banking77_open,0,0.9109050028105677,0.010441767068273093,0.27716164752140987,0.2602996254681648,0.2649812734082397,1068,309,0.15,0.0011242270938729624,0.9110834733572117,0.8392088955071221,0.8586861822617181,0.7583871960603262,0.989558232931727,,3558,0.2602996254681648,2504,False,selective,0.75,0.9109050028105677,2490,R3,0.02857142857142857,0.0046816479400749065
0.9353569421023047,0.908695652173913,0.9812206572769953,0.0,0.7799027710536828,0.06464305789769534,banking77_open,0,0.9353569421023047,0.006827309236947791,0.20846269779716034,0.1956928838951311,0.199438202247191,1068,230,0.0,0.0,0.9110834733572117,0.8392088955071221,0.8501203162598832,0.7430889423076923,0.9931726907630523,,3558,0.1956928838951311,2504,True,selective,0.8,0.9353569421023047,2490,R3,0.0,0.003745318352059925
0.9353569421023047,0.908695652173913,0.9812206572769953,0.0,0.7799027710536828,0.06464305789769534,banking77_open,0,0.9353569421023047,0.006827309236947791,0.20846269779716034,0.1956928838951311,0.199438202247191,1068,230,0.025,0.0,0.9110834733572117,0.8392088955071221,0.8501203162598832,0.7430889423076923,0.9931726907630523,,3558,0.1956928838951311,2504,False,selective,0.8,0.9353569421023047,2490,R3,0.0,0.003745318352059925
0.9356379988757729,0.9082969432314411,0.9811320754716981,0.0002810567734682406,0.7807226128501669,0.06464305789769534,banking77_open,0,0.9353569421023047,0.006827309236947791,0.2077504470849096,0.1947565543071161,0.19850187265917604,1068,229,0.05,0.0,0.9110834733572117,0.8392088955071221,0.8499742223749785,0.742865725443076,0.9931726907630523,,3558,0.1947565543071161,2504,False,selective,0.8,0.9353569421023047,2490,R3,0.0,0.003745318352059925
0.9356379988757729,0.9082969432314411,0.9811320754716981,0.0002810567734682406,0.7807226128501669,0.06464305789769534,banking77_open,0,0.9353569421023047,0.006827309236947791,0.2077504470849096,0.1947565543071161,0.19850187265917604,1068,229,0.075,0.0,0.9110834733572117,0.8392088955071221,0.8499742223749785,0.742865725443076,0.9931726907630523,,3558,0.1947565543071161,2504,False,selective,0.8,0.9353569421023047,2490,R3,0.0,0.003745318352059925
0.9356379988757729,0.9082969432314411,0.9811320754716981,0.0002810567734682406,0.7807226128501669,0.06464305789769534,banking77_open,0,0.9353569421023047,0.006827309236947791,0.2077504470849096,0.1947565543071161,0.19850187265917604,1068,229,0.1,0.0,0.9110834733572117,0.8392088955071221,0.8499742223749785,0.742865725443076,0.9931726907630523,,3558,0.1947565543071161,2504,False,selective,0.8,0.9353569421023047,2490,R3,0.0,0.003745318352059925
0.9359190556492412,0.9078947368421053,0.981042654028436,0.0005621135469364812,0.7815483563044962,0.06464305789769534,banking77_open,0,0.9353569421023047,0.006827309236947791,0.20699629927193827,0.19382022471910113,0.19756554307116106,1068,228,0.15,0.0,0.9110834733572117,0.8392088955071221,0.8498281786941582,0.7426426426426427,0.9931726907630523,,3558,0.19382022471910113,2504,False,selective,0.8,0.9353569421023047,2490,R3,0.0,0.003745318352059925
,,,,,,banking77_closed,,,,,0.9042239685658153,,,,,,,,,,,0.001,,,2504,,R0,,,,,,
,,,,,,banking77_closed,,,,,0.9042239685658153,,,,,,,,,,,0.01,,,2504,,R0,,,,,,
,,,,,,banking77_closed,,,,,0.8909626719056974,,,,,,,,,,,0.1,,,2504,,R0,,,,,,
,,,,,,banking77_closed,,,,,0.8398821218074656,,,,,,,0.0,,,,0.0001,,,2504,,R2,,,,,,
,,,,,,banking77_closed,,,,,0.8403732809430255,,,,,,,0.0,,,,0.001,,,2504,,R2,,,,,,
,,,,,,banking77_closed,,,,,0.8403732809430255,,,,,,,0.0,,,,0.01,,,2504,,R2,,,,,,
,,,,,,banking77_closed,,,,,0.8408644400785854,,,,,,,0.0,,,,0.1,,,2504,,R2,,,,,,
,,,,,,clinc150,,,,,0.982,,,,,,,,,,,0.001,,,2505,,R0,,,,,,
,,,,,,clinc150,,,,,0.984,,,,,,,,,,,0.01,,,2505,,R0,,,,,,
,,,,,,clinc150,,,,,0.985,,,,,,,,,,,0.1,,,2505,,R0,,,,,,
,,,,,,clinc150,,,,,0.981,,,,,,,0.9311190476190476,,,,0.0001,,,2505,,R2,,,,,,
,,,,,,clinc150,,,,,0.981,,,,,,,0.9312523809523809,,,,0.001,,,2505,,R2,,,,,,
,,,,,,clinc150,,,,,0.981,,,,,,,0.9306452380952381,,,,0.01,,,2505,,R2,,,,,,
,,,,,,clinc150,,,,,0.982,,,,,,,0.9261095238095238,,,,0.1,,,2505,,R2,,,,,,
0.42451612903225805,0.5285874439461884,0.9853709508881923,0.0,0.37238324128365696,0.5754838709677419,clinc150,0,0.42451612903225805,0.39380952380952383,0.943,0.943,0.957,1000,1784,0.0,0.0,0.9586947664637154,0.9261095238095238,0.7453161592505855,0.9673252279635258,0.6061904761904762,,3100,0.943,2505,False,selective,0.2,0.42451612903225805,2100,MAX_THRESHOLD,0.15,0.014
0.48,0.5775434243176178,0.986228813559322,0.0,0.3748158544546892,0.52,clinc150,0,0.48,0.3180952380952381,0.931,0.931,0.944,1000,1612,0.0,0.0,0.9586947664637154,0.9261095238095238,0.7982162764771461,0.9623655913978495,0.6819047619047619,,3100,0.931,2505,False,selective,0.25,0.48,2100,MAX_THRESHOLD,0.0,0.013
0.5348387096774193,0.6324549237170597,0.987012987012987,0.0,0.37926559712266367,0.46516129032258063,clinc150,0,0.5348387096774193,0.24666666666666667,0.912,0.912,0.924,1000,1442,0.0,0.0,0.9586947664637154,0.9261095238095238,0.8419372006386375,0.9541616405307599,0.7533333333333333,,3100,0.912,2505,False,selective,0.3,0.5348387096774193,2100,MAX_THRESHOLD,0.0,0.012
0.584516129032258,0.687888198757764,0.9899441340782122,0.0,0.3861635172540853,0.4154838709677419,clinc150,0,0.584516129032258,0.18714285714285714,0.886,0.886,0.895,1000,1288,0.0,0.0,0.9586947664637154,0.9261095238095238,0.8726993865030674,0.9420529801324503,0.8128571428571428,,3100,0.886,2505,False,selective,0.35,0.584516129032258,2100,MAX_THRESHOLD,0.0,0.009
0.6329032258064516,0.7363796133567663,0.991715976331361,0.0,0.40084513235788616,0.3670967741935484,clinc150,0,0.6329032258064516,0.13952380952380952,0.838,0.838,0.845,1000,1138,0.0,0.0,0.9586947664637154,0.9261095238095238,0.8897095027080256,0.9209989806320081,0.8604761904761905,,3100,0.838,2505,True,selective,0.4,0.6329032258064516,2100,MAX_THRESHOLD,0.0,0.007
0.6741935483870968,0.7801980198019802,0.9936948297604036,0.0,0.41788296067061254,0.3258064516129032,clinc150,0,0.6741935483870968,0.10333333333333333,0.788,0.788,0.793,1000,1010,0.0,0.0,0.9586947664637154,0.9261095238095238,0.8988066825775657,0.9009569377990431,0.8966666666666666,,3100,0.788,2505,False,selective,0.45,0.6741935483870968,2100,MAX_THRESHOLD,0.0,0.005
0.7190322580645161,0.8300803673938002,0.9958677685950413,0.0,0.442844348733436,0.28096774193548385,clinc150,0,0.7190322580645161,0.06904761904761905,0.723,0.723,0.726,1000,871,0.0,0.0,0.9586947664637154,0.9261095238095238,0.9032109032109032,0.8770749214894572,0.930952380952381,,3100,0.723,2505,False,selective,0.5,0.7190322580645161,2100,MAX_THRESHOLD,0.0,0.003
0.7545161290322581,0.8659658344283837,0.9954682779456193,0.0,0.4703728905027066,0.24548387096774194,clinc150,0,0.7545161290322581,0.047142857142857146,0.659,0.659,0.662,1000,761,0.0,0.0,0.9586947664637154,0.9261095238095238,0.9015544041450777,0.8554938007695596,0.9528571428571428,,3100,0.659,2505,False,selective,0.55,0.7545161290322581,2100,MAX_THRESHOLD,0.0,0.003
0.7893548387096774,0.8820826952526799,0.9948186528497409,0.0,0.5100281834590322,0.21064516129032257,clinc150,0,0.7893548387096774,0.035238095238095235,0.576,0.576,0.579,1000,653,0.0,0.0,0.9586947664637154,0.9261095238095238,0.8911370134154387,0.8279525950143032,0.9647619047619047,,3100,0.576,2505,False,selective,0.6,0.7893548387096774,2100,MAX_THRESHOLD,0.0,0.003
0.8180645161290323,0.898936170212766,0.9941176470588236,0.0,0.5462769954389686,0.18193548387096775,clinc150,0,0.8180645161290323,0.025714285714285714,0.507,0.507,0.51,1000,564,0.0,0.0,0.9586947664637154,0.9261095238095238,0.8826574633304574,0.806782334384858,0.9742857142857143,,3100,0.507,2505,False,selective,0.65,0.8180645161290323,2100,MAX_THRESHOLD,0.0,0.003
0.853225806451613,0.9252747252747253,0.9929245283018868,0.0,0.5963483889786461,0.14677419354838708,clinc150,0,0.853225806451613,0.014761904761904763,0.421,0.421,0.424,1000,455,0.0,0.0,0.9586947664637154,0.9261095238095238,0.8720758693361433,0.7822306238185255,0.9852380952380952,,3100,0.421,2505,False,selective,0.7,0.853225806451613,2100,MAX_THRESHOLD,0.0,0.003
0.8819354838709678,0.9508196721311475,0.9942857142857143,0.0,0.6439975659208124,0.11806451612903225,clinc150,0,0.8819354838709678,0.007619047619047619,0.34800000000000003,0.348,0.35,1000,366,0.0,0.0,0.9586947664637154,0.9261095238095238,0.8622258998758792,0.7622531089978054,0.9923809523809524,,3100,0.348,2505,False,selective,0.75,0.8819354838709678,2100,MAX_THRESHOLD,0.0,0.002
0.9083870967741936,0.9753521126760564,0.9964028776978417,0.0,0.6958112921952979,0.09161290322580645,clinc150,0,0.9083870967741936,0.002857142857142857,0.277,0.277,0.278,1000,284,0.0,0.0,0.9586947664637154,0.9261095238095238,0.8519121236777868,0.7436079545454546,0.9971428571428571,,3100,0.277,2505,False,selective,0.8,0.9083870967741936,2100,MAX_THRESHOLD,0.0,0.001
0.6570967741935484,0.5597365945437441,0.9949832775919732,0.23258064516129032,0.647814879729212,0.9893548387096774,clinc150,0,0.42451612903225805,0.22142857142857142,0.595,0.595,0.598,1000,1063,0.0,0.23258064516129032,0.9586947664637154,0.9261095238095238,0.7904278462654097,0.8026509572901326,0.7785714285714286,,3100,0.595,2505,False,selective,0.2,0.42451612903225805,2100,R3,0.0,0.003
0.66,0.5645161290322581,0.9949832775919732,0.23548387096774193,0.647814879729212,0.9893548387096774,clinc150,0,0.42451612903225805,0.21714285714285714,0.595,0.595,0.598,1000,1054,0.025,0.23258064516129032,0.9586947664637154,0.9261095238095238,0.7930535455861071,0.8035190615835777,0.7828571428571428,,3100,0.595,2505,False,selective,0.2,0.42451612903225805,2100,R3,0.0,0.003
0.6658064516129032,0.5733590733590733,0.9949748743718593,0.24129032258064517,0.6480103467193219,0.9893548387096774,clinc150,0,0.42451612903225805,0.20904761904761904,0.594,0.594,0.597,1000,1036,0.05,0.23258064516129032,0.9586947664637154,0.9261095238095238,0.7977905859750241,0.8047480620155039,0.790952380952381,,3100,0.594,2505,False,selective,0.2,0.42451612903225805,2100,R3,0.0,0.003
0.6738709677419354,0.5875370919881305,0.9949748743718593,0.24935483870967742,0.6480103467193219,0.9893548387096774,clinc150,0,0.42451612903225805,0.19714285714285715,0.594,0.594,0.597,1000,1011,0.075,0.23258064516129032,0.9586947664637154,0.9261095238095238,0.8049653855335402,0.807084729535663,0.8028571428571428,,3100,0.594,2505,False,selective,0.2,0.42451612903225805,2100,R3,0.0,0.003
0.6845161290322581,0.6073619631901841,0.9949748743718593,0.26,0.6480103467193219,0.9893548387096774,clinc150,0,0.42451612903225805,0.18142857142857144,0.594,0.594,0.597,1000,978,0.1,0.23258064516129032,0.9586947664637154,0.9261095238095238,0.8143060161061108,0.8100848256361922,0.8185714285714286,,3100,0.594,2505,False,selective,0.2,0.42451612903225805,2100,R3,0.0,0.003
0.7029032258064516,0.6406080347448425,0.9949409780775716,0.27838709677419354,0.6489529752528913,0.9893548387096774,clinc150,0,0.42451612903225805,0.15619047619047619,0.59,0.59,0.593,1000,921,0.15,0.23258064516129032,0.9586947664637154,0.9261095238095238,0.8282308950689413,0.8132170720513997,0.8438095238095238,,3100,0.59,2505,False,selective,0.2,0.42451612903225805,2100,R3,0.0,0.003
0.642258064516129,0.6086564472497745,0.9926470588235294,0.16225806451612904,0.5849423112430632,0.7661290322580645,clinc150,0,0.48,0.2042857142857143,0.675,0.675,0.68,1000,1109,0.0,0.16225806451612904,0.9586947664637154,0.9261095238095238,0.8169151796626741,0.8392767453540935,0.7957142857142857,,3100,0.675,2505,False,selective,0.25,0.48,2100,R3,0.0,0.005
0.6445161290322581,0.6125226860254084,0.9926470588235294,0.16451612903225807,0.5849423112430632,0.7661290322580645,clinc150,0,0.48,0.20095238095238097,0.675,0.675,0.68,1000,1102,0.025,0.16225806451612904,0.9586947664637154,0.9261095238095238,0.8189360663738409,0.8398398398398398,0.799047619047619,,3100,0.675,2505,False,selective,0.25,0.48,2100,R3,0.0,0.005
0.6509677419354839,0.6238447319778189,0.9926470588235294,0.17096774193548386,0.5849423112430632,0.7661290322580645,clinc150,0,0.48,0.19142857142857142,0.675,0.675,0.68,1000,1082,0.05,0.16225806451612904,0.9586947664637154,0.9261095238095238,0.8246721709567753,0.8414271555996036,0.8085714285714286,,3100,0.675,2505,False,selective,0.25,0.48,2100,R3,0.0,0.005
0.6567741935483871,0.6325187969924813,0.9955621301775148,0.1767741935483871,0.5854069627974499,0.7661290322580645,clinc150,0,0.48,0.18476190476190477,0.673,0.673,0.676,1000,1064,0.075,0.16225806451612904,0.9586947664637154,0.9261095238095238,0.8278529980657641,0.8408644400785854,0.8152380952380952,,3100,0.673,2505,False,selective,0.25,0.48,2100,R3,0.0,0.003
0.6661290322580645,0.6483091787439613,0.9955489614243324,0.18612903225806451,0.5859098937621162,0.7661290322580645,clinc150,0,0.48,0.1719047619047619,0.671,0.671,0.674,1000,1035,0.1,0.16225806451612904,0.9586947664637154,0.9261095238095238,0.8350540216086435,0.8421307506053268,0.8280952380952381,,3100,0.671,2505,False,selective,0.25,0.48,2100,R3,0.0,0.003
0.6835483870967742,0.6799184505606524,0.9955223880597015,0.2035483870967742,0.586939826070451,0.7661290322580645,clinc150,0,0.48,0.14809523809523809,0.667,0.667,0.67,1000,981,0.15,0.16225806451612904,0.9586947664637154,0.9261095238095238,0.8480682626214744,0.8442661632845682,0.8519047619047619,,3100,0.667,2505,False,selective,0.25,0.48,2100,R3,0.0,0.003
0.6451612903225806,0.6663636363636364,0.9918809201623816,0.11032258064516129,0.5366414580544587,0.6135483870967742,clinc150,0,0.5348387096774193,0.1719047619047619,0.733,0.733,0.739,1000,1100,0.0,0.11032258064516129,0.9586947664637154,0.9261095238095238,0.8482926829268292,0.8695,0.8280952380952381,,3100,0.733,2505,False,selective,0.3,0.5348387096774193,2100,R3,0.0,0.006
0.645483870967742,0.6669699727024567,0.9918809201623816,0.11064516129032258,0.5366414580544587,0.6135483870967742,clinc150,0,0.5348387096774193,0.17142857142857143,0.733,0.733,0.739,1000,1099,0.025,0.11032258064516129,0.9586947664637154,0.9261095238095238,0.8485735186539869,0.8695652173913043,0.8285714285714286,,3100,0.733,2505,False,selective,0.3,0.5348387096774193,2100,R3,0.0,0.006
0.6490322580645161,0.6727941176470589,0.991869918699187,0.11419354838709678,0.5369095511112478,0.6135483870967742,clinc150,0,0.5348387096774193,0.16666666666666666,0.732,0.732,0.738,1000,1088,0.05,0.11032258064516129,0.9586947664637154,0.9261095238095238,0.8511673151750972,0.8697813121272365,0.8333333333333334,,3100,0.732,2505,False,selective,0.3,0.5348387096774193,2100,R3,0.0,0.006
0.6519354838709678,0.6774791473586654,0.9945578231292517,0.11709677419354839,0.5371983595553466,0.6135483870967742,clinc150,0,0.5348387096774193,0.16380952380952382,0.731,0.731,0.735,1000,1079,0.075,0.11032258064516129,0.9586947664637154,0.9261095238095238,0.8522203348701771,0.8688767936665017,0.8361904761904762,,3100,0.731,2505,False,selective,0.3,0.5348387096774193,2100,R3,0.0,0.004
0.6570967741935484,0.6867356538099718,0.9945504087193461,0.12225806451612903,0.5374588982382265,0.6135483870967742,clinc150,0,0.5348387096774193,0.15666666666666668,0.73,0.73,0.734,1000,1063,0.1,0.11032258064516129,0.9586947664637154,0.9261095238095238,0.8561759729272421,0.8694158075601375,0.8433333333333334,,3100,0.73,2505,False,selective,0.3,0.5348387096774193,2100,R3,0.0,0.004
0.6725806451612903,0.7152709359605911,0.9945205479452055,0.13774193548387098,0.5386338422917898,0.6135483870967742,clinc150,0,0.5348387096774193,0.1357142857142857,0.726,0.726,0.73,1000,1015,0.15,0.11032258064516129,0.9586947664637154,0.9261095238095238,0.8673835125448031,0.8705035971223022,0.8642857142857143,,3100,0.726,2505,False,selective,0.3,0.5348387096774193,2100,R3,0.0,0.004
0.6512903225806451,0.7095282146160962,0.9935233160621761,0.0667741935483871,0.49991290634214397,0.5009677419354839,clinc150,0,0.584516129032258,0.14714285714285713,0.767,0.767,0.772,1000,1081,0.0,0.0667741935483871,0.9586947664637154,0.9261095238095238,0.8696285506190823,0.8870728083209509,0.8528571428571429,,3100,0.767,2505,False,selective,0.35,0.584516129032258,2100,R3,0.0,0.005
0.6525806451612903,0.7121634168987929,0.9935233160621761,0.06806451612903226,0.49991290634214397,0.5009677419354839,clinc150,0,0.584516129032258,0.14523809523809525,0.767,0.767,0.772,1000,1077,0.025,0.0667741935483871,0.9586947664637154,0.9261095238095238,0.8707252000970168,0.8872960949085517,0.8547619047619047,,3100,0.767,2505,False,selective,0.35,0.584516129032258,2100,R3,0.0,0.005
0.6551612903225806,0.7174929840972872,0.9948119325551232,0.07064516129032258,0.49991290634214397,0.5009677419354839,clinc150,0,0.584516129032258,0.1419047619047619,0.767,0.767,0.771,1000,1069,0.05,0.0667741935483871,0.9586947664637154,0.9261095238095238,0.8724279835390946,0.8872476612506155,0.8580952380952381,,3100,0.767,2505,False,selective,0.35,0.584516129032258,2100,R3,0.0,0.004
0.6587096774193548,0.722117202268431,0.9947916666666666,0.07419354838709677,0.5008387877614918,0.5009677419354839,clinc150,0,0.584516129032258,0.1380952380952381,0.764,0.764,0.768,1000,1058,0.075,0.0667741935483871,0.9586947664637154,0.9261095238095238,0.8739739256397876,0.8863858961802155,0.861904761904762,,3100,0.764,2505,False,selective,0.35,0.584516129032258,2100,R3,0.0,0.004
0.6635483870967742,0.7325023969319271,0.9947916666666666,0.07903225806451612,0.5008387877614918,0.5009677419354839,clinc150,0,0.584516129032258,0.13095238095238096,0.764,0.764,0.768,1000,1043,0.1,0.0667741935483871,0.9586947664637154,0.9261095238095238,0.8780370459465962,0.8872143898881867,0.8690476190476191,,3100,0.764,2505,False,selective,0.35,0.584516129032258,2100,R3,0.0,0.004
0.6767741935483871,0.7584830339321357,0.9947643979057592,0.09225806451612903,0.502134133868073,0.5009677419354839,clinc150,0,0.584516129032258,0.11333333333333333,0.76,0.76,0.764,1000,1002,0.15,0.0667741935483871,0.9586947664637154,0.9261095238095238,0.8870890900428776,0.8875119161105816,0.8866666666666667,,3100,0.76,2505,False,selective,0.35,0.584516129032258,2100,R3,0.0,0.004
0.6758064516129032,0.7532338308457711,0.9934383202099738,0.04290322580645161,0.47959457796649274,0.4164516129032258,clinc150,0,0.6329032258064516,0.11571428571428571,0.757,0.757,0.762,1000,1005,0.0,0.04290322580645161,0.9586947664637154,0.9261095238095238,0.8853396901072705,0.8863961813842482,0.8842857142857142,,3100,0.757,2505,False,selective,0.4,0.6329032258064516,2100,R3,0.0,0.005
0.6758064516129032,0.7532338308457711,0.9934383202099738,0.04290322580645161,0.47959457796649274,0.4164516129032258,clinc150,0,0.6329032258064516,0.11571428571428571,0.757,0.757,0.762,1000,1005,0.025,0.04290322580645161,0.9586947664637154,0.9261095238095238,0.8853396901072705,0.8863961813842482,0.8842857142857142,,3100,0.757,2505,False,selective,0.4,0.6329032258064516,2100,R3,0.0,0.005
0.6767741935483871,0.7554890219560878,0.9934383202099738,0.04387096774193548,0.47959457796649274,0.4164516129032258,clinc150,0,0.6329032258064516,0.11428571428571428,0.757,0.757,0.762,1000,1002,0.05,0.04290322580645161,0.9586947664637154,0.9261095238095238,0.886136255359695,0.886558627264061,0.8857142857142857,,3100,0.757,2505,False,selective,0.4,0.6329032258064516,2100,R3,0.0,0.005
0.6783870967741935,0.7592778335005015,0.9934383202099738,0.04548387096774194,0.47959457796649274,0.4164516129032258,clinc150,0,0.6329032258064516,0.11190476190476191,0.757,0.757,0.762,1000,997,0.075,0.04290322580645161,0.9586947664637154,0.9261095238095238,0.8874613371401379,0.8868283404660009,0.888095238095238,,3100,0.757,2505,False,selective,0.4,0.6329032258064516,2100,R3,0.0,0.005
0.6816129032258065,0.7669706180344478,0.9934383202099738,0.048709677419354835,0.47959457796649274,0.4164516129032258,clinc150,0,0.6329032258064516,0.10714285714285714,0.757,0.757,0.762,1000,987,0.1,0.04290322580645161,0.9586947664637154,0.9261095238095238,0.8901020650367908,0.8873639375295788,0.8928571428571429,,3100,0.757,2505,False,selective,0.4,0.6329032258064516,2100,R3,0.0,0.005
0.69,0.7845993756503642,0.9934123847167325,0.05709677419354839,0.48068817300223554,0.4164516129032258,clinc150,0,0.6329032258064516,0.09619047619047619,0.754,0.754,0.759,1000,961,0.15,0.04290322580645161,0.9586947664637154,0.9261095238095238,0.8954942203349846,0.887330528284245,0.9038095238095238,,3100,0.754,2505,True,selective,0.4,0.6329032258064516,2100,R3,0.0,0.005
0.7009677419354838,0.7950377562028047,0.995945945945946,0.026774193548387098,0.4742453430289034,0.3564516129032258,clinc150,0,0.6741935483870968,0.08904761904761904,0.737,0.737,0.74,1000,927,0.0,0.026774193548387098,0.9586947664637154,0.9261095238095238,0.8953896559794057,0.8803497468936954,0.910952380952381,,3100,0.737,2505,False,selective,0.45,0.6741935483870968,2100,R3,0.0,0.003
0.7009677419354838,0.7950377562028047,0.995945945945946,0.026774193548387098,0.4742453430289034,0.3564516129032258,clinc150,0,0.6741935483870968,0.08904761904761904,0.737,0.737,0.74,1000,927,0.025,0.026774193548387098,0.9586947664637154,0.9261095238095238,0.8953896559794057,0.8803497468936954,0.910952380952381,,3100,0.737,2505,False,selective,0.45,0.6741935483870968,2100,R3,0.0,0.003
0.7016129032258065,0.7967567567567567,0.995945945945946,0.027419354838709678,0.4742453430289034,0.3564516129032258,clinc150,0,0.6741935483870968,0.0880952380952381,0.737,0.737,0.74,1000,925,0.05,0.026774193548387098,0.9586947664637154,0.9261095238095238,0.895906432748538,0.8804597701149425,0.9119047619047619,,3100,0.737,2505,False,selective,0.45,0.6741935483870968,2100,R3,0.0,0.003
0.7025806451612904,0.7993492407809111,0.995945945945946,0.02838709677419355,0.4742453430289034,0.3564516129032258,clinc150,0,0.6741935483870968,0.08666666666666667,0.737,0.737,0.74,1000,922,0.075,0.026774193548387098,0.9586947664637154,0.9261095238095238,0.8966806919121084,0.8806244260789715,0.9133333333333333,,3100,0.737,2505,False,selective,0.45,0.6741935483870968,2100,R3,0.0,0.003
0.704516129032258,0.8045851528384279,0.995945945945946,0.03032258064516129,0.4742453430289034,0.3564516129032258,clinc150,0,0.6741935483870968,0.0838095238095238,0.737,0.737,0.74,1000,916,0.1,0.026774193548387098,0.9586947664637154,0.9261095238095238,0.8982259570494865,0.8809523809523809,0.9161904761904762,,3100,0.737,2505,False,selective,0.45,0.6741935483870968,2100,R3,0.0,0.003
0.71,0.8153503893214683,0.9959239130434783,0.035806451612903224,0.47594588228225176,0.3564516129032258,clinc150,0,0.6741935483870968,0.07761904761904762,0.733,0.733,0.736,1000,899,0.15,0.026774193548387098,0.9586947664637154,0.9261095238095238,0.9007207626133457,0.8800545206724216,0.9223809523809524,,3100,0.733,2505,False,selective,0.45,0.6741935483870968,2100,R3,0.0,0.003
0.7322580645161291,0.8409638554216867,0.9985693848354793,0.013225806451612903,0.47399433310157224,0.2958064516129032,clinc150,0,0.7190322580645161,0.062380952380952384,0.698,0.698,0.699,1000,830,0.0,0.013225806451612903,0.9586947664637154,0.9261095238095238,0.9011441647597254,0.8674008810572688,0.9376190476190476,,3100,0.698,2505,False,selective,0.5,0.7190322580645161,2100,R3,0.0,0.001
0.7322580645161291,0.8409638554216867,0.9985693848354793,0.013225806451612903,0.47399433310157224,0.2958064516129032,clinc150,0,0.7190322580645161,0.062380952380952384,0.698,0.698,0.699,1000,830,0.025,0.013225806451612903,0.9586947664637154,0.9261095238095238,0.9011441647597254,0.8674008810572688,0.9376190476190476,,3100,0.698,2505,False,selective,0.5,0.7190322580645161,2100,R3,0.0,0.001
0.7325806451612903,0.841978287092883,0.9985693848354793,0.013548387096774193,0.47399433310157224,0.2958064516129032,clinc150,0,0.7190322580645161,0.06190476190476191,0.698,0.698,0.699,1000,829,0.05,0.013225806451612903,0.9586947664637154,0.9261095238095238,0.9013955616563715,0.8674592690444738,0.9380952380952381,,3100,0.698,2505,False,selective,0.5,0.7190322580645161,2100,R3,0.0,0.001
0.7329032258064516,0.8429951690821256,0.9985693848354793,0.013870967741935483,0.47399433310157224,0.2958064516129032,clinc150,0,0.7190322580645161,0.06142857142857143,0.698,0.698,0.699,1000,828,0.075,0.013225806451612903,0.9586947664637154,0.9261095238095238,0.9016468435498627,0.8675176056338029,0.9385714285714286,,3100,0.698,2505,False,selective,0.5,0.7190322580645161,2100,R3,0.0,0.001
0.734516129032258,0.8469015795868773,0.998567335243553,0.015483870967741935,0.47445583098375427,0.2958064516129032,clinc150,0,0.7190322580645161,0.05952380952380952,0.697,0.697,0.698,1000,823,0.1,0.013225806451612903,0.9586947664637154,0.9261095238095238,0.9024445967557687,0.8673693456302152,0.9404761904761905,,3100,0.697,2505,False,selective,0.5,0.7190322580645161,2100,R3,0.0,0.001
0.737741935483871,0.8548585485854858,0.9985632183908046,0.01870967741935484,0.47538708853540224,0.2958064516129032,clinc150,0,0.7190322580645161,0.055714285714285716,0.695,0.695,0.696,1000,813,0.15,0.013225806451612903,0.9586947664637154,0.9261095238095238,0.9040346478231137,0.8670747704416266,0.9442857142857143,,3100,0.695,2505,False,selective,0.5,0.7190322580645161,2100,R3,0.0,0.001
0.7641935483870967,0.8768809849521204,0.9968895800933126,0.00967741935483871,0.4937636233386887,0.25548387096774194,clinc150,0,0.7545161290322581,0.0419047619047619,0.641,0.641,0.643,1000,731,0.0,0.00967741935483871,0.9586947664637154,0.9261095238095238,0.9004251510405011,0.8493035035880118,0.9580952380952381,,3100,0.641,2505,False,selective,0.55,0.7545161290322581,2100,R3,0.0,0.002
0.7641935483870967,0.8768809849521204,0.9968895800933126,0.00967741935483871,0.4937636233386887,0.25548387096774194,clinc150,0,0.7545161290322581,0.0419047619047619,0.641,0.641,0.643,1000,731,0.025,0.00967741935483871,0.9586947664637154,0.9261095238095238,0.9004251510405011,0.8493035035880118,0.9580952380952381,,3100,0.641,2505,False,selective,0.55,0.7545161290322581,2100,R3,0.0,0.002
0.7641935483870967,0.8768809849521204,0.9968895800933126,0.00967741935483871,0.4937636233386887,0.25548387096774194,clinc150,0,0.7545161290322581,0.0419047619047619,0.641,0.641,0.643,1000,731,0.05,0.00967741935483871,0.9586947664637154,0.9261095238095238,0.9004251510405011,0.8493035035880118,0.9580952380952381,,3100,0.641,2505,False,selective,0.55,0.7545161290322581,2100,R3,0.0,0.002
0.7645161290322581,0.8780821917808219,0.9968895800933126,0.01,0.4937636233386887,0.25548387096774194,clinc150,0,0.7545161290322581,0.041428571428571426,0.641,0.641,0.643,1000,730,0.075,0.00967741935483871,0.9586947664637154,0.9261095238095238,0.9006711409395972,0.8493670886075949,0.9585714285714285,,3100,0.641,2505,False,selective,0.55,0.7545161290322581,2100,R3,0.0,0.002
0.7651612903225806,0.8791208791208791,0.9968847352024922,0.01064516129032258,0.49422512122087064,0.25548387096774194,clinc150,0,0.7545161290322581,0.040952380952380955,0.64,0.64,0.642,1000,728,0.1,0.00967741935483871,0.9586947664637154,0.9261095238095238,0.9007155635062613,0.8490725126475548,0.959047619047619,,3100,0.64,2505,False,selective,0.55,0.7545161290322581,2100,R3,0.0,0.002
0.766774193548387,0.8824343015214384,0.996875,0.012258064516129033,0.4952703228858484,0.25548387096774194,clinc150,0,0.7545161290322581,0.039523809523809524,0.638,0.638,0.64,1000,723,0.15,0.00967741935483871,0.9586947664637154,0.9261095238095238,0.9010498101407192,0.8485485906604964,0.9604761904761905,,3100,0.638,2505,False,selective,0.55,0.7545161290322581,2100,R3,0.0,0.002
0.7935483870967742,0.884375,0.9964788732394366,0.004193548387096774,0.5228048217718377,0.21516129032258063,clinc150,0,0.7893548387096774,0.03428571428571429,0.566,0.566,0.568,1000,640,0.0,0.004193548387096774,0.9586947664637154,0.9261095238095238,0.8894736842105263,0.824390243902439,0.9657142857142857,,3100,0.566,2505,False,selective,0.6,0.7893548387096774,2100,R3,0.0,0.002
0.7935483870967742,0.884375,0.9964788732394366,0.004193548387096774,0.5228048217718377,0.21516129032258063,clinc150,0,0.7893548387096774,0.03428571428571429,0.566,0.566,0.568,1000,640,0.025,0.004193548387096774,0.9586947664637154,0.9261095238095238,0.8894736842105263,0.824390243902439,0.9657142857142857,,3100,0.566,2505,False,selective,0.6,0.7893548387096774,2100,R3,0.0,0.002
0.7935483870967742,0.884375,0.9964788732394366,0.004193548387096774,0.5228048217718377,0.21516129032258063,clinc150,0,0.7893548387096774,0.03428571428571429,0.566,0.566,0.568,1000,640,0.05,0.004193548387096774,0.9586947664637154,0.9261095238095238,0.8894736842105263,0.824390243902439,0.9657142857142857,,3100,0.566,2505,False,selective,0.6,0.7893548387096774,2100,R3,0.0,0.002
0.7941935483870968,0.8871473354231975,0.9964788732394366,0.004838709677419355,0.5228048217718377,0.21516129032258063,clinc150,0,0.7893548387096774,0.03333333333333333,0.566,0.566,0.568,1000,638,0.075,0.004193548387096774,0.9586947664637154,0.9261095238095238,0.8899605436212188,0.8245329000812348,0.9666666666666667,,3100,0.566,2505,False,selective,0.6,0.7893548387096774,2100,R3,0.0,0.002
0.7945161290322581,0.8869701726844584,0.9964726631393298,0.005161290322580645,0.5233554435158244,0.21516129032258063,clinc150,0,0.7893548387096774,0.03333333333333333,0.565,0.565,0.567,1000,637,0.1,0.004193548387096774,0.9586947664637154,0.9261095238095238,0.8897655051501205,0.8241981323589119,0.9666666666666667,,3100,0.565,2505,False,selective,0.6,0.7893548387096774,2100,R3,0.0,0.002
0.7974193548387096,0.8964968152866242,0.9964601769911504,0.008064516129032258,0.5245362085287216,0.21516129032258063,clinc150,0,0.7893548387096774,0.03,0.563,0.563,0.565,1000,628,0.15,0.004193548387096774,0.9586947664637154,0.9261095238095238,0.8910761154855644,0.8240291262135923,0.97,,3100,0.563,2505,False,selective,0.6,0.7893548387096774,2100,R3,0.0,0.002
0.8190322580645162,0.9001782531194296,0.9960552268244576,0.000967741935483871,0.5483967149452502,0.1832258064516129,clinc150,0,0.8180645161290323,0.025714285714285714,0.505,0.505,0.507,1000,561,0.0,0.000967741935483871,0.9586947664637154,0.9261095238095238,0.8820866566070275,0.8058290665616384,0.9742857142857143,,3100,0.505,2505,False,selective,0.65,0.8180645161290323,2100,R3,0.0,0.002
0.8190322580645162,0.9001782531194296,0.9960552268244576,0.000967741935483871,0.5483967149452502,0.1832258064516129,clinc150,0,0.8180645161290323,0.025714285714285714,0.505,0.505,0.507,1000,561,0.025,0.000967741935483871,0.9586947664637154,0.9261095238095238,0.8820866566070275,0.8058290665616384,0.9742857142857143,,3100,0.505,2505,False,selective,0.65,0.8180645161290323,2100,R3,0.0,0.002
0.8193548387096774,0.9017857142857143,0.9960552268244576,0.0012903225806451613,0.5483967149452502,0.1832258064516129,clinc150,0,0.8180645161290323,0.025238095238095237,0.505,0.505,0.507,1000,560,0.05,0.000967741935483871,0.9586947664637154,0.9261095238095238,0.8823275862068966,0.8059055118110237,0.9747619047619047,,3100,0.505,2505,False,selective,0.65,0.8180645161290323,2100,R3,0.0,0.002
0.8193548387096774,0.9017857142857143,0.9960552268244576,0.0012903225806451613,0.5483967149452502,0.1832258064516129,clinc150,0,0.8180645161290323,0.025238095238095237,0.505,0.505,0.507,1000,560,0.075,0.000967741935483871,0.9586947664637154,0.9261095238095238,0.8823275862068966,0.8059055118110237,0.9747619047619047,,3100,0.505,2505,False,selective,0.65,0.8180645161290323,2100,R3,0.0,0.002
0.8196774193548387,0.9016100178890877,0.9960474308300395,0.0016129032258064516,0.5489473366892369,0.1832258064516129,clinc150,0,0.8180645161290323,0.025238095238095237,0.504,0.504,0.506,1000,559,0.1,0.000967741935483871,0.9586947664637154,0.9261095238095238,0.8821374703727645,0.8055883510428965,0.9747619047619047,,3100,0.504,2505,False,selective,0.65,0.8180645161290323,2100,R3,0.0,0.002
0.822258064516129,0.911070780399274,0.996031746031746,0.004193548387096774,0.550301930789087,0.1832258064516129,clinc150,0,0.8180645161290323,0.02238095238095238,0.502,0.502,0.504,1000,551,0.15,0.000967741935483871,0.9586947664637154,0.9261095238095238,0.8832006883200687,0.8054138877991369,0.9776190476190476,,3100,0.502,2505,False,selective,0.65,0.8180645161290323,2100,R3,0.0,0.002
0.8538709677419355,0.9271523178807947,0.995260663507109,0.0006451612903225806,0.5975926660166897,0.1474193548387097,clinc150,0,0.853225806451613,0.014761904761904763,0.42,0.42,0.422,1000,453,0.0,0.0006451612903225806,0.9586947664637154,0.9261095238095238,0.8717084474404887,0.7816395919909331,0.9852380952380952,,3100,0.42,2505,False,selective,0.7,0.853225806451613,2100,R3,0.0,0.002
0.8538709677419355,0.9271523178807947,0.995260663507109,0.0006451612903225806,0.5975926660166897,0.1474193548387097,clinc150,0,0.853225806451613,0.014761904761904763,0.42,0.42,0.422,1000,453,0.025,0.0006451612903225806,0.9586947664637154,0.9261095238095238,0.8717084474404887,0.7816395919909331,0.9852380952380952,,3100,0.42,2505,False,selective,0.7,0.853225806451613,2100,R3,0.0,0.002
0.8538709677419355,0.9271523178807947,0.995260663507109,0.0006451612903225806,0.5975926660166897,0.1474193548387097,clinc150,0,0.853225806451613,0.014761904761904763,0.42,0.42,0.422,1000,453,0.05,0.0006451612903225806,0.9586947664637154,0.9261095238095238,0.8717084474404887,0.7816395919909331,0.9852380952380952,,3100,0.42,2505,False,selective,0.7,0.853225806451613,2100,R3,0.0,0.002
0.8538709677419355,0.9271523178807947,0.995260663507109,0.0006451612903225806,0.5975926660166897,0.1474193548387097,clinc150,0,0.853225806451613,0.014761904761904763,0.42,0.42,0.422,1000,453,0.075,0.0006451612903225806,0.9586947664637154,0.9261095238095238,0.8717084474404887,0.7816395919909331,0.9852380952380952,,3100,0.42,2505,False,selective,0.7,0.853225806451613,2100,R3,0.0,0.002
0.8538709677419355,0.9271523178807947,0.995260663507109,0.0006451612903225806,0.5975926660166897,0.1474193548387097,clinc150,0,0.853225806451613,0.014761904761904763,0.42,0.42,0.422,1000,453,0.1,0.0006451612903225806,0.9586947664637154,0.9261095238095238,0.8717084474404887,0.7816395919909331,0.9852380952380952,,3100,0.42,2505,False,selective,0.7,0.853225806451613,2100,R3,0.0,0.002
0.8551612903225806,0.9309576837416481,0.9952380952380953,0.001935483870967742,0.5989472601165398,0.1474193548387097,clinc150,0,0.853225806451613,0.01380952380952381,0.418,0.418,0.42,1000,449,0.15,0.0006451612903225806,0.9586947664637154,0.9261095238095238,0.8718164596926964,0.7812146359864203,0.9861904761904762,,3100,0.418,2505,False,selective,0.7,0.853225806451613,2100,R3,0.0,0.002
0.8819354838709678,0.9508196721311475,0.9942857142857143,0.0,0.6439975659208124,0.11806451612903225,clinc150,0,0.8819354838709678,0.007619047619047619,0.34800000000000003,0.348,0.35,1000,366,0.0,0.0,0.9586947664637154,0.9261095238095238,0.8622258998758792,0.7622531089978054,0.9923809523809524,,3100,0.348,2505,False,selective,0.75,0.8819354838709678,2100,R3,0.0,0.002
0.8819354838709678,0.9508196721311475,0.9942857142857143,0.0,0.6439975659208124,0.11806451612903225,clinc150,0,0.8819354838709678,0.007619047619047619,0.34800000000000003,0.348,0.35,1000,366,0.025,0.0,0.9586947664637154,0.9261095238095238,0.8622258998758792,0.7622531089978054,0.9923809523809524,,3100,0.348,2505,False,selective,0.75,0.8819354838709678,2100,R3,0.0,0.002
0.8819354838709678,0.9508196721311475,0.9942857142857143,0.0,0.6439975659208124,0.11806451612903225,clinc150,0,0.8819354838709678,0.007619047619047619,0.34800000000000003,0.348,0.35,1000,366,0.05,0.0,0.9586947664637154,0.9261095238095238,0.8622258998758792,0.7622531089978054,0.9923809523809524,,3100,0.348,2505,False,selective,0.75,0.8819354838709678,2100,R3,0.0,0.002
0.8819354838709678,0.9508196721311475,0.9942857142857143,0.0,0.6439975659208124,0.11806451612903225,clinc150,0,0.8819354838709678,0.007619047619047619,0.34800000000000003,0.348,0.35,1000,366,0.075,0.0,0.9586947664637154,0.9261095238095238,0.8622258998758792,0.7622531089978054,0.9923809523809524,,3100,0.348,2505,False,selective,0.75,0.8819354838709678,2100,R3,0.0,0.002
0.8819354838709678,0.9508196721311475,0.9942857142857143,0.0,0.6439975659208124,0.11806451612903225,clinc150,0,0.8819354838709678,0.007619047619047619,0.34800000000000003,0.348,0.35,1000,366,0.1,0.0,0.9586947664637154,0.9261095238095238,0.8622258998758792,0.7622531089978054,0.9923809523809524,,3100,0.348,2505,False,selective,0.75,0.8819354838709678,2100,R3,0.0,0.002
0.882258064516129,0.9506849315068493,0.994269340974212,0.0003225806451612903,0.6447197309631917,0.11806451612903225,clinc150,0,0.8819354838709678,0.007619047619047619,0.34700000000000003,0.347,0.349,1000,365,0.15,0.0,0.9586947664637154,0.9261095238095238,0.862047569803516,0.7619744058500915,0.9923809523809524,,3100,0.347,2505,False,selective,0.75,0.8819354838709678,2100,R3,0.0,0.002
0.9083870967741936,0.9753521126760564,0.9964028776978417,0.0,0.6958112921952979,0.09161290322580645,clinc150,0,0.9083870967741936,0.002857142857142857,0.277,0.277,0.278,1000,284,0.0,0.0,0.9586947664637154,0.9261095238095238,0.8519121236777868,0.7436079545454546,0.9971428571428571,,3100,0.277,2505,False,selective,0.8,0.9083870967741936,2100,R3,0.0,0.001
0.9083870967741936,0.9753521126760564,0.9964028776978417,0.0,0.6958112921952979,0.09161290322580645,clinc150,0,0.9083870967741936,0.002857142857142857,0.277,0.277,0.278,1000,284,0.025,0.0,0.9586947664637154,0.9261095238095238,0.8519121236777868,0.7436079545454546,0.9971428571428571,,3100,0.277,2505,False,selective,0.8,0.9083870967741936,2100,R3,0.0,0.001
0.9083870967741936,0.9753521126760564,0.9964028776978417,0.0,0.6958112921952979,0.09161290322580645,clinc150,0,0.9083870967741936,0.002857142857142857,0.277,0.277,0.278,1000,284,0.05,0.0,0.9586947664637154,0.9261095238095238,0.8519121236777868,0.7436079545454546,0.9971428571428571,,3100,0.277,2505,False,selective,0.8,0.9083870967741936,2100,R3,0.0,0.001
0.9083870967741936,0.9753521126760564,0.9964028776978417,0.0,0.6958112921952979,0.09161290322580645,clinc150,0,0.9083870967741936,0.002857142857142857,0.277,0.277,0.278,1000,284,0.075,0.0,0.9586947664637154,0.9261095238095238,0.8519121236777868,0.7436079545454546,0.9971428571428571,,3100,0.277,2505,False,selective,0.8,0.9083870967741936,2100,R3,0.0,0.001
0.9083870967741936,0.9753521126760564,0.9964028776978417,0.0,0.6958112921952979,0.09161290322580645,clinc150,0,0.9083870967741936,0.002857142857142857,0.277,0.277,0.278,1000,284,0.1,0.0,0.9586947664637154,0.9261095238095238,0.8519121236777868,0.7436079545454546,0.9971428571428571,,3100,0.277,2505,False,selective,0.8,0.9083870967741936,2100,R3,0.0,0.001
0.9083870967741936,0.9753521126760564,0.9964028776978417,0.0,0.6958112921952979,0.09161290322580645,clinc150,0,0.9083870967741936,0.002857142857142857,0.277,0.277,0.278,1000,284,0.15,0.0,0.9586947664637154,0.9261095238095238,0.8519121236777868,0.7436079545454546,0.9971428571428571,,3100,0.277,2505,False,selective,0.8,0.9083870967741936,2100,R3,0.0,0.001
,,,,,,banking77_open,,,,,0.9478859390363815,,,,,,,,,,,0.001,,,2505,,R0,,,,,,
,,,,,,banking77_open,,,,,0.9449360865290068,,,,,,,,,,,0.01,,,2505,,R0,,,,,,
,,,,,,banking77_open,,,,,0.9429695181907571,,,,,,,,,,,0.1,,,2505,,R0,,,,,,
,,,,,,banking77_open,,,,,0.9242871189773845,,,,,,,0.8478879316621335,,,,0.0001,,,2505,,R2,,,,,,
,,,,,,banking77_open,,,,,0.9242871189773845,,,,,,,0.8477507470430583,,,,0.001,,,2505,,R2,,,,,,
,,,,,,banking77_open,,,,,0.9242871189773845,,,,,,,0.8477526630293583,,,,0.01,,,2505,,R2,,,,,,
,,,,,,banking77_open,,,,,0.9213372664700098,,,,,,,0.8481994710345023,,,,0.1,,,2505,,R2,,,,,,
0.2291375941948088,0.3280231716147719,0.9282786885245902,0.0,0.48258156101501304,0.7708624058051912,banking77_open,0,0.2291375941948088,0.696024941543258,0.8922863837325139,0.8908554572271387,0.95968534906588,1017,2762,0.0,0.0,0.9190776303082594,0.8478879316621335,0.46058458813108943,0.9500609013398295,0.303975058456742,,3583,0.8908554572271387,2505,False,selective,0.2,0.2291375941948088,2566,MAX_THRESHOLD,0.6666666666666666,0.0688298918387414
0.30505163271001956,0.3582329317269076,0.9281997918834547,0.0,0.4837817625190714,0.6949483672899804,banking77_open,0,0.30505163271001956,0.5958690568978956,0.8797171575246238,0.8770894788593904,0.9449360865290068,1017,2490,0.0,0.0,0.9190776303082594,0.8478879316621335,0.566821535938781,0.9487648673376029,0.40413094310210446,,3583,0.8770894788593904,2505,False,selective,0.25,0.30505163271001956,2566,MAX_THRESHOLD,0.6666666666666666,0.06784660766961652
0.3781747139268769,0.39138240574506283,0.9306296691568837,0.0,0.4860979915113158,0.621825286073123,banking77_open,0,0.3781747139268769,0.5031176929072486,0.8621673802981464,0.8574237954768928,0.9213372664700098,1017,2228,0.0,0.0,0.9190776303082594,0.8478879316621335,0.650344299923489,0.940959409594096,0.4968823070927514,,3583,0.8574237954768928,2505,False,selective,0.3,0.3781747139268769,2566,MAX_THRESHOLD,0.6111111111111112,0.063913470993117
0.46078704995813563,0.4353002070393375,0.9354838709677419,0.0,0.4909383424097783,0.5392129500418643,banking77_open,0,0.46078704995813563,0.40257209664848015,0.8348783175792195,0.8269419862340216,0.8839724680432645,1017,1932,0.0,0.0,0.9190776303082594,0.8478879316621335,0.7270571496324401,0.9285281647486372,0.5974279033515199,,3583,0.8269419862340216,2505,False,selective,0.35,0.46078704995813563,2566,MAX_THRESHOLD,0.5555555555555556,0.05703048180924287
0.5467485347474184,0.4907635467980296,0.9443127962085308,0.0,0.49963072560513144,0.45325146525258164,banking77_open,0,0.5467485347474184,0.303975058456742,0.7913151215877839,0.783677482792527,0.8298918387413963,1017,1624,0.0,0.0,0.9190776303082594,0.8478879316621335,0.7893922651933701,0.9116896375701888,0.696024941543258,,3583,0.783677482792527,2505,True,selective,0.4,0.5467485347474184,2566,MAX_THRESHOLD,0.3888888888888889,0.046214355948869225
0.6262908177504884,0.5466766243465273,0.9469598965071151,0.0,0.5158243783272011,0.3737091822495116,banking77_open,0,0.6262908177504884,0.220576773187841,0.7323865708278534,0.7197640117994101,0.76007866273353,1017,1339,0.0,0.0,0.9190776303082594,0.8478879316621335,0.8316008316008315,0.8912655971479501,0.779423226812159,,3583,0.7197640117994101,2505,False,selective,0.45,0.6262908177504884,2566,MAX_THRESHOLD,0.3888888888888889,0.04031465093411996
0.6924365057214624,0.6079854809437386,0.9640287769784173,0.0,0.5346215845557271,0.3075634942785375,banking77_open,0,0.6924365057214624,0.15861262665627435,0.6699232541977882,0.6588003933136677,0.6833824975417896,1017,1102,0.0,0.0,0.9190776303082594,0.8478879316621335,0.855557757083416,0.8702136235388956,0.8413873733437256,,3583,0.6588003933136677,2505,False,selective,0.5,0.6924365057214624,2566,MAX_THRESHOLD,0.3333333333333333,0.024582104228121928
0.7451855986603405,0.6538882803943045,0.9723127035830619,0.0,0.5606674937849545,0.2548144013396595,banking77_open,0,0.7451855986603405,0.11652377240841777,0.5970258839290199,0.5870206489675516,0.6037364798426745,1017,913,0.0,0.0,0.9190776303082594,0.8478879316621335,0.8659281894576012,0.849063670411985,0.8834762275915822,,3583,0.5870206489675516,2505,False,selective,0.55,0.7451855986603405,2566,MAX_THRESHOLD,0.23076923076923078,0.01671583087512291
0.7920736812726765,0.7114093959731543,0.977859778597786,0.0,0.5881941560470705,0.20792631872732348,banking77_open,0,0.7920736812726765,0.07911145752143414,0.5293771901498422,0.5211406096361848,0.5329400196656834,1017,745,0.0,0.0,0.9190776303082594,0.8478879316621335,0.8745373797187268,0.8326286116983791,0.9208885424785659,,3583,0.5211406096361848,2505,False,selective,0.6,0.7920736812726765,2566,MAX_THRESHOLD,0.19230769230769232,0.011799410029498525
0.8403572425341892,0.7867132867132867,0.989010989010989,0.0,0.6265157280828233,0.15964275746581078,banking77_open,0,0.8403572425341892,0.045596258768511304,0.4510803517665098,0.4424778761061947,0.4473942969518191,1017,572,0.0,0.0,0.9190776303082594,0.8478879316621335,0.8782499551730322,0.8133510461640651,0.9544037412314887,,3583,0.4424778761061947,2505,False,selective,0.65,0.8403572425341892,2566,MAX_THRESHOLD,0.1111111111111111,0.004916420845624385
0.8811052190901479,0.8568075117370892,0.9918478260869565,0.0,0.6732668570878635,0.11889478090985207,banking77_open,0,0.8811052190901479,0.02260327357755261,0.3602080350696179,0.35889872173058013,0.36184857423795475,1017,426,0.0,0.0,0.9190776303082594,0.8478879316621335,0.8764633933251791,0.794425087108014,0.9773967264224473,,3583,0.35889872173058013,2505,False,selective,0.7,0.8811052190901479,2566,MAX_THRESHOLD,0.038461538461538464,0.0029498525073746312
0.9137594194808819,0.8996763754045307,0.9928571428571429,0.0,0.7288215796958897,0.08624058051911805,banking77_open,0,0.9137594194808819,0.011301636788776305,0.27235355156455243,0.27335299901671584,0.2753195673549656,1017,309,0.0,0.0,0.9190776303082594,0.8478879316621335,0.8688356164383563,0.7748930971288943,0.9886983632112237,,3583,0.27335299901671584,2505,False,selective,0.75,0.9137594194808819,2566,MAX_THRESHOLD,0.038461538461538464,0.0019665683382497543
0.9352497906782026,0.9267241379310345,0.9907834101382489,0.0,0.774438008249515,0.06475020932179738,banking77_open,0,0.9352497906782026,0.005845674201091193,0.2113779473233415,0.21140609636184857,0.21337266470009833,1017,232,0.0,0.0,0.9190776303082594,0.8478879316621335,0.8622612810545885,0.7612652939421068,0.9941543257989088,,3583,0.21140609636184857,2505,False,selective,0.8,0.9352497906782026,2566,MAX_THRESHOLD,0.038461538461538464,0.0019665683382497543
0.7222997488138432,0.37386934673366834,0.9841269841269841,0.49316215461903434,0.8252144873487806,1.8891989952553725,banking77_open,0,0.2291375941948088,0.24045206547155104,0.36540061435347493,0.36578171091445427,0.37168141592920356,1017,995,0.0,0.49316215461903434,0.9190776303082594,0.8478879316621335,0.7563057819169577,0.7530911901081917,0.7595479345284489,,3583,0.36578171091445427,2505,False,selective,0.2,0.2291375941948088,2566,R3,0.0,0.0058997050147492625
0.7278816634105498,0.38051282051282054,0.9840848806366048,0.498744069215741,0.8252899524256211,1.8891989952553725,banking77_open,0,0.2291375941948088,0.23304754481683554,0.3644144210595893,0.3647984267453294,0.37069813176007865,1017,975,0.025,0.49316215461903434,0.9190776303082594,0.8478879316621335,0.7607267104754541,0.754601226993865,0.7669524551831645,,3583,0.3647984267453294,2505,False,selective,0.2,0.2291375941948088,2566,R3,0.0,0.0058997050147492625
0.7370918224951158,0.39384288747346075,0.9840848806366048,0.507954228300307,0.8252899524256211,1.8891989952553725,banking77_open,0,0.2291375941948088,0.2201870615744349,0.3644144210595893,0.3647984267453294,0.37069813176007865,1017,942,0.05,0.49316215461903434,0.9190776303082594,0.8478879316621335,0.7685807566737085,0.75766755017039,0.7798129384255651,,3583,0.3647984267453294,2505,False,selective,0.2,0.2291375941948088,2566,R3,0.0,0.0058997050147492625
0.7507675132570472,0.41209406494960804,0.983957219251337,0.5216299190622383,0.8255871238619793,1.8891989952553725,banking77_open,0,0.2291375941948088,0.20226032735775526,0.3617094337392174,0.36184857423795475,0.36774827925270404,1017,893,0.075,0.49316215461903434,0.9190776303082594,0.8478879316621335,0.7789193302891934,0.7609665427509293,0.7977396726422448,,3583,0.36184857423795475,2505,False,selective,0.2,0.2291375941948088,2566,R3,0.0,0.0058997050147492625
0.7638850125593079,0.42907801418439717,0.983739837398374,0.534747418364499,0.8260960295940742,1.8891989952553725,banking77_open,0,0.2291375941948088,0.18589243959469992,0.3575850241492208,0.35693215339233036,0.36283185840707965,1017,846,0.1,0.49316215461903434,0.9190776303082594,0.8478879316621335,0.7878559306053178,0.7632444282060651,0.8141075604053001,,3583,0.35693215339233036,2505,False,selective,0.2,0.2291375941948088,2566,R3,0.0,0.0058997050147492625
0.7929109684621826,0.4797843665768194,0.9861495844875346,0.5637733742673737,0.8268691733224537,1.8891989952553725,banking77_open,0,0.2291375941948088,0.1484801247077163,0.35071989888944666,0.3500491642084562,0.35496558505408066,1017,742,0.15,0.49316215461903434,0.9190776303082594,0.8478879316621335,0.8082115775846125,0.7690953889475537,0.8515198752922837,,3583,0.3500491642084562,2505,False,selective,0.2,0.2291375941948088,2566,R3,0.0,0.004916420845624385
0.6754116662015072,0.4006878761822872,0.9708333333333333,0.3703600334914876,0.7646891947429161,1.4130616801562936,banking77_open,0,0.30505163271001956,0.2661730319563523,0.463610127020273,0.4582104228121927,0.471976401179941,1017,1163,0.0,0.3703600334914876,0.9190776303082594,0.8478879316621335,0.7553148816686723,0.778099173553719,0.7338269680436477,,3583,0.4582104228121927,2505,False,selective,0.25,0.30505163271001956,2566,R3,0.0,0.01376597836774828
0.6790399106893664,0.4052173913043478,0.9708333333333333,0.3739882779793469,0.7646891947429161,1.4130616801562936,banking77_open,0,0.30505163271001956,0.26110678098207324,0.463610127020273,0.4582104228121927,0.471976401179941,1017,1150,0.025,0.3703600334914876,0.9190776303082594,0.8478879316621335,0.7585517103420685,0.7792848335388409,0.7388932190179267,,3583,0.4582104228121927,2505,False,selective,0.25,0.30505163271001956,2566,R3,0.0,0.01376597836774828
0.6882500697739324,0.41539838854073413,0.9707112970711297,0.38319843706391293,0.7649091332558283,1.4130616801562936,banking77_open,0,0.30505163271001956,0.24902572096648481,0.46193093303338667,0.45624385447394294,0.47000983284169123,1017,1117,0.05,0.3703600334914876,0.9190776303082594,0.8478879316621335,0.7658982511923688,0.7814274128142741,0.7509742790335152,,3583,0.45624385447394294,2505,False,selective,0.25,0.30505163271001956,2566,R3,0.0,0.01376597836774828
0.7019257605358638,0.43258426966292135,0.9746835443037974,0.39687412782584425,0.7651134694574853,1.4130616801562936,banking77_open,0,0.30505163271001956,0.23148869836321123,0.45995854644561546,0.45427728613569324,0.46607669616519176,1017,1068,0.075,0.3703600334914876,0.9190776303082594,0.8478879316621335,0.7762251525290298,0.7840954274353876,0.7685113016367888,,3583,0.45427728613569324,2505,False,selective,0.25,0.30505163271001956,2566,R3,0.0,0.011799410029498525
0.7175551214066425,0.4515810276679842,0.9744136460554371,0.41250348869662296,0.7657714263613588,1.4130616801562936,banking77_open,0,0.30505163271001956,0.21161340607950116,0.455084399263776,0.44936086529006886,0.4611602753195674,1017,1012,0.1,0.3703600334914876,0.9190776303082594,0.8478879316621335,0.7876192330153786,0.7868533644496305,0.7883865939204988,,3583,0.44936086529006886,2505,False,selective,0.25,0.30505163271001956,2566,R3,0.0,0.011799410029498525
0.7521629919062238,0.5045045045045045,0.9846153846153847,0.4471113591962043,0.7670807015735462,1.4130616801562936,banking77_open,0,0.30505163271001956,0.16874512860483243,0.4460600211424079,0.44051130776794495,0.4473942969518191,1017,888,0.15,0.3703600334914876,0.9190776303082594,0.8478879316621335,0.8108724577076601,0.7914656771799629,0.8312548713951676,,3583,0.44051130776794495,2505,False,selective,0.25,0.30505163271001956,2566,R3,0.0,0.00688298918387414
0.6505721462461624,0.43370607028753994,0.9713774597495528,0.27239743231928554,0.7093670949694587,1.0697739324588333,banking77_open,0,0.3781747139268769,0.2700701480904131,0.5390910167904259,0.5339233038348082,0.5496558505408063,1017,1252,0.0,0.27239743231928554,0.9190776303082594,0.8478879316621335,0.7649581376352871,0.8035178035178036,0.7299298519095869,,3583,0.5339233038348082,2505,False,selective,0.3,0.3781747139268769,2566,R3,0.0,0.015732546705998034
0.6539212950041864,0.43790322580645163,0.9713774597495528,0.27574658107730954,0.7093670949694587,1.0697739324588333,banking77_open,0,0.3781747139268769,0.26539360872954015,0.5390910167904259,0.5339233038348082,0.5496558505408063,1017,1240,0.025,0.27239743231928554,0.9190776303082594,0.8478879316621335,0.7679771847626808,0.8045241143832693,0.7346063912704599,,3583,0.5339233038348082,2505,False,selective,0.3,0.3781747139268769,2566,R3,0.0,0.015732546705998034
0.6639687412782584,0.45016611295681064,0.9713261648745519,0.28579402735138154,0.7095128758518636,1.0697739324588333,banking77_open,0,0.3781747139268769,0.25175370226032734,0.5383368689774546,0.5329400196656834,0.5486725663716814,1017,1204,0.05,0.27239743231928554,0.9190776303082594,0.8478879316621335,0.776541961577351,0.807061790668348,0.7482462977396727,,3583,0.5329400196656834,2505,False,selective,0.3,0.3781747139268769,2566,R3,0.0,0.015732546705998034
0.6731789003628245,0.46114432109308284,0.972972972972973,0.29500418643594756,0.7098591012056779,1.0697739324588333,banking77_open,0,0.3781747139268769,0.24006235385814498,0.5356630721860107,0.5309734513274337,0.5457227138643068,1017,1171,0.075,0.27239743231928554,0.9190776303082594,0.8478879316621335,0.7834471675371635,0.8084577114427861,0.759937646141855,,3583,0.5309734513274337,2505,False,selective,0.3,0.3781747139268769,2566,R3,0.0,0.014749262536873156
0.6882500697739324,0.4789615040286482,0.9744990892531876,0.31007535584705553,0.7107318406113141,1.0697739324588333,banking77_open,0,0.3781747139268769,0.22135619641465315,0.5302937975859668,0.5260570304818093,0.5398230088495575,1017,1117,0.1,0.27239743231928554,0.9190776303082594,0.8478879316621335,0.7941176470588235,0.8102189781021898,0.7786438035853468,,3583,0.5260570304818093,2505,False,selective,0.3,0.3781747139268769,2566,R3,0.0,0.01376597836774828
0.7250907061121965,0.531979695431472,0.9849624060150376,0.34691599218531954,0.7129249908089564,1.0697739324588333,banking77_open,0,0.3781747139268769,0.17653936087295402,0.5204960839939061,0.5152409046214356,0.5231071779744346,1017,985,0.15,0.27239743231928554,0.9190776303082594,0.8478879316621335,0.8183578621223858,0.8133179368745188,0.823460639127046,,3583,0.5152409046214356,2505,False,selective,0.3,0.3781747139268769,2566,R3,0.0,0.007866273352999017
0.6452693273792911,0.4854445318646735,0.9670846394984326,0.18448227742115544,0.6449789605769046,0.8096567122523025,banking77_open,0,0.46078704995813563,0.24668745128604833,0.6178986774243798,0.6066863323500492,0.6273352999016716,1017,1271,0.0,0.18448227742115544,0.9190776303082594,0.8478879316621335,0.7925379253792538,0.8360726643598616,0.7533125487139517,,3583,0.6066863323500492,2505,False,selective,0.35,0.46078704995813563,2566,R3,0.125,0.02064896755162242
0.6480602846776444,0.48929421094369546,0.9670846394984326,0.1872732347195088,0.6449789605769046,0.8096567122523025,banking77_open,0,0.46078704995813563,0.24279033515198753,0.6178986774243798,0.6066863323500492,0.6273352999016716,1017,1261,0.025,0.18448227742115544,0.9190776303082594,0.8478879316621335,0.7950081833060557,0.8367786391042205,0.7572096648480124,,3583,0.6066863323500492,2505,False,selective,0.35,0.46078704995813563,2566,R3,0.125,0.02064896755162242
0.6542003907340218,0.4963680387409201,0.9700315457413249,0.19341334077588612,0.6453707477974874,0.8096567122523025,banking77_open,0,0.46078704995813563,0.2357755261106781,0.6155584250841274,0.6047197640117994,0.6234021632251721,1017,1239,0.05,0.18448227742115544,0.9190776303082594,0.8478879316621335,0.7987780040733198,0.83660409556314,0.7642244738893219,,3583,0.6047197640117994,2505,False,selective,0.35,0.46078704995813563,2566,R3,0.125,0.018682399213372666
0.6642478370080938,0.5070656691604323,0.9728867623604466,0.20346078704995813,0.6463875642401702,0.8096567122523025,banking77_open,0,0.46078704995813563,0.2244738893219018,0.6100759111174505,0.599803343166175,0.616519174041298,1017,1203,0.075,0.18448227742115544,0.9190776303082594,0.8478879316621335,0.8046906591184796,0.8361344537815126,0.7755261106780982,,3583,0.599803343166175,2505,False,selective,0.35,0.46078704995813563,2566,R3,0.08333333333333333,0.01671583087512291
0.6768071448506838,0.5207253886010362,0.9757281553398058,0.21602009489254814,0.6479365453247324,0.8096567122523025,banking77_open,0,0.46078704995813563,0.21044427123928294,0.6020083761268386,0.5929203539823009,0.6076696165191741,1017,1158,0.1,0.18448227742115544,0.9190776303082594,0.8478879316621335,0.8118613504307755,0.8354639175257732,0.7895557287607171,,3583,0.5929203539823009,2505,False,selective,0.35,0.46078704995813563,2566,R3,0.08333333333333333,0.014749262536873156
0.7108568238905945,0.5694980694980695,0.9816971713810316,0.2500697739324588,0.6511219062222271,0.8096567122523025,banking77_open,0,0.46078704995813563,0.16952455183164458,0.5893415055479738,0.5801376597836775,0.5909537856440511,1017,1036,0.15,0.18448227742115544,0.9190776303082594,0.8478879316621335,0.8335615098767846,0.8366705928543384,0.8304754481683554,,3583,0.5801376597836775,2505,False,selective,0.35,0.46078704995813563,2566,R3,0.08333333333333333,0.010816125860373648
0.6645269327379291,0.5424292845257903,0.9702380952380952,0.11777839799051075,0.6034163686700313,0.6070332123918504,banking77_open,0,0.5467485347474184,0.20654715510522215,0.6524157432487918,0.6411012782694199,0.6607669616519174,1017,1202,0.0,0.11777839799051075,0.9190776303082594,0.8478879316621335,0.8231251263391953,0.8551028979420412,0.7934528448947779,,3583,0.6411012782694199,2505,False,selective,0.4,0.5467485347474184,2566,R3,0.125,0.01966568338249754
0.6673178900362824,0.5453020134228188,0.9701492537313433,0.12056935528886407,0.603874207933132,0.6070332123918504,banking77_open,0,0.5467485347474184,0.2034294621979735,0.6507597603428089,0.63913470993117,0.6588003933136677,1017,1192,0.025,0.11777839799051075,0.9190776303082594,0.8478879316621335,0.8246923542465201,0.8548724383103304,0.7965705378020265,,3583,0.63913470993117,2505,False,selective,0.4,0.5467485347474184,2566,R3,0.125,0.01966568338249754
0.6726207089031537,0.5541346973572038,0.9715994020926756,0.12587217415573543,0.603874207933132,0.6070332123918504,banking77_open,0,0.5467485347474184,0.19641465315666407,0.6507597603428089,0.63913470993117,0.6578171091445427,1017,1173,0.05,0.11777839799051075,0.9190776303082594,0.8478879316621335,0.8287781350482315,0.8556016597510373,0.8035853468433359,,3583,0.63913470993117,2505,False,selective,0.4,0.5467485347474184,2566,R3,0.125,0.018682399213372666
0.6821099637175552,0.5671641791044776,0.9743589743589743,0.13536142897013675,0.6049215846395803,0.6070332123918504,banking77_open,0,0.5467485347474184,0.18550272798129383,0.6468149871672665,0.6352015732546706,0.6519174041297935,1017,1139,0.075,0.11777839799051075,0.9190776303082594,0.8478879316621335,0.8343313373253493,0.8551554828150573,0.8144972720187061,,3583,0.6352015732546706,2505,False,selective,0.4,0.5467485347474184,2566,R3,0.125,0.01671583087512291
0.6943901758303098,0.5844748858447488,0.9770992366412213,0.14764164108289143,0.6064121346201279,0.6070332123918504,banking77_open,0,0.5467485347474184,0.17147310989867498,0.6406148755015678,0.6293018682399213,0.6440511307767945,1017,1095,0.1,0.11777839799051075,0.9190776303082594,0.8478879316621335,0.8413138108428967,0.8545016077170418,0.828526890101325,,3583,0.6293018682399213,2505,False,selective,0.4,0.5467485347474184,2566,R3,0.125,0.014749262536873156
0.7203460787049958,0.6177644710578842,0.9825396825396825,0.17359754395757745,0.6127885858784354,0.6070332123918504,banking77_open,0,0.5467485347474184,0.1449727201870616,0.620966433547319,0.6086529006882989,0.6194690265486725,1017,1002,0.15,0.11777839799051075,0.9190776303082594,0.8478879316621335,0.8525354575480864,0.8500581170089113,0.8550272798129385,,3583,0.6086529006882989,2505,False,selective,0.4,0.5467485347474184,2566,R3,0.125,0.010816125860373648
0.6924365057214624,0.588929219600726,0.9701046337817638,0.06614568797097405,0.5793019290138736,0.4521350823332403,banking77_open,0,0.6262908177504884,0.16874512860483243,0.6513922580056511,0.6381514257620452,0.6578171091445427,1017,1102,0.0,0.06614568797097405,0.9190776303082594,0.8478879316621335,0.8452546066970479,0.8597339782345829,0.8312548713951676,,3583,0.6381514257620452,2505,False,selective,0.45,0.6262908177504884,2566,R3,0.2857142857142857,0.01966568338249754
0.6938319843706391,0.5916134913400183,0.9701046337817638,0.06754116662015071,0.5793019290138736,0.4521350823332403,banking77_open,0,0.6262908177504884,0.16679657053780203,0.6513922580056511,0.6381514257620452,0.6578171091445427,1017,1097,0.025,0.06614568797097405,0.9190776303082594,0.8478879316621335,0.8463974663499604,0.8600160901045857,0.8332034294621979,,3583,0.6381514257620452,2505,False,selective,0.45,0.6262908177504884,2566,R3,0.2857142857142857,0.01966568338249754
0.6977393245883338,0.5974145891043398,0.9700149925037481,0.07144850683784539,0.5798883472116223,0.4521350823332403,banking77_open,0,0.6262908177504884,0.16212003117692908,0.6494691810825742,0.6361848574237955,0.655850540806293,1017,1083,0.05,0.06614568797097405,0.9190776303082594,0.8478879316621335,0.8487958941966047,0.86,0.8378799688230709,,3583,0.6361848574237955,2505,False,selective,0.45,0.6262908177504884,2566,R3,0.2857142857142857,0.01966568338249754
0.7075076751325705,0.6097328244274809,0.9740853658536586,0.08121685738208205,0.5823651171450757,0.4521350823332403,banking77_open,0,0.6262908177504884,0.15276695245518315,0.6419361080687319,0.6283185840707964,0.6450344149459194,1017,1048,0.075,0.06614568797097405,0.9190776303082594,0.8478879316621335,0.8523818859047246,0.8575936883629192,0.8472330475448169,,3583,0.6283185840707964,2505,False,selective,0.45,0.6262908177504884,2566,R3,0.2857142857142857,0.01671583087512291
0.7142059726486185,0.6220703125,0.9754977029096478,0.08791515489813005,0.5829605055215429,0.4521350823332403,banking77_open,0,0.6262908177504884,0.1445830085736555,0.6399665800122474,0.6263520157325467,0.6420845624385447,1017,1024,0.1,0.06614568797097405,0.9190776303082594,0.8478879316621335,0.8565853658536585,0.8577569363032435,0.8554169914263445,,3583,0.6263520157325467,2505,False,selective,0.45,0.6262908177504884,2566,R3,0.2857142857142857,0.015732546705998034
0.7329053865475859,0.64576802507837,0.9809523809523809,0.10661456879709741,0.5893499088521419,0.4521350823332403,banking77_open,0,0.6262908177504884,0.127435697583788,0.6220435819442743,0.6076696165191741,0.6194690265486725,1017,957,0.15,0.06614568797097405,0.9190776303082594,0.8478879316621335,0.8624807395993837,0.8526275704493527,0.872564302416212,,3583,0.6076696165191741,2505,False,selective,0.45,0.6262908177504884,2566,R3,0.2857142857142857,0.011799410029498525
0.7256488975718671,0.6337741607324516,0.974960876369327,0.03321239185040469,0.5700596919386022,0.34579960926597825,banking77_open,0,0.6924365057214624,0.13406079501169135,0.6234780343248845,0.6125860373647984,0.6283185840707964,1017,983,0.0,0.03321239185040469,0.9190776303082594,0.8478879316621335,0.8602400309717383,0.8546153846153847,0.8659392049883087,,3583,0.6125860373647984,2505,False,selective,0.5,0.6924365057214624,2566,R3,0.2777777777777778,0.015732546705998034
0.7270443762210438,0.6370143149284253,0.978021978021978,0.034607870499581354,0.5700596919386022,0.34579960926597825,banking77_open,0,0.6924365057214624,0.1328916601714731,0.6234780343248845,0.6125860373647984,0.6263520157325467,1017,978,0.025,0.03321239185040469,0.9190776303082594,0.8478879316621335,0.860568555405144,0.8541266794625719,0.8671083398285269,,3583,0.6125860373647984,2505,False,selective,0.5,0.6924365057214624,2566,R3,0.2777777777777778,0.01376597836774828
0.7295562377895618,0.6418988648090815,0.9795275590551181,0.037119732068099355,0.5703894391934773,0.34579960926597825,banking77_open,0,0.6924365057214624,0.13016367887763056,0.6224918410309989,0.6116027531956736,0.6243854473942969,1017,969,0.05,0.03321239185040469,0.9190776303082594,0.8478879316621335,0.8617760617760618,0.8538638102524866,0.8698363211223694,,3583,0.6116027531956736,2505,False,selective,0.5,0.6924365057214624,2566,R3,0.2777777777777778,0.012782694198623401
0.7337426737370918,0.6477987421383647,0.9809523809523809,0.04130616801562936,0.5717960851805811,0.34579960926597825,banking77_open,0,0.6924365057214624,0.12626656274356976,0.6186175102335912,0.6076696165191741,0.6194690265486725,1017,954,0.075,0.03321239185040469,0.9190776303082594,0.8478879316621335,0.8631376323387873,0.8527957398250285,0.8737334372564303,,3583,0.6076696165191741,2505,False,selective,0.5,0.6924365057214624,2566,R3,0.2692307692307692,0.011799410029498525
0.7387663968741278,0.657051282051282,0.9824281150159745,0.046329891152665365,0.5729935605496523,0.34579960926597825,banking77_open,0,0.6924365057214624,0.12081060015588464,0.615679476045557,0.6047197640117994,0.615535889872173,1017,936,0.1,0.03321239185040469,0.9190776303082594,0.8478879316621335,0.8655284864761175,0.8522856063468077,0.8791893998441154,,3583,0.6047197640117994,2505,False,selective,0.5,0.6924365057214624,2566,R3,0.2692307692307692,0.010816125860373648
0.7530002790957299,0.6768361581920904,0.9868204283360791,0.060563773374267375,0.5790563747977147,0.34579960926597825,banking77_open,0,0.6924365057214624,0.1083398285268901,0.6008462559890781,0.5889872173058014,0.5968534906588004,1017,885,0.15,0.03321239185040469,0.9190776303082594,0.8478879316621335,0.8693009118541034,0.8480355819125278,0.8916601714731099,,3583,0.5889872173058014,2505,False,selective,0.5,0.6924365057214624,2566,R3,0.19230769230769232,0.007866273352999017
0.7641641082891432,0.6733727810650888,0.9793459552495697,0.018978509628802678,0.5814618712325338,0.2754674853474742,banking77_open,0,0.7451855986603405,0.10288386593920498,0.5711583173337007,0.5594886922320551,0.5712881022615536,1017,845,0.0,0.018978509628802678,0.9190776303082594,0.8478879316621335,0.868024132730015,0.8407596785975164,0.897116134060795,,3583,0.5594886922320551,2505,False,selective,0.55,0.7451855986603405,2566,R3,0.19230769230769232,0.011799410029498525
0.7652804912084845,0.6753864447086801,0.9810017271157168,0.020094892548144012,0.5818639435507392,0.2754674853474742,banking77_open,0,0.7451855986603405,0.10210444271239283,0.570043490131917,0.5585054080629301,0.5693215339233039,1017,841,0.025,0.018978509628802678,0.9190776303082594,0.8478879316621335,0.8681235870384326,0.8402625820568927,0.8978955572876072,,3583,0.5585054080629301,2505,False,selective,0.55,0.7451855986603405,2566,R3,0.19230769230769232,0.010816125860373648
0.7666759698576612,0.6782296650717703,0.9809688581314879,0.021490371197320682,0.582274701774141,0.2754674853474742,banking77_open,0,0.7451855986603405,0.10054559625876851,0.5689286629301332,0.5575221238938053,0.5683382497541789,1017,836,0.05,0.018978509628802678,0.9190776303082594,0.8478879316621335,0.8688123470732166,0.8401892974153622,0.8994544037412315,,3583,0.5575221238938053,2505,False,selective,0.55,0.7451855986603405,2566,R3,0.19230769230769232,0.010816125860373648
0.7689087356963439,0.6823671497584541,0.9826086956521739,0.023723137036003348,0.583075508742485,0.2754674853474742,banking77_open,0,0.7451855986603405,0.09859703819173811,0.5667919107933811,0.5555555555555556,0.5653883972468043,1017,828,0.075,0.018978509628802678,0.9190776303082594,0.8478879316621335,0.8693854538620559,0.8395644283121597,0.9014029618082618,,3583,0.5555555555555556,2505,False,selective,0.55,0.7451855986603405,2566,R3,0.19230769230769232,0.00983284169124877
0.7728160759140386,0.6891891891891891,0.9876760563380281,0.027630477253698018,0.5848295801076735,0.2754674853474742,banking77_open,0,0.7451855986603405,0.09586905689789556,0.5617223616061848,0.551622418879056,0.5585054080629301,1017,814,0.1,0.018978509628802678,0.9190776303082594,0.8478879316621335,0.8697282099343955,0.8378475984109787,0.9041309431021044,,3583,0.551622418879056,2505,False,selective,0.55,0.7451855986603405,2566,R3,0.19230769230769232,0.00688298918387414
0.7814680435389338,0.7075351213282248,0.9910554561717353,0.036282444878593355,0.5880603066681556,0.2754674853474742,banking77_open,0,0.7451855986603405,0.08729540140296181,0.5536506261654416,0.5447394296951819,0.5496558505408063,1017,783,0.15,0.018978509628802678,0.9190776303082594,0.8478879316621335,0.8729034662691018,0.8364285714285714,0.9127045985970382,,3583,0.5447394296951819,2505,False,selective,0.55,0.7451855986603405,2566,R3,0.19230769230769232,0.004916420845624385
0.7987719787887245,0.7184466019417476,0.9810606060606061,0.0066982975160480044,0.5979823617358292,0.21546190343287747,banking77_open,0,0.7920736812726765,0.07521434138737335,0.5179851793027032,0.5093411996066863,0.5191740412979351,1017,721,0.0,0.0066982975160480044,0.9190776303082594,0.8478879316621335,0.8743551952837142,0.8291404612159329,0.9247856586126266,,3583,0.5093411996066863,2505,False,selective,0.6,0.7920736812726765,2566,R3,0.19230769230769232,0.00983284169124877
0.7987719787887245,0.7184466019417476,0.9810606060606061,0.0066982975160480044,0.5979823617358292,0.21546190343287747,banking77_open,0,0.7920736812726765,0.07521434138737335,0.5179851793027032,0.5093411996066863,0.5191740412979351,1017,721,0.025,0.0066982975160480044,0.9190776303082594,0.8478879316621335,0.8743551952837142,0.8291404612159329,0.9247856586126266,,3583,0.5093411996066863,2505,False,selective,0.6,0.7920736812726765,2566,R3,0.19230769230769232,0.00983284169124877
0.8010047446274072,0.726507713884993,0.9810606060606061,0.008931063354730673,0.5979823617358292,0.21546190343287747,banking77_open,0,0.7920736812726765,0.0720966484801247,0.5179851793027032,0.5093411996066863,0.5191740412979351,1017,713,0.05,0.0066982975160480044,0.9190776303082594,0.8478879316621335,0.8760117733627667,0.829616724738676,0.9279033515198752,,3583,0.5093411996066863,2505,False,selective,0.6,0.7920736812726765,2566,R3,0.19230769230769232,0.00983284169124877
0.8021211275467486,0.7277856135401974,0.9828571428571429,0.010047446274072006,0.5989562678233381,0.21546190343287747,banking77_open,0,0.7920736812726765,0.07170693686671863,0.5161977039575355,0.5073746312684366,0.5162241887905604,1017,709,0.075,0.0066982975160480044,0.9190776303082594,0.8478879316621335,0.8757352941176472,0.8288100208768268,0.9282930631332814,,3583,0.5073746312684366,2505,False,selective,0.6,0.7920736812726765,2566,R3,0.15384615384615385,0.008849557522123894
0.8049120848451019,0.7339055793991416,0.9884393063583815,0.012838403572425341,0.6004230020721545,0.21546190343287747,banking77_open,0,0.7920736812726765,0.0701480904130943,0.5122392658814504,0.504424778761062,0.5103244837758112,1017,699,0.1,0.0066982975160480044,0.9190776303082594,0.8478879316621335,0.8755963302752293,0.8273231622746186,0.9298519095869057,,3583,0.504424778761062,2505,False,selective,0.6,0.7920736812726765,2566,R3,0.15384615384615385,0.0058997050147492625
0.8121685738208205,0.7518573551263001,0.9921568627450981,0.020094892548144012,0.6042858063646308,0.21546190343287747,banking77_open,0,0.7920736812726765,0.06352299298519096,0.5045639051960562,0.4975417895771878,0.5014749262536873,1017,673,0.15,0.0066982975160480044,0.9190776303082594,0.8478879316621335,0.8776479181884588,0.8257731958762886,0.9364770070148091,,3583,0.4975417895771878,2505,False,selective,0.6,0.7920736812726765,2566,R3,0.15384615384615385,0.003933136676499509
0.8431481998325425,0.7900355871886121,0.9932885906040269,0.0027909572983533353,0.6318632204833702,0.16271281049399944,banking77_open,0,0.8403572425341892,0.04481683554169914,0.44537420182959064,0.4365781710914454,0.43952802359882004,1017,562,0.0,0.0027909572983533353,0.9190776303082594,0.8478879316621335,0.8773939502416325,0.8113207547169812,0.9551831644583009,,3583,0.4365781710914454,2505,False,selective,0.65,0.8403572425341892,2566,R3,0.1111111111111111,0.0029498525073746312
0.8431481998325425,0.7900355871886121,0.9932885906040269,0.0027909572983533353,0.6318632204833702,0.16271281049399944,banking77_open,0,0.8403572425341892,0.04481683554169914,0.44537420182959064,0.4365781710914454,0.43952802359882004,1017,562,0.025,0.0027909572983533353,0.9190776303082594,0.8478879316621335,0.8773939502416325,0.8113207547169812,0.9551831644583009,,3583,0.4365781710914454,2505,False,selective,0.65,0.8403572425341892,2566,R3,0.1111111111111111,0.0029498525073746312
0.8431481998325425,0.7900355871886121,0.9932885906040269,0.0027909572983533353,0.6318632204833702,0.16271281049399944,banking77_open,0,0.8403572425341892,0.04481683554169914,0.44537420182959064,0.4365781710914454,0.43952802359882004,1017,562,0.05,0.0027909572983533353,0.9190776303082594,0.8478879316621335,0.8773939502416325,0.8113207547169812,0.9551831644583009,,3583,0.4365781710914454,2505,False,selective,0.65,0.8403572425341892,2566,R3,0.1111111111111111,0.0029498525073746312
0.8431481998325425,0.7900355871886121,0.9932885906040269,0.0027909572983533353,0.6318632204833702,0.16271281049399944,banking77_open,0,0.8403572425341892,0.04481683554169914,0.44537420182959064,0.4365781710914454,0.43952802359882004,1017,562,0.075,0.0027909572983533353,0.9190776303082594,0.8478879316621335,0.8773939502416325,0.8113207547169812,0.9551831644583009,,3583,0.4365781710914454,2505,False,selective,0.65,0.8403572425341892,2566,R3,0.1111111111111111,0.0029498525073746312
0.8456600614010605,0.7974683544303798,0.9932432432432432,0.005302818866871337,0.63362387445492,0.16271281049399944,banking77_open,0,0.8403572425341892,0.04247856586126267,0.4422939914416879,0.4336283185840708,0.4365781710914454,1017,553,0.1,0.0027909572983533353,0.9190776303082594,0.8478879316621335,0.8781272337383845,0.810891089108911,0.9575214341387374,,3583,0.4336283185840708,2505,False,selective,0.65,0.8403572425341892,2566,R3,0.1111111111111111,0.0029498525073746312
0.850125593078426,0.8081936685288641,0.9931350114416476,0.009768350544236673,0.6379828351675492,0.16271281049399944,banking77_open,0,0.8403572425341892,0.03897116134060795,0.43489272817504004,0.42674532940019666,0.4296951819075713,1017,537,0.15,0.0027909572983533353,0.9190776303082594,0.8478879316621335,0.878831076265146,0.8095863427445831,0.961028838659392,,3583,0.42674532940019666,2505,False,selective,0.65,0.8403572425341892,2566,R3,0.1111111111111111,0.0029498525073746312
0.8825006977393246,0.8551068883610451,0.9917355371900827,0.0013954786491766676,0.6778592445162009,0.12029025955902875,banking77_open,0,0.8811052190901479,0.02260327357755261,0.3554880784265843,0.35398230088495575,0.35693215339233036,1017,421,0.0,0.0013954786491766676,0.9190776303082594,0.8478879316621335,0.8756983240223463,0.793168880455408,0.9773967264224473,,3583,0.35398230088495575,2505,False,selective,0.7,0.8811052190901479,2566,R3,0.038461538461538464,0.0029498525073746312
0.8825006977393246,0.8551068883610451,0.9917355371900827,0.0013954786491766676,0.6778592445162009,0.12029025955902875,banking77_open,0,0.8811052190901479,0.02260327357755261,0.3554880784265843,0.35398230088495575,0.35693215339233036,1017,421,0.025,0.0013954786491766676,0.9190776303082594,0.8478879316621335,0.8756983240223463,0.793168880455408,0.9773967264224473,,3583,0.35398230088495575,2505,False,selective,0.7,0.8811052190901479,2566,R3,0.038461538461538464,0.0029498525073746312
0.8827797934691599,0.8571428571428571,0.994475138121547,0.0016745743790120011,0.6778592445162009,0.12029025955902875,banking77_open,0,0.8811052190901479,0.02260327357755261,0.3554880784265843,0.35398230088495575,0.3559488692232055,1017,420,0.05,0.0013954786491766676,0.9190776303082594,0.8478879316621335,0.8755454704136848,0.7929181157129308,0.9773967264224473,,3583,0.35398230088495575,2505,False,selective,0.7,0.8811052190901479,2566,R3,0.038461538461538464,0.0019665683382497543
0.8827797934691599,0.8571428571428571,0.994475138121547,0.0016745743790120011,0.6778592445162009,0.12029025955902875,banking77_open,0,0.8811052190901479,0.02260327357755261,0.3554880784265843,0.35398230088495575,0.3559488692232055,1017,420,0.075,0.0013954786491766676,0.9190776303082594,0.8478879316621335,0.8755454704136848,0.7929181157129308,0.9773967264224473,,3583,0.35398230088495575,2505,False,selective,0.7,0.8811052190901479,2566,R3,0.038461538461538464,0.0019665683382497543
0.8838961763885013,0.8605769230769231,0.9944444444444445,0.0027909572983533353,0.6790909262247322,0.12029025955902875,banking77_open,0,0.8811052190901479,0.021823850350740453,0.35343350906432264,0.352015732546706,0.35398230088495575,1017,416,0.1,0.0013954786491766676,0.9190776303082594,0.8478879316621335,0.8756323042037327,0.7925481528260183,0.9781761496492596,,3583,0.352015732546706,2505,False,selective,0.7,0.8811052190901479,2566,R3,0.038461538461538464,0.0019665683382497543
0.8864080379570193,0.8648648648648649,0.9943502824858758,0.005302818866871337,0.6831480710030933,0.12029025955902875,banking77_open,0,0.8811052190901479,0.020654715510522212,0.34791540537314203,0.34611602753195675,0.3480825958702065,1017,407,0.15,0.0013954786491766676,0.9190776303082594,0.8478879316621335,0.8753047718564959,0.7912468513853904,0.9793452844894778,,3583,0.34611602753195675,2505,False,selective,0.7,0.8811052190901479,2566,R3,0.038461538461538464,0.0019665683382497543
0.9143176109405526,0.8990228013029316,0.9928057553956835,0.0005581914596706671,0.7304973798364208,0.08679877197878873,banking77_open,0,0.9137594194808819,0.011301636788776305,0.27029898220229076,0.2713864306784661,0.27335299901671584,1017,307,0.0,0.0005581914596706671,0.9190776303082594,0.8478879316621335,0.8685381718589524,0.7744200244200244,0.9886983632112237,,3583,0.2713864306784661,2505,False,selective,0.75,0.9137594194808819,2566,R3,0.038461538461538464,0.0019665683382497543
0.9143176109405526,0.8990228013029316,0.9928057553956835,0.0005581914596706671,0.7304973798364208,0.08679877197878873,banking77_open,0,0.9137594194808819,0.011301636788776305,0.27029898220229076,0.2713864306784661,0.27335299901671584,1017,307,0.025,0.0005581914596706671,0.9190776303082594,0.8478879316621335,0.8685381718589524,0.7744200244200244,0.9886983632112237,,3583,0.2713864306784661,2505,False,selective,0.75,0.9137594194808819,2566,R3,0.038461538461538464,0.0019665683382497543
0.9143176109405526,0.8990228013029316,0.9928057553956835,0.0005581914596706671,0.7304973798364208,0.08679877197878873,banking77_open,0,0.9137594194808819,0.011301636788776305,0.27029898220229076,0.2713864306784661,0.27335299901671584,1017,307,0.05,0.0005581914596706671,0.9190776303082594,0.8478879316621335,0.8685381718589524,0.7744200244200244,0.9886983632112237,,3583,0.2713864306784661,2505,False,selective,0.75,0.9137594194808819,2566,R3,0.038461538461538464,0.0019665683382497543
0.9143176109405526,0.8990228013029316,0.9928057553956835,0.0005581914596706671,0.7304973798364208,0.08679877197878873,banking77_open,0,0.9137594194808819,0.011301636788776305,0.27029898220229076,0.2713864306784661,0.27335299901671584,1017,307,0.075,0.0005581914596706671,0.9190776303082594,0.8478879316621335,0.8685381718589524,0.7744200244200244,0.9886983632112237,,3583,0.2713864306784661,2505,False,selective,0.75,0.9137594194808819,2566,R3,0.038461538461538464,0.0019665683382497543
0.914596706670388,0.8986928104575164,0.9927797833935018,0.0008372871895060006,0.7313440716092228,0.08679877197878873,banking77_open,0,0.9137594194808819,0.011301636788776305,0.2693127889084052,0.2704031465093412,0.2723697148475909,1017,306,0.1,0.0005581914596706671,0.9190776303082594,0.8478879316621335,0.8683895259284613,0.774183704607873,0.9886983632112237,,3583,0.2704031465093412,2505,False,selective,0.75,0.9137594194808819,2566,R3,0.038461538461538464,0.0019665683382497543
0.915433993859894,0.8976897689768977,0.9927007299270073,0.0016745743790120011,0.73367494982677,0.08679877197878873,banking77_open,0,0.9137594194808819,0.011301636788776305,0.26653912026935195,0.26745329400196655,0.2694198623402163,1017,303,0.15,0.0005581914596706671,0.9190776303082594,0.8478879316621335,0.8679438932603489,0.7734756097560975,0.9886983632112237,,3583,0.26745329400196655,2505,False,selective,0.75,0.9137594194808819,2566,R3,0.038461538461538464,0.0019665683382497543
0.935528886408038,0.9264069264069265,0.9907407407407407,0.00027909572983533354,0.7753118674589743,0.06502930505163271,banking77_open,0,0.9352497906782026,0.005845674201091193,0.2103917540294559,0.21042281219272368,0.21238938053097345,1017,231,0.0,0.00027909572983533354,0.9190776303082594,0.8478879316621335,0.8621155795876986,0.761038186157518,0.9941543257989088,,3583,0.21042281219272368,2505,True,selective,0.8,0.9352497906782026,2566,R3,0.038461538461538464,0.0019665683382497543
0.9358079821378733,0.9260869565217391,0.9906976744186047,0.0005581914596706671,0.7761138083900463,0.06502930505163271,banking77_open,0,0.9352497906782026,0.005845674201091193,0.20932337796107983,0.20943952802359883,0.21140609636184857,1017,230,0.025,0.00027909572983533354,0.9190776303082594,0.8478879316621335,0.8619699273525934,0.7608112138383537,0.9941543257989088,,3583,0.20943952802359883,2505,False,selective,0.8,0.9352497906782026,2566,R3,0.038461538461538464,0.0019665683382497543
0.9358079821378733,0.9260869565217391,0.9906976744186047,0.0005581914596706671,0.7761138083900463,0.06502930505163271,banking77_open,0,0.9352497906782026,0.005845674201091193,0.20932337796107983,0.20943952802359883,0.21140609636184857,1017,230,0.05,0.00027909572983533354,0.9190776303082594,0.8478879316621335,0.8619699273525934,0.7608112138383537,0.9941543257989088,,3583,0.20943952802359883,2505,False,selective,0.8,0.9352497906782026,2566,R3,0.038461538461538464,0.0019665683382497543
0.9358079821378733,0.9260869565217391,0.9906976744186047,0.0005581914596706671,0.7761138083900463,0.06502930505163271,banking77_open,0,0.9352497906782026,0.005845674201091193,0.20932337796107983,0.20943952802359883,0.21140609636184857,1017,230,0.075,0.00027909572983533354,0.9190776303082594,0.8478879316621335,0.8619699273525934,0.7608112138383537,0.9941543257989088,,3583,0.20943952802359883,2505,False,selective,0.8,0.9352497906782026,2566,R3,0.038461538461538464,0.0019665683382497543
0.9360870778677086,0.925764192139738,0.9906542056074766,0.0008372871895060006,0.7769605001628483,0.06502930505163271,banking77_open,0,0.9352497906782026,0.005845674201091193,0.20833718466719423,0.20845624385447395,0.21042281219272368,1017,229,0.1,0.00027909572983533354,0.9190776303082594,0.8478879316621335,0.8618243243243242,0.7605843768634466,0.9941543257989088,,3583,0.20845624385447395,2505,False,selective,0.8,0.9352497906782026,2566,R3,0.038461538461538464,0.0019665683382497543
0.9363661735975439,0.9254385964912281,0.9906103286384976,0.0011163829193413341,0.7777992172511212,0.06502930505163271,banking77_open,0,0.9352497906782026,0.005845674201091193,0.20735099137330862,0.20747295968534907,0.20943952802359883,1017,228,0.15,0.00027909572983533354,0.9190776303082594,0.8478879316621335,0.8616787704779598,0.7603576751117734,0.9941543257989088,,3583,0.20747295968534907,2505,False,selective,0.8,0.9352497906782026,2566,R3,0.038461538461538464,0.0019665683382497543
,,,,,,banking77_closed,,,,,0.8904715127701375,,,,,,,,,,,0.001,,,2505,,R0,,,,,,
,,,,,,banking77_closed,,,,,0.8860510805500982,,,,,,,,,,,0.01,,,2505,,R0,,,,,,
,,,,,,banking77_closed,,,,,0.8762278978388998,,,,,,,,,,,0.1,,,2505,,R0,,,,,,
,,,,,,banking77_closed,,,,,0.8330058939096268,,,,,,,0.0,,,,0.0001,,,2505,,R2,,,,,,
,,,,,,banking77_closed,,,,,0.8330058939096268,,,,,,,0.0,,,,0.001,,,2505,,R2,,,,,,
,,,,,,banking77_closed,,,,,0.8320235756385069,,,,,,,0.0,,,,0.01,,,2505,,R2,,,,,,
,,,,,,banking77_closed,,,,,0.8330058939096268,,,,,,,0.0,,,,0.1,,,2505,,R2,,,,,,
,,,,,,clinc150,,,,,0.983,,,,,,,,,,,0.001,,,2506,,R0,,,,,,
,,,,,,clinc150,,,,,0.983,,,,,,,,,,,0.01,,,2506,,R0,,,,,,
,,,,,,clinc150,,,,,0.98,,,,,,,,,,,0.1,,,2506,,R0,,,,,,
,,,,,,clinc150,,,,,0.955,,,,,,,0.9290776190476191,,,,0.0001,,,2506,,R2,,,,,,
,,,,,,clinc150,,,,,0.955,,,,,,,0.92912,,,,0.001,,,2506,,R2,,,,,,
,,,,,,clinc150,,,,,0.957,,,,,,,0.9290709523809524,,,,0.01,,,2506,,R2,,,,,,
,,,,,,clinc150,,,,,0.964,,,,,,,0.9255214285714286,,,,0.1,,,2506,,R2,,,,,,
0.4106451612903226,0.5046524356869184,0.9674711437565582,0.0,0.38162354972742335,0.5893548387096774,clinc150,0,0.4106451612903226,0.41619047619047617,0.922,0.922,0.953,1000,1827,0.0,0.0,0.9573105773421272,0.9255214285714286,0.7269493032908391,0.9630793401413983,0.5838095238095238,,3100,0.922,2506,False,selective,0.2,0.4106451612903226,2100,MAX_THRESHOLD,0.25,0.031
0.48451612903225805,0.5663329161451814,0.9668803418803419,0.0,0.38497495085885153,0.515483870967742,clinc150,0,0.48451612903225805,0.31523809523809526,0.905,0.905,0.936,1000,1598,0.0,0.0,0.9573105773421272,0.9255214285714286,0.7984453081621322,0.9573901464713716,0.6847619047619048,,3100,0.905,2506,False,selective,0.25,0.48451612903225805,2100,MAX_THRESHOLD,0.15,0.031
0.5606451612903226,0.6424375917767988,0.9679203539823009,0.0,0.39221938083191127,0.4393548387096774,clinc150,0,0.5606451612903226,0.2180952380952381,0.875,0.875,0.904,1000,1362,0.0,0.0,0.9573105773421272,0.9255214285714286,0.8556539864512767,0.9447640966628308,0.7819047619047619,,3100,0.875,2506,False,selective,0.3,0.5606451612903226,2100,MAX_THRESHOLD,0.0,0.029
0.6190322580645161,0.7011007620660458,0.9695550351288056,0.0,0.40589721417734725,0.3809677419354839,clinc150,0,0.6190322580645161,0.15571428571428572,0.828,0.828,0.854,1000,1181,0.0,0.0,0.9573105773421272,0.9255214285714286,0.8823090320975367,0.9239187076602398,0.8442857142857143,,3100,0.828,2506,True,selective,0.35,0.6190322580645161,2100,MAX_THRESHOLD,0.0,0.026
0.6783870967741935,0.7733199598796389,0.9722572509457755,0.0,0.42516640299154557,0.32161290322580643,clinc150,0,0.6783870967741935,0.09714285714285714,0.771,0.771,0.793,1000,997,0.0,0.0,0.9573105773421272,0.9255214285714286,0.9022127052105638,0.9015691868758916,0.9028571428571428,,3100,0.771,2506,False,selective,0.4,0.6783870967741935,2100,MAX_THRESHOLD,0.0,0.022
0.7232258064516129,0.8193473193473193,0.9750346740638003,0.0,0.45176771073182065,0.2767741935483871,clinc150,0,0.7232258064516129,0.06523809523809523,0.703,0.703,0.721,1000,858,0.0,0.0,0.9573105773421272,0.9255214285714286,0.9041916167664671,0.8755575379125781,0.9347619047619048,,3100,0.703,2506,False,selective,0.45,0.7232258064516129,2100,MAX_THRESHOLD,0.0,0.018
0.7651612903225806,0.8598901098901099,0.978125,0.0,0.48576673449747826,0.23483870967741935,clinc150,0,0.7651612903225806,0.0419047619047619,0.626,0.626,0.64,1000,728,0.0,0.0,0.9573105773421272,0.9255214285714286,0.8998211091234347,0.8482293423271501,0.9580952380952381,,3100,0.626,2506,False,selective,0.5,0.7651612903225806,2100,MAX_THRESHOLD,0.0,0.014
0.8025806451612904,0.8937908496732027,0.9802867383512545,0.0,0.5247710975350732,0.19741935483870968,clinc150,0,0.8025806451612904,0.025714285714285714,0.547,0.547,0.558,1000,612,0.0,0.0,0.9573105773421272,0.9255214285714286,0.891891891891892,0.822347266881029,0.9742857142857143,,3100,0.547,2506,False,selective,0.55,0.8025806451612904,2100,MAX_THRESHOLD,0.0,0.011
0.8403225806451613,0.9252525252525252,0.9786324786324786,0.0,0.5743550895197841,0.1596774193548387,clinc150,0,0.8403225806451613,0.012857142857142857,0.458,0.458,0.468,1000,495,0.0,0.0,0.9573105773421272,0.9255214285714286,0.8811902231668438,0.7957773512476007,0.9871428571428571,,3100,0.458,2506,False,selective,0.6,0.8403225806451613,2100,MAX_THRESHOLD,0.0,0.01
0.8751612903225806,0.9431524547803618,0.9811827956989247,0.0,0.6331766000839789,0.12483870967741935,clinc150,0,0.8751612903225806,0.007142857142857143,0.365,0.365,0.372,1000,387,0.0,0.0,0.9573105773421272,0.9255214285714286,0.8664034905464367,0.768521931441209,0.9928571428571429,,3100,0.365,2506,False,selective,0.65,0.8751612903225806,2100,MAX_THRESHOLD,0.0,0.007
0.902258064516129,0.9603960396039604,0.9797979797979798,0.0,0.6857339410151911,0.09774193548387097,clinc150,0,0.902258064516129,0.002857142857142857,0.291,0.291,0.297,1000,303,0.0,0.0,0.9573105773421272,0.9255214285714286,0.855217480089851,0.7486592777976403,0.9971428571428571,,3100,0.291,2506,False,selective,0.7,0.902258064516129,2100,MAX_THRESHOLD,0.0,0.006
0.9270967741935484,0.9734513274336283,0.9865470852017937,0.0,0.7421834038902656,0.07290322580645162,clinc150,0,0.9270967741935484,0.0014285714285714286,0.22,0.22,0.223,1000,226,0.0,0.0,0.9573105773421272,0.9255214285714286,0.8431845597104947,0.7296450939457203,0.9985714285714286,,3100,0.22,2506,False,selective,0.75,0.9270967741935484,2100,MAX_THRESHOLD,0.0,0.003
0.944516129032258,0.9825581395348837,0.9941176470588236,0.0,0.7874817565818066,0.05548387096774193,clinc150,0,0.944516129032258,0.0009523809523809524,0.169,0.169,0.17,1000,172,0.0,0.0,0.9573105773421272,0.9255214285714286,0.8345266507557678,0.7165300546448088,0.9990476190476191,,3100,0.169,2506,False,selective,0.8,0.944516129032258,2100,MAX_THRESHOLD,0.0,0.001
0.6819354838709677,0.5344827586206896,0.992467043314501,0.27129032258064517,0.6899178002464975,1.084516129032258,clinc150,0,0.4106451612903226,0.21666666666666667,0.527,0.527,0.531,1000,986,0.0,0.27129032258064517,0.9573105773421272,0.9255214285714286,0.7807308970099667,0.7781456953642384,0.7833333333333333,,3100,0.527,2506,False,selective,0.2,0.4106451612903226,2100,R3,0.0,0.004
0.6854838709677419,0.5405128205128205,0.992467043314501,0.27483870967741936,0.6899178002464975,1.084516129032258,clinc150,0,0.4106451612903226,0.21142857142857144,0.527,0.527,0.531,1000,975,0.025,0.27129032258064517,0.9573105773421272,0.9255214285714286,0.7839053254437869,0.7792941176470588,0.7885714285714286,,3100,0.527,2506,False,selective,0.2,0.4106451612903226,2100,R3,0.0,0.004
0.6932258064516129,0.5541535226077813,0.992467043314501,0.28258064516129033,0.6899178002464975,1.084516129032258,clinc150,0,0.4106451612903226,0.2,0.527,0.527,0.531,1000,951,0.05,0.27129032258064517,0.9573105773421272,0.9255214285714286,0.7907742998352554,0.7817589576547231,0.8,,3100,0.527,2506,False,selective,0.2,0.4106451612903226,2100,R3,0.0,0.004
0.7048387096774194,0.5759562841530055,0.992467043314501,0.29419354838709677,0.6899178002464975,1.084516129032258,clinc150,0,0.4106451612903226,0.18285714285714286,0.527,0.527,0.531,1000,915,0.075,0.27129032258064517,0.9573105773421272,0.9255214285714286,0.8009334889148192,0.7853546910755149,0.8171428571428572,,3100,0.527,2506,False,selective,0.2,0.4106451612903226,2100,R3,0.0,0.004
0.7212903225806452,0.6064814814814815,0.9924242424242424,0.3106451612903226,0.6905123481690336,1.084516129032258,clinc150,0,0.4106451612903226,0.16,0.524,0.524,0.528,1000,864,0.1,0.27129032258064517,0.9573105773421272,0.9255214285714286,0.8136531365313652,0.7889087656529516,0.84,,3100,0.524,2506,False,selective,0.2,0.4106451612903226,2100,R3,0.0,0.004
0.7480645161290322,0.6632522407170295,0.9961538461538462,0.33741935483870966,0.6918397051203257,1.084516129032258,clinc150,0,0.4106451612903226,0.12428571428571429,0.518,0.518,0.52,1000,781,0.15,0.27129032258064517,0.9573105773421272,0.9255214285714286,0.8323150033944331,0.7930142302716688,0.8757142857142857,,3100,0.518,2506,False,selective,0.2,0.4106451612903226,2100,R3,0.0,0.002
0.6816129032258065,0.5957446808510638,0.9915682967959528,0.19709677419354837,0.6441015328526501,0.8361290322580646,clinc150,0,0.48451612903225805,0.18761904761904763,0.588,0.588,0.593,1000,987,0.0,0.19709677419354837,0.9573105773421272,0.9255214285714286,0.8098741989081415,0.807382867960246,0.8123809523809524,,3100,0.588,2506,False,selective,0.25,0.48451612903225805,2100,R3,0.0,0.005
0.6854838709677419,0.6030769230769231,0.9915682967959528,0.20096774193548386,0.6441015328526501,0.8361290322580646,clinc150,0,0.48451612903225805,0.1819047619047619,0.588,0.588,0.593,1000,975,0.025,0.19709677419354837,0.9573105773421272,0.9255214285714286,0.8132544378698225,0.8084705882352942,0.8180952380952381,,3100,0.588,2506,False,selective,0.25,0.48451612903225805,2100,R3,0.0,0.005
0.6941935483870968,0.620253164556962,0.9932432432432432,0.20967741935483872,0.6441015328526501,0.8361290322580646,clinc150,0,0.48451612903225805,0.16952380952380952,0.588,0.588,0.592,1000,948,0.05,0.19709677419354837,0.9573105773421272,0.9255214285714286,0.8203198494825964,0.8104089219330854,0.8304761904761905,,3100,0.588,2506,False,selective,0.25,0.48451612903225805,2100,R3,0.0,0.004
0.7041935483870968,0.6357688113413305,0.9931856899488927,0.2196774193548387,0.6454068413378498,0.8361290322580646,clinc150,0,0.48451612903225805,0.15714285714285714,0.583,0.583,0.587,1000,917,0.075,0.19709677419354837,0.9573105773421272,0.9255214285714286,0.8265234648610787,0.8108108108108109,0.8428571428571429,,3100,0.583,2506,False,selective,0.25,0.48451612903225805,2100,R3,0.0,0.004
0.7125806451612903,0.6531986531986532,0.9931740614334471,0.22806451612903225,0.6456706633124932,0.8361290322580646,clinc150,0,0.48451612903225805,0.14523809523809525,0.582,0.582,0.586,1000,891,0.1,0.19709677419354837,0.9573105773421272,0.9255214285714286,0.8331399396611743,0.8125848800362154,0.8547619047619047,,3100,0.582,2506,False,selective,0.25,0.48451612903225805,2100,R3,0.0,0.004
0.734516129032258,0.6974483596597812,0.9965277777777778,0.25,0.6479798820242959,0.8361290322580646,clinc150,0,0.48451612903225805,0.11761904761904762,0.574,0.574,0.576,1000,823,0.15,0.19709677419354837,0.9573105773421272,0.9255214285714286,0.8466986520447796,0.8137900746596399,0.8823809523809524,,3100,0.574,2506,False,selective,0.25,0.48451612903225805,2100,R3,0.0,0.002
0.7070967741935484,0.6795154185022027,0.9935587761674718,0.1464516129032258,0.6150328514167812,0.6535483870967742,clinc150,0,0.5606451612903226,0.13666666666666666,0.617,0.617,0.621,1000,908,0.0,0.1464516129032258,0.9573105773421272,0.9255214285714286,0.8448275862068966,0.8270985401459854,0.8633333333333333,,3100,0.617,2506,False,selective,0.3,0.5606451612903226,2100,R3,0.0,0.004
0.7087096774193549,0.6832779623477298,0.9951612903225806,0.14806451612903226,0.6150328514167812,0.6535483870967742,clinc150,0,0.5606451612903226,0.13476190476190475,0.617,0.617,0.62,1000,903,0.025,0.1464516129032258,0.9573105773421272,0.9255214285714286,0.8457063067256225,0.8270368684569868,0.8652380952380953,,3100,0.617,2506,False,selective,0.3,0.5606451612903226,2100,R3,0.0,0.003
0.7125806451612903,0.691358024691358,0.9951534733441034,0.15193548387096775,0.6153131141789102,0.6535483870967742,clinc150,0,0.5606451612903226,0.1295238095238095,0.616,0.616,0.619,1000,891,0.05,0.1464516129032258,0.9573105773421272,0.9255214285714286,0.8484567184961709,0.8275237664101404,0.8704761904761905,,3100,0.616,2506,False,selective,0.3,0.5606451612903226,2100,R3,0.0,0.003
0.7206451612903226,0.7055427251732102,0.995114006514658,0.16,0.6167229754776347,0.6535483870967742,clinc150,0,0.5606451612903226,0.12,0.611,0.611,0.614,1000,866,0.075,0.1464516129032258,0.9573105773421272,0.9255214285714286,0.852791878172589,0.8272157564905999,0.88,,3100,0.611,2506,False,selective,0.3,0.5606451612903226,2100,R3,0.0,0.003
0.727741935483871,0.7239336492890995,0.995114006514658,0.16709677419354838,0.6167229754776347,0.6535483870967742,clinc150,0,0.5606451612903226,0.10952380952380952,0.611,0.611,0.614,1000,844,0.1,0.1464516129032258,0.9573105773421272,0.9255214285714286,0.8585858585858586,0.8289007092198581,0.8904761904761904,,3100,0.611,2506,False,selective,0.3,0.5606451612903226,2100,R3,0.0,0.003
0.7438709677419355,0.7594458438287154,0.996694214876033,0.1832258064516129,0.619372437634632,0.6535483870967742,clinc150,0,0.5606451612903226,0.09,0.603,0.603,0.605,1000,794,0.15,0.1464516129032258,0.9573105773421272,0.9255214285714286,0.8674534725374489,0.8287077189939289,0.91,,3100,0.603,2506,False,selective,0.3,0.5606451612903226,2100,R3,0.0,0.002
0.7203225806451613,0.7220299884659747,0.9889415481832543,0.10129032258064516,0.5842572993191089,0.5216129032258064,clinc150,0,0.6190322580645161,0.11142857142857143,0.626,0.626,0.633,1000,867,0.0,0.10129032258064516,0.9573105773421272,0.9255214285714286,0.8612970228479113,0.8356471115091805,0.8885714285714286,,3100,0.626,2506,False,selective,0.35,0.6190322580645161,2100,R3,0.0,0.007
0.7212903225806452,0.7245370370370371,0.9889415481832543,0.10225806451612904,0.5842572993191089,0.5216129032258064,clinc150,0,0.6190322580645161,0.11,0.626,0.626,0.633,1000,864,0.025,0.10129032258064516,0.9573105773421272,0.9255214285714286,0.8620848708487086,0.8358676207513417,0.89,,3100,0.626,2506,False,selective,0.35,0.6190322580645161,2100,R3,0.0,0.007
0.7254838709677419,0.7332549941245593,0.9904761904761905,0.1064516129032258,0.5849025352070416,0.5216129032258064,clinc150,0,0.6190322580645161,0.10523809523809524,0.624,0.624,0.63,1000,851,0.05,0.10129032258064516,0.9573105773421272,0.9255214285714286,0.8641066911933777,0.835482436638506,0.8947619047619048,,3100,0.624,2506,False,selective,0.35,0.6190322580645161,2100,R3,0.0,0.006
0.7290322580645161,0.7416666666666667,0.9920382165605095,0.11,0.5852706348081759,0.5216129032258064,clinc150,0,0.6190322580645161,0.10095238095238095,0.623,0.623,0.628,1000,840,0.075,0.10129032258064516,0.9573105773421272,0.9255214285714286,0.8660550458715597,0.8353982300884956,0.8990476190476191,,3100,0.623,2506,False,selective,0.35,0.6190322580645161,2100,R3,0.0,0.005
0.7354838709677419,0.7585365853658537,0.9920255183413078,0.11645161290322581,0.5856634303058206,0.5216129032258064,clinc150,0,0.6190322580645161,0.0919047619047619,0.622,0.622,0.627,1000,820,0.1,0.10129032258064516,0.9573105773421272,0.9255214285714286,0.8707762557077626,0.8364035087719298,0.9080952380952381,,3100,0.622,2506,False,selective,0.35,0.6190322580645161,2100,R3,0.0,0.005
0.7541935483870967,0.7992125984251969,0.99185667752443,0.13516129032258065,0.5906412481486449,0.5216129032258064,clinc150,0,0.6190322580645161,0.07047619047619047,0.609,0.609,0.614,1000,762,0.15,0.10129032258064516,0.9573105773421272,0.9255214285714286,0.8796755295178009,0.834901625320787,0.9295238095238095,,3100,0.609,2506,False,selective,0.35,0.6190322580645161,2100,R3,0.0,0.005
0.7451612903225806,0.779746835443038,0.9840255591054313,0.0667741935483871,0.5642440158142099,0.4038709677419355,clinc150,0,0.6783870967741935,0.07809523809523809,0.616,0.616,0.626,1000,790,0.0,0.0667741935483871,0.9573105773421272,0.9255214285714286,0.8780045351473923,0.8380952380952381,0.9219047619047619,,3100,0.616,2506,False,selective,0.4,0.6783870967741935,2100,R3,0.0,0.01
0.7461290322580645,0.7827191867852605,0.9856,0.06774193548387097,0.5642440158142099,0.4038709677419355,clinc150,0,0.6783870967741935,0.07714285714285714,0.616,0.616,0.625,1000,787,0.025,0.0667741935483871,0.9573105773421272,0.9255214285714286,0.8783140720598233,0.8378728923476005,0.9228571428571428,,3100,0.616,2506,False,selective,0.4,0.6783870967741935,2100,R3,0.0,0.009
0.7487096774193548,0.7894736842105263,0.9855769230769231,0.0703225806451613,0.5646464466260973,0.4038709677419355,clinc150,0,0.6783870967741935,0.07380952380952381,0.615,0.615,0.624,1000,779,0.05,0.0667741935483871,0.9573105773421272,0.9255214285714286,0.8798914272788961,0.8380008616975442,0.9261904761904762,,3100,0.615,2506,False,selective,0.4,0.6783870967741935,2100,R3,0.0,0.009
0.752258064516129,0.7981770833333334,0.9855305466237942,0.07387096774193548,0.5653945884798847,0.4038709677419355,clinc150,0,0.6783870967741935,0.06952380952380953,0.613,0.613,0.622,1000,768,0.075,0.0667741935483871,0.9573105773421272,0.9255214285714286,0.881768953068592,0.8379073756432247,0.9304761904761905,,3100,0.613,2506,False,selective,0.4,0.6783870967741935,2100,R3,0.0,0.009
0.7587096774193548,0.8168449197860963,0.9902755267423015,0.08032258064516129,0.5661876485992186,0.4038709677419355,clinc150,0,0.6783870967741935,0.062380952380952384,0.611,0.611,0.617,1000,748,0.1,0.0667741935483871,0.9573105773421272,0.9255214285714286,0.8845462713387241,0.8371598639455783,0.9376190476190476,,3100,0.611,2506,False,selective,0.4,0.6783870967741935,2100,R3,0.0,0.006
0.7716129032258064,0.844632768361582,0.9900662251655629,0.09322580645161291,0.5719224607573693,0.4038709677419355,clinc150,0,0.6783870967741935,0.049523809523809526,0.598,0.598,0.604,1000,708,0.15,0.0667741935483871,0.9573105773421272,0.9255214285714286,0.8886910062333037,0.8344481605351171,0.9504761904761905,,3100,0.598,2506,False,selective,0.4,0.6783870967741935,2100,R3,0.0,0.006
0.772258064516129,0.8243626062322946,0.9847715736040609,0.04903225806451613,0.5657959387780782,0.3319354838709677,clinc150,0,0.7232258064516129,0.05476190476190476,0.582,0.582,0.591,1000,706,0.0,0.04903225806451613,0.9573105773421272,0.9255214285714286,0.8834000890075657,0.829156223893066,0.9452380952380952,,3100,0.582,2506,False,selective,0.45,0.7232258064516129,2100,R3,0.0,0.009
0.772258064516129,0.8243626062322946,0.9847715736040609,0.04903225806451613,0.5657959387780782,0.3319354838709677,clinc150,0,0.7232258064516129,0.05476190476190476,0.582,0.582,0.591,1000,706,0.025,0.04903225806451613,0.9573105773421272,0.9255214285714286,0.8834000890075657,0.829156223893066,0.9452380952380952,,3100,0.582,2506,False,selective,0.45,0.7232258064516129,2100,R3,0.0,0.009
0.7732258064516129,0.8264580369843528,0.9847457627118644,0.05,0.5662376117454022,0.3319354838709677,clinc150,0,0.7232258064516129,0.05380952380952381,0.581,0.581,0.59,1000,703,0.05,0.04903225806451613,0.9573105773421272,0.9255214285714286,0.8837002446075161,0.8289528577388402,0.9461904761904761,,3100,0.581,2506,False,selective,0.45,0.7232258064516129,2100,R3,0.0,0.009
0.775483870967742,0.8318965517241379,0.9863713798977853,0.052258064516129035,0.5671783874698958,0.3319354838709677,clinc150,0,0.7232258064516129,0.051904761904761905,0.579,0.579,0.587,1000,696,0.075,0.04903225806451613,0.9573105773421272,0.9255214285714286,0.8841030195381883,0.8282029950083195,0.9480952380952381,,3100,0.579,2506,False,selective,0.45,0.7232258064516129,2100,R3,0.0,0.008
0.7803225806451612,0.8487518355359766,0.9914236706689536,0.05709677419354839,0.5676403206835828,0.3319354838709677,clinc150,0,0.7232258064516129,0.04666666666666667,0.578,0.578,0.583,1000,681,0.1,0.04903225806451613,0.9573105773421272,0.9255214285714286,0.8860367337906617,0.8276147168251343,0.9533333333333334,,3100,0.578,2506,False,selective,0.45,0.7232258064516129,2100,R3,0.0,0.005
0.7916129032258065,0.871517027863777,0.9929453262786596,0.06838709677419355,0.5748645814772414,0.3319354838709677,clinc150,0,0.7232258064516129,0.03761904761904762,0.563,0.563,0.567,1000,646,0.15,0.04903225806451613,0.9573105773421272,0.9255214285714286,0.8875713658322354,0.8235533822330888,0.9623809523809523,,3100,0.563,2506,False,selective,0.45,0.7232258064516129,2100,R3,0.0,0.004
0.7996774193548387,0.8599033816425121,0.9888888888888889,0.034516129032258064,0.5764086419416659,0.2725806451612903,clinc150,0,0.7651612903225806,0.03857142857142857,0.534,0.534,0.54,1000,621,0.0,0.034516129032258064,0.9573105773421272,0.9255214285714286,0.8818519327364053,0.8144413069786204,0.9614285714285714,,3100,0.534,2506,False,selective,0.5,0.7651612903225806,2100,R3,0.0,0.006
0.8003225806451613,0.8610662358642972,0.9888682745825603,0.03516129032258065,0.5768816538744845,0.2725806451612903,clinc150,0,0.7651612903225806,0.0380952380952381,0.533,0.533,0.539,1000,619,0.025,0.034516129032258064,0.9573105773421272,0.9255214285714286,0.8819035145164811,0.8141878274889157,0.9619047619047619,,3100,0.533,2506,False,selective,0.5,0.7651612903225806,2100,R3,0.0,0.006
0.8009677419354839,0.8638573743922204,0.9888682745825603,0.035806451612903224,0.5768816538744845,0.2725806451612903,clinc150,0,0.7651612903225806,0.037142857142857144,0.533,0.533,0.539,1000,617,0.05,0.034516129032258064,0.9573105773421272,0.9255214285714286,0.8823914466506655,0.8143374949657672,0.9628571428571429,,3100,0.533,2506,False,selective,0.5,0.7651612903225806,2100,R3,0.0,0.006
0.8025806451612904,0.8643790849673203,0.9887850467289719,0.03741935483870968,0.5789168720397746,0.2725806451612903,clinc150,0,0.7651612903225806,0.03666666666666667,0.529,0.529,0.535,1000,612,0.075,0.034516129032258064,0.9573105773421272,0.9255214285714286,0.8818657367044463,0.8131028938906752,0.9633333333333334,,3100,0.529,2506,False,selective,0.5,0.7651612903225806,2100,R3,0.0,0.006
0.8051612903225807,0.8741721854304636,0.9906191369606003,0.04,0.5794833616000763,0.2725806451612903,clinc150,0,0.7651612903225806,0.03380952380952381,0.528,0.528,0.533,1000,604,0.1,0.034516129032258064,0.9573105773421272,0.9255214285714286,0.8829416884247172,0.8129006410256411,0.9661904761904762,,3100,0.528,2506,False,selective,0.5,0.7651612903225806,2100,R3,0.0,0.005
0.8132258064516129,0.8877374784110535,0.9922779922779923,0.04806451612903226,0.5869034525903768,0.2725806451612903,clinc150,0,0.7651612903225806,0.029047619047619048,0.514,0.514,0.518,1000,579,0.15,0.034516129032258064,0.9573105773421272,0.9255214285714286,0.8824929668902833,0.8088060293534312,0.9709523809523809,,3100,0.514,2506,False,selective,0.5,0.7651612903225806,2100,R3,0.0,0.004
0.8270967741935484,0.8936567164179104,0.9937759336099585,0.024516129032258065,0.5953380359044138,0.2238709677419355,clinc150,0,0.8025806451612904,0.025714285714285714,0.479,0.479,0.482,1000,536,0.0,0.024516129032258065,0.9573105773421272,0.9255214285714286,0.8773584905660379,0.7979719188767551,0.9742857142857143,,3100,0.479,2506,False,selective,0.55,0.8025806451612904,2100,R3,0.0,0.003
0.8270967741935484,0.8936567164179104,0.9937759336099585,0.024516129032258065,0.5953380359044138,0.2238709677419355,clinc150,0,0.8025806451612904,0.025714285714285714,0.479,0.479,0.482,1000,536,0.025,0.024516129032258065,0.9573105773421272,0.9255214285714286,0.8773584905660379,0.7979719188767551,0.9742857142857143,,3100,0.479,2506,False,selective,0.55,0.8025806451612904,2100,R3,0.0,0.003
0.827741935483871,0.8951310861423221,0.9937629937629938,0.025161290322580646,0.5958686462369315,0.2238709677419355,clinc150,0,0.8025806451612904,0.025238095238095237,0.478,0.478,0.481,1000,534,0.05,0.024516129032258065,0.9573105773421272,0.9255214285714286,0.8774110587226747,0.7977396726422448,0.9747619047619047,,3100,0.478,2506,False,selective,0.55,0.8025806451612904,2100,R3,0.0,0.003
0.8287096774193549,0.896421845574388,0.9937369519832986,0.026129032258064518,0.5970237547665868,0.2238709677419355,clinc150,0,0.8025806451612904,0.024761904761904763,0.476,0.476,0.479,1000,531,0.075,0.024516129032258065,0.9573105773421272,0.9255214285714286,0.8772756478903406,0.7971973530556636,0.9752380952380952,,3100,0.476,2506,False,selective,0.55,0.8025806451612904,2100,R3,0.0,0.003
0.8309677419354838,0.9026717557251909,0.9936974789915967,0.02838709677419355,0.5988094646447113,0.2238709677419355,clinc150,0,0.8025806451612904,0.022857142857142857,0.473,0.473,0.476,1000,524,0.1,0.024516129032258065,0.9573105773421272,0.9255214285714286,0.8776732249786143,0.796583850931677,0.9771428571428571,,3100,0.473,2506,False,selective,0.55,0.8025806451612904,2100,R3,0.0,0.003
0.8370967741935483,0.9148514851485149,0.9935483870967742,0.034516129032258064,0.605510502369337,0.2238709677419355,clinc150,0,0.8025806451612904,0.01904761904761905,0.462,0.462,0.465,1000,505,0.15,0.024516129032258065,0.9573105773421272,0.9255214285714286,0.8775292864749733,0.7938342967244701,0.9809523809523809,,3100,0.462,2506,False,selective,0.55,0.8025806451612904,2100,R3,0.0,0.003
0.857741935483871,0.9297052154195011,0.9903381642512077,0.017419354838709676,0.6279802040224658,0.17774193548387096,clinc150,0,0.8403225806451613,0.012857142857142857,0.41,0.41,0.414,1000,441,0.0,0.017419354838709676,0.9573105773421272,0.9255214285714286,0.8711914267703299,0.7796163971417827,0.9871428571428571,,3100,0.41,2506,False,selective,0.6,0.8403225806451613,2100,R3,0.0,0.004
0.8583870967741936,0.9316628701594533,0.9927184466019418,0.01806451612903226,0.6285836731610013,0.17774193548387096,clinc150,0,0.8403225806451613,0.012857142857142857,0.409,0.409,0.412,1000,439,0.025,0.017419354838709676,0.9573105773421272,0.9255214285714286,0.870825456836799,0.7790304396843292,0.9871428571428571,,3100,0.409,2506,False,selective,0.6,0.8403225806451613,2100,R3,0.0,0.003
0.8590322580645161,0.931350114416476,0.9926829268292683,0.01870967741935484,0.629836235810337,0.17774193548387096,clinc150,0,0.8403225806451613,0.012857142857142857,0.40700000000000003,0.407,0.41,1000,437,0.05,0.017419354838709676,0.9573105773421272,0.9255214285714286,0.870459794247323,0.7784453623732632,0.9871428571428571,,3100,0.407,2506,False,selective,0.6,0.8403225806451613,2100,R3,0.0,0.003
0.8596774193548387,0.9310344827586207,0.9926470588235294,0.01935483870967742,0.631087264460583,0.17774193548387096,clinc150,0,0.8403225806451613,0.012857142857142857,0.405,0.405,0.408,1000,435,0.075,0.017419354838709676,0.9573105773421272,0.9255214285714286,0.8700944386149003,0.7778611632270169,0.9871428571428571,,3100,0.405,2506,False,selective,0.6,0.8403225806451613,2100,R3,0.0,0.003
0.8612903225806452,0.9325581395348838,0.9925742574257426,0.020967741935483872,0.6337508621179916,0.17774193548387096,clinc150,0,0.8403225806451613,0.012380952380952381,0.401,0.401,0.404,1000,430,0.1,0.017419354838709676,0.9573105773421272,0.9255214285714286,0.869601677148847,0.7767790262172285,0.9876190476190476,,3100,0.401,2506,False,selective,0.6,0.8403225806451613,2100,R3,0.0,0.003
0.8654838709677419,0.9400479616306955,0.9924050632911392,0.025161290322580646,0.6402758707168114,0.17774193548387096,clinc150,0,0.8403225806451613,0.010476190476190476,0.392,0.392,0.395,1000,417,0.15,0.017419354838709676,0.9573105773421272,0.9255214285714286,0.8689107254860965,0.7745061498322773,0.9895238095238095,,3100,0.392,2506,False,selective,0.6,0.8403225806451613,2100,R3,0.0,0.003
0.8880645161290323,0.9481268011527377,0.9909638554216867,0.012903225806451613,0.6749720734381139,0.13774193548387098,clinc150,0,0.8751612903225806,0.007142857142857143,0.329,0.329,0.332,1000,347,0.0,0.012903225806451613,0.9573105773421272,0.9255214285714286,0.8592623119719761,0.7573556120595714,0.9928571428571429,,3100,0.329,2506,False,selective,0.65,0.8751612903225806,2100,R3,0.0,0.003
0.8880645161290323,0.9481268011527377,0.9909638554216867,0.012903225806451613,0.6749720734381139,0.13774193548387098,clinc150,0,0.8751612903225806,0.007142857142857143,0.329,0.329,0.332,1000,347,0.025,0.012903225806451613,0.9573105773421272,0.9255214285714286,0.8592623119719761,0.7573556120595714,0.9928571428571429,,3100,0.329,2506,False,selective,0.65,0.8751612903225806,2100,R3,0.0,0.003
0.8880645161290323,0.9481268011527377,0.9909638554216867,0.012903225806451613,0.6749720734381139,0.13774193548387098,clinc150,0,0.8751612903225806,0.007142857142857143,0.329,0.329,0.332,1000,347,0.05,0.012903225806451613,0.9573105773421272,0.9255214285714286,0.8592623119719761,0.7573556120595714,0.9928571428571429,,3100,0.329,2506,False,selective,0.65,0.8751612903225806,2100,R3,0.0,0.003
0.8893548387096775,0.9475218658892128,0.9908536585365854,0.014193548387096775,0.677858061134027,0.13774193548387098,clinc150,0,0.8751612903225806,0.007142857142857143,0.325,0.325,0.328,1000,343,0.075,0.012903225806451613,0.9573105773421272,0.9255214285714286,0.8585546633724522,0.7562568008705114,0.9928571428571429,,3100,0.325,2506,False,selective,0.65,0.8751612903225806,2100,R3,0.0,0.003
0.89,0.9472140762463344,0.99079754601227,0.014838709677419355,0.6793024384736126,0.13774193548387098,clinc150,0,0.8751612903225806,0.007142857142857143,0.323,0.323,0.326,1000,341,0.1,0.012903225806451613,0.9573105773421272,0.9255214285714286,0.8582012759827125,0.7557085900688655,0.9928571428571429,,3100,0.323,2506,False,selective,0.65,0.8751612903225806,2100,R3,0.0,0.003
0.8935483870967742,0.9515151515151515,0.9936708860759493,0.018387096774193548,0.6864113323283932,0.13774193548387098,clinc150,0,0.8751612903225806,0.006666666666666667,0.314,0.314,0.316,1000,330,0.15,0.012903225806451613,0.9573105773421272,0.9255214285714286,0.8566735112936346,0.7530685920577618,0.9933333333333333,,3100,0.314,2506,False,selective,0.65,0.8751612903225806,2100,R3,0.0,0.002
0.9109677419354839,0.9637681159420289,0.9851851851851852,0.008709677419354838,0.7161723938490175,0.1064516129032258,clinc150,0,0.902258064516129,0.002857142857142857,0.266,0.266,0.27,1000,276,0.0,0.008709677419354838,0.9573105773421272,0.9255214285714286,0.8505280259951259,0.7415014164305949,0.9971428571428571,,3100,0.266,2506,False,selective,0.7,0.902258064516129,2100,R3,0.0,0.004
0.9112903225806451,0.9672727272727273,0.9888475836431226,0.00903225806451613,0.7161723938490175,0.1064516129032258,clinc150,0,0.902258064516129,0.002857142857142857,0.266,0.266,0.269,1000,275,0.025,0.008709677419354838,0.9573105773421272,0.9255214285714286,0.8503553299492387,0.7412389380530974,0.9971428571428571,,3100,0.266,2506,False,selective,0.7,0.902258064516129,2100,R3,0.0,0.003
0.9112903225806451,0.9672727272727273,0.9888475836431226,0.00903225806451613,0.7161723938490175,0.1064516129032258,clinc150,0,0.902258064516129,0.002857142857142857,0.266,0.266,0.269,1000,275,0.05,0.008709677419354838,0.9573105773421272,0.9255214285714286,0.8503553299492387,0.7412389380530974,0.9971428571428571,,3100,0.266,2506,False,selective,0.7,0.902258064516129,2100,R3,0.0,0.003
0.9112903225806451,0.9672727272727273,0.9888475836431226,0.00903225806451613,0.7161723938490175,0.1064516129032258,clinc150,0,0.902258064516129,0.002857142857142857,0.266,0.266,0.269,1000,275,0.075,0.008709677419354838,0.9573105773421272,0.9255214285714286,0.8503553299492387,0.7412389380530974,0.9971428571428571,,3100,0.266,2506,False,selective,0.7,0.902258064516129,2100,R3,0.0,0.003
0.9125806451612903,0.9704797047970479,0.9924528301886792,0.01032258064516129,0.7186937050860253,0.1064516129032258,clinc150,0,0.902258064516129,0.002857142857142857,0.263,0.263,0.265,1000,271,0.1,0.008709677419354838,0.9573105773421272,0.9255214285714286,0.8496652465003044,0.7401908801696713,0.9971428571428571,,3100,0.263,2506,False,selective,0.7,0.902258064516129,2100,R3,0.0,0.002
0.9161290322580645,0.9730769230769231,0.9960629921259843,0.013870967741935483,0.7271718413316848,0.1064516129032258,clinc150,0,0.902258064516129,0.002857142857142857,0.253,0.253,0.254,1000,260,0.15,0.008709677419354838,0.9573105773421272,0.9255214285714286,0.8477732793522267,0.7373239436619718,0.9971428571428571,,3100,0.253,2506,False,selective,0.7,0.902258064516129,2100,R3,0.0,0.001
0.9306451612903226,0.9767441860465116,0.9905660377358491,0.0035483870967741938,0.7568972479856912,0.0764516129032258,clinc150,0,0.9270967741935484,0.0014285714285714286,0.21,0.21,0.212,1000,215,0.0,0.0035483870967741938,0.9573105773421272,0.9255214285714286,0.8413239719157473,0.7268630849220103,0.9985714285714286,,3100,0.21,2506,False,selective,0.75,0.9270967741935484,2100,R3,0.0,0.002
0.9306451612903226,0.9767441860465116,0.9905660377358491,0.0035483870967741938,0.7568972479856912,0.0764516129032258,clinc150,0,0.9270967741935484,0.0014285714285714286,0.21,0.21,0.212,1000,215,0.025,0.0035483870967741938,0.9573105773421272,0.9255214285714286,0.8413239719157473,0.7268630849220103,0.9985714285714286,,3100,0.21,2506,False,selective,0.75,0.9270967741935484,2100,R3,0.0,0.002
0.9309677419354838,0.9766355140186916,0.990521327014218,0.003870967741935484,0.7577695661678626,0.0764516129032258,clinc150,0,0.9270967741935484,0.0014285714285714286,0.209,0.209,0.211,1000,214,0.05,0.0035483870967741938,0.9573105773421272,0.9255214285714286,0.8411552346570398,0.7266112266112266,0.9985714285714286,,3100,0.209,2506,False,selective,0.75,0.9270967741935484,2100,R3,0.0,0.002
0.9312903225806451,0.9765258215962441,0.9904761904761905,0.004193548387096774,0.7586763036630618,0.0764516129032258,clinc150,0,0.9270967741935484,0.0014285714285714286,0.208,0.208,0.21,1000,213,0.075,0.0035483870967741938,0.9573105773421272,0.9255214285714286,0.8409865650691799,0.7263595427779702,0.9985714285714286,,3100,0.208,2506,False,selective,0.75,0.9270967741935484,2100,R3,0.0,0.002
0.9319354838709677,0.976303317535545,0.9903846153846154,0.004838709677419355,0.7604862138943959,0.0764516129032258,clinc150,0,0.9270967741935484,0.0014285714285714286,0.20600000000000002,0.206,0.208,1000,211,0.1,0.0035483870967741938,0.9573105773421272,0.9255214285714286,0.840649428743235,0.7258566978193146,0.9985714285714286,,3100,0.206,2506,False,selective,0.75,0.9270967741935484,2100,R3,0.0,0.002
0.9358064516129032,0.9798994974874372,0.9948979591836735,0.008709677419354838,0.7711327048001786,0.0764516129032258,clinc150,0,0.9270967741935484,0.0014285714285714286,0.195,0.195,0.196,1000,199,0.15,0.0035483870967741938,0.9573105773421272,0.9255214285714286,0.8386322735452909,0.7228541882109617,0.9985714285714286,,3100,0.195,2506,False,selective,0.75,0.9270967741935484,2100,R3,0.0,0.001
0.9461290322580646,0.9880239520958084,1.0,0.0016129032258064516,0.7952136530498211,0.05709677419354839,clinc150,0,0.944516129032258,0.0009523809523809524,0.165,0.165,0.165,1000,167,0.0,0.0016129032258064516,0.9573105773421272,0.9255214285714286,0.833697595867276,0.715308557790658,0.9990476190476191,,3100,0.165,2506,True,selective,0.8,0.944516129032258,2100,R3,0.0,0.0
0.9461290322580646,0.9880239520958084,1.0,0.0016129032258064516,0.7952136530498211,0.05709677419354839,clinc150,0,0.944516129032258,0.0009523809523809524,0.165,0.165,0.165,1000,167,0.025,0.0016129032258064516,0.9573105773421272,0.9255214285714286,0.833697595867276,0.715308557790658,0.9990476190476191,,3100,0.165,2506,False,selective,0.8,0.944516129032258,2100,R3,0.0,0.0
0.9464516129032258,0.9879518072289156,1.0,0.001935483870967742,0.7961769630372203,0.05709677419354839,clinc150,0,0.944516129032258,0.0009523809523809524,0.164,0.164,0.164,1000,166,0.05,0.0016129032258064516,0.9573105773421272,0.9255214285714286,0.8335319825188717,0.7150647580095433,0.9990476190476191,,3100,0.164,2506,False,selective,0.8,0.944516129032258,2100,R3,0.0,0.0
0.9464516129032258,0.9879518072289156,1.0,0.001935483870967742,0.7961769630372203,0.05709677419354839,clinc150,0,0.944516129032258,0.0009523809523809524,0.164,0.164,0.164,1000,166,0.075,0.0016129032258064516,0.9573105773421272,0.9255214285714286,0.8335319825188717,0.7150647580095433,0.9990476190476191,,3100,0.164,2506,False,selective,0.8,0.944516129032258,2100,R3,0.0,0.0
0.9474193548387096,0.9877300613496932,1.0,0.002903225806451613,0.7992825339518184,0.05709677419354839,clinc150,0,0.944516129032258,0.0009523809523809524,0.161,0.161,0.161,1000,163,0.1,0.0016129032258064516,0.9573105773421272,0.9255214285714286,0.8330355370260076,0.714334354783793,0.9990476190476191,,3100,0.161,2506,False,selective,0.8,0.944516129032258,2100,R3,0.0,0.0
0.95,0.9870967741935484,1.0,0.005483870967741935,0.8077597027842938,0.05709677419354839,clinc150,0,0.944516129032258,0.0009523809523809524,0.153,0.153,0.153,1000,155,0.15,0.0016129032258064516,0.9573105773421272,0.9255214285714286,0.8317145688800793,0.7123938879456706,0.9990476190476191,,3100,0.153,2506,False,selective,0.8,0.944516129032258,2100,R3,0.0,0.0
,,,,,,banking77_open,,,,,0.932872655478776,,,,,,,,,,,0.001,,,2506,,R0,,,,,,
,,,,,,banking77_open,,,,,0.932872655478776,,,,,,,,,,,0.01,,,2506,,R0,,,,,,
,,,,,,banking77_open,,,,,0.926949654491609,,,,,,,,,,,0.1,,,2506,,R0,,,,,,
,,,,,,banking77_open,,,,,0.8825271470878578,,,,,,,0.8174751656334482,,,,0.0001,,,2506,,R2,,,,,,
,,,,,,banking77_open,,,,,0.8825271470878578,,,,,,,0.8172613403477765,,,,0.001,,,2506,,R2,,,,,,
,,,,,,banking77_open,,,,,0.8835143139190523,,,,,,,0.8169509488040594,,,,0.01,,,2506,,R2,,,,,,
,,,,,,banking77_open,,,,,0.8845014807502468,,,,,,,0.8163232681267647,,,,0.1,,,2506,,R2,,,,,,
0.22054556006964596,0.3190618019359643,0.8908523908523909,0.0,0.5028860266500326,0.779454439930354,banking77_open,0,0.22054556006964596,0.70859021783806,0.857401641893092,0.8460019743336624,0.9496544916090819,1013,2686,0.0,0.0,0.893651135056373,0.8163232681267647,0.444096461008456,0.9328947368421052,0.29140978216193997,,3446,0.8460019743336624,2506,False,selective,0.2,0.22054556006964596,2433,MAX_THRESHOLD,0.5142857142857142,0.10365251727541955
0.3134068485200232,0.35672020287404904,0.8997867803837953,0.0,0.5040304855524863,0.6865931514799768,banking77_open,0,0.3134068485200232,0.5869297163995068,0.8443485193787488,0.8331688055281342,0.9259624876604146,1013,2366,0.0,0.0,0.893651135056373,0.8163232681267647,0.5721605465414176,0.9305555555555556,0.4130702836004932,,3446,0.8331688055281342,2506,False,selective,0.25,0.3134068485200232,2433,MAX_THRESHOLD,0.4857142857142857,0.09279368213228036
0.4143934997098085,0.39890981169474726,0.9044943820224719,0.0,0.5090868789791729,0.5856065002901916,banking77_open,0,0.4143934997098085,0.4636251541307028,0.8062607049333776,0.7946692991115498,0.87857847976308,1013,2018,0.0,0.0,0.893651135056373,0.8163232681267647,0.6759906759906761,0.9138655462184874,0.5363748458692972,,3446,0.7946692991115498,2506,True,selective,0.3,0.4143934997098085,2433,MAX_THRESHOLD,0.4,0.08390918065153011
0.5130586186883344,0.4505363528009535,0.9185905224787363,0.0,0.5180326254019133,0.4869413813116657,banking77_open,0,0.5130586186883344,0.35141800246609123,0.7600748048744702,0.7462981243830207,0.8124383020730503,1013,1678,0.0,0.0,0.893651135056373,0.8163232681267647,0.7512497024517972,0.8925339366515838,0.6485819975339088,,3446,0.7462981243830207,2506,False,selective,0.35,0.5130586186883344,2433,MAX_THRESHOLD,0.34285714285714286,0.06614017769002961
0.6053395240858966,0.5036764705882353,0.9244264507422402,0.0,0.5349469522277607,0.3946604759141033,banking77_open,0,0.6053395240858966,0.2544184134812988,0.6892751215478818,0.6762092793682132,0.7314906219151036,1013,1360,0.0,0.0,0.893651135056373,0.8163232681267647,0.802832485063067,0.8696069031639502,0.7455815865187012,,3446,0.6762092793682132,2506,False,selective,0.4,0.6053395240858966,2433,MAX_THRESHOLD,0.22857142857142856,0.055281342546890426
0.6889146836912362,0.5643656716417911,0.9365325077399381,0.0,0.5593692826664776,0.3110853163087638,banking77_open,0,0.6889146836912362,0.17509247842170161,0.608988302828468,0.5972359328726555,0.6377097729516288,1013,1072,0.0,0.0,0.893651135056373,0.8163232681267647,0.8350322446432287,0.8454085930918281,0.8249075215782984,,3446,0.5972359328726555,2506,False,selective,0.45,0.6889146836912362,2433,MAX_THRESHOLD,0.2,0.040473840078973346
0.7629135229251306,0.631578947368421,0.9485294117647058,0.0,0.5933214288369273,0.2370864770748694,banking77_open,0,0.7629135229251306,0.11220715166461159,0.5239255905094582,0.5093780848963475,0.5370187561697927,1013,817,0.0,0.0,0.893651135056373,0.8163232681267647,0.8534176214934808,0.8216051730696082,0.8877928483353884,,3446,0.5093780848963475,2506,False,selective,0.5,0.7629135229251306,2433,MAX_THRESHOLD,0.17142857142857143,0.027640671273445213
0.830237957051654,0.7333333333333333,0.9618834080717489,0.0,0.6336190066372119,0.1697620429483459,banking77_open,0,0.830237957051654,0.057131113851212494,0.435296921505714,0.42349457058242845,0.44027640671273444,1013,585,0.0,0.0,0.893651135056373,0.8163232681267647,0.8666414809217983,0.8018175463124781,0.9428688861487875,,3446,0.42349457058242845,2506,False,selective,0.55,0.830237957051654,2433,MAX_THRESHOLD,0.10526315789473684,0.01678183613030602
0.8720255368543238,0.7913832199546486,0.9667590027700831,0.0,0.677917316170039,0.12797446314567615,banking77_open,0,0.8720255368543238,0.032881216605014384,0.35505339029892713,0.3445212240868707,0.35636722606120436,1013,441,0.0,0.0,0.893651135056373,0.8163232681267647,0.8653916881206326,0.7830282861896839,0.9671187833949856,,3446,0.3445212240868707,2506,False,selective,0.6,0.8720255368543238,2433,MAX_THRESHOLD,0.10526315789473684,0.011846001974333662
0.9065583284968078,0.8571428571428571,0.968421052631579,0.0,0.7246970555507746,0.0934416715031921,banking77_open,0,0.9065583284968078,0.015207562679819153,0.2805263328221186,0.2724580454096742,0.2813425468904245,1013,322,0.0,0.0,0.893651135056373,0.8163232681267647,0.8623357926938995,0.7669654289372599,0.9847924373201808,,3446,0.2724580454096742,2506,False,selective,0.65,0.9065583284968078,2433,MAX_THRESHOLD,0.08571428571428572,0.008884501480750246
0.9280325014509576,0.8790322580645161,0.9732142857142857,0.0,0.7667681035700095,0.07196749854904237,banking77_open,0,0.9280325014509576,0.009864364981504316,0.2219128587312442,0.21520236920039487,0.2211253701875617,1013,248,0.0,0.0,0.893651135056373,0.8163232681267647,0.8556206712839638,0.7532833020637899,0.9901356350184957,,3446,0.21520236920039487,2506,False,selective,0.7,0.9280325014509576,2433,MAX_THRESHOLD,0.043478260869565216,0.005923000987166831
0.9474753337202554,0.9281767955801105,0.9824561403508771,0.0,0.8071964188473635,0.052524666279744635,banking77_open,0,0.9474753337202554,0.004110152075626798,0.17228441862948224,0.16584402764067127,0.1688055281342547,1013,181,0.0,0.0,0.893651135056373,0.8163232681267647,0.8504738504738505,0.7421133231240429,0.9958898479243732,,3446,0.16584402764067127,2506,False,selective,0.75,0.9474753337202554,2433,MAX_THRESHOLD,0.0,0.0029615004935834156
0.9660475914103308,0.9230769230769231,0.9818181818181818,0.0,0.8619631477485655,0.033952408589669185,banking77_open,0,0.9660475914103308,0.002877106452938759,0.1089321663471313,0.10661401776900296,0.10858835143139191,1013,117,0.0,0.0,0.893651135056373,0.8163232681267647,0.8420687261367581,0.728747371583058,0.9971228935470613,,3446,0.10661401776900296,2506,False,selective,0.8,0.9660475914103308,2433,MAX_THRESHOLD,0.0,0.0019743336623889436
0.6694718514219384,0.3292361720807726,0.9517766497461929,0.4489262913522925,0.8328567305064062,1.66366802089379,banking77_open,0,0.22054556006964596,0.3062063296341965,0.37722988818432207,0.37018756169792694,0.3889437314906219,1013,1139,0.0,0.4489262913522925,0.893651135056373,0.8163232681267647,0.7122362869198312,0.7316861725184222,0.6937936703658035,,3446,0.37018756169792694,2506,False,selective,0.2,0.22054556006964596,2433,R3,0.06896551724137931,0.018756169792694965
0.6729541497388276,0.33274179236912155,0.9517766497461929,0.4524085896691817,0.8328567305064062,1.66366802089379,banking77_open,0,0.22054556006964596,0.3012741471434443,0.37722988818432207,0.37018756169792694,0.3889437314906219,1013,1127,0.025,0.4489262913522925,0.893651135056373,0.8163232681267647,0.7154882154882154,0.733074601121173,0.6987258528565556,,3446,0.37018756169792694,2506,False,selective,0.2,0.22054556006964596,2433,R3,0.06896551724137931,0.018756169792694965
0.6865931514799768,0.3453703703703704,0.9539641943734015,0.4660475914103308,0.8330214558715395,1.66366802089379,banking77_open,0,0.22054556006964596,0.2831894780106864,0.3747797457341796,0.368213228035538,0.3859822309970385,1013,1080,0.05,0.4489262913522925,0.893651135056373,0.8163232681267647,0.7268180871014795,0.7371090448013525,0.7168105219893136,,3446,0.368213228035538,2506,False,selective,0.2,0.22054556006964596,2433,R3,0.06896551724137931,0.017769002961500493
0.7054556006964596,0.36551724137931035,0.9636363636363636,0.4849100406268137,0.8332383332914883,1.66366802089379,banking77_open,0,0.22054556006964596,0.2589395807644883,0.37295282265725654,0.36623889437314905,0.3800592300098717,1013,1015,0.075,0.4489262913522925,0.893651135056373,0.8163232681267647,0.7413651315789473,0.7416700946112711,0.7410604192355117,,3446,0.36623889437314905,2506,False,selective,0.2,0.22054556006964596,2433,R3,0.06896551724137931,0.013820335636722606
0.7272199651770168,0.39361702127659576,0.9711286089238845,0.5066744051073708,0.8333262706467004,1.66366802089379,banking77_open,0,0.22054556006964596,0.22975750102753803,0.3721515406059745,0.36525172754195456,0.3761105626850938,1013,940,0.1,0.4489262913522925,0.893651135056373,0.8163232681267647,0.7588580684349059,0.74780526735834,0.770242498972462,,3446,0.36525172754195456,2506,False,selective,0.2,0.22054556006964596,2433,R3,0.06896551724137931,0.01085883514313919
0.7678467788740568,0.44625,0.9807692307692307,0.547301218804411,0.8351102717222008,1.66366802089379,banking77_open,0,0.22054556006964596,0.1792026304973284,0.3598700574912573,0.35241855873642647,0.35932872655478776,1013,800,0.15,0.4489262913522925,0.893651135056373,0.8163232681267647,0.7863752707225832,0.754724111866969,0.8207973695026716,,3446,0.35241855873642647,2506,False,selective,0.2,0.22054556006964596,2433,R3,0.06896551724137931,0.006910167818361303
0.636680208937899,0.3769968051118211,0.9574036511156186,0.3232733604178758,0.7739695337077942,1.2147417295414973,banking77_open,0,0.3134068485200232,0.311960542540074,0.4794761291454847,0.46594274432379074,0.4866732477788746,1013,1252,0.0,0.3232733604178758,0.893651135056373,0.8163232681267647,0.723578992867949,0.7629899726526892,0.688039457459926,,3446,0.46594274432379074,2506,False,selective,0.25,0.3134068485200232,2433,R3,0.06896551724137931,0.02073050345508391
0.6416134648868254,0.3813765182186235,0.9612244897959183,0.3282066163668021,0.7740837020622529,1.2147417295414973,banking77_open,0,0.3134068485200232,0.3062063296341965,0.47848993585159916,0.46495557749259625,0.4837117472852912,1013,1235,0.025,0.3232733604178758,0.893651135056373,0.8163232681267647,0.726959517657192,0.7634554500226142,0.6937936703658035,,3446,0.46495557749259625,2506,False,selective,0.25,0.3134068485200232,2433,R3,0.06896551724137931,0.018756169792694965
0.6526407428903076,0.39097744360902253,0.9629629629629629,0.3392338943702844,0.7744987406962573,1.2147417295414973,banking77_open,0,0.3134068485200232,0.2922318125770654,0.47612563348729675,0.46199407699901285,0.4797630799605133,1013,1197,0.05,0.3232733604178758,0.893651135056373,0.8163232681267647,0.7355830841520717,0.7656736327256558,0.7077681874229347,,3446,0.46199407699901285,2506,False,selective,0.25,0.3134068485200232,2433,R3,0.06896551724137931,0.017769002961500493
0.671213000580383,0.4077669902912621,0.9705882352941176,0.3578061520603598,0.7753575975537633,1.2147417295414973,banking77_open,0,0.3134068485200232,0.27003699136868065,0.46936502233090555,0.456071076011846,0.4698914116485686,1013,1133,0.075,0.3232733604178758,0.893651135056373,0.8163232681267647,0.7484197218710494,0.767833981841764,0.7299630086313194,,3446,0.456071076011846,2506,False,selective,0.25,0.3134068485200232,2433,R3,0.06896551724137931,0.013820335636722606
0.6903656413232734,0.42736644798500467,0.9764453961456103,0.3769587928032501,0.776460897370238,1.2147417295414973,banking77_open,0,0.3134068485200232,0.2466091245376079,0.46422207710698865,0.4501480750246792,0.46100691016781836,1013,1067,0.1,0.3232733604178758,0.893651135056373,0.8163232681267647,0.7618453865336657,0.7704918032786885,0.7533908754623921,,3446,0.4501480750246792,2506,False,selective,0.25,0.3134068485200232,2433,R3,0.06896551724137931,0.01085883514313919
0.7336041787579802,0.4782135076252723,0.984304932735426,0.4201973302379571,0.7792830424318958,1.2147417295414973,banking77_open,0,0.3134068485200232,0.19399917796958488,0.448288000077019,0.43336623889437315,0.44027640671273444,1013,918,0.15,0.3232733604178758,0.893651135056373,0.8163232681267647,0.7905664180608747,0.7757120253164557,0.8060008220304151,,3446,0.43336623889437315,2506,False,selective,0.25,0.3134068485200232,2433,R3,0.06896551724137931,0.006910167818361303
0.6311665699361578,0.41856805664830843,0.9585585585585585,0.2167730702263494,0.7179625272391005,0.8885664538595474,banking77_open,0,0.4143934997098085,0.2942868886148787,0.5415376465778534,0.5251727541954591,0.5478775913129319,1013,1271,0.0,0.2167730702263494,0.893651135056373,0.8163232681267647,0.7452256944444443,0.7894252873563219,0.7057131113851213,,3446,0.5251727541954591,2506,False,selective,0.3,0.4143934997098085,2433,R3,0.10344827586206896,0.022704837117472853
0.6337782936738248,0.4215530903328051,0.9602888086642599,0.21938479396401625,0.7179625272391005,0.8885664538595474,banking77_open,0,0.4143934997098085,0.2909987669543773,0.5415376465778534,0.5251727541954591,0.5468904244817374,1013,1262,0.025,0.2167730702263494,0.893651135056373,0.8163232681267647,0.7472384665367121,0.7898351648351648,0.7090012330456227,,3446,0.5251727541954591,2506,False,selective,0.3,0.4143934997098085,2433,R3,0.10344827586206896,0.02171767028627838
0.6430644225188624,0.4300813008130081,0.9635701275045537,0.228670922809054,0.7185015501107543,0.8885664538595474,banking77_open,0,0.4143934997098085,0.279901356350185,0.5389641516966662,0.5222112537018756,0.5419545903257651,1013,1230,0.05,0.2167730702263494,0.893651135056373,0.8163232681267647,0.7537104753710476,0.7906137184115524,0.720098643649815,,3446,0.5222112537018756,2506,False,selective,0.3,0.4143934997098085,2433,R3,0.10344827586206896,0.019743336623889437
0.6587347649448636,0.44642857142857145,0.9704251386321626,0.24434126523505514,0.7192409804570391,0.8885664538595474,banking77_open,0,0.4143934997098085,0.26099465680230166,0.5354850221305801,0.5182625863770978,0.5340572556762093,1013,1176,0.075,0.2167730702263494,0.893651135056373,0.8163232681267647,0.7646183287263448,0.7920704845814978,0.7390053431976983,,3446,0.5182625863770978,2506,False,selective,0.3,0.4143934997098085,2433,R3,0.10344827586206896,0.01579466929911155
0.677887405687754,0.46216216216216216,0.9752851711026616,0.2634939059779454,0.7216692113026502,0.8885664538595474,banking77_open,0,0.4143934997098085,0.24003288121660502,0.5240277198899651,0.506416584402764,0.5192497532082923,1013,1110,0.1,0.2167730702263494,0.893651135056373,0.8163232681267647,0.775424617320193,0.7915239726027398,0.759967118783395,,3446,0.506416584402764,2506,False,selective,0.3,0.4143934997098085,2433,R3,0.10344827586206896,0.012833168805528134
0.7176436448055716,0.5087358684480987,0.9821428571428571,0.3032501450957632,0.7258409482345428,0.8885664538595474,banking77_open,0,0.4143934997098085,0.19276613234689682,0.506679066821056,0.4886475814412636,0.49753208292201384,1013,973,0.15,0.2167730702263494,0.893651135056373,0.8163232681267647,0.8006522625356707,0.7941771128184392,0.8072338676531031,,3446,0.4886475814412636,2506,False,selective,0.3,0.4143934997098085,2433,R3,0.10344827586206896,0.008884501480750246
0.652930934416715,0.4690635451505017,0.9639175257731959,0.13987231572838074,0.6757588319557228,0.6633778293673824,banking77_open,0,0.5130586186883344,0.25236333744348544,0.5711507034322625,0.5538005923000987,0.5745310957551826,1013,1196,0.0,0.13987231572838074,0.893651135056373,0.8163232681267647,0.7768524450138801,0.8084444444444444,0.7476366625565146,,3446,0.5538005923000987,2506,False,selective,0.35,0.5130586186883344,2433,R3,0.25,0.02073050345508391
0.6564132327336042,0.47381756756756754,0.9655765920826161,0.1433546140452699,0.6757588319557228,0.6633778293673824,banking77_open,0,0.5130586186883344,0.24784217016029594,0.5711507034322625,0.5538005923000987,0.5735439289239882,1013,1184,0.025,0.13987231572838074,0.893651135056373,0.8163232681267647,0.779552715654952,0.8090185676392573,0.752157829839704,,3446,0.5538005923000987,2506,False,selective,0.35,0.5130586186883344,2433,R3,0.25,0.019743336623889437
0.6627974463145676,0.4819277108433735,0.9655172413793104,0.1497388276262333,0.67601706654089,0.6633778293673824,banking77_open,0,0.5130586186883344,0.23921085080147966,0.5704181026996618,0.5528134254689042,0.5725567620927937,1013,1162,0.05,0.13987231572838074,0.893651135056373,0.8163232681267647,0.7848208607165571,0.8104203152364273,0.7607891491985204,,3446,0.5528134254689042,2506,False,selective,0.35,0.5130586186883344,2433,R3,0.25,0.019743336623889437
0.6741149158444574,0.4951024042742654,0.9686411149825784,0.16105629715612305,0.6770035243428972,0.6633778293673824,banking77_open,0,0.5130586186883344,0.22564734895191121,0.5671269856830545,0.5488647581441264,0.5666337611056268,1013,1123,0.075,0.13987231572838074,0.893651135056373,0.8163232681267647,0.7922624053826746,0.8110202324580285,0.7743526510480888,,3446,0.5488647581441264,2506,False,selective,0.35,0.5130586186883344,2433,R3,0.25,0.017769002961500493
0.6883343006384214,0.5111731843575419,0.9751332149200711,0.17527568195008705,0.6787296234475277,0.6633778293673824,banking77_open,0,0.5130586186883344,0.21002877106452938,0.5595135255572985,0.5419545903257651,0.5557749259624877,1013,1074,0.1,0.13987231572838074,0.893651135056373,0.8163232681267647,0.8,0.8102866779089376,0.7899712289354706,,3446,0.5419545903257651,2506,False,selective,0.35,0.5130586186883344,2433,R3,0.24,0.013820335636722606
0.7202553685432386,0.5477178423236515,0.9887640449438202,0.20719674985490424,0.6852626186835885,0.6633778293673824,banking77_open,0,0.5130586186883344,0.17673653925195232,0.5389187367727175,0.5212240868706811,0.527147087857848,1013,964,0.15,0.13987231572838074,0.893651135056373,0.8163232681267647,0.815055951169888,0.8070104754230459,0.8232634607480477,,3446,0.5212240868706811,2506,False,selective,0.35,0.5130586186883344,2433,R3,0.2,0.005923000987166831
0.6822402785838654,0.5178082191780822,0.9593908629441624,0.07690075449796865,0.6393670813486798,0.483749274521184,banking77_open,0,0.6053395240858966,0.20715166461159062,0.5782601877929945,0.5597235932872655,0.5834155972359328,1013,1095,0.0,0.07690075449796865,0.893651135056373,0.8163232681267647,0.806438127090301,0.8205019140791153,0.7928483353884094,,3446,0.5597235932872655,2506,False,selective,0.4,0.6053395240858966,2433,R3,0.17142857142857143,0.023692003948667325
0.683401044689495,0.5197066911090742,0.9610169491525423,0.07806152060359837,0.6393670813486798,0.483749274521184,banking77_open,0,0.6053395240858966,0.2059186189889026,0.5782601877929945,0.5597235932872655,0.5824284304047384,1013,1091,0.025,0.07690075449796865,0.893651135056373,0.8163232681267647,0.8070175438596492,0.8203821656050956,0.7940813810110974,,3446,0.5597235932872655,2506,False,selective,0.4,0.6053395240858966,2433,R3,0.17142857142857143,0.022704837117472853
0.6883343006384214,0.5251396648044693,0.962457337883959,0.08299477655252467,0.6402713997353232,0.483749274521184,banking77_open,0,0.6053395240858966,0.20057542129058775,0.5752392623582759,0.5567620927936822,0.5784797630799605,1013,1074,0.05,0.07690075449796865,0.893651135056373,0.8163232681267647,0.809573361082206,0.8199831365935919,0.7994245787094123,,3446,0.5567620927936822,2506,False,selective,0.4,0.6053395240858966,2433,R3,0.17142857142857143,0.02171767028627838
0.6973302379570516,0.5378715244487057,0.9672413793103448,0.09199071387115496,0.6411467664174094,0.483749274521184,banking77_open,0,0.6053395240858966,0.19030004110152077,0.5726657674770887,0.5538005923000987,0.5725567620927937,1013,1043,0.075,0.07690075449796865,0.893651135056373,0.8163232681267647,0.8147229114971051,0.8198085726175613,0.8096999588984792,,3446,0.5538005923000987,2506,False,selective,0.4,0.6053395240858966,2433,R3,0.17142857142857143,0.018756169792694965
0.706326175275682,0.5503952569169961,0.9720767888307156,0.10098665118978525,0.6424567638193851,0.483749274521184,banking77_open,0,0.6053395240858966,0.18043567612001643,0.5686100193036935,0.5498519249753209,0.5656465942744324,1013,1012,0.1,0.07690075449796865,0.893651135056373,0.8163232681267647,0.8193959317854941,0.819227608874281,0.8195643238799836,,3446,0.5498519249753209,2506,False,selective,0.4,0.6053395240858966,2433,R3,0.17142857142857143,0.01579466929911155
0.7321532211259432,0.5785482123510293,0.9870609981515711,0.12681369704004644,0.650847808567925,0.483749274521184,banking77_open,0,0.6053395240858966,0.1570078092889437,0.5462701932185944,0.527147087857848,0.5340572556762093,1013,923,0.15,0.07690075449796865,0.893651135056373,0.8163232681267647,0.8276836158192089,0.8129211256440745,0.8429921907110564,,3446,0.527147087857848,2506,False,selective,0.4,0.6053395240858966,2433,R3,0.17142857142857143,0.006910167818361303
0.7315728380731282,0.572972972972973,0.9584086799276673,0.04265815438189205,0.631572355853604,0.3586767266395821,banking77_open,0,0.6889146836912362,0.15289765721331688,0.5365408633027972,0.5231984205330701,0.5459032576505429,1013,925,0.0,0.04265815438189205,0.893651135056373,0.8163232681267647,0.83205490512717,0.8175327251090837,0.8471023427866831,,3446,0.5231984205330701,2506,False,selective,0.45,0.6889146836912362,2433,R3,0.17142857142857143,0.022704837117472853
0.7330237957051654,0.5760869565217391,0.9618874773139746,0.04410911201392919,0.631572355853604,0.3586767266395821,banking77_open,0,0.6889146836912362,0.15166461159062886,0.5365408633027972,0.5231984205330701,0.543928923988154,1013,920,0.025,0.04265815438189205,0.893651135056373,0.8163232681267647,0.8324258923169994,0.8171021377672208,0.8483353884093712,,3446,0.5231984205330701,2506,False,selective,0.45,0.6889146836912362,2433,R3,0.17142857142857143,0.02073050345508391
0.7376668601276842,0.584070796460177,0.9652650822669104,0.04875217643644805,0.6322924066948872,0.3586767266395821,banking77_open,0,0.6889146836912362,0.1467324290998767,0.5346704967109452,0.5212240868706811,0.5399802566633761,1013,904,0.05,0.04265815438189205,0.893651135056373,0.8163232681267647,0.834572864321608,0.8166797797010228,0.8532675709001233,,3446,0.5212240868706811,2506,False,selective,0.45,0.6889146836912362,2433,R3,0.17142857142857143,0.018756169792694965
0.7423099245502032,0.5923423423423423,0.9704797047970479,0.053395240858966915,0.6330688051828164,0.3586767266395821,banking77_open,0,0.6889146836912362,0.14221126181668722,0.5325337445741931,0.5192497532082923,0.5350444225074038,1013,888,0.075,0.04265815438189205,0.893651135056373,0.8163232681267647,0.8363053496293327,0.8158717748240814,0.8577887381833128,,3446,0.5192497532082923,2506,False,selective,0.45,0.6889146836912362,2433,R3,0.17142857142857143,0.01579466929911155
0.7492745211839814,0.6030092592592593,0.9756554307116105,0.06035983749274521,0.6350819054832789,0.3586767266395821,banking77_open,0,0.6889146836912362,0.13563501849568435,0.5284218434034683,0.5143139190523198,0.527147087857848,1013,864,0.1,0.04265815438189205,0.893651135056373,0.8163232681267647,0.8386839481555334,0.8144848954298993,0.8643649815043156,,3446,0.5143139190523198,2506,False,selective,0.45,0.6889146836912362,2433,R3,0.16666666666666666,0.012833168805528134
0.7675565873476494,0.6254681647940075,0.9842829076620825,0.07864190365641323,0.643711725563081,0.3586767266395821,banking77_open,0,0.6889146836912362,0.12001644060830251,0.5093839835238765,0.4945705824284304,0.5024679170779862,1013,801,0.15,0.04265815438189205,0.893651135056373,0.8163232681267647,0.843245372193777,0.8094517958412099,0.8799835593916975,,3446,0.4945705824284304,2506,False,selective,0.45,0.6889146836912362,2433,R3,0.16666666666666666,0.007897334649555774
0.7861288450377248,0.6431478968792401,0.9653767820773931,0.023215322112594312,0.6397198596932064,0.2617527568195009,banking77_open,0,0.7629135229251306,0.10110974106041924,0.4819617168054483,0.46791707798617965,0.4846989141164857,1013,737,0.0,0.023215322112594312,0.893651135056373,0.8163232681267647,0.8506417736289381,0.8073089700996677,0.8988902589395807,,3446,0.46791707798617965,2506,False,selective,0.5,0.7629135229251306,2433,R3,0.16,0.01678183613030602
0.7872896111433546,0.6466575716234653,0.9673469387755103,0.024376088218224026,0.6397198596932064,0.2617527568195009,banking77_open,0,0.7629135229251306,0.0998766954377312,0.4819617168054483,0.46791707798617965,0.4837117472852912,1013,733,0.025,0.023215322112594312,0.893651135056373,0.8163232681267647,0.8511465215701516,0.807224474751198,0.9001233045622689,,3446,0.46791707798617965,2506,False,selective,0.5,0.7629135229251306,2433,R3,0.16,0.01579466929911155
0.7887405687753918,0.6483516483516484,0.9691991786447639,0.025827045850261174,0.6405646655303152,0.2617527568195009,banking77_open,0,0.7629135229251306,0.09905466502260583,0.480250413648094,0.46594274432379074,0.4807502467917078,1013,728,0.05,0.023215322112594312,0.893651135056373,0.8163232681267647,0.8510968743933217,0.8064753495217072,0.9009453349773942,,3446,0.46594274432379074,2506,False,selective,0.5,0.7629135229251306,2433,R3,0.16,0.014807502467917079
0.7904817179338364,0.6523545706371191,0.9711340206185567,0.027568195008705745,0.6410516627381432,0.2617527568195009,banking77_open,0,0.7629135229251306,0.09741060419235512,0.47922477262245294,0.46495557749259625,0.47877591312931883,1013,722,0.075,0.023215322112594312,0.893651135056373,0.8163232681267647,0.8516579406631762,0.8061674008810573,0.9025893958076449,,3446,0.46495557749259625,2506,False,selective,0.5,0.7629135229251306,2433,R3,0.12,0.013820335636722606
0.794254207777133,0.6586741889985895,0.9749478079331941,0.03134068485200232,0.64300525541931,0.2617527568195009,banking77_open,0,0.7629135229251306,0.09453349773941636,0.4757628750429083,0.46100691016781836,0.472852912142152,1013,709,0.1,0.023215322112594312,0.893651135056373,0.8163232681267647,0.8522243713733075,0.8048958713920351,0.9054665022605837,,3446,0.46100691016781836,2506,False,selective,0.5,0.7629135229251306,2433,R3,0.12,0.011846001974333662
0.8070226349390598,0.6766917293233082,0.982532751091703,0.04410911201392919,0.6522040069741102,0.2617527568195009,banking77_open,0,0.7629135229251306,0.08508014796547472,0.45940877418740744,0.4442250740375123,0.4521224086870681,1013,665,0.15,0.023215322112594312,0.893651135056373,0.8163232681267647,0.8538550057537401,0.8004314994606256,0.9149198520345253,,3446,0.4442250740375123,2506,False,selective,0.5,0.7629135229251306,2433,R3,0.12,0.007897334649555774
0.8398142774230992,0.7318840579710145,0.9688249400479616,0.009576320371445153,0.6626355287652547,0.1796285548461985,banking77_open,0,0.830237957051654,0.055487053020961775,0.41034193502730965,0.39881539980256664,0.4116485686080948,1013,552,0.0,0.009576320371445153,0.893651135056373,0.8163232681267647,0.8627745447719166,0.7940566689702834,0.9445129469790382,,3446,0.39881539980256664,2506,False,selective,0.55,0.830237957051654,2433,R3,0.10526315789473684,0.012833168805528134
0.8401044689495066,0.7332123411978222,0.9688249400479616,0.009866511897852582,0.6626355287652547,0.1796285548461985,banking77_open,0,0.830237957051654,0.05507603781339909,0.41034193502730965,0.39881539980256664,0.4116485686080948,1013,551,0.025,0.009576320371445153,0.893651135056373,0.8163232681267647,0.8629879879879879,0.7941278065630397,0.9449239621866009,,3446,0.39881539980256664,2506,False,selective,0.55,0.830237957051654,2433,R3,0.10526315789473684,0.012833168805528134
0.840975043528729,0.7372262773722628,0.9711538461538461,0.010737086477074869,0.6626355287652547,0.1796285548461985,banking77_open,0,0.830237957051654,0.05425400739827373,0.41034193502730965,0.39881539980256664,0.4106614017769003,1013,548,0.05,0.009576320371445153,0.893651135056373,0.8163232681267647,0.8632526730444571,0.7939958592132506,0.9457459926017263,,3446,0.39881539980256664,2506,False,selective,0.55,0.830237957051654,2433,R3,0.10526315789473684,0.011846001974333662
0.8421358096343586,0.7426470588235294,0.9758454106280193,0.011897852582704585,0.6626355287652547,0.1796285548461985,banking77_open,0,0.830237957051654,0.053431976983148374,0.41034193502730965,0.39881539980256664,0.40868706811451133,1013,544,0.075,0.009576320371445153,0.893651135056373,0.8163232681267647,0.8633552014995314,0.7935906271536871,0.9465680230168516,,3446,0.39881539980256664,2506,False,selective,0.55,0.830237957051654,2433,R3,0.10526315789473684,0.009871668311944718
0.8438769587928032,0.7453531598513011,0.9780487804878049,0.013639001741149159,0.6643607451556085,0.1796285548461985,banking77_open,0,0.830237957051654,0.052609946568023015,0.40623003385658496,0.39585389930898324,0.40473840078973344,1013,538,0.1,0.009576320371445153,0.893651135056373,0.8163232681267647,0.8631342445234974,0.7926409903713892,0.947390053431977,,3446,0.39585389930898324,2506,False,selective,0.55,0.830237957051654,2433,R3,0.10526315789473684,0.008884501480750246
0.8493905977945444,0.7495183044315993,0.9798488664987406,0.019152640742890307,0.6713772020978357,0.1796285548461985,banking77_open,0,0.830237957051654,0.05014385532264694,0.3956860286236264,0.3840078973346496,0.39190523198420535,1013,519,0.15,0.009576320371445153,0.893651135056373,0.8163232681267647,0.8623134328358208,0.789545609839426,0.949856144677353,,3446,0.3840078973346496,2506,False,selective,0.55,0.830237957051654,2433,R3,0.10526315789473684,0.007897334649555774
0.877539175856065,0.7819905213270142,0.9649122807017544,0.005513639001741149,0.6996027143215177,0.1337782936738247,banking77_open,0,0.8720255368543238,0.032881216605014384,0.33618017326479055,0.32576505429417574,0.3376110562685094,1013,422,0.0,0.005513639001741149,0.893651135056373,0.8163232681267647,0.8623785962983324,0.7781084656084656,0.9671187833949856,,3446,0.32576505429417574,2506,False,selective,0.6,0.8720255368543238,2433,R3,0.10526315789473684,0.011846001974333662
0.877539175856065,0.7819905213270142,0.9649122807017544,0.005513639001741149,0.6996027143215177,0.1337782936738247,banking77_open,0,0.8720255368543238,0.032881216605014384,0.33618017326479055,0.32576505429417574,0.3376110562685094,1013,422,0.025,0.005513639001741149,0.893651135056373,0.8163232681267647,0.8623785962983324,0.7781084656084656,0.9671187833949856,,3446,0.32576505429417574,2506,False,selective,0.6,0.8720255368543238,2433,R3,0.10526315789473684,0.011846001974333662
0.8778293673824724,0.7838479809976246,0.9649122807017544,0.005803830528148578,0.6996027143215177,0.1337782936738247,banking77_open,0,0.8720255368543238,0.03247020139745171,0.33618017326479055,0.32576505429417574,0.3376110562685094,1013,421,0.05,0.005513639001741149,0.893651135056373,0.8163232681267647,0.8625870282154636,0.7781818181818182,0.9675297986025483,,3446,0.32576505429417574,2506,False,selective,0.6,0.8720255368543238,2433,R3,0.10526315789473684,0.011846001974333662
0.8781195589088798,0.7857142857142857,0.9649122807017544,0.006094022054556007,0.6996027143215177,0.1337782936738247,banking77_open,0,0.8720255368543238,0.032059186189889025,0.33618017326479055,0.32576505429417574,0.3376110562685094,1013,420,0.075,0.005513639001741149,0.893651135056373,0.8163232681267647,0.8627953837699213,0.7782551222736286,0.967940813810111,,3446,0.32576505429417574,2506,False,selective,0.6,0.8720255368543238,2433,R3,0.10526315789473684,0.011846001974333662
0.8792803250145096,0.7908653846153846,0.9705014749262537,0.007254788160185722,0.700305896062893,0.1337782936738247,banking77_open,0,0.8720255368543238,0.03164817098232635,0.33515453223914954,0.32477788746298125,0.33464955577492594,1013,416,0.1,0.005513639001741149,0.893651135056373,0.8163232681267647,0.862529745561047,0.7775577557755775,0.9683518290176737,,3446,0.32477788746298125,2506,False,selective,0.6,0.8720255368543238,2433,R3,0.10526315789473684,0.009871668311944718
0.8818920487521764,0.7985257985257985,0.975975975975976,0.009866511897852582,0.7028088385825816,0.1337782936738247,banking77_open,0,0.8720255368543238,0.030415125359638306,0.3316892880512887,0.32082922013820336,0.32872655478775914,1013,407,0.15,0.005513639001741149,0.893651135056373,0.8163232681267647,0.8622076023391813,0.776242184929253,0.9695848746403617,,3446,0.32082922013820336,2506,False,selective,0.6,0.8720255368543238,2433,R3,0.10526315789473684,0.007897334649555774
0.9088798607080674,0.8535031847133758,0.9675090252707581,0.0023215322112594312,0.7341043029884226,0.09576320371445154,banking77_open,0,0.9065583284968078,0.015207562679819153,0.272615601578054,0.26456071076011844,0.2734452122408687,1013,314,0.0,0.0023215322112594312,0.893651135056373,0.8163232681267647,0.8610961365678347,0.7650063856960408,0.9847924373201808,,3446,0.26456071076011844,2506,False,selective,0.65,0.9065583284968078,2433,R3,0.08571428571428572,0.008884501480750246
0.9091700522344748,0.853035143769968,0.967391304347826,0.00261172373766686,0.734816162191394,0.09576320371445154,banking77_open,0,0.9065583284968078,0.015207562679819153,0.27139460035705276,0.263573543928924,0.2724580454096742,1013,313,0.025,0.0023215322112594312,0.893651135056373,0.8163232681267647,0.8609414301113905,0.7647622087456112,0.9847924373201808,,3446,0.263573543928924,2506,False,selective,0.65,0.9065583284968078,2433,R3,0.08571428571428572,0.008884501480750246
0.9091700522344748,0.853035143769968,0.967391304347826,0.00261172373766686,0.734816162191394,0.09576320371445154,banking77_open,0,0.9065583284968078,0.015207562679819153,0.27139460035705276,0.263573543928924,0.2724580454096742,1013,313,0.05,0.0023215322112594312,0.893651135056373,0.8163232681267647,0.8609414301113905,0.7647622087456112,0.9847924373201808,,3446,0.263573543928924,2506,False,selective,0.65,0.9065583284968078,2433,R3,0.08571428571428572,0.008884501480750246
0.9094602437608822,0.8525641025641025,0.9672727272727273,0.002901915264074289,0.7355804405557654,0.09576320371445154,banking77_open,0,0.9065583284968078,0.015207562679819153,0.27047884944130185,0.26258637709772953,0.2714708785784798,1013,312,0.075,0.0023215322112594312,0.893651135056373,0.8163232681267647,0.8607867792347764,0.7645181876196554,0.9847924373201808,,3446,0.26258637709772953,2506,False,selective,0.65,0.9065583284968078,2433,R3,0.08571428571428572,0.008884501480750246
0.910040626813697,0.8516129032258064,0.967032967032967,0.003482298316889147,0.7370788012183785,0.09576320371445154,banking77_open,0,0.9065583284968078,0.015207562679819153,0.2682322071946596,0.26061204343534056,0.2694965449160908,1013,310,0.1,0.0023215322112594312,0.893651135056373,0.8163232681267647,0.8604776441012749,0.764030612244898,0.9847924373201808,,3446,0.26061204343534056,2506,False,selective,0.65,0.9065583284968078,2433,R3,0.08571428571428572,0.008884501480750246
0.9112013929193268,0.8562091503267973,0.9703703703703703,0.0046430644225188625,0.7387902345264032,0.09576320371445154,banking77_open,0,0.9065583284968078,0.014796547472256474,0.26598556494801734,0.25863770977295164,0.2665350444225074,1013,306,0.15,0.0023215322112594312,0.893651135056373,0.8163232681267647,0.8602189126143908,0.763375796178344,0.9852034525277436,,3446,0.25863770977295164,2506,False,selective,0.65,0.9065583284968078,2433,R3,0.08571428571428572,0.007897334649555774
0.928322692977365,0.8785425101214575,0.9730941704035875,0.0002901915264074289,0.7682282071453194,0.0722576900754498,banking77_open,0,0.9280325014509576,0.009864364981504316,0.22096319111490992,0.21421520236920039,0.22013820335636722,1013,247,0.0,0.0002901915264074289,0.893651135056373,0.8163232681267647,0.85546875,0.7530478274460769,0.9901356350184957,,3446,0.21421520236920039,2506,False,selective,0.7,0.9280325014509576,2433,R3,0.043478260869565216,0.005923000987166831
0.928322692977365,0.8785425101214575,0.9730941704035875,0.0002901915264074289,0.7682282071453194,0.0722576900754498,banking77_open,0,0.9280325014509576,0.009864364981504316,0.22096319111490992,0.21421520236920039,0.22013820335636722,1013,247,0.025,0.0002901915264074289,0.893651135056373,0.8163232681267647,0.85546875,0.7530478274460769,0.9901356350184957,,3446,0.21421520236920039,2506,False,selective,0.7,0.9280325014509576,2433,R3,0.043478260869565216,0.005923000987166831
0.928322692977365,0.8785425101214575,0.9730941704035875,0.0002901915264074289,0.7682282071453194,0.0722576900754498,banking77_open,0,0.9280325014509576,0.009864364981504316,0.22096319111490992,0.21421520236920039,0.22013820335636722,1013,247,0.05,0.0002901915264074289,0.893651135056373,0.8163232681267647,0.85546875,0.7530478274460769,0.9901356350184957,,3446,0.21421520236920039,2506,False,selective,0.7,0.9280325014509576,2433,R3,0.043478260869565216,0.005923000987166831
0.9286128845037724,0.8780487804878049,0.972972972972973,0.0005803830528148578,0.7689924855096907,0.0722576900754498,banking77_open,0,0.9280325014509576,0.009864364981504316,0.22004744019915898,0.21322803553800593,0.21915103652517276,1013,246,0.075,0.0002901915264074289,0.893651135056373,0.8163232681267647,0.8553168826557784,0.7528125,0.9901356350184957,,3446,0.21322803553800593,2506,False,selective,0.7,0.9280325014509576,2433,R3,0.043478260869565216,0.005923000987166831
0.9291932675565874,0.8770491803278688,0.9727272727272728,0.0011607661056297156,0.7706435502258137,0.0722576900754498,banking77_open,0,0.9280325014509576,0.009864364981504316,0.21787677136182348,0.21125370187561698,0.21717670286278382,1013,244,0.1,0.0002901915264074289,0.893651135056373,0.8163232681267647,0.8550133096716948,0.7523422860712055,0.9901356350184957,,3446,0.21125370187561698,2506,False,selective,0.7,0.9280325014509576,2433,R3,0.043478260869565216,0.005923000987166831
0.9297736506094022,0.8760330578512396,0.9724770642201835,0.0017411491584445734,0.7723549835338384,0.0722576900754498,banking77_open,0,0.9280325014509576,0.009864364981504316,0.21563012911518123,0.20927936821322804,0.21520236920039487,1013,242,0.15,0.0002901915264074289,0.893651135056373,0.8163232681267647,0.854709952102182,0.75187265917603,0.9901356350184957,,3446,0.20927936821322804,2506,False,selective,0.7,0.9280325014509576,2433,R3,0.043478260869565216,0.005923000987166831
0.9477655252466628,0.9277777777777778,0.9823529411764705,0.0002901915264074289,0.8086565224226734,0.05281485780615206,banking77_open,0,0.9474753337202554,0.004110152075626798,0.17133475101314796,0.1648568608094768,0.16781836130306022,1013,180,0.0,0.0002901915264074289,0.893651135056373,0.8163232681267647,0.8503246183540971,0.7418860992039191,0.9958898479243732,,3446,0.1648568608094768,2506,False,selective,0.75,0.9474753337202554,2433,R3,0.0,0.0029615004935834156
0.9477655252466628,0.9277777777777778,0.9823529411764705,0.0002901915264074289,0.8086565224226734,0.05281485780615206,banking77_open,0,0.9474753337202554,0.004110152075626798,0.17133475101314796,0.1648568608094768,0.16781836130306022,1013,180,0.025,0.0002901915264074289,0.893651135056373,0.8163232681267647,0.8503246183540971,0.7418860992039191,0.9958898479243732,,3446,0.1648568608094768,2506,False,selective,0.75,0.9474753337202554,2433,R3,0.0,0.0029615004935834156
0.9477655252466628,0.9277777777777778,0.9823529411764705,0.0002901915264074289,0.8086565224226734,0.05281485780615206,banking77_open,0,0.9474753337202554,0.004110152075626798,0.17133475101314796,0.1648568608094768,0.16781836130306022,1013,180,0.05,0.0002901915264074289,0.893651135056373,0.8163232681267647,0.8503246183540971,0.7418860992039191,0.9958898479243732,,3446,0.1648568608094768,2506,False,selective,0.75,0.9474753337202554,2433,R3,0.0,0.0029615004935834156
0.9477655252466628,0.9277777777777778,0.9823529411764705,0.0002901915264074289,0.8086565224226734,0.05281485780615206,banking77_open,0,0.9474753337202554,0.004110152075626798,0.17133475101314796,0.1648568608094768,0.16781836130306022,1013,180,0.075,0.0002901915264074289,0.893651135056373,0.8163232681267647,0.8503246183540971,0.7418860992039191,0.9958898479243732,,3446,0.1648568608094768,2506,False,selective,0.75,0.9474753337202554,2433,R3,0.0,0.0029615004935834156
0.9480557167730702,0.9273743016759777,0.9822485207100592,0.0005803830528148578,0.8095124082175584,0.05281485780615206,banking77_open,0,0.9474753337202554,0.004110152075626798,0.17038508339681369,0.16386969397828233,0.16683119447186576,1013,179,0.1,0.0002901915264074289,0.893651135056373,0.8163232681267647,0.8501754385964913,0.7416590143862871,0.9958898479243732,,3446,0.16386969397828233,2506,False,selective,0.75,0.9474753337202554,2433,R3,0.0,0.0029615004935834156
0.9483459082994776,0.9269662921348315,0.9821428571428571,0.0008705745792222867,0.8103969990349814,0.05281485780615206,banking77_open,0,0.9474753337202554,0.004110152075626798,0.16916408217581244,0.16288252714708787,0.16584402764067127,1013,178,0.15,0.0002901915264074289,0.893651135056373,0.8163232681267647,0.8500263111734784,0.7414320685434517,0.9958898479243732,,3446,0.16288252714708787,2506,False,selective,0.75,0.9474753337202554,2433,R3,0.0,0.0029615004935834156
0.9660475914103308,0.9230769230769231,0.9818181818181818,0.0,0.8619631477485655,0.033952408589669185,banking77_open,0,0.9660475914103308,0.002877106452938759,0.1089321663471313,0.10661401776900296,0.10858835143139191,1013,117,0.0,0.0,0.893651135056373,0.8163232681267647,0.8420687261367581,0.728747371583058,0.9971228935470613,,3446,0.10661401776900296,2506,True,selective,0.8,0.9660475914103308,2433,R3,0.0,0.0019743336623889436
0.9660475914103308,0.9230769230769231,0.9818181818181818,0.0,0.8619631477485655,0.033952408589669185,banking77_open,0,0.9660475914103308,0.002877106452938759,0.1089321663471313,0.10661401776900296,0.10858835143139191,1013,117,0.025,0.0,0.893651135056373,0.8163232681267647,0.8420687261367581,0.728747371583058,0.9971228935470613,,3446,0.10661401776900296,2506,False,selective,0.8,0.9660475914103308,2433,R3,0.0,0.0019743336623889436
0.9660475914103308,0.9230769230769231,0.9818181818181818,0.0,0.8619631477485655,0.033952408589669185,banking77_open,0,0.9660475914103308,0.002877106452938759,0.1089321663471313,0.10661401776900296,0.10858835143139191,1013,117,0.05,0.0,0.893651135056373,0.8163232681267647,0.8420687261367581,0.728747371583058,0.9971228935470613,,3446,0.10661401776900296,2506,False,selective,0.8,0.9660475914103308,2433,R3,0.0,0.0019743336623889436
0.9660475914103308,0.9230769230769231,0.9818181818181818,0.0,0.8619631477485655,0.033952408589669185,banking77_open,0,0.9660475914103308,0.002877106452938759,0.1089321663471313,0.10661401776900296,0.10858835143139191,1013,117,0.075,0.0,0.893651135056373,0.8163232681267647,0.8420687261367581,0.728747371583058,0.9971228935470613,,3446,0.10661401776900296,2506,False,selective,0.8,0.9660475914103308,2433,R3,0.0,0.0019743336623889436
0.9660475914103308,0.9230769230769231,0.9818181818181818,0.0,0.8619631477485655,0.033952408589669185,banking77_open,0,0.9660475914103308,0.002877106452938759,0.1089321663471313,0.10661401776900296,0.10858835143139191,1013,117,0.1,0.0,0.893651135056373,0.8163232681267647,0.8420687261367581,0.728747371583058,0.9971228935470613,,3446,0.10661401776900296,2506,False,selective,0.8,0.9660475914103308,2433,R3,0.0,0.0019743336623889436
0.9660475914103308,0.9230769230769231,0.9818181818181818,0.0,0.8619631477485655,0.033952408589669185,banking77_open,0,0.9660475914103308,0.002877106452938759,0.1089321663471313,0.10661401776900296,0.10858835143139191,1013,117,0.15,0.0,0.893651135056373,0.8163232681267647,0.8420687261367581,0.728747371583058,0.9971228935470613,,3446,0.10661401776900296,2506,False,selective,0.8,0.9660475914103308,2433,R3,0.0,0.0019743336623889436
,,,,,,banking77_closed,,,,,0.8939096267190569,,,,,,,,,,,0.001,,,2506,,R0,,,,,,
,,,,,,banking77_closed,,,,,0.8899803536345776,,,,,,,,,,,0.01,,,2506,,R0,,,,,,
,,,,,,banking77_closed,,,,,0.8835952848722987,,,,,,,,,,,0.1,,,2506,,R0,,,,,,
,,,,,,banking77_closed,,,,,0.8325147347740668,,,,,,,0.0,,,,0.0001,,,2506,,R2,,,,,,
,,,,,,banking77_closed,,,,,0.8330058939096268,,,,,,,0.0,,,,0.001,,,2506,,R2,,,,,,
,,,,,,banking77_closed,,,,,0.8330058939096268,,,,,,,0.0,,,,0.01,,,2506,,R2,,,,,,
,,,,,,banking77_closed,,,,,0.8349705304518664,,,,,,,0.0,,,,0.1,,,2506,,R2,,,,,,
,,,,,,clinc150,,,,,0.975,,,,,,,,,,,0.001,,,2507,,R0,,,,,,
,,,,,,clinc150,,,,,0.974,,,,,,,,,,,0.01,,,2507,,R0,,,,,,
,,,,,,clinc150,,,,,0.973,,,,,,,,,,,0.1,,,2507,,R0,,,,,,
,,,,,,clinc150,,,,,0.965,,,,,,,0.9207280952380953,,,,0.0001,,,2507,,R2,,,,,,
,,,,,,clinc150,,,,,0.965,,,,,,,0.9207019047619047,,,,0.001,,,2507,,R2,,,,,,
,,,,,,clinc150,,,,,0.965,,,,,,,0.9203961904761905,,,,0.01,,,2507,,R2,,,,,,
,,,,,,clinc150,,,,,0.966,,,,,,,0.9179766666666667,,,,0.1,,,2507,,R2,,,,,,
0.4470967741935484,0.5414235705950992,0.9758149316508938,0.0,0.3883952833937909,0.5529032258064516,clinc150,0,0.4470967741935484,0.36333333333333334,0.928,0.928,0.951,1000,1714,0.0,0.0,0.9544357859754449,0.9179766666666667,0.7670682730923696,0.9646464646464646,0.6366666666666667,,3100,0.928,2507,False,selective,0.2,0.4470967741935484,2100,MAX_THRESHOLD,0.45,0.023
0.5041935483870967,0.5881587508132726,0.9751887810140237,0.0,0.393309900791729,0.4958064516129032,clinc150,0,0.5041935483870967,0.2904761904761905,0.904,0.904,0.927,1000,1537,0.0,0.0,0.9544357859754449,0.9179766666666667,0.8135408135408136,0.9532949456174025,0.7095238095238096,,3100,0.904,2507,False,selective,0.25,0.5041935483870967,2100,MAX_THRESHOLD,0.3,0.023
0.5603225806451613,0.6449009537784299,0.9755826859045506,0.0,0.39946378237234526,0.4396774193548387,clinc150,0,0.5603225806451613,0.22,0.879,0.879,0.901,1000,1363,0.0,0.0,0.9544357859754449,0.9179766666666667,0.8537920250195465,0.9430051813471503,0.78,,3100,0.879,2507,False,selective,0.3,0.5603225806451613,2100,MAX_THRESHOLD,0.3,0.022
0.607741935483871,0.696546052631579,0.9769319492502884,0.0,0.40860680323003035,0.39225806451612905,clinc150,0,0.607741935483871,0.1661904761904762,0.847,0.847,0.867,1000,1216,0.0,0.0,0.9544357859754449,0.9179766666666667,0.879016064257028,0.9294055201698513,0.8338095238095238,,3100,0.847,2507,False,selective,0.35,0.607741935483871,2100,MAX_THRESHOLD,0.2,0.02
0.6525806451612903,0.7390900649953575,0.9766871165644172,0.0,0.42506497704711205,0.34741935483870967,clinc150,0,0.6525806451612903,0.12476190476190477,0.796,0.796,0.815,1000,1077,0.0,0.0,0.9544357859754449,0.9179766666666667,0.8915837982051904,0.9085516559565002,0.8752380952380953,,3100,0.796,2507,True,selective,0.4,0.6525806451612903,2100,MAX_THRESHOLD,0.1,0.019
0.7,0.7881720430107527,0.9773333333333334,0.0,0.4480408551623621,0.3,clinc150,0,0.7,0.08571428571428572,0.733,0.733,0.75,1000,930,0.0,0.0,0.9544357859754449,0.9179766666666667,0.8992974238875878,0.8847926267281107,0.9142857142857143,,3100,0.733,2507,False,selective,0.45,0.7,2100,MAX_THRESHOLD,0.0,0.017
0.7374193548387097,0.8144963144963145,0.9807692307692307,0.0,0.47679473804163325,0.2625806451612903,clinc150,0,0.7374193548387097,0.06571428571428571,0.663,0.663,0.676,1000,814,0.0,0.0,0.9544357859754449,0.9179766666666667,0.8946648426812586,0.8582677165354331,0.9342857142857143,,3100,0.663,2507,False,selective,0.5,0.7374193548387097,2100,MAX_THRESHOLD,0.0,0.013
0.7780645161290323,0.8488372093023255,0.984822934232715,0.0,0.5130565370536924,0.22193548387096773,clinc150,0,0.7780645161290323,0.04523809523809524,0.584,0.584,0.593,1000,688,0.0,0.0,0.9544357859754449,0.9179766666666667,0.888741134751773,0.8312603648424544,0.9547619047619048,,3100,0.584,2507,False,selective,0.55,0.7780645161290323,2100,MAX_THRESHOLD,0.0,0.009
0.8132258064516129,0.8670120898100173,0.984313725490196,0.0,0.5550486333159705,0.1867741935483871,clinc150,0,0.8132258064516129,0.032857142857142856,0.502,0.502,0.51,1000,579,0.0,0.0,0.9544357859754449,0.9179766666666667,0.879030512876001,0.8056326854422848,0.9671428571428572,,3100,0.502,2507,False,selective,0.6,0.8132258064516129,2100,MAX_THRESHOLD,0.0,0.008
0.8467741935483871,0.8736842105263158,0.9857482185273159,0.0,0.6048163993869036,0.1532258064516129,clinc150,0,0.8467741935483871,0.025714285714285714,0.415,0.415,0.421,1000,475,0.0,0.0,0.9544357859754449,0.9179766666666667,0.866031746031746,0.7794285714285715,0.9742857142857143,,3100,0.415,2507,False,selective,0.65,0.8467741935483871,2100,MAX_THRESHOLD,0.0,0.006
0.8783870967741936,0.9045092838196287,0.9884057971014493,0.0,0.6524106440797218,0.12161290322580645,clinc150,0,0.8783870967741936,0.015238095238095238,0.341,0.341,0.345,1000,377,0.0,0.0,0.9544357859754449,0.9179766666666667,0.8575575368028199,0.7594564818215204,0.9847619047619047,,3100,0.341,2507,False,selective,0.7,0.8783870967741936,2100,MAX_THRESHOLD,0.0,0.004
0.9045161290322581,0.9256756756756757,0.9891696750902527,0.0,0.7005788536606098,0.09548387096774194,clinc150,0,0.9045161290322581,0.009047619047619047,0.274,0.274,0.277,1000,296,0.0,0.0,0.9544357859754449,0.9179766666666667,0.8486949429037521,0.7421540656205421,0.9909523809523809,,3100,0.274,2507,False,selective,0.75,0.9045161290322581,2100,MAX_THRESHOLD,0.0,0.003
0.9251612903225807,0.9396551724137931,0.9954337899543378,0.0,0.7451286451429009,0.07483870967741936,clinc150,0,0.9251612903225807,0.006190476190476191,0.218,0.218,0.219,1000,232,0.0,0.0,0.9544357859754449,0.9179766666666667,0.8401771336553945,0.7276847977684798,0.9938095238095238,,3100,0.218,2507,False,selective,0.8,0.9251612903225807,2100,MAX_THRESHOLD,0.0,0.001
0.7112903225806452,0.5631284916201117,0.998019801980198,0.2641935483870968,0.714571518562486,0.9696774193548388,clinc150,0,0.4470967741935484,0.18571428571428572,0.504,0.504,0.505,1000,895,0.0,0.2641935483870968,0.9544357859754449,0.9179766666666667,0.794425087108014,0.7755102040816326,0.8142857142857143,,3100,0.504,2507,False,selective,0.2,0.4470967741935484,2100,R3,0.0,0.001
0.712258064516129,0.5650224215246636,0.998019801980198,0.2651612903225806,0.714571518562486,0.9696774193548388,clinc150,0,0.4470967741935484,0.18428571428571427,0.504,0.504,0.505,1000,892,0.025,0.2641935483870968,0.9544357859754449,0.9179766666666667,0.7952646239554317,0.7758152173913043,0.8157142857142857,,3100,0.504,2507,False,selective,0.2,0.4470967741935484,2100,R3,0.0,0.001
0.7174193548387097,0.5742009132420092,0.998015873015873,0.2703225806451613,0.7147836171035905,0.9696774193548388,clinc150,0,0.4470967741935484,0.17714285714285713,0.503,0.503,0.504,1000,876,0.05,0.2641935483870968,0.9544357859754449,0.9179766666666667,0.7992599444958371,0.7769784172661871,0.8228571428571428,,3100,0.503,2507,False,selective,0.2,0.4470967741935484,2100,R3,0.0,0.001
0.7254838709677419,0.5910693301997649,0.998015873015873,0.27838709677419354,0.7147836171035905,0.9696774193548388,clinc150,0,0.4470967741935484,0.16523809523809524,0.503,0.503,0.504,1000,851,0.075,0.2641935483870968,0.9544357859754449,0.9179766666666667,0.8061623361692343,0.7794575366829702,0.8347619047619048,,3100,0.503,2507,False,selective,0.2,0.4470967741935484,2100,R3,0.0,0.001
0.7351612903225806,0.610231425091352,0.99800796812749,0.2880645161290323,0.7152680945264236,0.9696774193548388,clinc150,0,0.4470967741935484,0.1519047619047619,0.501,0.501,0.502,1000,821,0.1,0.2641935483870968,0.9544357859754449,0.9179766666666667,0.8134277232244804,0.7814831066257131,0.8480952380952381,,3100,0.501,2507,False,selective,0.2,0.4470967741935484,2100,R3,0.0,0.001
0.7593548387096775,0.660857908847185,1.0,0.31225806451612903,0.7171735140884117,0.9696774193548388,clinc150,0,0.4470967741935484,0.12047619047619047,0.493,0.493,0.493,1000,746,0.15,0.2641935483870968,0.9544357859754449,0.9179766666666667,0.8293668612483162,0.7846219201359388,0.8795238095238095,,3100,0.493,2507,False,selective,0.2,0.4470967741935484,2100,R3,0.0,0.0
0.7038709677419355,0.6111111111111112,0.998220640569395,0.1996774193548387,0.6627767716350378,0.7683870967741936,clinc150,0,0.5041935483870967,0.16952380952380952,0.561,0.561,0.562,1000,918,0.0,0.1996774193548387,0.9544357859754449,0.9179766666666667,0.8145726296123307,0.7992667277726856,0.8304761904761905,,3100,0.561,2507,False,selective,0.25,0.5041935483870967,2100,R3,0.05,0.001
0.7061290322580646,0.6158068057080132,0.998220640569395,0.20193548387096774,0.6627767716350378,0.7683870967741936,clinc150,0,0.5041935483870967,0.1661904761904762,0.561,0.561,0.562,1000,911,0.025,0.1996774193548387,0.9544357859754449,0.9179766666666667,0.8165073443693168,0.7999086340794883,0.8338095238095238,,3100,0.561,2507,False,selective,0.25,0.5041935483870967,2100,R3,0.05,0.001
0.7103225806451613,0.6247216035634744,0.998220640569395,0.2061290322580645,0.6627767716350378,0.7683870967741936,clinc150,0,0.5041935483870967,0.16,0.561,0.561,0.562,1000,898,0.05,0.1996774193548387,0.9544357859754449,0.9179766666666667,0.8200836820083681,0.8010899182561307,0.84,,3100,0.561,2507,False,selective,0.25,0.5041935483870967,2100,R3,0.05,0.001
0.7174193548387097,0.639269406392694,0.9982174688057041,0.2132258064516129,0.6630324472012217,0.7683870967741936,clinc150,0,0.5041935483870967,0.15,0.56,0.56,0.561,1000,876,0.075,0.1996774193548387,0.9544357859754449,0.9179766666666667,0.8256244218316374,0.8026079136690647,0.85,,3100,0.56,2507,False,selective,0.25,0.5041935483870967,2100,R3,0.05,0.001
0.7248387096774194,0.6541617819460727,0.998211091234347,0.22064516129032258,0.6635169246240546,0.7683870967741936,clinc150,0,0.5041935483870967,0.14,0.558,0.558,0.559,1000,853,0.1,0.1996774193548387,0.9544357859754449,0.9179766666666667,0.8309178743961353,0.8037383177570093,0.86,,3100,0.558,2507,False,selective,0.25,0.5041935483870967,2100,R3,0.05,0.001
0.7425806451612903,0.6892230576441103,1.0,0.23838709677419354,0.6656996117754856,0.7683870967741936,clinc150,0,0.5041935483870967,0.1180952380952381,0.55,0.55,0.55,1000,798,0.15,0.1996774193548387,0.9544357859754449,0.9179766666666667,0.8414357110404361,0.8045178105994787,0.8819047619047619,,3100,0.55,2507,False,selective,0.25,0.5041935483870967,2100,R3,0.05,0.0
0.7041935483870968,0.6695747001090513,0.9951377633711507,0.14387096774193547,0.6182835646202908,0.6135483870967742,clinc150,0,0.5603225806451613,0.14285714285714285,0.614,0.614,0.617,1000,917,0.0,0.14387096774193547,0.9544357859754449,0.9179766666666667,0.8405323371468597,0.8245533669262483,0.8571428571428571,,3100,0.614,2507,False,selective,0.3,0.5603225806451613,2100,R3,0.05,0.003
0.7061290322580646,0.6739846322722283,0.9951377633711507,0.14580645161290323,0.6182835646202908,0.6135483870967742,clinc150,0,0.5603225806451613,0.14,0.614,0.614,0.617,1000,911,0.025,0.14387096774193547,0.9544357859754449,0.9179766666666667,0.8421543483329447,0.8250342622201918,0.86,,3100,0.614,2507,False,selective,0.3,0.5603225806451613,2100,R3,0.05,0.003
0.7093548387096774,0.6803551609322974,0.9951298701298701,0.14903225806451612,0.6185663174034993,0.6135483870967742,clinc150,0,0.5603225806451613,0.1357142857142857,0.613,0.613,0.616,1000,901,0.05,0.14387096774193547,0.9544357859754449,0.9179766666666667,0.8443824145150034,0.82537517053206,0.8642857142857143,,3100,0.613,2507,False,selective,0.3,0.5603225806451613,2100,R3,0.05,0.003
0.7141935483870968,0.690744920993228,0.996742671009772,0.15387096774193548,0.618851579578039,0.6135483870967742,clinc150,0,0.5603225806451613,0.1295238095238095,0.612,0.612,0.614,1000,886,0.075,0.14387096774193547,0.9544357859754449,0.9179766666666667,0.8474733426054706,0.8256549232158988,0.8704761904761905,,3100,0.612,2507,False,selective,0.3,0.5603225806451613,2100,R3,0.05,0.002
0.7219354838709677,0.7053364269141531,0.9967213114754099,0.16161290322580646,0.6201218831203574,0.6135483870967742,clinc150,0,0.5603225806451613,0.12,0.608,0.608,0.61,1000,862,0.1,0.14387096774193547,0.9544357859754449,0.9179766666666667,0.8520055325034579,0.8257372654155496,0.88,,3100,0.608,2507,False,selective,0.3,0.5603225806451613,2100,R3,0.05,0.002
0.7358064516129033,0.7326007326007326,0.9983361064891847,0.17548387096774193,0.6226651943407733,0.6135483870967742,clinc150,0,0.5603225806451613,0.10380952380952381,0.6,0.6,0.601,1000,819,0.15,0.14387096774193547,0.9544357859754449,0.9179766666666667,0.8591645742981054,0.825076720736519,0.8961904761904762,,3100,0.6,2507,False,selective,0.3,0.5603225806451613,2100,R3,0.0,0.001
0.7074193548387097,0.7254685777287762,0.9939577039274925,0.0996774193548387,0.5686994315210377,0.5025806451612903,clinc150,0,0.607741935483871,0.11666666666666667,0.658,0.658,0.662,1000,907,0.0,0.0996774193548387,0.9544357859754449,0.9179766666666667,0.8641975308641975,0.8458732330141359,0.8833333333333333,,3100,0.658,2507,False,selective,0.35,0.607741935483871,2100,R3,0.15,0.004
0.7083870967741935,0.7267699115044248,0.9939485627836612,0.10064516129032258,0.569004699064952,0.5025806451612903,clinc150,0,0.607741935483871,0.11571428571428571,0.657,0.657,0.661,1000,904,0.025,0.0996774193548387,0.9544357859754449,0.9179766666666667,0.8645251396648044,0.8456284153005464,0.8842857142857142,,3100,0.657,2507,False,selective,0.35,0.607741935483871,2100,R3,0.15,0.004
0.7109677419354838,0.7332589285714286,0.9939485627836612,0.1032258064516129,0.569004699064952,0.5025806451612903,clinc150,0,0.607741935483871,0.11190476190476191,0.657,0.657,0.661,1000,896,0.05,0.0996774193548387,0.9544357859754449,0.9179766666666667,0.866635687732342,0.8461887477313974,0.888095238095238,,3100,0.657,2507,False,selective,0.35,0.607741935483871,2100,R3,0.15,0.004
0.7154838709677419,0.7403628117913832,0.9954268292682927,0.10774193548387097,0.5703112800111144,0.5025806451612903,clinc150,0,0.607741935483871,0.10761904761904761,0.653,0.653,0.656,1000,882,0.075,0.0996774193548387,0.9544357859754449,0.9179766666666667,0.8679944418712366,0.8449053201082056,0.8923809523809524,,3100,0.653,2507,False,selective,0.35,0.607741935483871,2100,R3,0.15,0.003
0.7203225806451613,0.7462514417531718,0.9953846153846154,0.11258064516129032,0.5723030963009835,0.5025806451612903,clinc150,0,0.607741935483871,0.10333333333333333,0.647,0.647,0.65,1000,867,0.1,0.0996774193548387,0.9544357859754449,0.9179766666666667,0.8691437802907916,0.8432601880877743,0.8966666666666666,,3100,0.647,2507,False,selective,0.35,0.607741935483871,2100,R3,0.05,0.003
0.7303225806451613,0.7643540669856459,0.9968798751950078,0.12258064516129032,0.5752400030900301,0.5025806451612903,clinc150,0,0.607741935483871,0.09285714285714286,0.639,0.639,0.641,1000,836,0.15,0.0996774193548387,0.9544357859754449,0.9179766666666667,0.873052245646196,0.8414310954063604,0.9071428571428571,,3100,0.639,2507,False,selective,0.35,0.607741935483871,2100,R3,0.05,0.002
0.7174193548387097,0.7602739726027398,0.9895988112927192,0.06483870967741935,0.5371472211651778,0.41516129032258065,clinc150,0,0.6525806451612903,0.09666666666666666,0.666,0.666,0.673,1000,876,0.0,0.06483870967741935,0.9544357859754449,0.9179766666666667,0.8774283071230342,0.8529676258992805,0.9033333333333333,,3100,0.666,2507,False,selective,0.4,0.6525806451612903,2100,R3,0.05,0.007
0.7183870967741935,0.7628865979381443,0.9895988112927192,0.06580645161290323,0.5371472211651778,0.41516129032258065,clinc150,0,0.6525806451612903,0.09523809523809523,0.666,0.666,0.673,1000,873,0.025,0.06483870967741935,0.9544357859754449,0.9179766666666667,0.8782066096602728,0.8531656937584194,0.9047619047619048,,3100,0.666,2507,False,selective,0.4,0.6525806451612903,2100,R3,0.05,0.007
0.72,0.7661290322580645,0.9895833333333334,0.06741935483870967,0.5374957357035501,0.41516129032258065,clinc150,0,0.6525806451612903,0.09333333333333334,0.665,0.665,0.672,1000,868,0.05,0.06483870967741935,0.9544357859754449,0.9179766666666667,0.879039704524469,0.8530465949820788,0.9066666666666666,,3100,0.665,2507,False,selective,0.4,0.6525806451612903,2100,R3,0.05,0.007
0.7238709677419355,0.772196261682243,0.9910044977511244,0.07129032258064516,0.5390326777938692,0.41516129032258065,clinc150,0,0.6525806451612903,0.09,0.661,0.661,0.667,1000,856,0.075,0.06483870967741935,0.9544357859754449,0.9179766666666667,0.8798342541436462,0.8516042780748663,0.91,,3100,0.661,2507,False,selective,0.4,0.6525806451612903,2100,R3,0.05,0.006
0.7270967741935483,0.776595744680851,0.9909502262443439,0.07451612903225806,0.5405622332358452,0.41516129032258065,clinc150,0,0.6525806451612903,0.08714285714285715,0.657,0.657,0.663,1000,846,0.1,0.06483870967741935,0.9544357859754449,0.9179766666666667,0.8805695911805237,0.8504880212954747,0.9128571428571428,,3100,0.657,2507,False,selective,0.4,0.6525806451612903,2100,R3,0.05,0.006
0.7367741935483871,0.7941176470588235,0.9953917050691244,0.08419354838709678,0.5442917453179421,0.41516129032258065,clinc150,0,0.6525806451612903,0.07857142857142857,0.648,0.648,0.651,1000,816,0.15,0.06483870967741935,0.9544357859754449,0.9179766666666667,0.8827554744525548,0.8471978984238179,0.9214285714285714,,3100,0.648,2507,False,selective,0.4,0.6525806451612903,2100,R3,0.0,0.003
0.74,0.8089330024813896,0.9863842662632375,0.04,0.5165773419505255,0.3412903225806452,clinc150,0,0.7,0.06904761904761905,0.652,0.652,0.661,1000,806,0.0,0.04,0.9544357859754449,0.9179766666666667,0.889849795175239,0.8522231909328684,0.930952380952381,,3100,0.652,2507,False,selective,0.45,0.7,2100,R3,0.0,0.009
0.7403225806451613,0.8099378881987578,0.9863842662632375,0.04032258064516129,0.5165773419505255,0.3412903225806452,clinc150,0,0.7,0.06857142857142857,0.652,0.652,0.661,1000,805,0.025,0.04,0.9544357859754449,0.9179766666666667,0.8901023890784983,0.8522875816993464,0.9314285714285714,,3100,0.652,2507,False,selective,0.45,0.7,2100,R3,0.0,0.009
0.7409677419354839,0.8094645080946451,0.9863429438543247,0.04096774193548387,0.5173794028143562,0.3412903225806452,clinc150,0,0.7,0.06857142857142857,0.65,0.65,0.659,1000,803,0.05,0.04,0.9544357859754449,0.9179766666666667,0.8896975210370708,0.8515454941227688,0.9314285714285714,,3100,0.65,2507,False,selective,0.45,0.7,2100,R3,0.0,0.009
0.7438709677419355,0.8148614609571788,0.9908116385911179,0.04387096774193548,0.518596730739089,0.3412903225806452,clinc150,0,0.7,0.06714285714285714,0.647,0.647,0.653,1000,794,0.075,0.04,0.9544357859754449,0.9179766666666667,0.8892419428052656,0.8495229835212489,0.9328571428571428,,3100,0.647,2507,False,selective,0.45,0.7,2100,R3,0.0,0.006
0.7461290322580645,0.8157560355781448,0.9907407407407407,0.046129032258064515,0.5207661131281967,0.3412903225806452,clinc150,0,0.7,0.06619047619047619,0.642,0.642,0.648,1000,787,0.1,0.04,0.9544357859754449,0.9179766666666667,0.888737820077045,0.8478166882836143,0.9338095238095238,,3100,0.642,2507,False,selective,0.45,0.7,2100,R3,0.0,0.006
0.7548387096774194,0.8276315789473684,0.995253164556962,0.054838709677419356,0.5267608042186465,0.3412903225806452,clinc150,0,0.7,0.06095238095238095,0.629,0.629,0.632,1000,760,0.15,0.04,0.9544357859754449,0.9179766666666667,0.8882882882882883,0.8427350427350427,0.939047619047619,,3100,0.629,2507,False,selective,0.45,0.7,2100,R3,0.0,0.003
0.7632258064516129,0.832425068119891,0.9902755267423015,0.025806451612903226,0.5216954163302234,0.28935483870967743,clinc150,0,0.7374193548387097,0.055714285714285716,0.611,0.611,0.617,1000,734,0.0,0.025806451612903226,0.9544357859754449,0.9179766666666667,0.8880429914912675,0.838123415046492,0.9442857142857143,,3100,0.611,2507,False,selective,0.5,0.7374193548387097,2100,R3,0.0,0.006
0.7635483870967742,0.8335607094133697,0.9902755267423015,0.026129032258064518,0.5216954163302234,0.28935483870967743,clinc150,0,0.7374193548387097,0.05523809523809524,0.611,0.611,0.617,1000,733,0.025,0.025806451612903226,0.9544357859754449,0.9179766666666667,0.8882919185135437,0.8381918039712717,0.9447619047619048,,3100,0.611,2507,False,selective,0.5,0.7374193548387097,2100,R3,0.0,0.006
0.7651612903225806,0.8379120879120879,0.991869918699187,0.027741935483870966,0.5221387298890134,0.28935483870967743,clinc150,0,0.7374193548387097,0.05380952380952381,0.61,0.61,0.615,1000,728,0.05,0.025806451612903226,0.9544357859754449,0.9179766666666667,0.8886404293381037,0.8376897133220911,0.9461904761904761,,3100,0.61,2507,False,selective,0.5,0.7374193548387097,2100,R3,0.0,0.005
0.7664516129032258,0.8411602209944752,0.9934747145187602,0.02903225806451613,0.5226479660016654,0.28935483870967743,clinc150,0,0.7374193548387097,0.05285714285714286,0.609,0.609,0.613,1000,724,0.075,0.025806451612903226,0.9544357859754449,0.9179766666666667,0.888739946380697,0.8371212121212122,0.9471428571428572,,3100,0.609,2507,False,selective,0.5,0.7374193548387097,2100,R3,0.0,0.004
0.7683870967741936,0.8440111420612814,0.9934426229508196,0.03096774193548387,0.5240749765863005,0.28935483870967743,clinc150,0,0.7374193548387097,0.05142857142857143,0.606,0.606,0.61,1000,718,0.1,0.025806451612903226,0.9544357859754449,0.9179766666666667,0.888888888888889,0.836272040302267,0.9485714285714286,,3100,0.606,2507,False,selective,0.5,0.7374193548387097,2100,R3,0.0,0.004
0.7745161290322581,0.8497854077253219,0.9966442953020134,0.037096774193548385,0.52994647397871,0.28935483870967743,clinc150,0,0.7374193548387097,0.04904761904761905,0.594,0.594,0.596,1000,699,0.15,0.025806451612903226,0.9544357859754449,0.9179766666666667,0.8873583648078206,0.8317367763431903,0.950952380952381,,3100,0.594,2507,False,selective,0.5,0.7374193548387097,2100,R3,0.0,0.002
0.7903225806451613,0.8584615384615385,0.9928825622775801,0.012258064516129033,0.53516869922626,0.23451612903225807,clinc150,0,0.7780645161290323,0.0419047619047619,0.558,0.558,0.562,1000,650,0.0,0.012258064516129033,0.9544357859754449,0.9179766666666667,0.8843956043956044,0.8212244897959183,0.9580952380952381,,3100,0.558,2507,False,selective,0.55,0.7780645161290323,2100,R3,0.0,0.004
0.7909677419354839,0.8595679012345679,0.9946428571428572,0.012903225806451613,0.5356714435601511,0.23451612903225807,clinc150,0,0.7780645161290323,0.0419047619047619,0.557,0.557,0.56,1000,648,0.025,0.012258064516129033,0.9544357859754449,0.9179766666666667,0.8840070298769772,0.8205546492659054,0.9580952380952381,,3100,0.557,2507,False,selective,0.55,0.7780645161290323,2100,R3,0.0,0.003
0.7916129032258065,0.8606811145510835,0.9946332737030411,0.013548387096774193,0.536174682649633,0.23451612903225807,clinc150,0,0.7780645161290323,0.041428571428571426,0.556,0.556,0.559,1000,646,0.05,0.012258064516129033,0.9544357859754449,0.9179766666666667,0.8840579710144927,0.8202933985330073,0.9585714285714285,,3100,0.556,2507,False,selective,0.55,0.7780645161290323,2100,R3,0.0,0.003
0.792258064516129,0.860248447204969,0.9946140035906643,0.014193548387096775,0.5372049704525725,0.23451612903225807,clinc150,0,0.7780645161290323,0.041428571428571426,0.554,0.554,0.557,1000,644,0.075,0.012258064516129033,0.9544357859754449,0.9179766666666667,0.8836698858647937,0.8196254071661238,0.9585714285714285,,3100,0.554,2507,False,selective,0.55,0.7780645161290323,2100,R3,0.0,0.003
0.7929032258064516,0.8613707165109035,0.9946043165467626,0.014838709677419355,0.5376913292778968,0.23451612903225807,clinc150,0,0.7780645161290323,0.040952380952380955,0.553,0.553,0.556,1000,642,0.1,0.012258064516129033,0.9544357859754449,0.9179766666666667,0.883720930232558,0.8193653376729048,0.959047619047619,,3100,0.553,2507,False,selective,0.55,0.7780645161290323,2100,R3,0.0,0.003
0.7980645161290323,0.8690095846645367,0.9963369963369964,0.02,0.5426319505275219,0.23451612903225807,clinc150,0,0.7780645161290323,0.0380952380952381,0.544,0.544,0.546,1000,626,0.15,0.012258064516129033,0.9544357859754449,0.9179766666666667,0.8832531700918235,0.8164915117219078,0.9619047619047619,,3100,0.544,2507,False,selective,0.55,0.7780645161290323,2100,R3,0.0,0.002
0.8206451612903226,0.8687050359712231,0.9897540983606558,0.007419354838709678,0.571684923325748,0.19451612903225807,clinc150,0,0.8132258064516129,0.03238095238095238,0.483,0.483,0.488,1000,556,0.0,0.007419354838709678,0.9544357859754449,0.9179766666666667,0.8751076658053403,0.7987421383647799,0.9676190476190476,,3100,0.483,2507,False,selective,0.6,0.8132258064516129,2100,R3,0.0,0.005
0.8206451612903226,0.8687050359712231,0.9897540983606558,0.007419354838709678,0.571684923325748,0.19451612903225807,clinc150,0,0.8132258064516129,0.03238095238095238,0.483,0.483,0.488,1000,556,0.025,0.007419354838709678,0.9544357859754449,0.9179766666666667,0.8751076658053403,0.7987421383647799,0.9676190476190476,,3100,0.483,2507,False,selective,0.6,0.8132258064516129,2100,R3,0.0,0.005
0.8212903225806452,0.8700361010830325,0.9917695473251029,0.008064516129032258,0.572234400150838,0.19451612903225807,clinc150,0,0.8132258064516129,0.03238095238095238,0.482,0.482,0.486,1000,554,0.05,0.007419354838709678,0.9544357859754449,0.9179766666666667,0.8747309513560051,0.798114689709348,0.9676190476190476,,3100,0.482,2507,False,selective,0.6,0.8132258064516129,2100,R3,0.0,0.004
0.8212903225806452,0.8700361010830325,0.9917695473251029,0.008064516129032258,0.572234400150838,0.19451612903225807,clinc150,0,0.8132258064516129,0.03238095238095238,0.482,0.482,0.486,1000,554,0.075,0.007419354838709678,0.9544357859754449,0.9179766666666667,0.8747309513560051,0.798114689709348,0.9676190476190476,,3100,0.482,2507,False,selective,0.6,0.8132258064516129,2100,R3,0.0,0.004
0.8219354838709677,0.8713768115942029,0.9917525773195877,0.008709677419354838,0.5728588007722389,0.19451612903225807,clinc150,0,0.8132258064516129,0.03190476190476191,0.481,0.481,0.485,1000,552,0.1,0.007419354838709678,0.9544357859754449,0.9179766666666667,0.8747848537005164,0.7978806907378336,0.9680952380952381,,3100,0.481,2507,False,selective,0.6,0.8132258064516129,2100,R3,0.0,0.004
0.8274193548387097,0.8859813084112149,0.9937106918238994,0.014193548387096775,0.5770743218049753,0.19451612903225807,clinc150,0,0.8132258064516129,0.02761904761904762,0.474,0.474,0.477,1000,535,0.15,0.007419354838709678,0.9544357859754449,0.9179766666666667,0.8754555198285103,0.7961013645224172,0.9723809523809523,,3100,0.474,2507,False,selective,0.6,0.8132258064516129,2100,R3,0.0,0.003
0.8509677419354839,0.8766233766233766,0.9902200488997555,0.004193548387096774,0.6140514596362638,0.15774193548387097,clinc150,0,0.8467741935483871,0.025238095238095237,0.405,0.405,0.409,1000,462,0.0,0.004193548387096774,0.9544357859754449,0.9179766666666667,0.8640776699029126,0.7759666413949962,0.9747619047619047,,3100,0.405,2507,False,selective,0.65,0.8467741935483871,2100,R3,0.0,0.004
0.8509677419354839,0.8766233766233766,0.9902200488997555,0.004193548387096774,0.6140514596362638,0.15774193548387097,clinc150,0,0.8467741935483871,0.025238095238095237,0.405,0.405,0.409,1000,462,0.025,0.004193548387096774,0.9544357859754449,0.9179766666666667,0.8640776699029126,0.7759666413949962,0.9747619047619047,,3100,0.405,2507,False,selective,0.65,0.8467741935483871,2100,R3,0.0,0.004
0.8509677419354839,0.8766233766233766,0.9902200488997555,0.004193548387096774,0.6140514596362638,0.15774193548387097,clinc150,0,0.8467741935483871,0.025238095238095237,0.405,0.405,0.409,1000,462,0.05,0.004193548387096774,0.9544357859754449,0.9179766666666667,0.8640776699029126,0.7759666413949962,0.9747619047619047,,3100,0.405,2507,False,selective,0.65,0.8467741935483871,2100,R3,0.0,0.004
0.8509677419354839,0.8766233766233766,0.9902200488997555,0.004193548387096774,0.6140514596362638,0.15774193548387097,clinc150,0,0.8467741935483871,0.025238095238095237,0.405,0.405,0.409,1000,462,0.075,0.004193548387096774,0.9544357859754449,0.9179766666666667,0.8640776699029126,0.7759666413949962,0.9747619047619047,,3100,0.405,2507,False,selective,0.65,0.8467741935483871,2100,R3,0.0,0.004
0.8519354838709677,0.8779956427015251,0.9926108374384236,0.005161290322580645,0.6153922215980081,0.15774193548387097,clinc150,0,0.8467741935483871,0.025238095238095237,0.403,0.403,0.406,1000,459,0.1,0.004193548387096774,0.9544357859754449,0.9179766666666667,0.8635309006538704,0.7750851950018932,0.9747619047619047,,3100,0.403,2507,False,selective,0.65,0.8467741935483871,2100,R3,0.0,0.003
0.8558064516129033,0.8948545861297539,0.9950248756218906,0.00903225806451613,0.6173062408741531,0.15774193548387097,clinc150,0,0.8467741935483871,0.02142857142857143,0.4,0.4,0.402,1000,447,0.15,0.004193548387096774,0.9544357859754449,0.9179766666666667,0.8647170208289501,0.7745947983415001,0.9785714285714285,,3100,0.4,2507,False,selective,0.65,0.8467741935483871,2100,R3,0.0,0.002
0.8796774193548387,0.9088471849865952,0.9912280701754386,0.0012903225806451613,0.6549837096436271,0.12290322580645162,clinc150,0,0.8783870967741936,0.014761904761904763,0.339,0.339,0.342,1000,373,0.0,0.0012903225806451613,0.9544357859754449,0.9179766666666667,0.8572612388647194,0.7587092042537588,0.9852380952380952,,3100,0.339,2507,False,selective,0.7,0.8783870967741936,2100,R3,0.0,0.003
0.8796774193548387,0.9088471849865952,0.9912280701754386,0.0012903225806451613,0.6549837096436271,0.12290322580645162,clinc150,0,0.8783870967741936,0.014761904761904763,0.339,0.339,0.342,1000,373,0.025,0.0012903225806451613,0.9544357859754449,0.9179766666666667,0.8572612388647194,0.7587092042537588,0.9852380952380952,,3100,0.339,2507,False,selective,0.7,0.8783870967741936,2100,R3,0.0,0.003
0.8796774193548387,0.9088471849865952,0.9912280701754386,0.0012903225806451613,0.6549837096436271,0.12290322580645162,clinc150,0,0.8783870967741936,0.014761904761904763,0.339,0.339,0.342,1000,373,0.05,0.0012903225806451613,0.9544357859754449,0.9179766666666667,0.8572612388647194,0.7587092042537588,0.9852380952380952,,3100,0.339,2507,False,selective,0.7,0.8783870967741936,2100,R3,0.0,0.003
0.8803225806451613,0.9083557951482479,0.9911764705882353,0.001935483870967742,0.6564416291776852,0.12290322580645162,clinc150,0,0.8783870967741936,0.014761904761904763,0.337,0.337,0.34,1000,371,0.075,0.0012903225806451613,0.9544357859754449,0.9179766666666667,0.856906191758128,0.7581531696592159,0.9852380952380952,,3100,0.337,2507,False,selective,0.7,0.8783870967741936,2100,R3,0.0,0.003
0.8812903225806452,0.9130434782608695,0.9970326409495549,0.002903225806451613,0.6571579905180287,0.12290322580645162,clinc150,0,0.8783870967741936,0.014761904761904763,0.336,0.336,0.337,1000,368,0.1,0.0012903225806451613,0.9544357859754449,0.9179766666666667,0.8563741721854304,0.7573206442166911,0.9852380952380952,,3100,0.336,2507,False,selective,0.7,0.8783870967741936,2100,R3,0.0,0.001
0.8838709677419355,0.9194444444444444,0.9969879518072289,0.005483870967741935,0.6613351665583169,0.12290322580645162,clinc150,0,0.8783870967741936,0.013333333333333334,0.331,0.331,0.332,1000,360,0.15,0.0012903225806451613,0.9544357859754449,0.9179766666666667,0.856198347107438,0.7562043795620438,0.9866666666666667,,3100,0.331,2507,False,selective,0.7,0.8783870967741936,2100,R3,0.0,0.001
0.9048387096774193,0.9254237288135593,0.9891304347826086,0.0003225806451612903,0.7023325312676717,0.09580645161290323,clinc150,0,0.9045161290322581,0.009047619047619047,0.273,0.273,0.276,1000,295,0.0,0.0003225806451612903,0.9544357859754449,0.9179766666666667,0.8485219164118247,0.7418894830659537,0.9909523809523809,,3100,0.273,2507,False,selective,0.75,0.9045161290322581,2100,R3,0.0,0.003
0.9048387096774193,0.9254237288135593,0.9891304347826086,0.0003225806451612903,0.7023325312676717,0.09580645161290323,clinc150,0,0.9045161290322581,0.009047619047619047,0.273,0.273,0.276,1000,295,0.025,0.0003225806451612903,0.9544357859754449,0.9179766666666667,0.8485219164118247,0.7418894830659537,0.9909523809523809,,3100,0.273,2507,False,selective,0.75,0.9045161290322581,2100,R3,0.0,0.003
0.9051612903225806,0.9285714285714286,0.9927272727272727,0.0006451612903225806,0.7023325312676717,0.09580645161290323,clinc150,0,0.9045161290322581,0.009047619047619047,0.273,0.273,0.275,1000,294,0.05,0.0003225806451612903,0.9544357859754449,0.9179766666666667,0.8483489604565838,0.7416250890947969,0.9909523809523809,,3100,0.273,2507,False,selective,0.75,0.9045161290322581,2100,R3,0.0,0.002
0.905483870967742,0.9283276450511946,0.9927007299270073,0.000967741935483871,0.7031519192245149,0.09580645161290323,clinc150,0,0.9045161290322581,0.009047619047619047,0.272,0.272,0.274,1000,293,0.075,0.0003225806451612903,0.9544357859754449,0.9179766666666667,0.8481760749949053,0.7413608835055219,0.9909523809523809,,3100,0.272,2507,False,selective,0.75,0.9045161290322581,2100,R3,0.0,0.002
0.9058064516129032,0.9315068493150684,0.9963369963369964,0.0012903225806451613,0.7031519192245149,0.09580645161290323,clinc150,0,0.9045161290322581,0.009047619047619047,0.272,0.272,0.273,1000,292,0.1,0.0003225806451612903,0.9544357859754449,0.9179766666666667,0.8480032599837001,0.7410968660968661,0.9909523809523809,,3100,0.272,2507,False,selective,0.75,0.9045161290322581,2100,R3,0.0,0.001
0.9077419354838709,0.9335664335664335,0.996268656716418,0.0032258064516129032,0.7073290952648033,0.09580645161290323,clinc150,0,0.9045161290322581,0.008571428571428572,0.267,0.267,0.268,1000,286,0.15,0.0003225806451612903,0.9544357859754449,0.9179766666666667,0.8473748473748474,0.7398720682302772,0.9914285714285714,,3100,0.267,2507,False,selective,0.75,0.9045161290322581,2100,R3,0.0,0.001
0.925483870967742,0.9393939393939394,0.9954128440366973,0.0003225806451612903,0.7468823227499628,0.07516129032258065,clinc150,0,0.9251612903225807,0.006190476190476191,0.217,0.217,0.218,1000,231,0.0,0.0003225806451612903,0.9544357859754449,0.9179766666666667,0.8400080499094384,0.7274311606831648,0.9938095238095238,,3100,0.217,2507,False,selective,0.8,0.9251612903225807,2100,R3,0.0,0.001
0.925483870967742,0.9393939393939394,0.9954128440366973,0.0003225806451612903,0.7468823227499628,0.07516129032258065,clinc150,0,0.9251612903225807,0.006190476190476191,0.217,0.217,0.218,1000,231,0.025,0.0003225806451612903,0.9544357859754449,0.9179766666666667,0.8400080499094384,0.7274311606831648,0.9938095238095238,,3100,0.217,2507,False,selective,0.8,0.9251612903225807,2100,R3,0.0,0.001
0.925483870967742,0.9393939393939394,0.9954128440366973,0.0003225806451612903,0.7468823227499628,0.07516129032258065,clinc150,0,0.9251612903225807,0.006190476190476191,0.217,0.217,0.218,1000,231,0.05,0.0003225806451612903,0.9544357859754449,0.9179766666666667,0.8400080499094384,0.7274311606831648,0.9938095238095238,,3100,0.217,2507,False,selective,0.8,0.9251612903225807,2100,R3,0.0,0.001
0.925483870967742,0.9393939393939394,0.9954128440366973,0.0003225806451612903,0.7468823227499628,0.07516129032258065,clinc150,0,0.9251612903225807,0.006190476190476191,0.217,0.217,0.218,1000,231,0.075,0.0003225806451612903,0.9544357859754449,0.9179766666666667,0.8400080499094384,0.7274311606831648,0.9938095238095238,,3100,0.217,2507,False,selective,0.8,0.9251612903225807,2100,R3,0.0,0.001
0.925483870967742,0.9393939393939394,0.9954128440366973,0.0003225806451612903,0.7468823227499628,0.07516129032258065,clinc150,0,0.9251612903225807,0.006190476190476191,0.217,0.217,0.218,1000,231,0.1,0.0003225806451612903,0.9544357859754449,0.9179766666666667,0.8400080499094384,0.7274311606831648,0.9938095238095238,,3100,0.217,2507,False,selective,0.8,0.9251612903225807,2100,R3,0.0,0.001
0.9264516129032258,0.9429824561403509,0.9953703703703703,0.0012903225806451613,0.7486812812127245,0.07516129032258065,clinc150,0,0.9251612903225807,0.005714285714285714,0.215,0.215,0.216,1000,228,0.15,0.0003225806451612903,0.9544357859754449,0.9179766666666667,0.8399034593724859,0.7270194986072424,0.9942857142857143,,3100,0.215,2507,True,selective,0.8,0.9251612903225807,2100,R3,0.0,0.001
,,,,,,banking77_open,,,,,0.9412371134020618,,,,,,,,,,,0.001,,,2507,,R0,,,,,,
,,,,,,banking77_open,,,,,0.9402061855670103,,,,,,,,,,,0.01,,,2507,,R0,,,,,,
,,,,,,banking77_open,,,,,0.9463917525773196,,,,,,,,,,,0.1,,,2507,,R0,,,,,,
,,,,,,banking77_open,,,,,0.8804123711340206,,,,,,,0.873587560416326,,,,0.0001,,,2507,,R2,,,,,,
,,,,,,banking77_open,,,,,0.8804123711340206,,,,,,,0.8735404062106652,,,,0.001,,,2507,,R2,,,,,,
,,,,,,banking77_open,,,,,0.8804123711340206,,,,,,,0.8737917685489054,,,,0.01,,,2507,,R2,,,,,,
,,,,,,banking77_open,,,,,0.8783505154639175,,,,,,,0.8758300471161781,,,,0.1,,,2507,,R2,,,,,,
0.29421352893235536,0.31947652040030794,0.8943965517241379,0.0,0.5019047260561057,0.7057864710676447,banking77_open,0,0.29421352893235536,0.6160088528218369,0.8640347126196759,0.8556701030927835,0.9567010309278351,970,2598,0.0,0.0,0.9375965777604128,0.8737917685489054,0.5487612018977331,0.961218836565097,0.383991147178163,,3681,0.8556701030927835,2507,False,selective,0.2,0.29421352893235536,2711,MAX_THRESHOLD,0.4857142857142857,0.10103092783505155
0.3787014398261342,0.35767380848272845,0.8989010989010989,0.0,0.50325073026466,0.6212985601738658,banking77_open,0,0.3787014398261342,0.5079306528956105,0.8510598278724618,0.843298969072165,0.9381443298969072,970,2287,0.0,0.0,0.9375965777604128,0.8737917685489054,0.6499390986601704,0.9569583931133429,0.49206934710438954,,3681,0.843298969072165,2507,False,selective,0.25,0.3787014398261342,2711,MAX_THRESHOLD,0.4857142857142857,0.09484536082474226
0.46427601195327356,0.40872210953346855,0.912797281993205,0.0,0.5050584359051812,0.5357239880467264,banking77_open,0,0.46427601195327356,0.4016967908520841,0.8389875856605383,0.8309278350515464,0.9103092783505154,970,1972,0.0,0.0,0.9375965777604128,0.8737917685489054,0.7339366515837105,0.949093036863663,0.5983032091479159,,3681,0.8309278350515464,2507,False,selective,0.3,0.46427601195327356,2711,MAX_THRESHOLD,0.45714285714285713,0.07938144329896907
0.5509372453137734,0.4748941318814277,0.9246171967020024,0.0,0.509122233979445,0.4490627546862266,banking77_open,0,0.5509372453137734,0.2965695315381778,0.8182466929705705,0.8092783505154639,0.8752577319587629,970,1653,0.0,0.0,0.9375965777604128,0.8737917685489054,0.804811141591053,0.9403353057199211,0.7034304684618222,,3681,0.8092783505154639,2507,False,selective,0.35,0.5509372453137734,2711,MAX_THRESHOLD,0.45714285714285713,0.06597938144329897
0.6313501765824504,0.5460574797347089,0.9391634980988594,0.0,0.5199009894075822,0.3686498234175496,banking77_open,0,0.6313501765824504,0.20951678347473257,0.7717994543560112,0.7639175257731958,0.8134020618556701,970,1357,0.0,0.0,0.9375965777604128,0.8737917685489054,0.8512413108242304,0.9221170395869192,0.7904832165252674,,3681,0.7639175257731958,2507,True,selective,0.4,0.6313501765824504,2711,MAX_THRESHOLD,0.42857142857142855,0.049484536082474224
0.6941048628090193,0.6083481349911191,0.9553695955369595,0.0,0.5365335709605749,0.3058951371909807,banking77_open,0,0.6941048628090193,0.15086683880486906,0.7138805236759028,0.7061855670103093,0.7391752577319588,970,1126,0.0,0.0,0.9375965777604128,0.8737917685489054,0.8742878845423471,0.9009784735812133,0.8491331611951309,,3681,0.7061855670103093,2507,False,selective,0.45,0.6941048628090193,2711,MAX_THRESHOLD,0.37142857142857144,0.032989690721649485
0.7503395816354251,0.6724700761697497,0.9641185647425897,0.0,0.5598452748342916,0.24966041836457484,banking77_open,0,0.7503395816354251,0.10254518627812616,0.6426768918454137,0.6371134020618556,0.6608247422680412,970,919,0.0,0.0,0.9375965777604128,0.8737917685489054,0.8890919057189841,0.8808834178131788,0.8974548137218739,,3681,0.6371134020618556,2507,False,selective,0.5,0.7503395816354251,2711,MAX_THRESHOLD,0.22857142857142856,0.023711340206185566
0.80440097799511,0.7375,0.9725274725274725,0.0,0.5956430012135969,0.19559902200489,banking77_open,0,0.80440097799511,0.06418295831796385,0.5503082964921835,0.5474226804123712,0.5628865979381443,970,720,0.0,0.0,0.9375965777604128,0.8737917685489054,0.8945698166431595,0.856805133400878,0.9358170416820362,,3681,0.5474226804123712,2507,False,selective,0.55,0.80440097799511,2711,MAX_THRESHOLD,0.08571428571428572,0.015463917525773196
0.8432491170877479,0.7902946273830156,0.9848812095032398,0.0,0.6310162486115718,0.15675088291225212,banking77_open,0,0.8432491170877479,0.04205090372556252,0.4707715160768079,0.47010309278350515,0.477319587628866,970,577,0.0,0.0,0.9375965777604128,0.8737917685489054,0.893207222699914,0.8366623711340206,0.9579490962744375,,3681,0.47010309278350515,2507,False,selective,0.6,0.8432491170877479,2711,MAX_THRESHOLD,0.08571428571428572,0.007216494845360825
0.8693289866883999,0.8357588357588358,0.9877149877149877,0.0,0.659485868123433,0.1306710133116001,banking77_open,0,0.8693289866883999,0.02729620066396164,0.41107633062345794,0.4144329896907217,0.4195876288659794,970,481,0.0,0.0,0.9375965777604128,0.8737917685489054,0.8922348164439181,0.8240625,0.9727037993360383,,3681,0.4144329896907217,2507,False,selective,0.65,0.8693289866883999,2711,MAX_THRESHOLD,0.08571428571428572,0.005154639175257732
0.8970388481390926,0.8707124010554089,0.990990990990991,0.0,0.7014906444619422,0.10296115186090736,banking77_open,0,0.8970388481390926,0.016967908520841016,0.33697699718649754,0.3402061855670103,0.34329896907216495,970,379,0.0,0.0,0.9375965777604128,0.8737917685489054,0.8864127723266255,0.8070866141732284,0.9830320914791589,,3681,0.3402061855670103,2507,False,selective,0.7,0.8970388481390926,2711,MAX_THRESHOLD,0.07692307692307693,0.003092783505154639
0.9223037218147243,0.8916083916083916,0.9922178988326849,0.0,0.7506083829820764,0.07769627818527575,banking77_open,0,0.9223037218147243,0.010697159719660641,0.2619142075109809,0.26288659793814434,0.2649484536082474,970,286,0.0,0.0,0.9375965777604128,0.8737917685489054,0.8784801834261382,0.7899852724594992,0.9893028402803393,,3681,0.26288659793814434,2507,False,selective,0.75,0.9223037218147243,2711,MAX_THRESHOLD,0.0,0.002061855670103093
0.9424069546318935,0.9056603773584906,0.9896907216494846,0.0,0.7967795361404849,0.05759304536810649,banking77_open,0,0.9424069546318935,0.0066396163777203985,0.19700069489729122,0.1979381443298969,0.2,970,212,0.0,0.0,0.9375965777604128,0.8737917685489054,0.8715210355987055,0.7763044104929374,0.9933603836222796,,3681,0.1979381443298969,2507,False,selective,0.8,0.9424069546318935,2711,MAX_THRESHOLD,0.0,0.002061855670103093
0.7590328715023091,0.3788049605411499,0.9464788732394366,0.46481934256995383,0.8209050603465191,1.8723173050801412,banking77_open,0,0.29421352893235536,0.19623755071929178,0.3501913522958863,0.3463917525773196,0.36597938144329895,970,887,0.0,0.46481934256995383,0.9375965777604128,0.8737917685489054,0.7916439600363306,0.7798854688618468,0.8037624492807083,,3681,0.3463917525773196,2507,False,selective,0.2,0.29421352893235536,2711,R3,0.0,0.01958762886597938
0.7660961695191524,0.389082462253194,0.9490084985835694,0.4718826405867971,0.821012988061457,1.8723173050801412,banking77_open,0,0.29421352893235536,0.18738472888233124,0.349437204482915,0.34536082474226804,0.36391752577319586,970,861,0.025,0.46481934256995383,0.9375965777604128,0.8737917685489054,0.7966009763153138,0.7812056737588653,0.8126152711176687,,3681,0.34536082474226804,2507,False,selective,0.2,0.29421352893235536,2711,R3,0.0,0.018556701030927835
0.7791361043194784,0.41205412054120544,0.9517045454545454,0.4849225753871231,0.821012988061457,1.8723173050801412,banking77_open,0,0.29421352893235536,0.1700479527849502,0.349437204482915,0.34536082474226804,0.3628865979381443,970,813,0.05,0.46481934256995383,0.9375965777604128,0.8737917685489054,0.8065961641871302,0.7845188284518828,0.8299520472150498,,3681,0.34536082474226804,2507,False,selective,0.2,0.29421352893235536,2711,R3,0.0,0.01752577319587629
0.7946210268948656,0.43915343915343913,0.9595375722543352,0.5004074979625102,0.8213282753175065,1.8723173050801412,banking77_open,0,0.29421352893235536,0.15123570638140907,0.346628487307682,0.3422680412371134,0.35670103092783506,970,756,0.075,0.46481934256995383,0.9375965777604128,0.8737917685489054,0.8165365507452095,0.7866666666666666,0.848764293618591,,3681,0.3422680412371134,2507,False,selective,0.2,0.29421352893235536,2711,R3,0.0,0.01443298969072165
0.8133659331703341,0.47889374090247455,0.9676470588235294,0.5191524042379788,0.8217341981775246,1.8723173050801412,banking77_open,0,0.29421352893235536,0.1279970490593877,0.3433350108684255,0.3391752577319588,0.35051546391752575,970,687,0.1,0.46481934256995383,0.9375965777604128,0.8737917685489054,0.8287467134092902,0.7895791583166333,0.8720029509406123,,3681,0.3391752577319588,2507,False,selective,0.2,0.29421352893235536,2711,R3,0.0,0.01134020618556701
0.8473240967128498,0.5800711743772242,0.9760479041916168,0.5531105677804944,0.8221441971013399,1.8723173050801412,banking77_open,0,0.29421352893235536,0.08410180745112504,0.3401191631709724,0.33608247422680415,0.3443298969072165,970,562,0.15,0.46481934256995383,0.9375965777604128,0.8737917685489054,0.8518010291595198,0.7960884899006092,0.915898192548875,,3681,0.33608247422680415,2507,False,selective,0.2,0.29421352893235536,2711,R3,0.0,0.008247422680412371
0.7294213528932355,0.4146586345381526,0.9322799097065463,0.3507199130671013,0.7712073674830046,1.3594132029339854,banking77_open,0,0.3787014398261342,0.20398376982663224,0.4317478752756433,0.42577319587628865,0.45670103092783504,970,996,0.0,0.3507199130671013,0.9375965777604128,0.8737917685489054,0.7998517420311341,0.8037243947858473,0.7960162301733678,,3681,0.42577319587628865,2507,False,selective,0.25,0.3787014398261342,2711,R3,0.0,0.030927835051546393
0.7334963325183375,0.42099898063200814,0.9322799097065463,0.3547948926922032,0.7712073674830046,1.3594132029339854,banking77_open,0,0.3787014398261342,0.19845075617853192,0.4317478752756433,0.42577319587628865,0.45670103092783504,970,981,0.025,0.3507199130671013,0.9375965777604128,0.8737917685489054,0.8031787100351137,0.8048148148148148,0.8015492438214681,,3681,0.42577319587628865,2507,False,selective,0.25,0.3787014398261342,2711,R3,0.0,0.030927835051546393
0.7430046183102418,0.4365750528541226,0.9343891402714932,0.3643031784841076,0.7712073674830046,1.3594132029339854,banking77_open,0,0.3787014398261342,0.18590925857617116,0.4317478752756433,0.42577319587628865,0.4556701030927835,970,946,0.05,0.3507199130671013,0.9375965777604128,0.8737917685489054,0.8105031215571061,0.8069469835466179,0.8140907414238289,,3681,0.42577319587628865,2507,False,selective,0.25,0.3787014398261342,2711,R3,0.0,0.029896907216494847
0.7603911980440098,0.4671201814058957,0.9427917620137299,0.3816897582178756,0.771361107499183,1.3594132029339854,banking77_open,0,0.3787014398261342,0.16414607156030986,0.43063304807385955,0.4247422680412371,0.4505154639175258,970,882,0.075,0.3507199130671013,0.9375965777604128,0.8737917685489054,0.8225045372050817,0.8095748481600572,0.8358539284396902,,3681,0.4247422680412371,2507,False,selective,0.25,0.3787014398261342,2711,R3,0.0,0.02577319587628866
0.7796794349361587,0.5055487053020962,0.951276102088167,0.40097799511002447,0.7716711285215994,1.3594132029339854,banking77_open,0,0.3787014398261342,0.14016967908520842,0.42876407305910447,0.422680412371134,0.44432989690721647,970,811,0.1,0.3507199130671013,0.9375965777604128,0.8737917685489054,0.8353341695036732,0.8121951219512196,0.8598303209147916,,3681,0.422680412371134,2507,False,selective,0.25,0.3787014398261342,2711,R3,0.0,0.021649484536082474
0.8182559087204564,0.5994020926756353,0.9685990338164251,0.4395544688943222,0.7733823629367652,1.3594132029339854,banking77_open,0,0.3787014398261342,0.09406123201770564,0.4190976196303552,0.4134020618556701,0.4268041237113402,970,669,0.15,0.3507199130671013,0.9375965777604128,0.8737917685489054,0.8582911060632537,0.8154050464807437,0.9059387679822943,,3681,0.4134020618556701,2507,False,selective,0.25,0.3787014398261342,2711,R3,0.0,0.013402061855670102
0.7185547405596305,0.46621621621621623,0.9415204678362573,0.254278728606357,0.7278647983887709,0.9853300733496333,banking77_open,0,0.46427601195327356,0.19291774253043156,0.505641157638135,0.4979381443298969,0.5288659793814433,970,1036,0.0,0.254278728606357,0.9375965777604128,0.8737917685489054,0.8170276325616131,0.8272211720226843,0.8070822574695684,,3681,0.4979381443298969,2507,False,selective,0.3,0.46427601195327356,2711,R3,0.0,0.030927835051546393
0.721814724259712,0.470703125,0.94140625,0.2575387123064385,0.7280368130216812,0.9853300733496333,banking77_open,0,0.46427601195327356,0.18886019918849134,0.504839875586853,0.49690721649484537,0.5278350515463918,970,1024,0.025,0.254278728606357,0.9375965777604128,0.8737917685489054,0.8192995529061102,0.8276251411366202,0.8111398008115087,,3681,0.49690721649484537,2507,False,selective,0.3,0.46427601195327356,2711,R3,0.0,0.030927835051546393
0.7321380059766368,0.48884381338742394,0.94140625,0.2678619940233632,0.7280368130216812,0.9853300733496333,banking77_open,0,0.46427601195327356,0.17484323127997048,0.504839875586853,0.49690721649484537,0.5278350515463918,970,986,0.05,0.254278728606357,0.9375965777604128,0.8737917685489054,0.8275989641139474,0.8300556586270872,0.8251567687200295,,3681,0.49690721649484537,2507,False,selective,0.3,0.46427601195327356,2711,R3,0.0,0.030927835051546393
0.7446346101602825,0.5095744680851064,0.9410609037328095,0.280358598207009,0.7286151954904345,0.9853300733496333,banking77_open,0,0.46427601195327356,0.15898192548874954,0.5025187762069301,0.49381443298969074,0.5247422680412371,970,940,0.075,0.254278728606357,0.9375965777604128,0.8737917685489054,0.8363903154805576,0.8318132068588107,0.8410180745112504,,3681,0.49381443298969074,2507,False,selective,0.3,0.46427601195327356,2711,R3,0.0,0.030927835051546393
0.7617495245857104,0.5461801596351197,0.9485148514851485,0.2974735126324368,0.7286151954904345,0.9853300733496333,banking77_open,0,0.46427601195327356,0.13721873847288824,0.5025187762069301,0.49381443298969074,0.520618556701031,970,877,0.1,0.254278728606357,0.9375965777604128,0.8737917685489054,0.8482320942883046,0.8341654778887304,0.8627812615271118,,3681,0.49381443298969074,2507,False,selective,0.3,0.46427601195327356,2711,R3,0.0,0.026804123711340205
0.7965226840532464,0.6221628838451269,0.9688149688149689,0.33224667209997283,0.7315867920759435,0.9853300733496333,banking77_open,0,0.46427601195327356,0.09885651051272593,0.49016021519640823,0.48041237113402063,0.49587628865979383,970,749,0.15,0.254278728606357,0.9375965777604128,0.8737917685489054,0.8658514974304449,0.8332196452933152,0.9011434894872741,,3681,0.48041237113402063,2507,False,selective,0.3,0.46427601195327356,2711,R3,0.0,0.015463917525773196
0.7234447161097528,0.5304518664047151,0.9523809523809523,0.17250747079597936,0.6804517756622335,0.7082314588427058,banking77_open,0,0.5509372453137734,0.16635927701954997,0.561641535690356,0.5567010309278351,0.5845360824742268,970,1018,0.0,0.17250747079597936,0.9375965777604128,0.8737917685489054,0.84108671380722,0.8486669170108899,0.83364072298045,,3681,0.5567010309278351,2507,False,selective,0.35,0.5509372453137734,2711,R3,0.0,0.027835051546391754
0.7267046998098343,0.536779324055666,0.9523809523809523,0.17576745449606085,0.6804517756622335,0.7082314588427058,banking77_open,0,0.5509372453137734,0.16193286610106972,0.561641535690356,0.5567010309278351,0.5845360824742268,970,1006,0.025,0.17250747079597936,0.9375965777604128,0.8737917685489054,0.843668770887486,0.8493457943925233,0.8380671338989303,,3681,0.5567010309278351,2507,False,selective,0.35,0.5509372453137734,2711,R3,0.0,0.027835051546391754
0.7372996468350992,0.5573940020682523,0.9556737588652482,0.18636240152132572,0.6807125975118277,0.7082314588427058,banking77_open,0,0.5509372453137734,0.14865363334562892,0.5608873878773847,0.5556701030927835,0.5814432989690722,970,967,0.05,0.17250747079597936,0.9375965777604128,0.8737917685489054,0.8508755760368664,0.8504053058216654,0.8513463666543711,,3681,0.5556701030927835,2507,False,selective,0.35,0.5509372453137734,2711,R3,0.0,0.02577319587628866
0.7473512632436837,0.5774193548387097,0.9572192513368984,0.19641401792991034,0.6812074364034285,0.7082314588427058,banking77_open,0,0.5509372453137734,0.13611213574326816,0.558832818515123,0.5536082474226804,0.5783505154639176,970,930,0.075,0.17250747079597936,0.9375965777604128,0.8737917685489054,0.8575613328451117,0.851326790258088,0.8638878642567318,,3681,0.5536082474226804,2507,False,selective,0.35,0.5509372453137734,2711,R3,0.0,0.024742268041237112
0.7601195327356697,0.6024915062287656,0.9655172413793104,0.20918228742189623,0.6826062109205887,0.7082314588427058,banking77_open,0,0.5509372453137734,0.12246403541128735,0.5542883492967406,0.5484536082474227,0.568041237113402,970,883,0.1,0.17250747079597936,0.9375965777604128,0.8737917685489054,0.8636776184425484,0.8502501786990707,0.8775359645887126,,3681,0.5484536082474227,2507,False,selective,0.35,0.5509372453137734,2711,R3,0.0,0.01958762886597938
0.787014398261342,0.6607142857142857,0.975517890772128,0.2360771529475686,0.6865889401107201,0.7082314588427058,banking77_open,0,0.5509372453137734,0.0933234968646256,0.5421848855435786,0.534020618556701,0.5474226804123712,970,784,0.15,0.17250747079597936,0.9375965777604128,0.8737917685489054,0.87660485021398,0.8484639282015879,0.9066765031353744,,3681,0.534020618556701,2507,False,selective,0.35,0.5509372453137734,2711,R3,0.0,0.013402061855670102
0.73892963868514,0.6129032258064516,0.9639934533551555,0.10757946210268948,0.6348607141625713,0.5148057593045368,banking77_open,0,0.6313501765824504,0.12910365178900773,0.6089463427140445,0.6072164948453608,0.6298969072164948,970,961,0.0,0.10757946210268948,0.9375965777604128,0.8737917685489054,0.869453139385012,0.868014705882353,0.8708963482109923,,3681,0.6072164948453608,2507,False,selective,0.4,0.6313501765824504,2711,R3,0.1,0.02268041237113402
0.7408312958435208,0.6163522012578616,0.9639344262295082,0.10948111926107036,0.6351392552666871,0.5148057593045368,banking77_open,0,0.6313501765824504,0.12689044632976762,0.6078779666456684,0.6061855670103092,0.6288659793814433,970,954,0.025,0.10757946210268948,0.9375965777604128,0.8737917685489054,0.8705406399411547,0.8679867986798679,0.8731095536702324,,3681,0.6061855670103092,2507,False,selective,0.4,0.6313501765824504,2711,R3,0.1,0.02268041237113402
0.7457212713936431,0.625,0.9701492537313433,0.1143710948111926,0.6360036669647957,0.5148057593045368,banking77_open,0,0.6313501765824504,0.12283290298782737,0.6056114831291849,0.6030927835051546,0.6216494845360825,970,936,0.05,0.10757946210268948,0.9375965777604128,0.8737917685489054,0.871700879765396,0.8663023679417122,0.8771670970121727,,3681,0.6030927835051546,2507,False,selective,0.4,0.6313501765824504,2711,R3,0.1,0.018556701030927835
0.7557728878022276,0.6451612903225806,0.9731543624161074,0.12442271121977723,0.6375090319397605,0.5148057593045368,banking77_open,0,0.6313501765824504,0.1117668756916267,0.6009700621719745,0.5979381443298969,0.6144329896907217,970,899,0.075,0.10757946210268948,0.9375965777604128,0.8737917685489054,0.8767522301110505,0.8655643421998562,0.8882331243083733,,3681,0.5979381443298969,2507,False,selective,0.4,0.6313501765824504,2711,R3,0.1,0.016494845360824743
0.7660961695191524,0.6655052264808362,0.9744897959183674,0.13474599293670197,0.6397246180965264,0.5148057593045368,banking77_open,0,0.6313501765824504,0.10070084839542605,0.5940148982352051,0.5907216494845361,0.6061855670103092,970,861,0.1,0.10757946210268948,0.9375965777604128,0.8737917685489054,0.8815765684324716,0.8645390070921986,0.899299151604574,,3681,0.5907216494845361,2507,False,selective,0.4,0.6313501765824504,2711,R3,0.1,0.015463917525773196
0.7859277370279816,0.7093908629441624,0.9772727272727273,0.15457756044553111,0.6447295321130762,0.5148057593045368,banking77_open,0,0.6313501765824504,0.07967539653264478,0.5782074702142713,0.5762886597938144,0.5896907216494846,970,788,0.15,0.10757946210268948,0.9375965777604128,0.8737917685489054,0.890435403283369,0.8624265468371932,0.9203246034673552,,3681,0.5762886597938144,2507,False,selective,0.4,0.6313501765824504,2711,R3,0.1,0.013402061855670102
0.7541428959521869,0.6508287292817679,0.971947194719472,0.060038033143167614,0.6131881341988838,0.38005976636783484,banking77_open,0,0.6941048628090193,0.11029140538546661,0.6083887013240404,0.6072164948453608,0.6247422680412371,970,905,0.0,0.060038033143167614,0.9375965777604128,0.8737917685489054,0.8791689447785676,0.8688760806916427,0.8897085946145333,,3681,0.6072164948453608,2507,False,selective,0.45,0.6941048628090193,2711,R3,0.15,0.01752577319587629
0.7546862265688672,0.6522702104097453,0.971947194719472,0.060581363759847864,0.6131881341988838,0.38005976636783484,banking77_open,0,0.6941048628090193,0.10955367023238657,0.6083887013240404,0.6072164948453608,0.6247422680412371,970,903,0.025,0.060038033143167614,0.9375965777604128,0.8737917685489054,0.8795773364911642,0.8689704823614111,0.8904463297676134,,3681,0.6072164948453608,2507,False,selective,0.45,0.6941048628090193,2711,R3,0.15,0.01752577319587629
0.758761206193969,0.6621621621621622,0.9735099337748344,0.06465634338494974,0.6135125073345876,0.38005976636783484,banking77_open,0,0.6941048628090193,0.10475839173736629,0.6076561005914397,0.6061855670103092,0.622680412371134,970,888,0.05,0.060038033143167614,0.9375965777604128,0.8737917685489054,0.8819040697674417,0.8689581095596133,0.8952416082626337,,3681,0.6061855670103092,2507,False,selective,0.45,0.6941048628090193,2711,R3,0.15,0.016494845360824743
0.7669111654441728,0.6818181818181818,0.9766277128547579,0.07280630263515349,0.6146359322198316,0.38005976636783484,banking77_open,0,0.6941048628090193,0.09553670232386573,0.603093711413666,0.6030927835051546,0.6175257731958763,970,858,0.075,0.060038033143167614,0.9375965777604128,0.8737917685489054,0.8861582941814239,0.8685795253276656,0.9044632976761343,,3681,0.6030927835051546,2507,False,selective,0.45,0.6941048628090193,2711,R3,0.15,0.01443298969072165
0.7758761206193969,0.6993939393939393,0.9796264855687606,0.08177125781037761,0.6175497796208307,0.38005976636783484,banking77_open,0,0.6941048628090193,0.08705274806344522,0.595473585840068,0.5948453608247423,0.6072164948453608,970,825,0.1,0.060038033143167614,0.9375965777604128,0.8737917685489054,0.8891683132746543,0.8665966386554622,0.9129472519365548,,3681,0.5948453608247423,2507,False,selective,0.45,0.6941048628090193,2711,R3,0.15,0.012371134020618556
0.793534365661505,0.7328947368421053,0.9840989399293286,0.09942950285248574,0.6255000444622858,0.38005976636783484,banking77_open,0,0.6941048628090193,0.0715603098487643,0.5736652036724,0.5742268041237113,0.5835051546391753,970,760,0.15,0.060038033143167614,0.9375965777604128,0.8737917685489054,0.8938210227272728,0.8616912016432728,0.9284396901512357,,3681,0.5742268041237113,2507,False,selective,0.45,0.6941048628090193,2711,R3,0.15,0.009278350515463918
0.7821244227112197,0.7032418952618454,0.9740932642487047,0.03178484107579462,0.6043449349559571,0.28579190437381147,banking77_open,0,0.7503395816354251,0.08225746956842493,0.5808082091895482,0.5814432989690722,0.5969072164948453,970,802,0.0,0.03178484107579462,0.9375965777604128,0.8737917685489054,0.8901610017889088,0.8641889544980896,0.917742530431575,,3681,0.5814432989690722,2507,False,selective,0.5,0.7503395816354251,2711,R3,0.2,0.015463917525773196
0.7832110839445803,0.706766917293233,0.9757785467128027,0.03287150230915512,0.6043449349559571,0.28579190437381147,banking77_open,0,0.7503395816354251,0.08115086683880487,0.5808082091895482,0.5814432989690722,0.5958762886597938,970,798,0.025,0.03178484107579462,0.9375965777604128,0.8737917685489054,0.8905970682874508,0.8640305237599722,0.9188491331611951,,3681,0.5814432989690722,2507,False,selective,0.5,0.7503395816354251,2711,R3,0.2,0.01443298969072165
0.7856560717196414,0.7135614702154626,0.975736568457539,0.035316490084216244,0.6047241753568303,0.28579190437381147,banking77_open,0,0.7503395816354251,0.0781999262264847,0.5793837077650469,0.5804123711340207,0.5948453608247423,970,789,0.05,0.03178484107579462,0.9375965777604128,0.8737917685489054,0.8920221310012493,0.8641078838174274,0.9218000737735154,,3681,0.5804123711340207,2507,False,selective,0.5,0.7503395816354251,2711,R3,0.2,0.01443298969072165
0.7908177125781037,0.7285714285714285,0.9790575916230366,0.04047813094267862,0.6055609609025449,0.28579190437381147,banking77_open,0,0.7503395816354251,0.07266691257838435,0.5766787204446749,0.5783505154639176,0.5907216494845361,970,770,0.075,0.03178484107579462,0.9375965777604128,0.8737917685489054,0.8943436499466383,0.8636207488835451,0.9273330874216157,,3681,0.5783505154639176,2507,False,selective,0.5,0.7503395816354251,2711,R3,0.2,0.012371134020618556
0.7959793534365661,0.7416777629826897,0.9840989399293286,0.045639771801140996,0.6072683006687092,0.28579190437381147,banking77_open,0,0.7503395816354251,0.0682405016599041,0.5736568920551994,0.5742268041237113,0.5835051546391753,970,751,0.1,0.03178484107579462,0.9375965777604128,0.8737917685489054,0.8955858890267683,0.8621160409556314,0.9317594983400959,,3681,0.5742268041237113,2507,False,selective,0.5,0.7503395816354251,2711,R3,0.2,0.009278350515463918
0.8076609616951915,0.7641242937853108,0.9890310786106032,0.05732138005976637,0.6142492582145198,0.28579190437381147,banking77_open,0,0.7503395816354251,0.059387679822943566,0.5577467481227262,0.5577319587628866,0.5639175257731959,970,708,0.15,0.03178484107579462,0.9375965777604128,0.8737917685489054,0.8972554539057002,0.8577194752774975,0.9406123201770564,,3681,0.5577319587628866,2507,False,selective,0.5,0.7503395816354251,2711,R3,0.2,0.006185567010309278
0.815267590328715,0.75,0.9770114942528736,0.010866612333604999,0.6150808772931219,0.2067372996468351,banking77_open,0,0.80440097799511,0.058281077093323495,0.5253676207917038,0.5257731958762887,0.5381443298969072,970,680,0.0,0.010866612333604999,0.9375965777604128,0.8737917685489054,0.89390756302521,0.8507164278573809,0.9417189229066765,,3681,0.5257731958762887,2507,False,selective,0.55,0.80440097799511,2711,R3,0.05714285714285714,0.012371134020618556
0.8160825862537354,0.7533234859675036,0.9826589595375722,0.011681608258625374,0.6150808772931219,0.2067372996468351,banking77_open,0,0.80440097799511,0.058281077093323495,0.5253676207917038,0.5257731958762887,0.5350515463917526,970,677,0.025,0.010866612333604999,0.9375965777604128,0.8737917685489054,0.8934383202099737,0.8498668442077231,0.9417189229066765,,3681,0.5257731958762887,2507,False,selective,0.55,0.80440097799511,2711,R3,0.05714285714285714,0.009278350515463918
0.8168975821787557,0.755192878338279,0.9826254826254827,0.012496604183645748,0.6155526005903376,0.2067372996468351,banking77_open,0,0.80440097799511,0.05754334194024345,0.5232308686549517,0.5247422680412371,0.534020618556701,970,674,0.05,0.010866612333604999,0.9375965777604128,0.8737917685489054,0.8936691150752011,0.8496840705021617,0.9424566580597565,,3681,0.5247422680412371,2507,False,selective,0.55,0.80440097799511,2711,R3,0.05714285714285714,0.009278350515463918
0.8193425699538169,0.7593984962406015,0.9844054580896686,0.014941591958706873,0.6174221776052317,0.2067372996468351,banking77_open,0,0.80440097799511,0.05606787163408337,0.5180757388844373,0.520618556701031,0.5288659793814433,970,665,0.075,0.010866612333604999,0.9375965777604128,0.8737917685489054,0.8936616029334731,0.8484748010610079,0.9439321283659167,,3681,0.520618556701031,2507,False,selective,0.55,0.80440097799511,2711,R3,0.05714285714285714,0.008247422680412371
0.8220592230372181,0.76793893129771,0.9862745098039216,0.017658245042108122,0.6184386437560268,0.2067372996468351,banking77_open,0,0.80440097799511,0.05348579859830321,0.516295950045825,0.5185567010309279,0.5257731958762887,970,655,0.1,0.010866612333604999,0.9375965777604128,0.8737917685489054,0.8945441868572425,0.8479841374752148,0.9465142014016968,,3681,0.5185567010309279,2507,False,selective,0.55,0.80440097799511,2711,R3,0.05714285714285714,0.007216494845360825
0.8299375169790818,0.7827476038338658,0.98989898989899,0.025536538983971745,0.6247984636696561,0.2067372996468351,banking77_open,0,0.80440097799511,0.0483216525267429,0.5022302757189859,0.5051546391752577,0.5103092783505154,970,626,0.15,0.010866612333604999,0.9375965777604128,0.8737917685489054,0.894901144640999,0.8445171849427169,0.9516783474732571,,3681,0.5051546391752577,2507,False,selective,0.55,0.80440097799511,2711,R3,0.05714285714285714,0.005154639175257732
0.8489540885628906,0.8003597122302158,0.9888888888888889,0.0057049714751426246,0.6398582137292496,0.16245585438739474,banking77_open,0,0.8432491170877479,0.03909996311324235,0.4572382338180354,0.4587628865979381,0.4639175257731959,970,556,0.0,0.0057049714751426246,0.9375965777604128,0.8737917685489054,0.8927347498286498,0.8336,0.9609000368867576,,3681,0.4587628865979381,2507,False,selective,0.6,0.8432491170877479,2711,R3,0.05714285714285714,0.005154639175257732
0.8489540885628906,0.8003597122302158,0.9888888888888889,0.0057049714751426246,0.6398582137292496,0.16245585438739474,banking77_open,0,0.8432491170877479,0.03909996311324235,0.4572382338180354,0.4587628865979381,0.4639175257731959,970,556,0.025,0.0057049714751426246,0.9375965777604128,0.8737917685489054,0.8927347498286498,0.8336,0.9609000368867576,,3681,0.4587628865979381,2507,False,selective,0.6,0.8432491170877479,2711,R3,0.05714285714285714,0.005154639175257732
0.8489540885628906,0.8003597122302158,0.9888888888888889,0.0057049714751426246,0.6398582137292496,0.16245585438739474,banking77_open,0,0.8432491170877479,0.03909996311324235,0.4572382338180354,0.4587628865979381,0.4639175257731959,970,556,0.05,0.0057049714751426246,0.9375965777604128,0.8737917685489054,0.8927347498286498,0.8336,0.9609000368867576,,3681,0.4587628865979381,2507,False,selective,0.6,0.8432491170877479,2711,R3,0.05714285714285714,0.005154639175257732
0.8497690844879109,0.8047016274864376,0.9888888888888889,0.006519967400162999,0.6398582137292496,0.16245585438739474,banking77_open,0,0.8432491170877479,0.03799336038362228,0.4572382338180354,0.4587628865979381,0.4639175257731959,970,553,0.075,0.0057049714751426246,0.9375965777604128,0.8737917685489054,0.8933036478849118,0.8337595907928389,0.9620066396163777,,3681,0.4587628865979381,2507,False,selective,0.6,0.8432491170877479,2711,R3,0.05714285714285714,0.005154639175257732
0.8516707416462918,0.8131868131868132,0.9888641425389755,0.008421624558543873,0.6403784221869764,0.16245585438739474,banking77_open,0,0.8432491170877479,0.03578015492438215,0.4562125927923944,0.4577319587628866,0.46288659793814435,970,546,0.1,0.0057049714751426246,0.9375965777604128,0.8737917685489054,0.8942866917550463,0.8338118022328549,0.9642198450756179,,3681,0.4577319587628866,2507,False,selective,0.6,0.8432491170877479,2711,R3,0.05714285714285714,0.005154639175257732
0.8554740559630535,0.825187969924812,0.9909706546275395,0.012224938875305624,0.643079129420954,0.16245585438739474,banking77_open,0,0.8432491170877479,0.03282921431206197,0.44983822286033215,0.45257731958762887,0.45670103092783504,970,532,0.15,0.0057049714751426246,0.9375965777604128,0.8737917685489054,0.8948805460750853,0.8326452842172118,0.967170785687938,,3681,0.45257731958762887,2507,False,selective,0.6,0.8432491170877479,2711,R3,0.05714285714285714,0.004123711340206186
0.8712306438467807,0.8417721518987342,0.9900744416873449,0.0019016571583808748,0.662130272483264,0.13257267046998097,banking77_open,0,0.8693289866883999,0.02618959793434157,0.4072301767773041,0.411340206185567,0.4154639175257732,970,474,0.0,0.0019016571583808748,0.9375965777604128,0.8737917685489054,0.8921933085501859,0.823199251637044,0.9738104020656584,,3681,0.411340206185567,2507,False,selective,0.65,0.8693289866883999,2711,R3,0.08571428571428572,0.004123711340206186
0.8712306438467807,0.8417721518987342,0.9900744416873449,0.0019016571583808748,0.662130272483264,0.13257267046998097,banking77_open,0,0.8693289866883999,0.02618959793434157,0.4072301767773041,0.411340206185567,0.4154639175257732,970,474,0.025,0.0019016571583808748,0.9375965777604128,0.8737917685489054,0.8921933085501859,0.823199251637044,0.9738104020656584,,3681,0.411340206185567,2507,False,selective,0.65,0.8693289866883999,2711,R3,0.08571428571428572,0.004123711340206186
0.8715023091551208,0.8414376321353065,0.9900497512437811,0.0021733224667209996,0.6627222824963269,0.13257267046998097,banking77_open,0,0.8693289866883999,0.02618959793434157,0.40647602896433277,0.41030927835051545,0.4144329896907217,970,473,0.05,0.0019016571583808748,0.9375965777604128,0.8737917685489054,0.89204257475925,0.8229426433915212,0.9738104020656584,,3681,0.41030927835051545,2507,False,selective,0.65,0.8693289866883999,2711,R3,0.08571428571428572,0.004123711340206186
0.8720456397718012,0.8450106157112527,0.9900497512437811,0.0027166530834012497,0.6627222824963269,0.13257267046998097,banking77_open,0,0.8693289866883999,0.025451862781261526,0.40647602896433277,0.41030927835051545,0.4144329896907217,970,471,0.075,0.0019016571583808748,0.9375965777604128,0.8737917685489054,0.8924168214828577,0.8230529595015577,0.9745481372187385,,3681,0.41030927835051545,2507,False,selective,0.65,0.8693289866883999,2711,R3,0.08571428571428572,0.004123711340206186
0.8731323010051616,0.8458244111349036,0.9899749373433584,0.0038033143167617496,0.6646700270389165,0.13257267046998097,banking77_open,0,0.8693289866883999,0.025082995204721504,0.4015757440640479,0.4072164948453608,0.411340206185567,970,467,0.1,0.0019016571583808748,0.9375965777604128,0.8737917685489054,0.8921518987341772,0.8223397635345364,0.9749170047952785,,3681,0.4072164948453608,2507,False,selective,0.65,0.8693289866883999,2711,R3,0.08571428571428572,0.004123711340206186
0.8750339581635426,0.8521739130434782,0.9924050632911392,0.0057049714751426246,0.6665048591456382,0.13257267046998097,banking77_open,0,0.8693289866883999,0.02397639247510144,0.3975693338076376,0.4041237113402062,0.4072164948453608,970,460,0.15,0.0019016571583808748,0.9375965777604128,0.8737917685489054,0.8921105866486853,0.8214840111766533,0.9760236075248986,,3681,0.4041237113402062,2507,False,selective,0.65,0.8693289866883999,2711,R3,0.08333333333333333,0.003092783505154639
0.8973105134474327,0.8703703703703703,0.9909638554216867,0.00027166530834012495,0.7022318437963526,0.10323281716924748,banking77_open,0,0.8970388481390926,0.016967908520841016,0.33569494590444626,0.3391752577319588,0.3422680412371134,970,378,0.0,0.00027166530834012495,0.9375965777604128,0.8737917685489054,0.8862653807781843,0.8068422646079322,0.9830320914791589,,3681,0.3391752577319588,2507,False,selective,0.7,0.8970388481390926,2711,R3,0.07692307692307693,0.003092783505154639
0.8973105134474327,0.8703703703703703,0.9909638554216867,0.00027166530834012495,0.7022318437963526,0.10323281716924748,banking77_open,0,0.8970388481390926,0.016967908520841016,0.33569494590444626,0.3391752577319588,0.3422680412371134,970,378,0.025,0.00027166530834012495,0.9375965777604128,0.8737917685489054,0.8862653807781843,0.8068422646079322,0.9830320914791589,,3681,0.3391752577319588,2507,False,selective,0.7,0.8970388481390926,2711,R3,0.07692307692307693,0.003092783505154639
0.8973105134474327,0.8703703703703703,0.9909638554216867,0.00027166530834012495,0.7022318437963526,0.10323281716924748,banking77_open,0,0.8970388481390926,0.016967908520841016,0.33569494590444626,0.3391752577319588,0.3422680412371134,970,378,0.05,0.00027166530834012495,0.9375965777604128,0.8737917685489054,0.8862653807781843,0.8068422646079322,0.9830320914791589,,3681,0.3391752577319588,2507,False,selective,0.7,0.8970388481390926,2711,R3,0.07692307692307693,0.003092783505154639
0.8975821787557728,0.8726790450928382,0.9909638554216867,0.0005433306166802499,0.7022318437963526,0.10323281716924748,banking77_open,0,0.8970388481390926,0.016599040944300997,0.33569494590444626,0.3391752577319588,0.3422680412371134,970,377,0.075,0.00027166530834012495,0.9375965777604128,0.8737917685489054,0.886450540315877,0.8069007263922519,0.983400959055699,,3681,0.3391752577319588,2507,False,selective,0.7,0.8970388481390926,2711,R3,0.07692307692307693,0.003092783505154639
0.8989405052974735,0.8763440860215054,0.9908814589665653,0.0019016571583808748,0.7041795883389422,0.10323281716924748,banking77_open,0,0.8970388481390926,0.015861305791220952,0.3307946610041614,0.33608247422680415,0.3391752577319588,970,372,0.1,0.00027166530834012495,0.9375965777604128,0.8737917685489054,0.8863787375415283,0.8062858869749169,0.9841386942087791,,3681,0.33608247422680415,2507,False,selective,0.7,0.8970388481390926,2711,R3,0.07692307692307693,0.003092783505154639
0.900027166530834,0.8804347826086957,0.9938650306748467,0.002988318391741375,0.7056543640003303,0.10323281716924748,banking77_open,0,0.8970388481390926,0.01549243821468093,0.32844423365373404,0.334020618556701,0.33608247422680415,970,368,0.15,0.00027166530834012495,0.9375965777604128,0.8737917685489054,0.8861221779548473,0.8056142469061274,0.9845075617853191,,3681,0.334020618556701,2507,False,selective,0.7,0.8970388481390926,2711,R3,0.07692307692307693,0.002061855670103093
0.9225753871230644,0.8912280701754386,0.9921875,0.00027166530834012495,0.7513495823164869,0.07796794349361587,banking77_open,0,0.9223037218147243,0.010697159719660641,0.2606321562289296,0.2618556701030928,0.2639175257731959,970,285,0.0,0.00027166530834012495,0.9375965777604128,0.8737917685489054,0.8783363353528737,0.7897526501766784,0.9893028402803393,,3681,0.2618556701030928,2507,False,selective,0.75,0.9223037218147243,2711,R3,0.0,0.002061855670103093
0.9225753871230644,0.8912280701754386,0.9921875,0.00027166530834012495,0.7513495823164869,0.07796794349361587,banking77_open,0,0.9223037218147243,0.010697159719660641,0.2606321562289296,0.2618556701030928,0.2639175257731959,970,285,0.025,0.00027166530834012495,0.9375965777604128,0.8737917685489054,0.8783363353528737,0.7897526501766784,0.9893028402803393,,3681,0.2618556701030928,2507,False,selective,0.75,0.9223037218147243,2711,R3,0.0,0.002061855670103093
0.9225753871230644,0.8912280701754386,0.9921875,0.00027166530834012495,0.7513495823164869,0.07796794349361587,banking77_open,0,0.9223037218147243,0.010697159719660641,0.2606321562289296,0.2618556701030928,0.2639175257731959,970,285,0.05,0.00027166530834012495,0.9375965777604128,0.8737917685489054,0.8783363353528737,0.7897526501766784,0.9893028402803393,,3681,0.2618556701030928,2507,False,selective,0.75,0.9223037218147243,2711,R3,0.0,0.002061855670103093
0.9225753871230644,0.8912280701754386,0.9921875,0.00027166530834012495,0.7513495823164869,0.07796794349361587,banking77_open,0,0.9223037218147243,0.010697159719660641,0.2606321562289296,0.2618556701030928,0.2639175257731959,970,285,0.075,0.00027166530834012495,0.9375965777604128,0.8737917685489054,0.8783363353528737,0.7897526501766784,0.9893028402803393,,3681,0.2618556701030928,2507,False,selective,0.75,0.9223037218147243,2711,R3,0.0,0.002061855670103093
0.9225753871230644,0.8912280701754386,0.9921875,0.00027166530834012495,0.7513495823164869,0.07796794349361587,banking77_open,0,0.9223037218147243,0.010697159719660641,0.2606321562289296,0.2618556701030928,0.2639175257731959,970,285,0.1,0.00027166530834012495,0.9375965777604128,0.8737917685489054,0.8783363353528737,0.7897526501766784,0.9893028402803393,,3681,0.2618556701030928,2507,False,selective,0.75,0.9223037218147243,2711,R3,0.0,0.002061855670103093
0.9231187177397446,0.8904593639575972,0.9921259842519685,0.0008149959250203749,0.7528243579778751,0.07796794349361587,banking77_open,0,0.9223037218147243,0.010697159719660641,0.25828172887850226,0.2597938144329897,0.2618556701030928,970,283,0.15,0.00027166530834012495,0.9375965777604128,0.8737917685489054,0.8780487804878048,0.7892878163625662,0.9893028402803393,,3681,0.2597938144329897,2507,False,selective,0.75,0.9223037218147243,2711,R3,0.0,0.002061855670103093
0.9424069546318935,0.9056603773584906,0.9896907216494846,0.0,0.7967795361404849,0.05759304536810649,banking77_open,0,0.9424069546318935,0.0066396163777203985,0.19700069489729122,0.1979381443298969,0.2,970,212,0.0,0.0,0.9375965777604128,0.8737917685489054,0.8715210355987055,0.7763044104929374,0.9933603836222796,,3681,0.1979381443298969,2507,True,selective,0.8,0.9424069546318935,2711,R3,0.0,0.002061855670103093
0.9424069546318935,0.9056603773584906,0.9896907216494846,0.0,0.7967795361404849,0.05759304536810649,banking77_open,0,0.9424069546318935,0.0066396163777203985,0.19700069489729122,0.1979381443298969,0.2,970,212,0.025,0.0,0.9375965777604128,0.8737917685489054,0.8715210355987055,0.7763044104929374,0.9933603836222796,,3681,0.1979381443298969,2507,False,selective,0.8,0.9424069546318935,2711,R3,0.0,0.002061855670103093
0.9424069546318935,0.9056603773584906,0.9896907216494846,0.0,0.7967795361404849,0.05759304536810649,banking77_open,0,0.9424069546318935,0.0066396163777203985,0.19700069489729122,0.1979381443298969,0.2,970,212,0.05,0.0,0.9375965777604128,0.8737917685489054,0.8715210355987055,0.7763044104929374,0.9933603836222796,,3681,0.1979381443298969,2507,False,selective,0.8,0.9424069546318935,2711,R3,0.0,0.002061855670103093
0.9424069546318935,0.9056603773584906,0.9896907216494846,0.0,0.7967795361404849,0.05759304536810649,banking77_open,0,0.9424069546318935,0.0066396163777203985,0.19700069489729122,0.1979381443298969,0.2,970,212,0.075,0.0,0.9375965777604128,0.8737917685489054,0.8715210355987055,0.7763044104929374,0.9933603836222796,,3681,0.1979381443298969,2507,False,selective,0.8,0.9424069546318935,2711,R3,0.0,0.002061855670103093
0.9424069546318935,0.9056603773584906,0.9896907216494846,0.0,0.7967795361404849,0.05759304536810649,banking77_open,0,0.9424069546318935,0.0066396163777203985,0.19700069489729122,0.1979381443298969,0.2,970,212,0.1,0.0,0.9375965777604128,0.8737917685489054,0.8715210355987055,0.7763044104929374,0.9933603836222796,,3681,0.1979381443298969,2507,False,selective,0.8,0.9424069546318935,2711,R3,0.0,0.002061855670103093
0.9424069546318935,0.9056603773584906,0.9896907216494846,0.0,0.7967795361404849,0.05759304536810649,banking77_open,0,0.9424069546318935,0.0066396163777203985,0.19700069489729122,0.1979381443298969,0.2,970,212,0.15,0.0,0.9375965777604128,0.8737917685489054,0.8715210355987055,0.7763044104929374,0.9933603836222796,,3681,0.1979381443298969,2507,False,selective,0.8,0.9424069546318935,2711,R3,0.0,0.002061855670103093
,,,,,,banking77_closed,,,,,0.9012770137524558,,,,,,,,,,,0.001,,,2507,,R0,,,,,,
,,,,,,banking77_closed,,,,,0.9007858546168959,,,,,,,,,,,0.01,,,2507,,R0,,,,,,
,,,,,,banking77_closed,,,,,0.8929273084479371,,,,,,,,,,,0.1,,,2507,,R0,,,,,,
,,,,,,banking77_closed,,,,,0.8506876227897839,,,,,,,0.0,,,,0.0001,,,2507,,R2,,,,,,
,,,,,,banking77_closed,,,,,0.8506876227897839,,,,,,,0.0,,,,0.001,,,2507,,R2,,,,,,
,,,,,,banking77_closed,,,,,0.8506876227897839,,,,,,,0.0,,,,0.01,,,2507,,R2,,,,,,
,,,,,,banking77_closed,,,,,0.8521611001964636,,,,,,,0.0,,,,0.1,,,2507,,R2,,,,,,
,,,,,,clinc150,,,,,0.976,,,,,,,,,,,0.001,,,2508,,R0,,,,,,
,,,,,,clinc150,,,,,0.976,,,,,,,,,,,0.01,,,2508,,R0,,,,,,
,,,,,,clinc150,,,,,0.971,,,,,,,,,,,0.1,,,2508,,R0,,,,,,
,,,,,,clinc150,,,,,0.964,,,,,,,0.911877619047619,,,,0.0001,,,2508,,R2,,,,,,
,,,,,,clinc150,,,,,0.964,,,,,,,0.9118880952380952,,,,0.001,,,2508,,R2,,,,,,
,,,,,,clinc150,,,,,0.967,,,,,,,0.9117909523809524,,,,0.01,,,2508,,R2,,,,,,
,,,,,,clinc150,,,,,0.967,,,,,,,0.9078438095238095,,,,0.1,,,2508,,R2,,,,,,
0.3487096774193548,0.46607231302625063,0.9701030927835051,0.0,0.3887126125002602,0.6512903225806451,clinc150,0,0.3487096774193548,0.49952380952380954,0.941,0.941,0.97,1000,2019,0.0,0.0,0.950220094550978,0.9117909523809524,0.6607984910405533,0.9722479185938946,0.5004761904761905,,3100,0.941,2508,False,selective,0.2,0.3487096774193548,2100,MAX_THRESHOLD,0.55,0.029
0.4196774193548387,0.5147304057809894,0.9716684155299056,0.0,0.39110763310493574,0.5803225806451613,clinc150,0,0.4196774193548387,0.40285714285714286,0.926,0.926,0.953,1000,1799,0.0,0.0,0.950220094550978,0.9117909523809524,0.7374301675977654,0.9638739431206764,0.5971428571428572,,3100,0.926,2508,False,selective,0.25,0.4196774193548387,2100,MAX_THRESHOLD,0.5,0.027
0.49548387096774194,0.5786445012787724,0.9741657696447793,0.0,0.3952517987572489,0.5045161290322581,clinc150,0,0.49548387096774194,0.30238095238095236,0.905,0.905,0.929,1000,1564,0.0,0.0,0.950220094550978,0.9117909523809524,0.8058305830583057,0.9537760416666666,0.6976190476190476,,3100,0.905,2508,False,selective,0.3,0.49548387096774194,2100,MAX_THRESHOLD,0.45,0.024
0.5509677419354839,0.6293103448275862,0.9733333333333334,0.0,0.4021454835919369,0.44903225806451613,clinc150,0,0.5509677419354839,0.2342857142857143,0.876,0.876,0.9,1000,1392,0.0,0.0,0.950220094550978,0.9117909523809524,0.8445378151260504,0.9414519906323185,0.7657142857142857,,3100,0.876,2508,False,selective,0.35,0.5509677419354839,2100,MAX_THRESHOLD,0.2,0.024
0.5996774193548388,0.6736502820306205,0.9754959159859977,0.0,0.4132402025832377,0.4003225806451613,clinc150,0,0.5996774193548388,0.18285714285714286,0.836,0.836,0.857,1000,1241,0.0,0.0,0.950220094550978,0.9117909523809524,0.866885577165951,0.9230769230769231,0.8171428571428572,,3100,0.836,2508,False,selective,0.4,0.5996774193548388,2100,MAX_THRESHOLD,0.15,0.021
0.6509677419354839,0.7273567467652495,0.974009900990099,0.0,0.42892977537083704,0.34903225806451615,clinc150,0,0.6509677419354839,0.13047619047619047,0.787,0.787,0.808,1000,1082,0.0,0.0,0.950220094550978,0.9117909523809524,0.8868382710053423,0.9048562933597621,0.8695238095238095,,3100,0.787,2508,True,selective,0.45,0.6509677419354839,2100,MAX_THRESHOLD,0.0,0.021
0.6951612903225807,0.7661375661375661,0.979702300405954,0.0,0.45173537192657054,0.30483870967741933,clinc150,0,0.6951612903225807,0.0980952380952381,0.724,0.724,0.739,1000,945,0.0,0.0,0.950220094550978,0.9117909523809524,0.8902467685076381,0.8788863109048723,0.9019047619047619,,3100,0.724,2508,False,selective,0.5,0.6951612903225807,2100,MAX_THRESHOLD,0.0,0.015
0.7319354838709677,0.789410348977136,0.9835082458770614,0.0,0.4792082488360106,0.26806451612903226,clinc150,0,0.7319354838709677,0.07809523809523809,0.656,0.656,0.667,1000,831,0.0,0.0,0.950220094550978,0.9117909523809524,0.8862439917601281,0.8532393124724549,0.9219047619047619,,3100,0.656,2508,False,selective,0.55,0.7319354838709677,2100,MAX_THRESHOLD,0.0,0.011
0.7690322580645161,0.8310055865921788,0.9867330016583747,0.0,0.5066110541447754,0.23096774193548386,clinc150,0,0.7690322580645161,0.05380952380952381,0.595,0.595,0.603,1000,716,0.0,0.0,0.950220094550978,0.9117909523809524,0.8862622658340766,0.8334731543624161,0.9461904761904761,,3100,0.595,2508,False,selective,0.6,0.7690322580645161,2100,MAX_THRESHOLD,0.0,0.008
0.8038709677419354,0.8651315789473685,0.9887218045112782,0.0,0.5411893510848275,0.19612903225806452,clinc150,0,0.8038709677419354,0.03619047619047619,0.526,0.526,0.532,1000,608,0.0,0.0,0.950220094550978,0.9117909523809524,0.8815331010452961,0.812199036918138,0.9638095238095238,,3100,0.526,2508,False,selective,0.65,0.8038709677419354,2100,MAX_THRESHOLD,0.0,0.006
0.84,0.905241935483871,0.9933628318584071,0.0,0.5839125907017068,0.16,clinc150,0,0.84,0.02095238095238095,0.449,0.449,0.452,1000,496,0.0,0.0,0.950220094550978,0.9117909523809524,0.8741496598639455,0.7895545314900153,0.979047619047619,,3100,0.449,2508,False,selective,0.7,0.84,2100,MAX_THRESHOLD,0.0,0.003
0.8712903225806452,0.9172932330827067,0.991869918699187,0.0,0.6359121705713929,0.12870967741935485,clinc150,0,0.8712903225806452,0.014285714285714285,0.366,0.366,0.369,1000,399,0.0,0.0,0.950220094550978,0.9117909523809524,0.8623203499270984,0.7663828211773417,0.9857142857142858,,3100,0.366,2508,False,selective,0.75,0.8712903225806452,2100,MAX_THRESHOLD,0.0,0.003
0.9003225806451612,0.912621359223301,0.9894736842105263,0.0,0.6948416920069029,0.0996774193548387,clinc150,0,0.9003225806451612,0.011428571428571429,0.282,0.282,0.285,1000,309,0.0,0.0,0.950220094550978,0.9117909523809524,0.8489061541607034,0.7438194195628807,0.9885714285714285,,3100,0.282,2508,False,selective,0.8,0.9003225806451612,2100,MAX_THRESHOLD,0.0,0.003
0.6690322580645162,0.47953216374269003,0.9939393939393939,0.3203225806451613,0.7249689890694322,1.2625806451612904,clinc150,0,0.3487096774193548,0.25285714285714284,0.492,0.492,0.495,1000,1026,0.0,0.3203225806451613,0.950220094550978,0.9117909523809524,0.7517968375658841,0.7565091610414658,0.7471428571428571,,3100,0.492,2508,False,selective,0.2,0.3487096774193548,2100,R3,0.0,0.003
0.6738709677419354,0.486646884272997,0.9959514170040485,0.3251612903225806,0.7249689890694322,1.2625806451612904,clinc150,0,0.3487096774193548,0.24619047619047618,0.492,0.492,0.494,1000,1011,0.025,0.3203225806451613,0.950220094550978,0.9117909523809524,0.7557889711148245,0.7577788415509813,0.7538095238095238,,3100,0.492,2508,False,selective,0.2,0.3487096774193548,2100,R3,0.0,0.002
0.6809677419354838,0.49646107178968657,0.9959432048681541,0.33225806451612905,0.7251170129544751,1.2625806451612904,clinc150,0,0.3487096774193548,0.2361904761904762,0.491,0.491,0.493,1000,989,0.05,0.3203225806451613,0.950220094550978,0.9117909523809524,0.7618142958917121,0.7598294647086689,0.7638095238095238,,3100,0.491,2508,False,selective,0.2,0.3487096774193548,2100,R3,0.0,0.002
0.6912903225806452,0.5130616509926855,0.9959432048681541,0.34258064516129033,0.7251170129544751,1.2625806451612904,clinc150,0,0.3487096774193548,0.22095238095238096,0.491,0.491,0.493,1000,957,0.075,0.3203225806451613,0.950220094550978,0.9117909523809524,0.7711524864482677,0.7634157722818479,0.7790476190476191,,3100,0.491,2508,False,selective,0.2,0.3487096774193548,2100,R3,0.0,0.002
0.7051612903225807,0.537199124726477,0.9959432048681541,0.3564516129032258,0.7251170129544751,1.2625806451612904,clinc150,0,0.3487096774193548,0.20047619047619047,0.491,0.491,0.493,1000,914,0.1,0.3203225806451613,0.950220094550978,0.9117909523809524,0.783481101259916,0.7680695333943275,0.7995238095238095,,3100,0.491,2508,False,selective,0.2,0.3487096774193548,2100,R3,0.0,0.002
0.7383870967741936,0.5967940813810111,0.9958847736625515,0.3896774193548387,0.7265630447245932,1.2625806451612904,clinc150,0,0.3487096774193548,0.15476190476190477,0.484,0.484,0.486,1000,811,0.15,0.3203225806451613,0.950220094550978,0.9117909523809524,0.808840282524493,0.7754477937964176,0.8452380952380952,,3100,0.484,2508,False,selective,0.2,0.3487096774193548,2100,R3,0.0,0.002
0.6609677419354839,0.5423406279733587,0.9930313588850174,0.24129032258064517,0.6667291743902448,0.9793548387096774,clinc150,0,0.4196774193548387,0.22714285714285715,0.57,0.57,0.574,1000,1051,0.0,0.24129032258064517,0.950220094550978,0.9117909523809524,0.7823571945047,0.7920937042459737,0.7728571428571429,,3100,0.57,2508,False,selective,0.25,0.4196774193548387,2100,R3,0.0,0.004
0.6612903225806451,0.5428571428571428,0.9930313588850174,0.24161290322580645,0.6667291743902448,0.9793548387096774,clinc150,0,0.4196774193548387,0.22666666666666666,0.57,0.57,0.574,1000,1050,0.025,0.24129032258064517,0.950220094550978,0.9117909523809524,0.7826506024096387,0.7921951219512195,0.7733333333333333,,3100,0.57,2508,False,selective,0.25,0.4196774193548387,2100,R3,0.0,0.004
0.667741935483871,0.5514563106796116,0.9947460595446584,0.24806451612903227,0.6671052566863935,0.9793548387096774,clinc150,0,0.4196774193548387,0.21857142857142858,0.568,0.568,0.571,1000,1030,0.05,0.24129032258064517,0.950220094550978,0.9117909523809524,0.7870503597122303,0.7927536231884058,0.7814285714285715,,3100,0.568,2508,False,selective,0.25,0.4196774193548387,2100,R3,0.0,0.003
0.6790322580645162,0.5698492462311557,0.9964850615114236,0.2593548387096774,0.6673047535881342,0.9793548387096774,clinc150,0,0.4196774193548387,0.20285714285714285,0.567,0.567,0.569,1000,995,0.075,0.24129032258064517,0.950220094550978,0.9117909523809524,0.7961950059453032,0.795249406175772,0.7971428571428572,,3100,0.567,2508,False,selective,0.25,0.4196774193548387,2100,R3,0.0,0.002
0.6906451612903226,0.5912408759124088,0.9964850615114236,0.2709677419354839,0.6673047535881342,0.9793548387096774,clinc150,0,0.4196774193548387,0.18571428571428572,0.567,0.567,0.569,1000,959,0.1,0.24129032258064517,0.950220094550978,0.9117909523809524,0.8064135817024287,0.7986921999065857,0.8142857142857143,,3100,0.567,2508,False,selective,0.25,0.4196774193548387,2100,R3,0.0,0.002
0.7183870967741935,0.6437571592210768,0.9964539007092199,0.29870967741935484,0.6684270643610101,0.9793548387096774,clinc150,0,0.4196774193548387,0.14714285714285713,0.562,0.562,0.564,1000,873,0.15,0.24129032258064517,0.950220094550978,0.9117909523809524,0.8278252831060782,0.8042209250112259,0.8528571428571429,,3100,0.562,2508,False,selective,0.25,0.4196774193548387,2100,R3,0.0,0.002
0.6741935483870968,0.6316831683168317,0.996875,0.17870967741935484,0.6075655001818294,0.7629032258064516,clinc150,0,0.49548387096774194,0.1761904761904762,0.638,0.638,0.64,1000,1010,0.0,0.17870967741935484,0.950220094550978,0.9117909523809524,0.8257756563245824,0.8277511961722488,0.8238095238095238,,3100,0.638,2508,False,selective,0.3,0.49548387096774194,2100,R3,0.0,0.002
0.675483870967742,0.6341948310139165,0.996875,0.18,0.6075655001818294,0.7629032258064516,clinc150,0,0.49548387096774194,0.1742857142857143,0.638,0.638,0.64,1000,1006,0.025,0.17870967741935484,0.950220094550978,0.9117909523809524,0.82689556509299,0.828080229226361,0.8257142857142857,,3100,0.638,2508,False,selective,0.3,0.49548387096774194,2100,R3,0.0,0.002
0.677741935483871,0.6386386386386387,0.996875,0.18225806451612903,0.6075655001818294,0.7629032258064516,clinc150,0,0.49548387096774194,0.17095238095238094,0.638,0.638,0.64,1000,999,0.05,0.17870967741935484,0.950220094550978,0.9117909523809524,0.8288502737443465,0.8286530223702998,0.829047619047619,,3100,0.638,2508,False,selective,0.3,0.49548387096774194,2100,R3,0.0,0.002
0.6825806451612904,0.6473577235772358,0.9968701095461658,0.1870967741935484,0.6078087759441614,0.7629032258064516,clinc150,0,0.49548387096774194,0.16428571428571428,0.637,0.637,0.639,1000,984,0.075,0.17870967741935484,0.950220094550978,0.9117909523809524,0.8325426944971538,0.8293950850661626,0.8357142857142857,,3100,0.637,2508,False,selective,0.3,0.49548387096774194,2100,R3,0.0,0.002
0.69,0.6628511966701353,0.9968701095461658,0.19451612903225807,0.6078087759441614,0.7629032258064516,clinc150,0,0.49548387096774194,0.15333333333333332,0.637,0.637,0.639,1000,961,0.1,0.17870967741935484,0.950220094550978,0.9117909523809524,0.8388770936541637,0.831229546517064,0.8466666666666667,,3100,0.637,2508,False,selective,0.3,0.49548387096774194,2100,R3,0.0,0.002
0.7070967741935484,0.6949339207048458,0.9968404423380727,0.21161290322580645,0.6093399234529395,0.7629032258064516,clinc150,0,0.49548387096774194,0.13095238095238096,0.631,0.631,0.633,1000,908,0.15,0.17870967741935484,0.950220094550978,0.9117909523809524,0.8504193849021435,0.8325729927007299,0.8690476190476191,,3100,0.631,2508,False,selective,0.3,0.49548387096774194,2100,R3,0.0,0.002
0.6787096774193548,0.6817269076305221,0.9956011730205279,0.12774193548387097,0.5620778067837329,0.613225806451613,clinc150,0,0.5509677419354839,0.14952380952380953,0.6789999999999999,0.679,0.682,1000,996,0.0,0.12774193548387097,0.950220094550978,0.9117909523809524,0.8496669838249287,0.8488593155893536,0.8504761904761905,,3100,0.679,2508,False,selective,0.35,0.5509677419354839,2100,R3,0.0,0.003
0.6806451612903226,0.6848484848484848,0.9970588235294118,0.1296774193548387,0.5623425730126351,0.613225806451613,clinc150,0,0.5509677419354839,0.14761904761904762,0.6779999999999999,0.678,0.68,1000,990,0.025,0.12774193548387097,0.950220094550978,0.9117909523809524,0.850356294536817,0.8483412322274881,0.8523809523809524,,3100,0.678,2508,False,selective,0.35,0.5509677419354839,2100,R3,0.0,0.002
0.6838709677419355,0.689795918367347,0.9970501474926253,0.1329032258064516,0.5628974197828669,0.613225806451613,clinc150,0,0.5509677419354839,0.1438095238095238,0.676,0.676,0.678,1000,980,0.05,0.12774193548387097,0.950220094550978,0.9117909523809524,0.852132701421801,0.8481132075471698,0.8561904761904762,,3100,0.676,2508,False,selective,0.35,0.5509677419354839,2100,R3,0.0,0.002
0.6896774193548387,0.7027027027027027,0.9970501474926253,0.13870967741935483,0.5628974197828669,0.613225806451613,clinc150,0,0.5509677419354839,0.13523809523809524,0.676,0.676,0.678,1000,962,0.075,0.12774193548387097,0.950220094550978,0.9117909523809524,0.8570080226521944,0.8493919550982226,0.8647619047619047,,3100,0.676,2508,False,selective,0.35,0.5509677419354839,2100,R3,0.0,0.002
0.6961290322580646,0.7165605095541401,0.9970457902511078,0.14516129032258066,0.5632024194026573,0.613225806451613,clinc150,0,0.5509677419354839,0.1261904761904762,0.675,0.675,0.677,1000,942,0.1,0.12774193548387097,0.950220094550978,0.9117909523809524,0.8619069985908878,0.8503243744207599,0.8738095238095238,,3100,0.675,2508,False,selective,0.35,0.5509677419354839,2100,R3,0.0,0.002
0.7074193548387097,0.7398015435501654,0.9970282317979198,0.15645161290322582,0.5644654523463651,0.613225806451613,clinc150,0,0.5509677419354839,0.11142857142857143,0.671,0.671,0.673,1000,907,0.15,0.12774193548387097,0.950220094550978,0.9117909523809524,0.8693221523410204,0.8508891928864569,0.8885714285714286,,3100,0.671,2508,False,selective,0.35,0.5509677419354839,2100,R3,0.0,0.002
0.6870967741935484,0.7206185567010309,0.9943100995732574,0.08741935483870968,0.5279598853609517,0.5035483870967742,clinc150,0,0.5996774193548388,0.12714285714285714,0.699,0.699,0.703,1000,970,0.0,0.08741935483870968,0.950220094550978,0.9117909523809524,0.8666666666666668,0.8605633802816901,0.8728571428571429,,3100,0.699,2508,False,selective,0.4,0.5996774193548388,2100,R3,0.0,0.004
0.6880645161290323,0.7228541882109617,0.9943100995732574,0.08838709677419355,0.5279598853609517,0.5035483870967742,clinc150,0,0.5996774193548388,0.12571428571428572,0.699,0.699,0.703,1000,967,0.025,0.08741935483870968,0.950220094550978,0.9117909523809524,0.8674698795180724,0.8607594936708861,0.8742857142857143,,3100,0.699,2508,False,selective,0.4,0.5996774193548388,2100,R3,0.0,0.004
0.6896774193548387,0.7255717255717256,0.9943019943019943,0.09,0.528272746578368,0.5035483870967742,clinc150,0,0.5996774193548388,0.12380952380952381,0.698,0.698,0.702,1000,962,0.05,0.08741935483870968,0.950220094550978,0.9117909523809524,0.8683341198678622,0.8606173994387278,0.8761904761904762,,3100,0.698,2508,False,selective,0.4,0.5996774193548388,2100,R3,0.0,0.004
0.6941935483870968,0.7352320675105485,0.9942938659058488,0.09451612903225806,0.5285834198730205,0.5035483870967742,clinc150,0,0.5996774193548388,0.11761904761904762,0.697,0.697,0.701,1000,948,0.075,0.08741935483870968,0.950220094550978,0.9117909523809524,0.8715898400752587,0.8610594795539034,0.8823809523809524,,3100,0.697,2508,False,selective,0.4,0.5996774193548388,2100,R3,0.0,0.004
0.6983870967741935,0.7443850267379679,0.9942857142857143,0.09870967741935484,0.5288884194928107,0.5035483870967742,clinc150,0,0.5996774193548388,0.11190476190476191,0.696,0.696,0.7,1000,935,0.1,0.08741935483870968,0.950220094550978,0.9117909523809524,0.8745603751465416,0.8614318706697459,0.888095238095238,,3100,0.696,2508,False,selective,0.4,0.5996774193548388,2100,R3,0.0,0.004
0.71,0.7652947719688543,0.9971014492753624,0.11032258064516129,0.5317715094500558,0.5035483870967742,clinc150,0,0.5996774193548388,0.09952380952380953,0.688,0.688,0.69,1000,899,0.15,0.08741935483870968,0.950220094550978,0.9117909523809524,0.8793303882817949,0.8591549295774648,0.9004761904761904,,3100,0.688,2508,False,selective,0.4,0.5996774193548388,2100,R3,0.0,0.002
0.7058064516129032,0.7609649122807017,0.9900142653352354,0.054838709677419356,0.5085323907817282,0.4080645161290323,clinc150,0,0.6509677419354839,0.10047619047619048,0.694,0.694,0.701,1000,912,0.0,0.054838709677419356,0.950220094550978,0.9117909523809524,0.8810634328358209,0.863345521023766,0.8995238095238095,,3100,0.694,2508,False,selective,0.45,0.6509677419354839,2100,R3,0.0,0.007
0.7061290322580646,0.7618002195389681,0.9900142653352354,0.055161290322580644,0.5085323907817282,0.4080645161290323,clinc150,0,0.6509677419354839,0.1,0.694,0.694,0.701,1000,911,0.025,0.054838709677419356,0.950220094550978,0.9117909523809524,0.8813243180228492,0.8634079488350845,0.9,,3100,0.694,2508,False,selective,0.45,0.6509677419354839,2100,R3,0.0,0.007
0.707741935483871,0.7660044150110376,0.9914285714285714,0.0567741935483871,0.5085323907817282,0.4080645161290323,clinc150,0,0.6509677419354839,0.0980952380952381,0.694,0.694,0.7,1000,906,0.05,0.054838709677419356,0.950220094550978,0.9117909523809524,0.8821611551001398,0.8632634457611669,0.9019047619047619,,3100,0.694,2508,False,selective,0.45,0.6509677419354839,2100,R3,0.0,0.006
0.7106451612903226,0.7714604236343366,0.9914040114613181,0.05967741935483871,0.5092595608372907,0.4080645161290323,clinc150,0,0.6509677419354839,0.09476190476190476,0.692,0.692,0.698,1000,897,0.075,0.054838709677419356,0.950220094550978,0.9117909523809524,0.8835696026028353,0.8629142078983205,0.9052380952380953,,3100,0.692,2508,False,selective,0.45,0.6509677419354839,2100,R3,0.0,0.006
0.7138709677419355,0.7801578354002254,0.9914040114613181,0.06290322580645161,0.5092595608372907,0.4080645161290323,clinc150,0,0.6509677419354839,0.09,0.692,0.692,0.698,1000,887,0.1,0.054838709677419356,0.950220094550978,0.9117909523809524,0.886158126594018,0.8635336647085404,0.91,,3100,0.692,2508,False,selective,0.45,0.6509677419354839,2100,R3,0.0,0.006
0.7251612903225807,0.7992957746478874,0.9970717423133236,0.07419354838709677,0.5136774090349608,0.4080645161290323,clinc150,0,0.6509677419354839,0.08047619047619048,0.681,0.681,0.683,1000,852,0.15,0.054838709677419356,0.950220094550978,0.9117909523809524,0.8882244710211592,0.8589857651245552,0.9195238095238095,,3100,0.681,2508,False,selective,0.45,0.6509677419354839,2100,R3,0.0,0.002
0.7290322580645161,0.7964285714285714,0.9881831610044313,0.03387096774193549,0.5033840626322832,0.3396774193548387,clinc150,0,0.6951612903225807,0.07761904761904762,0.669,0.669,0.677,1000,840,0.0,0.03387096774193549,0.950220094550978,0.9117909523809524,0.8885321100917432,0.8570796460176991,0.9223809523809524,,3100,0.669,2508,False,selective,0.5,0.6951612903225807,2100,R3,0.0,0.008
0.7293548387096774,0.797377830750894,0.9881831610044313,0.034193548387096775,0.5033840626322832,0.3396774193548387,clinc150,0,0.6951612903225807,0.07714285714285714,0.669,0.669,0.677,1000,839,0.025,0.03387096774193549,0.950220094550978,0.9117909523809524,0.888786975464343,0.8571428571428571,0.9228571428571428,,3100,0.669,2508,False,selective,0.5,0.6951612903225807,2100,R3,0.0,0.008
0.73,0.7992831541218638,0.9896449704142012,0.03483870967741935,0.5033840626322832,0.3396774193548387,clinc150,0,0.6951612903225807,0.07666666666666666,0.669,0.669,0.676,1000,837,0.05,0.03387096774193549,0.950220094550978,0.9117909523809524,0.8888379555351821,0.856827220503756,0.9233333333333333,,3100,0.669,2508,False,selective,0.5,0.6951612903225807,2100,R3,0.0,0.007
0.7316129032258064,0.8028846153846154,0.9896296296296296,0.03645161290322581,0.503814874628222,0.3396774193548387,clinc150,0,0.6951612903225807,0.07476190476190477,0.668,0.668,0.675,1000,832,0.075,0.03387096774193549,0.950220094550978,0.9117909523809524,0.8896520146520146,0.8567019400352733,0.9252380952380952,,3100,0.668,2508,False,selective,0.5,0.6951612903225807,2100,R3,0.0,0.007
0.7351612903225806,0.8112058465286236,0.9910714285714286,0.04,0.5046828910137713,0.3396774193548387,clinc150,0,0.6951612903225807,0.07095238095238095,0.666,0.666,0.672,1000,821,0.1,0.03387096774193549,0.950220094550978,0.9117909523809524,0.8910710207810003,0.8560772268538833,0.929047619047619,,3100,0.666,2508,False,selective,0.5,0.6951612903225807,2100,R3,0.0,0.006
0.7461290322580645,0.8271918678526048,0.9984662576687117,0.05096774193548387,0.5114652407672554,0.3396774193548387,clinc150,0,0.6951612903225807,0.06428571428571428,0.651,0.651,0.652,1000,787,0.15,0.03387096774193549,0.950220094550978,0.9117909523809524,0.8905506458191706,0.8495460440985733,0.9357142857142857,,3100,0.651,2508,False,selective,0.5,0.6951612903225807,2100,R3,0.0,0.001
0.7503225806451613,0.8010335917312662,0.9872611464968153,0.018387096774193548,0.5132136897275004,0.2867741935483871,clinc150,0,0.7319354838709677,0.06952380952380953,0.62,0.62,0.628,1000,774,0.0,0.018387096774193548,0.950220094550978,0.9117909523809524,0.8829643018526887,0.8400687876182287,0.9304761904761905,,3100,0.62,2508,False,selective,0.55,0.7319354838709677,2100,R3,0.0,0.008
0.7503225806451613,0.8010335917312662,0.9872611464968153,0.018387096774193548,0.5132136897275004,0.2867741935483871,clinc150,0,0.7319354838709677,0.06952380952380953,0.62,0.62,0.628,1000,774,0.025,0.018387096774193548,0.950220094550978,0.9117909523809524,0.8829643018526887,0.8400687876182287,0.9304761904761905,,3100,0.62,2508,False,selective,0.55,0.7319354838709677,2100,R3,0.0,0.008
0.7509677419354839,0.8031088082901554,0.9872611464968153,0.01903225806451613,0.5132136897275004,0.2867741935483871,clinc150,0,0.7319354838709677,0.06857142857142857,0.62,0.62,0.628,1000,772,0.05,0.018387096774193548,0.950220094550978,0.9117909523809524,0.8834688346883469,0.8402061855670103,0.9314285714285714,,3100,0.62,2508,False,selective,0.55,0.7319354838709677,2100,R3,0.0,0.008
0.7532258064516129,0.8065359477124183,0.9872,0.02129032258064516,0.5145672631862893,0.2867741935483871,clinc150,0,0.7319354838709677,0.06666666666666667,0.617,0.617,0.625,1000,765,0.075,0.018387096774193548,0.950220094550978,0.9117909523809524,0.8838782412626832,0.8394004282655246,0.9333333333333333,,3100,0.617,2508,False,selective,0.55,0.7319354838709677,2100,R3,0.0,0.008
0.7558064516129033,0.8124174372523117,0.9903381642512077,0.023870967741935485,0.5154813243093007,0.2867741935483871,clinc150,0,0.7319354838709677,0.06476190476190476,0.615,0.615,0.621,1000,757,0.1,0.018387096774193548,0.950220094550978,0.9117909523809524,0.8840873283817241,0.8382415706359369,0.9352380952380952,,3100,0.615,2508,False,selective,0.55,0.7319354838709677,2100,R3,0.0,0.006
0.7651612903225806,0.8282967032967034,0.995049504950495,0.0332258064516129,0.5212898029392474,0.2867741935483871,clinc150,0,0.7319354838709677,0.058095238095238096,0.603,0.603,0.606,1000,728,0.15,0.018387096774193548,0.950220094550978,0.9117909523809524,0.8846153846153847,0.8338954468802698,0.9419047619047619,,3100,0.603,2508,False,selective,0.55,0.7319354838709677,2100,R3,0.0,0.003
0.7793548387096774,0.8421052631578947,0.9913941480206541,0.01032258064516129,0.5251821219366145,0.24161290322580645,clinc150,0,0.7690322580645161,0.04904761904761905,0.576,0.576,0.581,1000,684,0.0,0.01032258064516129,0.950220094550978,0.9117909523809524,0.8844109831709478,0.8265728476821192,0.950952380952381,,3100,0.576,2508,False,selective,0.6,0.7690322580645161,2100,R3,0.0,0.005
0.7793548387096774,0.8421052631578947,0.9913941480206541,0.01032258064516129,0.5251821219366145,0.24161290322580645,clinc150,0,0.7690322580645161,0.04904761904761905,0.576,0.576,0.581,1000,684,0.025,0.01032258064516129,0.950220094550978,0.9117909523809524,0.8844109831709478,0.8265728476821192,0.950952380952381,,3100,0.576,2508,False,selective,0.6,0.7690322580645161,2100,R3,0.0,0.005
0.7793548387096774,0.8421052631578947,0.9913941480206541,0.01032258064516129,0.5251821219366145,0.24161290322580645,clinc150,0,0.7690322580645161,0.04904761904761905,0.576,0.576,0.581,1000,684,0.05,0.01032258064516129,0.950220094550978,0.9117909523809524,0.8844109831709478,0.8265728476821192,0.950952380952381,,3100,0.576,2508,False,selective,0.6,0.7690322580645161,2100,R3,0.0,0.005
0.78,0.844574780058651,0.9913941480206541,0.01096774193548387,0.5251821219366145,0.24161290322580645,clinc150,0,0.7690322580645161,0.048095238095238094,0.576,0.576,0.581,1000,682,0.075,0.01032258064516129,0.950220094550978,0.9117909523809524,0.884904825143869,0.8267162944582299,0.9519047619047619,,3100,0.576,2508,False,selective,0.6,0.7690322580645161,2100,R3,0.0,0.005
0.7806451612903226,0.8470588235294118,0.9913941480206541,0.011612903225806452,0.5251821219366145,0.24161290322580645,clinc150,0,0.7690322580645161,0.047142857142857146,0.576,0.576,0.581,1000,680,0.1,0.01032258064516129,0.950220094550978,0.9117909523809524,0.8853982300884956,0.8268595041322314,0.9528571428571428,,3100,0.576,2508,False,selective,0.6,0.7690322580645161,2100,R3,0.0,0.005
0.7864516129032258,0.8580060422960725,0.9947460595446584,0.017419354838709676,0.5293833546413784,0.24161290322580645,clinc150,0,0.7690322580645161,0.043333333333333335,0.568,0.568,0.571,1000,662,0.15,0.01032258064516129,0.950220094550978,0.9117909523809524,0.8854120758043191,0.8240360951599672,0.9566666666666667,,3100,0.568,2508,False,selective,0.6,0.7690322580645161,2100,R3,0.0,0.003
0.81,0.8743633276740238,0.9903846153846154,0.006129032258064516,0.5526223482462751,0.20225806451612904,clinc150,0,0.8038709677419354,0.032857142857142856,0.515,0.515,0.52,1000,589,0.0,0.006129032258064516,0.950220094550978,0.9117909523809524,0.8809368900455433,0.8088410991636799,0.9671428571428572,,3100,0.515,2508,False,selective,0.65,0.8038709677419354,2100,R3,0.0,0.005
0.81,0.8743633276740238,0.9903846153846154,0.006129032258064516,0.5526223482462751,0.20225806451612904,clinc150,0,0.8038709677419354,0.032857142857142856,0.515,0.515,0.52,1000,589,0.025,0.006129032258064516,0.950220094550978,0.9117909523809524,0.8809368900455433,0.8088410991636799,0.9671428571428572,,3100,0.515,2508,False,selective,0.65,0.8038709677419354,2100,R3,0.0,0.005
0.8106451612903226,0.8773424190800682,0.9922928709055877,0.0067741935483870966,0.5526223482462751,0.20225806451612904,clinc150,0,0.8038709677419354,0.03238095238095238,0.515,0.515,0.519,1000,587,0.05,0.006129032258064516,0.950220094550978,0.9117909523809524,0.8809885107305441,0.8085953044170314,0.9676190476190476,,3100,0.515,2508,False,selective,0.65,0.8038709677419354,2100,R3,0.0,0.004
0.8112903225806452,0.8786324786324786,0.9941972920696325,0.007419354838709678,0.5531689804271677,0.20225806451612904,clinc150,0,0.8038709677419354,0.03238095238095238,0.514,0.514,0.517,1000,585,0.075,0.006129032258064516,0.950220094550978,0.9117909523809524,0.8806067172264356,0.8079522862823062,0.9676190476190476,,3100,0.514,2508,False,selective,0.65,0.8038709677419354,2100,R3,0.0,0.003
0.8119354838709677,0.8782161234991424,0.9941747572815534,0.008064516129032258,0.5544533736740082,0.20225806451612904,clinc150,0,0.8038709677419354,0.03238095238095238,0.512,0.512,0.515,1000,583,0.1,0.006129032258064516,0.950220094550978,0.9117909523809524,0.8802252544942604,0.8073102900278109,0.9676190476190476,,3100,0.512,2508,False,selective,0.65,0.8038709677419354,2100,R3,0.0,0.003
0.8141935483870968,0.8836805555555556,0.994140625,0.01032258064516129,0.5563057328237546,0.20225806451612904,clinc150,0,0.8038709677419354,0.030476190476190476,0.509,0.509,0.512,1000,576,0.15,0.006129032258064516,0.950220094550978,0.9117909523809524,0.8806228373702423,0.8066561014263075,0.9695238095238096,,3100,0.509,2508,False,selective,0.65,0.8038709677419354,2100,R3,0.0,0.003
0.8435483870967742,0.9175257731958762,0.9955257270693513,0.0035483870967741938,0.5876878509341559,0.1635483870967742,clinc150,0,0.84,0.018095238095238095,0.445,0.445,0.447,1000,485,0.0,0.0035483870967741938,0.950220094550978,0.9117909523809524,0.8746553552492047,0.788527724665392,0.981904761904762,,3100,0.445,2508,False,selective,0.7,0.84,2100,R3,0.0,0.002
0.8435483870967742,0.9175257731958762,0.9955257270693513,0.0035483870967741938,0.5876878509341559,0.1635483870967742,clinc150,0,0.84,0.018095238095238095,0.445,0.445,0.447,1000,485,0.025,0.0035483870967741938,0.950220094550978,0.9117909523809524,0.8746553552492047,0.788527724665392,0.981904761904762,,3100,0.445,2508,False,selective,0.7,0.84,2100,R3,0.0,0.002
0.8435483870967742,0.9175257731958762,0.9955257270693513,0.0035483870967741938,0.5876878509341559,0.1635483870967742,clinc150,0,0.84,0.018095238095238095,0.445,0.445,0.447,1000,485,0.05,0.0035483870967741938,0.950220094550978,0.9117909523809524,0.8746553552492047,0.788527724665392,0.981904761904762,,3100,0.445,2508,False,selective,0.7,0.84,2100,R3,0.0,0.002
0.8435483870967742,0.9175257731958762,0.9955257270693513,0.0035483870967741938,0.5876878509341559,0.1635483870967742,clinc150,0,0.84,0.018095238095238095,0.445,0.445,0.447,1000,485,0.075,0.0035483870967741938,0.950220094550978,0.9117909523809524,0.8746553552492047,0.788527724665392,0.981904761904762,,3100,0.445,2508,False,selective,0.7,0.84,2100,R3,0.0,0.002
0.844516129032258,0.91701244813278,0.9954954954954955,0.004516129032258065,0.5896575554467548,0.1635483870967742,clinc150,0,0.84,0.018095238095238095,0.442,0.442,0.444,1000,482,0.1,0.0035483870967741938,0.950220094550978,0.9117909523809524,0.8740991945739721,0.787624140565317,0.981904761904762,,3100,0.442,2508,False,selective,0.7,0.84,2100,R3,0.0,0.002
0.8454838709677419,0.918580375782881,0.995475113122172,0.005483870967741935,0.5909771411003395,0.1635483870967742,clinc150,0,0.84,0.017619047619047618,0.44,0.44,0.442,1000,479,0.15,0.0035483870967741938,0.950220094550978,0.9117909523809524,0.8739673797924169,0.7871041587180465,0.9823809523809524,,3100,0.44,2508,False,selective,0.7,0.84,2100,R3,0.0,0.002
0.8722580645161291,0.9217171717171717,0.9945504087193461,0.000967741935483871,0.6366884014895106,0.1296774193548387,clinc150,0,0.8712903225806452,0.01380952380952381,0.365,0.365,0.367,1000,396,0.0,0.000967741935483871,0.950220094550978,0.9117909523809524,0.8621981681931723,0.7659023668639053,0.9861904761904762,,3100,0.365,2508,False,selective,0.75,0.8712903225806452,2100,R3,0.0,0.002
0.8722580645161291,0.9217171717171717,0.9945504087193461,0.000967741935483871,0.6366884014895106,0.1296774193548387,clinc150,0,0.8712903225806452,0.01380952380952381,0.365,0.365,0.367,1000,396,0.025,0.000967741935483871,0.950220094550978,0.9117909523809524,0.8621981681931723,0.7659023668639053,0.9861904761904762,,3100,0.365,2508,False,selective,0.75,0.8712903225806452,2100,R3,0.0,0.002
0.8722580645161291,0.9217171717171717,0.9945504087193461,0.000967741935483871,0.6366884014895106,0.1296774193548387,clinc150,0,0.8712903225806452,0.01380952380952381,0.365,0.365,0.367,1000,396,0.05,0.000967741935483871,0.950220094550978,0.9117909523809524,0.8621981681931723,0.7659023668639053,0.9861904761904762,,3100,0.365,2508,False,selective,0.75,0.8712903225806452,2100,R3,0.0,0.002
0.8722580645161291,0.9217171717171717,0.9945504087193461,0.000967741935483871,0.6366884014895106,0.1296774193548387,clinc150,0,0.8712903225806452,0.01380952380952381,0.365,0.365,0.367,1000,396,0.075,0.000967741935483871,0.950220094550978,0.9117909523809524,0.8621981681931723,0.7659023668639053,0.9861904761904762,,3100,0.365,2508,False,selective,0.75,0.8712903225806452,2100,R3,0.0,0.002
0.8729032258064516,0.9238578680203046,0.994535519125683,0.0016129032258064516,0.6373737127552689,0.1296774193548387,clinc150,0,0.8712903225806452,0.013333333333333334,0.364,0.364,0.366,1000,394,0.1,0.000967741935483871,0.950220094550978,0.9117909523809524,0.8622555139409072,0.7657058388765706,0.9866666666666667,,3100,0.364,2508,False,selective,0.75,0.8712903225806452,2100,R3,0.0,0.002
0.8732258064516129,0.926208651399491,0.994535519125683,0.001935483870967742,0.6373737127552689,0.1296774193548387,clinc150,0,0.8712903225806452,0.012857142857142857,0.364,0.364,0.366,1000,393,0.15,0.000967741935483871,0.950220094550978,0.9117909523809524,0.8624921988766382,0.7657923900997414,0.9871428571428571,,3100,0.364,2508,False,selective,0.75,0.8712903225806452,2100,R3,0.0,0.002
0.9006451612903226,0.9123376623376623,0.9894366197183099,0.0003225806451612903,0.6956179229250204,0.1,clinc150,0,0.9003225806451612,0.011428571428571429,0.281,0.281,0.284,1000,308,0.0,0.0003225806451612903,0.950220094550978,0.9117909523809524,0.8487326246933768,0.7435530085959885,0.9885714285714285,,3100,0.281,2508,False,selective,0.8,0.9003225806451612,2100,R3,0.0,0.003
0.9006451612903226,0.9123376623376623,0.9894366197183099,0.0003225806451612903,0.6956179229250204,0.1,clinc150,0,0.9003225806451612,0.011428571428571429,0.281,0.281,0.284,1000,308,0.025,0.0003225806451612903,0.950220094550978,0.9117909523809524,0.8487326246933768,0.7435530085959885,0.9885714285714285,,3100,0.281,2508,False,selective,0.8,0.9003225806451612,2100,R3,0.0,0.003
0.9006451612903226,0.9123376623376623,0.9894366197183099,0.0003225806451612903,0.6956179229250204,0.1,clinc150,0,0.9003225806451612,0.011428571428571429,0.281,0.281,0.284,1000,308,0.05,0.0003225806451612903,0.950220094550978,0.9117909523809524,0.8487326246933768,0.7435530085959885,0.9885714285714285,,3100,0.281,2508,False,selective,0.8,0.9003225806451612,2100,R3,0.0,0.003
0.9009677419354839,0.9153094462540716,0.9894366197183099,0.0006451612903225806,0.6956179229250204,0.1,clinc150,0,0.9003225806451612,0.010952380952380953,0.281,0.281,0.284,1000,307,0.075,0.0003225806451612903,0.950220094550978,0.9117909523809524,0.8489679133455957,0.7436448263515932,0.9890476190476191,,3100,0.281,2508,False,selective,0.8,0.9003225806451612,2100,R3,0.0,0.003
0.9016129032258065,0.921311475409836,0.9929328621908127,0.0012903225806451613,0.6956179229250204,0.1,clinc150,0,0.9003225806451612,0.010476190476190476,0.281,0.281,0.283,1000,305,0.1,0.0003225806451612903,0.950220094550978,0.9117909523809524,0.84902962206333,0.7434704830053668,0.9895238095238095,,3100,0.281,2508,True,selective,0.8,0.9003225806451612,2100,R3,0.0,0.002
0.9016129032258065,0.921311475409836,0.9929328621908127,0.0012903225806451613,0.6956179229250204,0.1,clinc150,0,0.9003225806451612,0.010476190476190476,0.281,0.281,0.283,1000,305,0.15,0.0003225806451612903,0.950220094550978,0.9117909523809524,0.84902962206333,0.7434704830053668,0.9895238095238095,,3100,0.281,2508,False,selective,0.8,0.9003225806451612,2100,R3,0.0,0.002
,,,,,,banking77_open,,,,,0.9205561072492552,,,,,,,,,,,0.001,,,2508,,R0,,,,,,
,,,,,,banking77_open,,,,,0.9185700099304865,,,,,,,,,,,0.01,,,2508,,R0,,,,,,
,,,,,,banking77_open,,,,,0.9185700099304865,,,,,,,,,,,0.1,,,2508,,R0,,,,,,
,,,,,,banking77_open,,,,,0.8937437934458788,,,,,,,0.8645119522458811,,,,0.0001,,,2508,,R2,,,,,,
,,,,,,banking77_open,,,,,0.8927507447864945,,,,,,,0.8643105209077108,,,,0.001,,,2508,,R2,,,,,,
,,,,,,banking77_open,,,,,0.8927507447864945,,,,,,,0.8639237257116522,,,,0.01,,,2508,,R2,,,,,,
,,,,,,banking77_open,,,,,0.8927507447864945,,,,,,,0.8636015923264849,,,,0.1,,,2508,,R2,,,,,,
0.3160124258683988,0.3620974401321222,0.9013360739979445,0.0,0.48814884599184566,0.6839875741316013,banking77_open,0,0.3160124258683988,0.5718232044198895,0.8786313495295591,0.8709036742800397,0.9662363455809335,1007,2422,0.0,0.0,0.9331454104341733,0.8645119522458811,0.5940323022173556,0.9696157283288651,0.4281767955801105,,3541,0.8709036742800397,2508,False,selective,0.2,0.3160124258683988,2534,MAX_THRESHOLD,0.5666666666666667,0.09533267130089375
0.3775769556622423,0.3929219600725953,0.9039665970772442,0.0,0.4894964127256325,0.6224230443377577,banking77_open,0,0.3775769556622423,0.49171270718232046,0.8682728074017552,0.8599801390268124,0.9513406156901688,1007,2204,0.0,0.0,0.9331454104341733,0.8645119522458811,0.6654611211573237,0.9633507853403142,0.5082872928176796,,3541,0.8599801390268124,2508,False,selective,0.25,0.3775769556622423,2534,MAX_THRESHOLD,0.5666666666666667,0.0913604766633565
0.44761366845523864,0.4320040899795501,0.9115426105717368,0.0,0.4926669160809085,0.5523863315447614,banking77_open,0,0.44761366845523864,0.40607734806629836,0.8481523181263768,0.8391261171797418,0.9205561072492552,1007,1956,0.0,0.0,0.9331454104341733,0.8645119522458811,0.7307598931779559,0.9495268138801262,0.5939226519337016,,3541,0.8391261171797418,2508,False,selective,0.3,0.44761366845523864,2534,MAX_THRESHOLD,0.5,0.0814299900695134
0.518780005648122,0.47300469483568075,0.9211428571428572,0.0,0.5000058166935043,0.481219994351878,banking77_open,0,0.518780005648122,0.3271507498026835,0.8098005866275206,0.8003972194637538,0.8689175769612711,1007,1704,0.0,0.0,0.9331454104341733,0.8645119522458811,0.7801418439716313,0.9281437125748503,0.6728492501973165,,3541,0.8003972194637538,2508,False,selective,0.35,0.518780005648122,2534,MAX_THRESHOLD,0.4666666666666667,0.06852035749751738
0.585710251341429,0.5153374233128835,0.9253365973072215,0.0,0.5113816518829958,0.41428974865857104,banking77_open,0,0.585710251341429,0.2565114443567482,0.7591544810152783,0.7507447864945382,0.8113207547169812,1007,1467,0.0,0.0,0.9331454104341733,0.8645119522458811,0.8177083333333333,0.9083895853423336,0.7434885556432518,,3541,0.7507447864945382,2508,True,selective,0.4,0.585710251341429,2534,MAX_THRESHOLD,0.36666666666666664,0.0605759682224429
0.6475571872352442,0.5625,0.9322709163346613,0.0,0.5261056457827734,0.3524428127647557,banking77_open,0,0.6475571872352442,0.19534333070244672,0.708400832149446,0.6971201588877854,0.7477656405163853,1007,1248,0.0,0.0,0.9331454104341733,0.8645119522458811,0.8448311580691941,0.8892280854775403,0.8046566692975533,,3541,0.6971201588877854,2508,False,selective,0.45,0.6475571872352442,2534,MAX_THRESHOLD,0.2857142857142857,0.0506454816285998
0.7062976560293702,0.6105769230769231,0.9435364041604755,0.0,0.5475261603754815,0.2937023439706298,banking77_open,0,0.7062976560293702,0.14483030781373324,0.6433656175305406,0.6305858987090367,0.6683217477656405,1007,1040,0.0,0.0,0.9331454104341733,0.8645119522458811,0.8607745779543199,0.866453418632547,0.8551696921862668,,3541,0.6305858987090367,2508,False,selective,0.5,0.7062976560293702,2534,MAX_THRESHOLD,0.17142857142857143,0.03773584905660377
0.7692742163230726,0.6572827417380661,0.9487632508833922,0.0,0.5847614741958531,0.23072578367692742,banking77_open,0,0.7692742163230726,0.09905288082083662,0.5503600611774657,0.5332671300893744,0.5620655412115194,1007,817,0.0,0.0,0.9331454104341733,0.8645119522458811,0.8683910232027388,0.8381057268722467,0.9009471191791634,,3541,0.5332671300893744,2508,False,selective,0.55,0.7692742163230726,2534,MAX_THRESHOLD,0.11428571428571428,0.028798411122144985
0.8257554363174244,0.7358184764991896,0.9517819706498952,0.0,0.6221838478205316,0.17424456368257554,banking77_open,0,0.8257554363174244,0.055248618784530384,0.471308372003464,0.45084409136047665,0.47368421052631576,1007,617,0.0,0.0,0.9331454104341733,0.8645119522458811,0.8772444118724808,0.8187414500683995,0.9447513812154696,,3541,0.45084409136047665,2508,False,selective,0.6,0.8257554363174244,2534,MAX_THRESHOLD,0.10526315789473684,0.022840119165839126
0.8661395086133861,0.8059071729957806,0.9597989949748744,0.0,0.6603656547485162,0.13386049138661396,banking77_open,0,0.8661395086133861,0.02999210734017364,0.39834288461290207,0.37934458788480635,0.3952333664349553,1007,474,0.0,0.0,0.9331454104341733,0.8645119522458811,0.8777004106409569,0.8014346266710141,0.9700078926598263,,3541,0.37934458788480635,2508,False,selective,0.65,0.8661395086133861,2534,MAX_THRESHOLD,0.07692307692307693,0.015888778550148957
0.9020050833097994,0.8703170028818443,0.9648562300319489,0.0,0.7094309183139255,0.09799491669020051,banking77_open,0,0.9020050833097994,0.013417521704814523,0.31106762126450993,0.2999006951340616,0.31082423038728896,1007,347,0.0,0.0,0.9331454104341733,0.8645119522458811,0.8729050279329609,0.7827175954915466,0.9865824782951855,,3541,0.2999006951340616,2508,False,selective,0.7,0.9020050833097994,2534,MAX_THRESHOLD,0.038461538461538464,0.010923535253227408
0.9327873482067213,0.9327731092436975,0.9736842105263158,0.0,0.7659435360389747,0.06721265179327873,banking77_open,0,0.9327873482067213,0.003946329913180742,0.22586824899396796,0.22045680238331677,0.22641509433962265,1007,238,0.0,0.0,0.9331454104341733,0.8645119522458811,0.8648278225115641,0.7641537995761429,0.9960536700868192,,3541,0.22045680238331677,2508,False,selective,0.75,0.9327873482067213,2534,MAX_THRESHOLD,0.038461538461538464,0.005958291956305859
0.9522733691047727,0.9644970414201184,0.9760479041916168,0.0,0.8136305061198223,0.047726630895227336,banking77_open,0,0.9522733691047727,0.0007892659826361484,0.1643000089305322,0.1618669314796425,0.16583912611717974,1007,169,0.0,0.0,0.9331454104341733,0.8645119522458811,0.8574331188621741,0.7508896797153025,0.9992107340173638,,3541,0.1618669314796425,2508,False,selective,0.8,0.9522733691047727,2534,MAX_THRESHOLD,0.0,0.003972194637537239
0.7845241457215476,0.3735255570117955,0.9437086092715232,0.4685117198531488,0.8771495968722753,1.6899181022310081,banking77_open,0,0.3160124258683988,0.1819258089976322,0.2806535398116982,0.2830188679245283,0.2999006951340616,1007,763,0.0,0.4685117198531488,0.9331454104341733,0.8645119522458811,0.7804969879518072,0.7462203023758099,0.8180741910023678,,3541,0.2830188679245283,2508,False,selective,0.2,0.3160124258683988,2534,R3,0.0,0.016881827209533268
0.7870658006212934,0.3779840848806366,0.9437086092715232,0.47105337475289466,0.8771495968722753,1.6899181022310081,banking77_open,0,0.3160124258683988,0.17837411207576953,0.2806535398116982,0.2830188679245283,0.2999006951340616,1007,754,0.025,0.4685117198531488,0.9331454104341733,0.8645119522458811,0.7825596692351062,0.7470398277717977,0.8216258879242304,,3541,0.2830188679245283,2508,False,selective,0.2,0.3160124258683988,2534,R3,0.0,0.016881827209533268
0.7938435470206157,0.3904109589041096,0.9437086092715232,0.4778311211522169,0.8771495968722753,1.6899181022310081,banking77_open,0,0.3160124258683988,0.16890292028413575,0.2806535398116982,0.2830188679245283,0.2999006951340616,1007,730,0.05,0.4685117198531488,0.9331454104341733,0.8645119522458811,0.7880261927034611,0.7491995731056563,0.8310970797158642,,3541,0.2830188679245283,2508,False,selective,0.2,0.3160124258683988,2534,R3,0.0,0.016881827209533268
0.8068342276193166,0.4152046783625731,0.9498327759197325,0.49082180175091783,0.8772797805772659,1.6899181022310081,banking77_open,0,0.3160124258683988,0.15193370165745856,0.2796278987860572,0.282025819265144,0.2969215491559086,1007,684,0.075,0.4685117198531488,0.9331454104341733,0.8645119522458811,0.7972546837321461,0.752187609380469,0.8480662983425414,,3541,0.282025819265144,2508,False,selective,0.2,0.3160124258683988,2534,R3,0.0,0.014895729890764648
0.820389720417961,0.44339622641509435,0.9527027027027027,0.5043772945495623,0.8775696832360319,1.6899181022310081,banking77_open,0,0.3160124258683988,0.13417521704814522,0.277470796628955,0.2800397219463754,0.2939424031777557,1007,636,0.1,0.4685117198531488,0.9331454104341733,0.8645119522458811,0.8067659496230924,0.755249569707401,0.8658247829518547,,3541,0.2800397219463754,2508,False,selective,0.2,0.3160124258683988,2534,R3,0.0,0.013902681231380337
0.8469358938153064,0.5055350553505535,0.958041958041958,0.5309234679469077,0.8787598786176234,1.6899181022310081,banking77_open,0,0.3160124258683988,0.10102604577742699,0.27059741366449047,0.27209533267130087,0.2840119165839126,1007,542,0.15,0.4685117198531488,0.9331454104341733,0.8645119522458811,0.8234230977769745,0.7595865288429476,0.898973954222573,,3541,0.27209533267130087,2508,False,selective,0.2,0.3160124258683988,2534,R3,0.0,0.011916583912611719
0.7449872917255013,0.4186046511627907,0.9473684210526315,0.36741033606325896,0.8272532696931749,1.2685682010731432,banking77_open,0,0.3775769556622423,0.19889502762430938,0.3755303833640605,0.3753723932472691,0.39622641509433965,1007,903,0.0,0.36741033606325896,0.9331454104341733,0.8645119522458811,0.7849961330239753,0.7695223654283548,0.8011049723756906,,3541,0.3753723932472691,2508,False,selective,0.25,0.3775769556622423,2534,R3,0.0,0.020854021847070508
0.7463993222253601,0.4209354120267261,0.9473684210526315,0.3688223665631178,0.8272532696931749,1.2685682010731432,banking77_open,0,0.3775769556622423,0.19692186266771902,0.3755303833640605,0.3753723932472691,0.39622641509433965,1007,898,0.025,0.36741033606325896,0.9331454104341733,0.8645119522458811,0.7861695962912885,0.7699583806280742,0.803078137332281,,3541,0.3753723932472691,2508,False,selective,0.25,0.3775769556622423,2534,R3,0.0,0.020854021847070508
0.7557187235244281,0.43583815028901735,0.952020202020202,0.37814176786218584,0.8273895887345443,1.2685682010731432,banking77_open,0,0.3775769556622423,0.1850828729281768,0.3745047423384195,0.3743793445878848,0.3932472691161867,1007,865,0.05,0.36741033606325896,0.9331454104341733,0.8645119522458811,0.7927063339731286,0.7716741405082213,0.8149171270718232,,3541,0.3743793445878848,2508,False,selective,0.25,0.3775769556622423,2534,R3,0.0,0.018867924528301886
0.7684269980231573,0.45975609756097563,0.9568527918781726,0.390850042360915,0.8273895887345443,1.2685682010731432,banking77_open,0,0.3775769556622423,0.1681136543014996,0.3745047423384195,0.3743793445878848,0.3912611717974181,1007,820,0.075,0.36741033606325896,0.9331454104341733,0.8645119522458811,0.8022835394862036,0.774715178243293,0.8318863456985004,,3541,0.3743793445878848,2508,False,selective,0.25,0.3775769556622423,2534,R3,0.0,0.016881827209533268
0.7850889579214911,0.49014454664914586,0.961340206185567,0.4075120022592488,0.8280212589388551,1.2685682010731432,banking77_open,0,0.3775769556622423,0.14719810576164166,0.37043363826731546,0.37040714995034757,0.3853028798411122,1007,761,0.1,0.36741033606325896,0.9331454104341733,0.8645119522458811,0.813323296951449,0.7773381294964029,0.8528018942383583,,3541,0.37040714995034757,2508,False,selective,0.25,0.3775769556622423,2534,R3,0.0,0.014895729890764648
0.8124823496187518,0.5391566265060241,0.9649595687331537,0.43490539395650946,0.8308152208279977,1.2685682010731432,banking77_open,0,0.3775769556622423,0.11562746645619573,0.35712265635295604,0.3555114200595829,0.3684210526315789,1007,664,0.15,0.36741033606325896,0.9331454104341733,0.8645119522458811,0.8283126963592682,0.7789363920750783,0.8843725335438043,,3541,0.3555114200595829,2508,False,selective,0.25,0.3775769556622423,2534,R3,0.0,0.012909632571996028
0.7195707427280429,0.473313192346425,0.9611451942740287,0.2719570742728043,0.7677735982804333,0.9587687094041232,banking77_open,0,0.44761366845523864,0.19889502762430938,0.46473908471201547,0.4667328699106256,0.4856007944389275,1007,993,0.0,0.2719570742728043,0.9331454104341733,0.8645119522458811,0.7988980716253443,0.7967032967032966,0.8011049723756906,,3541,0.4667328699106256,2508,False,selective,0.3,0.44761366845523864,2534,R3,0.0,0.018867924528301886
0.7212651793278735,0.47619047619047616,0.9611451942740287,0.27365151087263484,0.7677735982804333,0.9587687094041232,banking77_open,0,0.44761366845523864,0.19652722967640096,0.46473908471201547,0.4667328699106256,0.4856007944389275,1007,987,0.025,0.2719570742728043,0.9331454104341733,0.8645119522458811,0.800314465408805,0.7971808927173062,0.8034727703235991,,3541,0.4667328699106256,2508,False,selective,0.3,0.44761366845523864,2534,R3,0.0,0.018867924528301886
0.7291725501270827,0.48905109489051096,0.9670103092783505,0.2815588816718441,0.7679576706085361,0.9587687094041232,banking77_open,0,0.44761366845523864,0.18705603788476716,0.4636242575102318,0.4657398212512413,0.4816285998013903,1007,959,0.05,0.2719570742728043,0.9331454104341733,0.8645119522458811,0.8053166536356527,0.7978311386522076,0.8129439621152328,,3541,0.4657398212512413,2508,False,selective,0.3,0.44761366845523864,2534,R3,0.0,0.015888778550148957
0.7399039819260096,0.505971769815418,0.9688149688149689,0.29229031347077095,0.7685907394507838,0.9587687094041232,banking77_open,0,0.44761366845523864,0.17363851617995266,0.4605558283548461,0.4627606752730884,0.47765640516385305,1007,921,0.075,0.2719570742728043,0.9331454104341733,0.8645119522458811,0.8125727590221189,0.7992366412213741,0.8263614838200474,,3541,0.4627606752730884,2508,False,selective,0.3,0.44761366845523864,2534,R3,0.0,0.014895729890764648
0.7540242869245976,0.5304247990815155,0.9705882352941176,0.30641061846935896,0.7694229768734027,0.9587687094041232,banking77_open,0,0.44761366845523864,0.15588003157063932,0.45655882585709395,0.45878848063555117,0.4726911618669315,1007,871,0.1,0.2719570742728043,0.9331454104341733,0.8645119522458811,0.8220599538816296,0.801123595505618,0.8441199684293607,,3541,0.45878848063555117,2508,False,selective,0.3,0.44761366845523864,2534,R3,0.0,0.013902681231380337
0.7814176786218582,0.5723514211886305,0.9757709251101322,0.3338040101666196,0.7735613519419426,0.9587687094041232,banking77_open,0,0.44761366845523864,0.12628255722178375,0.4403894487766471,0.4399205561072492,0.45084409136047665,1007,774,0.15,0.2719570742728043,0.9331454104341733,0.8645119522458811,0.835314091680815,0.8001445608962776,0.8737174427782163,,3541,0.4399205561072492,2508,False,selective,0.3,0.44761366845523864,2534,R3,0.0,0.010923535253227408
0.7119457780288054,0.5019607843137255,0.9715370018975332,0.19316577238068341,0.7213888798107808,0.7399039819260096,banking77_open,0,0.518780005648122,0.19455406471981057,0.5096025969220267,0.5084409136047666,0.5233366434955313,1007,1020,0.0,0.19316577238068341,0.9331454104341733,0.8645119522458811,0.8075173095944609,0.8095993653312178,0.8054459352801894,,3541,0.5084409136047666,2508,False,selective,0.35,0.518780005648122,2534,R3,0.17391304347826086,0.014895729890764648
0.7139226207286078,0.5044422507403751,0.9714828897338403,0.19514261508048575,0.7215970590378233,0.7399039819260096,banking77_open,0,0.518780005648122,0.19218626677190212,0.5085769558963857,0.5074478649453823,0.522343594836147,1007,1013,0.025,0.19316577238068341,0.9331454104341733,0.8645119522458811,0.8087712366653498,0.8097310126582279,0.8078137332280979,,3541,0.5074478649453823,2508,False,selective,0.35,0.518780005648122,2534,R3,0.17391304347826086,0.014895729890764648
0.7184411183281559,0.5125376128385155,0.9714828897338403,0.1996611126800339,0.7215970590378233,0.7399039819260096,banking77_open,0,0.518780005648122,0.18587213891081295,0.5085769558963857,0.5074478649453823,0.522343594836147,1007,997,0.05,0.19316577238068341,0.9331454104341733,0.8645119522458811,0.8125246159905474,0.8109276729559748,0.8141278610891871,,3541,0.5074478649453823,2508,False,selective,0.35,0.518780005648122,2534,R3,0.17391304347826086,0.014895729890764648
0.7271957074272805,0.5238095238095238,0.9730769230769231,0.20841570177915844,0.722729119212088,0.7399039819260096,banking77_open,0,0.518780005648122,0.17600631412786108,0.5029379978546816,0.5024826216484608,0.5163853028798411,1007,966,0.075,0.19316577238068341,0.9331454104341733,0.8645119522458811,0.8173810921902525,0.810873786407767,0.823993685872139,,3541,0.5024826216484608,2508,False,selective,0.35,0.518780005648122,2534,R3,0.13043478260869565,0.013902681231380337
0.7362327026263767,0.538543897216274,0.9729206963249516,0.21745269697825473,0.7234733213909897,0.7399039819260096,banking77_open,0,0.518780005648122,0.16456195737963694,0.49993134267411343,0.49950347567030784,0.5134061569016882,1007,934,0.1,0.19316577238068341,0.9331454104341733,0.8645119522458811,0.8235751799260844,0.8120444955887994,0.835438042620363,,3541,0.49950347567030784,2508,False,selective,0.35,0.518780005648122,2534,R3,0.13043478260869565,0.013902681231380337
0.7636260943236374,0.5830346475507766,0.9779559118236473,0.24484608867551538,0.7273244364560815,0.7399039819260096,banking77_open,0,0.518780005648122,0.13338595106550907,0.48708713828123,0.4846077457795432,0.4955312810327706,1007,837,0.15,0.19316577238068341,0.9331454104341733,0.8645119522458811,0.838487972508591,0.8121301775147929,0.8666140489344909,,3541,0.4846077457795432,2508,False,selective,0.35,0.518780005648122,2534,R3,0.1,0.010923535253227408
0.712510590228749,0.5442043222003929,0.9618055555555556,0.12680033888731998,0.6709955572085929,0.5670714487432928,banking77_open,0,0.585710251341429,0.17442778216258878,0.5470294436697315,0.5501489572989077,0.5719960278053625,1007,1018,0.0,0.12680033888731998,0.9331454104341733,0.8645119522458811,0.8273680047458968,0.8291716210860087,0.8255722178374112,,3541,0.5501489572989077,2508,False,selective,0.4,0.585710251341429,2534,R3,0.13333333333333333,0.021847070506454815
0.7144874329285512,0.5459940652818991,0.9616724738675958,0.12877718158712229,0.6715143302709359,0.5670714487432928,banking77_open,0,0.585710251341429,0.17245461720599842,0.5452891025628746,0.548162859980139,0.5700099304865939,1007,1011,0.025,0.12680033888731998,0.9331454104341733,0.8645119522458811,0.8281990521327015,0.8288537549407115,0.8275453827940016,,3541,0.548162859980139,2508,False,selective,0.4,0.585710251341429,2534,R3,0.13333333333333333,0.021847070506454815
0.7190059305280994,0.5537688442211055,0.9632867132867133,0.13329567918667043,0.6717729169956399,0.5670714487432928,banking77_open,0,0.585710251341429,0.1669297553275454,0.5445565018302738,0.5471698113207547,0.5680238331678252,1007,995,0.05,0.12680033888731998,0.9331454104341733,0.8645119522458811,0.8311023622047244,0.8291437549096622,0.8330702446724546,,3541,0.5471698113207547,2508,False,selective,0.4,0.585710251341429,2534,R3,0.13333333333333333,0.020854021847070508
0.7243716464275628,0.5625,0.9648506151142355,0.13866139508613387,0.6723553866248342,0.5670714487432928,banking77_open,0,0.585710251341429,0.1606156274664562,0.5431116503854224,0.5451837140019861,0.5650446871896723,1007,976,0.075,0.12680033888731998,0.9331454104341733,0.8645119522458811,0.834281231614042,0.8292397660818713,0.8393843725335438,,3541,0.5451837140019861,2508,False,selective,0.4,0.585710251341429,2534,R3,0.13333333333333333,0.019860973187686197
0.7314317989268568,0.5741324921135647,0.9680851063829787,0.14572154758542785,0.6732681166008325,0.5670714487432928,banking77_open,0,0.585710251341429,0.15272296764009471,0.5402855200262844,0.5422045680238332,0.5600794438927508,1007,951,0.1,0.12680033888731998,0.9331454104341733,0.8645119522458811,0.8380171740827477,0.8289575289575289,0.8472770323599053,,3541,0.5422045680238332,2508,False,selective,0.4,0.585710251341429,2534,R3,0.13333333333333333,0.01787487586891758
0.7560011296243999,0.6145833333333334,0.9761029411764706,0.1702908782829709,0.6780828408043034,0.5670714487432928,banking77_open,0,0.585710251341429,0.12628255722178375,0.5261794190320558,0.5273088381330685,0.5402184707050646,1007,864,0.15,0.12680033888731998,0.9331454104341733,0.8645119522458811,0.8497409326424872,0.827045199850579,0.8737174427782163,,3541,0.5273088381330685,2508,False,selective,0.4,0.585710251341429,2534,R3,0.13333333333333333,0.012909632571996028
0.7255012708274499,0.5823045267489712,0.9609507640067911,0.07794408359220559,0.6454285823637398,0.43885907935611407,banking77_open,0,0.6475571872352442,0.1511444356748224,0.5673365942526797,0.5620655412115194,0.5849056603773585,1007,972,0.0,0.07794408359220559,0.9331454104341733,0.8645119522458811,0.8430335097001763,0.8372907746204749,0.8488555643251776,,3541,0.5620655412115194,2508,False,selective,0.45,0.6475571872352442,2534,R3,0.06666666666666667,0.022840119165839126
0.7280429257271958,0.5856697819314641,0.962457337883959,0.08048573849195143,0.6460322014674859,0.43885907935611407,banking77_open,0,0.6475571872352442,0.14877663772691396,0.5652884631722905,0.5600794438927508,0.5819265143992055,1007,963,0.025,0.07794408359220559,0.9331454104341733,0.8645119522458811,0.8438967136150235,0.8366951124903026,0.851223362273086,,3541,0.5600794438927508,2508,False,selective,0.45,0.6475571872352442,2534,R3,0.06666666666666667,0.021847070506454815
0.7317142050268286,0.5905263157894737,0.9639175257731959,0.0841570177915843,0.6469910580044029,0.43885907935611407,banking77_open,0,0.6475571872352442,0.1452249408050513,0.5627480345449053,0.5571002979145978,0.5779543197616683,1007,950,0.05,0.07794408359220559,0.9331454104341733,0.8645119522458811,0.8452682926829268,0.8359706676958704,0.8547750591949487,,3541,0.5571002979145978,2508,False,selective,0.45,0.6475571872352442,2534,R3,0.06666666666666667,0.020854021847070508
0.737079920926292,0.5961331901181526,0.9685863874345549,0.08952273369104773,0.6490058817847846,0.43885907935611407,banking77_open,0,0.6475571872352442,0.14127861089187055,0.556694411595884,0.551142005958292,0.5690168818272096,1007,931,0.075,0.07794408359220559,0.9331454104341733,0.8645119522458811,0.8460342146189735,0.8337164750957854,0.8587213891081295,,3541,0.551142005958292,2508,False,selective,0.45,0.6475571872352442,2534,R3,0.06666666666666667,0.01787487586891758
0.7455521039254448,0.609322974472808,0.9716814159292035,0.09799491669020051,0.6510685611206445,0.43885907935611407,banking77_open,0,0.6475571872352442,0.13259668508287292,0.5511605314701726,0.5451837140019861,0.5610724925521351,1007,901,0.1,0.07794408359220559,0.9331454104341733,0.8645119522458811,0.8496327792810205,0.8325757575757575,0.8674033149171271,,3541,0.5451837140019861,2508,False,selective,0.45,0.6475571872352442,2534,R3,0.06666666666666667,0.015888778550148957
0.7661677492233833,0.6364734299516909,0.9777365491651205,0.11861056198813895,0.6593848866928961,0.43885907935611407,banking77_open,0,0.6475571872352442,0.11404893449092345,0.5290547077418107,0.5233366434955313,0.535253227408143,1007,828,0.15,0.07794408359220559,0.9331454104341733,0.8645119522458811,0.8557270821421764,0.8274972355326207,0.8859510655090765,,3541,0.5233366434955313,2508,False,selective,0.45,0.6475571872352442,2534,R3,0.06666666666666667,0.011916583912611719
0.753459474724654,0.6185567010309279,0.9660107334525939,0.04716181869528382,0.6337462445793683,0.3422761931657724,banking77_open,0,0.7062976560293702,0.1239147592738753,0.5465500722441918,0.5362462760675273,0.5551142005958292,1007,873,0.0,0.04716181869528382,0.9331454104341733,0.8645119522458811,0.8535178777393312,0.8320839580209896,0.8760852407261247,,3541,0.5362462760675273,2508,False,selective,0.5,0.7062976560293702,2534,R3,0.06666666666666667,0.018867924528301886
0.7537418808246258,0.6192660550458715,0.9660107334525939,0.04744422479525558,0.6337462445793683,0.3422761931657724,banking77_open,0,0.7062976560293702,0.12352012628255722,0.5465500722441918,0.5362462760675273,0.5551142005958292,1007,872,0.025,0.04716181869528382,0.9331454104341733,0.8645119522458811,0.853738227945416,0.8321468714874485,0.8764798737174427,,3541,0.5362462760675273,2508,False,selective,0.5,0.7062976560293702,2534,R3,0.06666666666666667,0.018867924528301886
0.7557187235244281,0.6219653179190752,0.9676258992805755,0.0494210674950579,0.6345000803413371,0.3422761931657724,banking77_open,0,0.7062976560293702,0.12194159431728492,0.5449627706568902,0.5342601787487586,0.5521350546176763,1007,865,0.05,0.04716181869528382,0.9331454104341733,0.8645119522458811,0.854126679462572,0.8314648729446936,0.8780584056827151,,3541,0.5342601787487586,2508,False,selective,0.5,0.7062976560293702,2534,R3,0.03333333333333333,0.01787487586891758
0.7608020333239198,0.6316410861865407,0.9709618874773139,0.054504377294549565,0.6356214570732318,0.3422761931657724,banking77_open,0,0.7062976560293702,0.11681136543014996,0.5419120825448867,0.5312810327706058,0.5471698113207547,1007,847,0.075,0.04716181869528382,0.9331454104341733,0.8645119522458811,0.8561591430757461,0.8307349665924276,0.8831886345698501,,3541,0.5312810327706058,2508,False,selective,0.5,0.7062976560293702,2534,R3,0.03333333333333333,0.015888778550148957
0.766450155323355,0.6408706166868199,0.9724770642201835,0.06015249929398475,0.6375555066085334,0.3422761931657724,banking77_open,0,0.7062976560293702,0.11128650355169692,0.5373381202097597,0.5263157894736842,0.5412115193644489,1007,827,0.1,0.04716181869528382,0.9331454104341733,0.8645119522458811,0.8582317073170732,0.8297715549005158,0.8887134964483031,,3541,0.5263157894736842,2508,False,selective,0.5,0.7062976560293702,2534,R3,0.03333333333333333,0.014895729890764648
0.7842417396215758,0.6675392670157068,0.9788867562380038,0.07794408359220559,0.6458467792822636,0.3422761931657724,banking77_open,0,0.7062976560293702,0.09589581689029203,0.5174456421844787,0.506454816285998,0.5173783515392254,1007,764,0.15,0.04716181869528382,0.9331454104341733,0.8645119522458811,0.8627377141781208,0.8249909974792942,0.904104183109708,,3541,0.506454816285998,2508,False,selective,0.5,0.7062976560293702,2534,R3,0.03333333333333333,0.010923535253227408
0.7955379836204463,0.6657458563535912,0.9717741935483871,0.026263767297373623,0.6353295770965927,0.25755436317424457,banking77_open,0,0.7692742163230726,0.08997632202052092,0.4944176001276196,0.4786494538232373,0.4925521350546177,1007,724,0.0,0.026263767297373623,0.9331454104341733,0.8645119522458811,0.8618949729022612,0.8186013489527867,0.9100236779794791,,3541,0.4786494538232373,2508,False,selective,0.55,0.7692742163230726,2534,R3,0.11428571428571428,0.013902681231380337
0.7958203897204179,0.665283540802213,0.9717171717171718,0.02654617339734538,0.635774219280577,0.25755436317424457,banking77_open,0,0.7692742163230726,0.08997632202052092,0.49330277292583585,0.47765640516385305,0.4915590863952334,1007,723,0.025,0.026263767297373623,0.9331454104341733,0.8645119522458811,0.8617339312406578,0.8183108587650816,0.9100236779794791,,3541,0.47765640516385305,2508,False,selective,0.55,0.7692742163230726,2534,R3,0.11428571428571428,0.013902681231380337
0.7966676080203332,0.6680555555555555,0.9717171717171718,0.027393391697260662,0.635774219280577,0.25755436317424457,banking77_open,0,0.7692742163230726,0.08879242304656669,0.49330277292583585,0.47765640516385305,0.4915590863952334,1007,720,0.05,0.026263767297373623,0.9331454104341733,0.8645119522458811,0.8623716153127918,0.8185040765685927,0.9112075769534334,,3541,0.47765640516385305,2508,False,selective,0.55,0.7692742163230726,2534,R3,0.11428571428571428,0.013902681231380337
0.7994916690200509,0.6746478873239437,0.9775510204081632,0.030217452696978255,0.6366976849892353,0.25755436317424457,banking77_open,0,0.7692742163230726,0.08681925808997633,0.49169392425816366,0.4756703078450844,0.48659384309831183,1007,710,0.075,0.026263767297373623,0.9331454104341733,0.8645119522458811,0.862628145386766,0.8173790180148357,0.9131807419100236,,3541,0.4756703078450844,2508,False,selective,0.55,0.7692742163230726,2534,R3,0.11428571428571428,0.010923535253227408
0.8020333239197966,0.68188302425107,0.9795081967213115,0.03275910759672409,0.6371606174181595,0.25755436317424457,banking77_open,0,0.7692742163230726,0.0840568271507498,0.49070773096427805,0.4746772591857001,0.4846077457795432,1007,701,0.1,0.026263767297373623,0.9331454104341733,0.8645119522458811,0.8637886118347599,0.8172535211267605,0.9159431728492502,,3541,0.4746772591857001,2508,False,selective,0.55,0.7692742163230726,2534,R3,0.11428571428571428,0.009930486593843098
0.8153064106184693,0.7140672782874617,0.9810924369747899,0.04603219429539678,0.6426007383676658,0.25755436317424457,banking77_open,0,0.7692742163230726,0.0702446724546172,0.48060350372477234,0.4637537239324727,0.4726911618669315,1007,654,0.15,0.026263767297373623,0.9331454104341733,0.8645119522458811,0.8692123224497326,0.8160720471077243,0.9297553275453828,,3541,0.4637537239324727,2508,False,selective,0.55,0.7692742163230726,2534,R3,0.11428571428571428,0.00893743793445879
0.8398757413160124,0.7372134038800705,0.9675925925925926,0.01412030499858797,0.6541058833551112,0.1883648686811635,banking77_open,0,0.8257554363174244,0.053275453827940016,0.4344992649933875,0.41509433962264153,0.42899702085402186,1007,567,0.0,0.01412030499858797,0.9331454104341733,0.8645119522458811,0.8710965867828613,0.8066577000672495,0.94672454617206,,3541,0.41509433962264153,2508,False,selective,0.6,0.8257554363174244,2534,R3,0.10526315789473684,0.013902681231380337
0.8398757413160124,0.7372134038800705,0.9675925925925926,0.01412030499858797,0.6541058833551112,0.1883648686811635,banking77_open,0,0.8257554363174244,0.053275453827940016,0.4344992649933875,0.41509433962264153,0.42899702085402186,1007,567,0.025,0.01412030499858797,0.9331454104341733,0.8645119522458811,0.8710965867828613,0.8066577000672495,0.94672454617206,,3541,0.41509433962264153,2508,False,selective,0.6,0.8257554363174244,2534,R3,0.10526315789473684,0.013902681231380337
0.8401581474159842,0.7385159010600707,0.9675925925925926,0.014402711098559728,0.6541058833551112,0.1883648686811635,banking77_open,0,0.8257554363174244,0.05288082083662194,0.4344992649933875,0.41509433962264153,0.42899702085402186,1007,566,0.05,0.01412030499858797,0.9331454104341733,0.8645119522458811,0.871301506625522,0.8067226890756303,0.9471191791633781,,3541,0.41509433962264153,2508,False,selective,0.6,0.8257554363174244,2534,R3,0.10526315789473684,0.013902681231380337
0.8421349901157865,0.7459749552772809,0.972027972027972,0.016379553798362045,0.6546065551986404,0.1883648686811635,banking77_open,0,0.8257554363174244,0.05130228887134965,0.43374511718041614,0.4141012909632572,0.4260178748758689,1007,559,0.075,0.01412030499858797,0.9331454104341733,0.8645119522458811,0.8716461203770848,0.8061703554661301,0.9486977111286503,,3541,0.4141012909632572,2508,False,selective,0.6,0.8257554363174244,2534,R3,0.10526315789473684,0.011916583912611719
0.8446766450155323,0.7563636363636363,0.9765258215962441,0.01892120869810788,0.6551497057119958,0.1883648686811635,banking77_open,0,0.8257554363174244,0.0489344909234412,0.4330125164478154,0.4131082423038729,0.423038728897716,1007,550,0.1,0.01412030499858797,0.9331454104341733,0.8645119522458811,0.8723981900452489,0.8057505850885991,0.9510655090765588,,3541,0.4131082423038729,2508,False,selective,0.6,0.8257554363174244,2534,R3,0.10526315789473684,0.009930486593843098
0.8523016097147699,0.7820267686424475,0.9808153477218226,0.02654617339734538,0.6592160005097565,0.1883648686811635,banking77_open,0,0.8257554363174244,0.041831097079715863,0.42658260348646226,0.40615690168818275,0.4141012909632572,1007,523,0.15,0.01412030499858797,0.9331454104341733,0.8645119522458811,0.8746397694524496,0.8045062955599734,0.9581689029202841,,3541,0.40615690168818275,2508,False,selective,0.6,0.8257554363174244,2534,R3,0.10526315789473684,0.007944389275074478
0.8723524428127648,0.8119469026548672,0.9734748010610079,0.006212934199378707,0.6742777316780162,0.14007342558599264,banking77_open,0,0.8661395086133861,0.029597474348855565,0.38234368108910677,0.3644488579940417,0.3743793445878848,1007,452,0.0,0.006212934199378707,0.9331454104341733,0.8645119522458811,0.8746220878534591,0.7960505017805115,0.9704025256511445,,3541,0.3644488579940417,2508,False,selective,0.65,0.8661395086133861,2534,R3,0.07692307692307693,0.009930486593843098
0.8723524428127648,0.8119469026548672,0.9734748010610079,0.006212934199378707,0.6742777316780162,0.14007342558599264,banking77_open,0,0.8661395086133861,0.029597474348855565,0.38234368108910677,0.3644488579940417,0.3743793445878848,1007,452,0.025,0.006212934199378707,0.9331454104341733,0.8645119522458811,0.8746220878534591,0.7960505017805115,0.9704025256511445,,3541,0.3644488579940417,2508,False,selective,0.65,0.8661395086133861,2534,R3,0.07692307692307693,0.009930486593843098
0.8734820672126518,0.8102678571428571,0.9731903485254692,0.0073425585992657446,0.6766969473621859,0.14007342558599264,banking77_open,0,0.8661395086133861,0.029597474348855565,0.37713639979074387,0.36047666335650447,0.37040714995034757,1007,448,0.05,0.006212934199378707,0.9331454104341733,0.8645119522458811,0.8740003554291808,0.795021015195603,0.9704025256511445,,3541,0.36047666335650447,2508,False,selective,0.65,0.8661395086133861,2534,R3,0.07692307692307693,0.009930486593843098
0.8746116916125388,0.8153153153153153,0.9783783783783784,0.008472182999152781,0.6773992987219737,0.14007342558599264,banking77_open,0,0.8661395086133861,0.02920284135753749,0.37602157258896013,0.35948361469712015,0.36742800397219466,1007,444,0.075,0.006212934199378707,0.9331454104341733,0.8645119522458811,0.873734683004795,0.7943170810461737,0.9707971586424625,,3541,0.35948361469712015,2508,False,selective,0.65,0.8661395086133861,2534,R3,0.07692307692307693,0.007944389275074478
0.8760237221123977,0.8223234624145785,0.9809782608695652,0.009884213499011578,0.6780656834710727,0.14007342558599264,banking77_open,0,0.8661395086133861,0.028018942383583267,0.37451327696301745,0.3584905660377358,0.365441906653426,1007,439,0.1,0.006212934199378707,0.9331454104341733,0.8645119522458811,0.8740241305890702,0.7940038684719536,0.9719810576164167,,3541,0.3584905660377358,2508,False,selective,0.65,0.8661395086133861,2534,R3,0.07692307692307693,0.006951340615690168
0.8796950014120305,0.8333333333333334,0.9861111111111112,0.013555492798644452,0.682060729369011,0.14007342558599264,banking77_open,0,0.8661395086133861,0.026045777426992895,0.3695692095924795,0.35253227408143,0.35749751737835156,1007,426,0.15,0.006212934199378707,0.9331454104341733,0.8645119522458811,0.8737829704372456,0.7922953451043339,0.9739542225730071,,3541,0.35253227408143,2508,False,selective,0.65,0.8661395086133861,2534,R3,0.07692307692307693,0.004965243296921549
0.9048291443095171,0.8724035608308606,0.9702970297029703,0.002824060999717594,0.7171536188413227,0.1008189776899181,banking77_open,0,0.9020050833097994,0.013417521704814523,0.30367765389151086,0.2919563058589871,0.30089374379344586,1007,337,0.0,0.002824060999717594,0.9331454104341733,0.8645119522458811,0.871383757406762,0.7802746566791511,0.9865824782951855,,3541,0.2919563058589871,2508,False,selective,0.7,0.9020050833097994,2534,R3,0.038461538461538464,0.00893743793445879
0.9051115504094889,0.8720238095238095,0.9701986754966887,0.0031064670996893535,0.7178294466121308,0.1008189776899181,banking77_open,0,0.9020050833097994,0.013417521704814523,0.30256282668972717,0.29096325719960275,0.2999006951340616,1007,336,0.025,0.002824060999717594,0.9331454104341733,0.8645119522458811,0.8712319219376199,0.7800312012480499,0.9865824782951855,,3541,0.29096325719960275,2508,False,selective,0.7,0.9020050833097994,2534,R3,0.038461538461538464,0.00893743793445879
0.9053939565094606,0.8746268656716418,0.9701986754966887,0.003388873199661113,0.7178294466121308,0.1008189776899181,banking77_open,0,0.9020050833097994,0.013022888713496448,0.30256282668972717,0.29096325719960275,0.2999006951340616,1007,335,0.05,0.002824060999717594,0.9331454104341733,0.8645119522458811,0.8714285714285714,0.7800998128509046,0.9869771112865036,,3541,0.29096325719960275,2508,False,selective,0.7,0.9020050833097994,2534,R3,0.038461538461538464,0.00893743793445879
0.9059587687094042,0.8738738738738738,0.97,0.003953685399604632,0.7192742669356577,0.1008189776899181,banking77_open,0,0.9020050833097994,0.013022888713496448,0.3002269982669422,0.28897715988083417,0.29791459781529295,1007,333,0.075,0.002824060999717594,0.9331454104341733,0.8645119522458811,0.8711250435388367,0.7796134663341646,0.9869771112865036,,3541,0.28897715988083417,2508,False,selective,0.7,0.9020050833097994,2534,R3,0.038461538461538464,0.00893743793445879
0.9062411748093759,0.8734939759036144,0.9698996655518395,0.004236091499576391,0.7199406516847565,0.1008189776899181,banking77_open,0,0.9020050833097994,0.013022888713496448,0.29871870264099953,0.28798411122144985,0.2969215491559086,1007,332,0.1,0.002824060999717594,0.9331454104341733,0.8645119522458811,0.8709733588716699,0.7793705204113431,0.9869771112865036,,3541,0.28798411122144985,2508,False,selective,0.7,0.9020050833097994,2534,R3,0.038461538461538464,0.00893743793445879
0.9087828297091217,0.891640866873065,0.9829351535836177,0.006777746399322226,0.7214847928467846,0.1008189776899181,banking77_open,0,0.9020050833097994,0.011838989739542225,0.29716327277674615,0.28599801390268126,0.29096325719960275,1007,323,0.15,0.002824060999717594,0.9331454104341733,0.8645119522458811,0.8706536856745478,0.7781230577998757,0.9881610102604578,,3541,0.28599801390268126,2508,False,selective,0.7,0.9020050833097994,2534,R3,0.038461538461538464,0.004965243296921549
0.933069754306693,0.9324894514767933,0.973568281938326,0.0002824060999717594,0.7671383138226379,0.0674950578932505,banking77_open,0,0.9327873482067213,0.003946329913180742,0.2250912482169672,0.21946375372393248,0.22542204568023833,1007,237,0.0,0.0002824060999717594,0.9331454104341733,0.8645119522458811,0.8646796848235697,0.7639225181598063,0.9960536700868192,,3541,0.21946375372393248,2508,False,selective,0.75,0.9327873482067213,2534,R3,0.038461538461538464,0.005958291956305859
0.933069754306693,0.9324894514767933,0.973568281938326,0.0002824060999717594,0.7671383138226379,0.0674950578932505,banking77_open,0,0.9327873482067213,0.003946329913180742,0.2250912482169672,0.21946375372393248,0.22542204568023833,1007,237,0.025,0.0002824060999717594,0.9331454104341733,0.8645119522458811,0.8646796848235697,0.7639225181598063,0.9960536700868192,,3541,0.21946375372393248,2508,False,selective,0.75,0.9327873482067213,2534,R3,0.038461538461538464,0.005958291956305859
0.933069754306693,0.9324894514767933,0.973568281938326,0.0002824060999717594,0.7671383138226379,0.0674950578932505,banking77_open,0,0.9327873482067213,0.003946329913180742,0.2250912482169672,0.21946375372393248,0.22542204568023833,1007,237,0.05,0.0002824060999717594,0.9331454104341733,0.8645119522458811,0.8646796848235697,0.7639225181598063,0.9960536700868192,,3541,0.21946375372393248,2508,False,selective,0.75,0.9327873482067213,2534,R3,0.038461538461538464,0.005958291956305859
0.9333521604066648,0.9322033898305084,0.9734513274336283,0.0005648121999435188,0.7679328246211221,0.0674950578932505,banking77_open,0,0.9327873482067213,0.003946329913180742,0.22433710040399585,0.21847070506454816,0.22442899702085403,1007,236,0.075,0.0002824060999717594,0.9331454104341733,0.8645119522458811,0.8645315978763488,0.7636913767019667,0.9960536700868192,,3541,0.21847070506454816,2508,False,selective,0.75,0.9327873482067213,2534,R3,0.038461538461538464,0.005958291956305859
0.9339169726066083,0.9316239316239316,0.9732142857142857,0.0011296243998870376,0.7696380210356388,0.0674950578932505,banking77_open,0,0.9327873482067213,0.003946329913180742,0.22158771303922387,0.21648460774577954,0.2224428997020854,1007,234,0.1,0.0002824060999717594,0.9331454104341733,0.8645119522458811,0.8642355760999828,0.763229513153916,0.9960536700868192,,3541,0.21648460774577954,2508,False,selective,0.75,0.9327873482067213,2534,R3,0.038461538461538464,0.005958291956305859
0.9350465970064954,0.9391304347826087,0.9818181818181818,0.0022592487997740753,0.7714566616305266,0.0674950578932505,banking77_open,0,0.9327873482067213,0.003946329913180742,0.22005656444925176,0.21449851042701093,0.21847070506454816,1007,230,0.15,0.0002824060999717594,0.9331454104341733,0.8645119522458811,0.8636441402908468,0.7623074599818785,0.9960536700868192,,3541,0.21449851042701093,2508,False,selective,0.75,0.9327873482067213,2534,R3,0.038461538461538464,0.003972194637537239
0.9522733691047727,0.9644970414201184,0.9760479041916168,0.0,0.8136305061198223,0.047726630895227336,banking77_open,0,0.9522733691047727,0.0007892659826361484,0.1643000089305322,0.1618669314796425,0.16583912611717974,1007,169,0.0,0.0,0.9331454104341733,0.8645119522458811,0.8574331188621741,0.7508896797153025,0.9992107340173638,,3541,0.1618669314796425,2508,True,selective,0.8,0.9522733691047727,2534,R3,0.0,0.003972194637537239
0.9522733691047727,0.9644970414201184,0.9760479041916168,0.0,0.8136305061198223,0.047726630895227336,banking77_open,0,0.9522733691047727,0.0007892659826361484,0.1643000089305322,0.1618669314796425,0.16583912611717974,1007,169,0.025,0.0,0.9331454104341733,0.8645119522458811,0.8574331188621741,0.7508896797153025,0.9992107340173638,,3541,0.1618669314796425,2508,False,selective,0.8,0.9522733691047727,2534,R3,0.0,0.003972194637537239
0.9522733691047727,0.9644970414201184,0.9760479041916168,0.0,0.8136305061198223,0.047726630895227336,banking77_open,0,0.9522733691047727,0.0007892659826361484,0.1643000089305322,0.1618669314796425,0.16583912611717974,1007,169,0.05,0.0,0.9331454104341733,0.8645119522458811,0.8574331188621741,0.7508896797153025,0.9992107340173638,,3541,0.1618669314796425,2508,False,selective,0.8,0.9522733691047727,2534,R3,0.0,0.003972194637537239
0.9522733691047727,0.9644970414201184,0.9760479041916168,0.0,0.8136305061198223,0.047726630895227336,banking77_open,0,0.9522733691047727,0.0007892659826361484,0.1643000089305322,0.1618669314796425,0.16583912611717974,1007,169,0.075,0.0,0.9331454104341733,0.8645119522458811,0.8574331188621741,0.7508896797153025,0.9992107340173638,,3541,0.1618669314796425,2508,False,selective,0.8,0.9522733691047727,2534,R3,0.0,0.003972194637537239
0.9522733691047727,0.9644970414201184,0.9760479041916168,0.0,0.8136305061198223,0.047726630895227336,banking77_open,0,0.9522733691047727,0.0007892659826361484,0.1643000089305322,0.1618669314796425,0.16583912611717974,1007,169,0.1,0.0,0.9331454104341733,0.8645119522458811,0.8574331188621741,0.7508896797153025,0.9992107340173638,,3541,0.1618669314796425,2508,False,selective,0.8,0.9522733691047727,2534,R3,0.0,0.003972194637537239
0.953120587404688,0.9759036144578314,0.9878048780487805,0.0008472182999152782,0.8146599023735255,0.047726630895227336,banking77_open,0,0.9522733691047727,0.0007892659826361484,0.16352300815353144,0.1608738828202582,0.1628599801390268,1007,166,0.15,0.0,0.9331454104341733,0.8645119522458811,0.8569977999661533,0.7502222222222222,0.9992107340173638,,3541,0.1608738828202582,2508,False,selective,0.8,0.9522733691047727,2534,R3,0.0,0.0019860973187686196
,,,,,,banking77_closed,,,,,0.888015717092338,,,,,,,,,,,0.001,,,2508,,R0,,,,,,
,,,,,,banking77_closed,,,,,0.8840864440078585,,,,,,,,,,,0.01,,,2508,,R0,,,,,,
,,,,,,banking77_closed,,,,,0.8732809430255403,,,,,,,,,,,0.1,,,2508,,R0,,,,,,
,,,,,,banking77_closed,,,,,0.8325147347740668,,,,,,,0.0,,,,0.0001,,,2508,,R2,,,,,,
,,,,,,banking77_closed,,,,,0.831532416502947,,,,,,,0.0,,,,0.001,,,2508,,R2,,,,,,
,,,,,,banking77_closed,,,,,0.8325147347740668,,,,,,,0.0,,,,0.01,,,2508,,R2,,,,,,
,,,,,,banking77_closed,,,,,0.8344793713163065,,,,,,,0.0,,,,0.1,,,2508,,R2,,,,,,
,,,,,,clinc150,,,,,0.986,,,,,,,,,,,0.001,,,2509,,R0,,,,,,
,,,,,,clinc150,,,,,0.985,,,,,,,,,,,0.01,,,2509,,R0,,,,,,
,,,,,,clinc150,,,,,0.986,,,,,,,,,,,0.1,,,2509,,R0,,,,,,
,,,,,,clinc150,,,,,0.972,,,,,,,0.916607619047619,,,,0.0001,,,2509,,R2,,,,,,
,,,,,,clinc150,,,,,0.972,,,,,,,0.91657,,,,0.001,,,2509,,R2,,,,,,
,,,,,,clinc150,,,,,0.97,,,,,,,0.9166766666666667,,,,0.01,,,2509,,R2,,,,,,
,,,,,,clinc150,,,,,0.973,,,,,,,0.914747619047619,,,,0.1,,,2509,,R2,,,,,,
0.3909677419354839,0.5047669491525424,0.9764344262295082,0.0,0.3899422610551872,0.6090322580645161,clinc150,0,0.3909677419354839,0.4342857142857143,0.953,0.953,0.976,1000,1888,0.0,0.0,0.9580178940985958,0.914747619047619,0.717391304347826,0.9801980198019802,0.5657142857142857,,3100,0.953,2509,False,selective,0.2,0.3909677419354839,2100,MAX_THRESHOLD,0.55,0.023
0.4532258064516129,0.5569321533923304,0.9762150982419855,0.0,0.3915457616469379,0.5467741935483871,clinc150,0,0.4532258064516129,0.3466666666666667,0.944,0.944,0.967,1000,1695,0.0,0.0,0.9580178940985958,0.914747619047619,0.7828815977175464,0.9765124555160143,0.6533333333333333,,3100,0.944,2509,False,selective,0.25,0.4532258064516129,2100,MAX_THRESHOLD,0.55,0.023
0.5129032258064516,0.6099337748344371,0.9777070063694268,0.0,0.39645374829232255,0.4870967741935484,clinc150,0,0.5129032258064516,0.2704761904761905,0.921,0.921,0.942,1000,1510,0.0,0.0,0.9580178940985958,0.914747619047619,0.8303523035230354,0.9635220125786164,0.7295238095238096,,3100,0.921,2509,False,selective,0.3,0.5129032258064516,2100,MAX_THRESHOLD,0.5,0.021
0.57,0.6609152288072018,0.9778024417314095,0.0,0.40656602645328765,0.43,clinc150,0,0.57,0.2057142857142857,0.881,0.881,0.901,1000,1333,0.0,0.0,0.9580178940985958,0.914747619047619,0.8626842513576416,0.9439728353140917,0.7942857142857143,,3100,0.881,2509,False,selective,0.35,0.57,2100,MAX_THRESHOLD,0.4,0.02
0.6296774193548387,0.7029616724738676,0.9817518248175182,0.0,0.4285031118078023,0.37032258064516127,clinc150,0,0.6296774193548387,0.15523809523809523,0.8069999999999999,0.807,0.822,1000,1148,0.0,0.0,0.9580178940985958,0.914747619047619,0.8756169792694964,0.9088114754098361,0.8447619047619047,,3100,0.807,2509,True,selective,0.4,0.6296774193548387,2100,MAX_THRESHOLD,0.15,0.015
0.6806451612903226,0.7404040404040404,0.9865410497981157,0.0,0.4539831427401345,0.3193548387096774,clinc150,0,0.6806451612903226,0.11761904761904762,0.733,0.733,0.743,1000,990,0.0,0.0,0.9580178940985958,0.914747619047619,0.8802850356294536,0.8781990521327014,0.8823809523809524,,3100,0.733,2509,False,selective,0.45,0.6806451612903226,2100,MAX_THRESHOLD,0.05,0.01
0.737741935483871,0.7896678966789668,0.9938080495356038,0.0,0.4903634539964717,0.26225806451612904,clinc150,0,0.737741935483871,0.07952380952380952,0.642,0.642,0.646,1000,813,0.0,0.0,0.9580178940985958,0.914747619047619,0.8812400273535447,0.845212068211631,0.9204761904761904,,3100,0.642,2509,False,selective,0.5,0.737741935483871,2100,MAX_THRESHOLD,0.0,0.004
0.7858064516129032,0.8177710843373494,0.9926873857404022,0.0,0.5363128278991988,0.21419354838709678,clinc150,0,0.7858064516129032,0.055714285714285716,0.543,0.543,0.547,1000,664,0.0,0.0,0.9580178940985958,0.914747619047619,0.8743386243386243,0.8140394088669951,0.9442857142857143,,3100,0.543,2509,False,selective,0.55,0.7858064516129032,2100,MAX_THRESHOLD,0.0,0.004
0.8316129032258065,0.8544061302681992,0.9911111111111112,0.0,0.5880978311778763,0.16838709677419356,clinc150,0,0.8316129032258065,0.03428571428571429,0.446,0.446,0.45,1000,522,0.0,0.0,0.9580178940985958,0.914747619047619,0.8670371953826421,0.7866563227307991,0.9657142857142857,,3100,0.446,2509,False,selective,0.6,0.8316129032258065,2100,MAX_THRESHOLD,0.0,0.004
0.8735483870967742,0.8954081632653061,0.9915254237288136,0.0,0.6470097274759143,0.12645161290322582,clinc150,0,0.8735483870967742,0.018095238095238095,0.351,0.351,0.354,1000,392,0.0,0.0,0.9580178940985958,0.914747619047619,0.8577371048252912,0.7614475627769571,0.981904761904762,,3100,0.351,2509,False,selective,0.65,0.8735483870967742,2100,MAX_THRESHOLD,0.0,0.003
0.9032258064516129,0.92,0.9928057553956835,0.0,0.7002252932823605,0.0967741935483871,clinc150,0,0.9032258064516129,0.010476190476190476,0.276,0.276,0.278,1000,300,0.0,0.0,0.9580178940985958,0.914747619047619,0.8481632653061224,0.7421428571428571,0.9895238095238095,,3100,0.276,2509,False,selective,0.7,0.9032258064516129,2100,MAX_THRESHOLD,0.0,0.002
0.93,0.9216589861751152,0.9950248756218906,0.0,0.7611324449543125,0.07,clinc150,0,0.93,0.007619047619047619,0.2,0.2,0.201,1000,217,0.0,0.0,0.9580178940985958,0.914747619047619,0.8364439092915913,0.7228581338883108,0.9923809523809524,,3100,0.2,2509,False,selective,0.75,0.93,2100,MAX_THRESHOLD,0.0,0.001
0.9503225806451613,0.9415584415584416,1.0,0.0,0.8110503177447193,0.04967741935483871,clinc150,0,0.9503225806451613,0.004285714285714286,0.145,0.145,0.145,1000,154,0.0,0.0,0.9580178940985958,0.914747619047619,0.8287752675386445,0.709775967413442,0.9957142857142857,,3100,0.145,2509,False,selective,0.8,0.9503225806451613,2100,MAX_THRESHOLD,0.0,0.0
0.6658064516129032,0.5308880308880309,0.9963768115942029,0.27483870967741936,0.6952338472267188,1.134516129032258,clinc150,0,0.3909677419354839,0.23047619047619047,0.55,0.55,0.552,1000,1036,0.0,0.27483870967741936,0.9580178940985958,0.914747619047619,0.7761767531219981,0.7829457364341085,0.7695238095238095,,3100,0.55,2509,False,selective,0.2,0.3909677419354839,2100,R3,0.0,0.002
0.6674193548387096,0.533462657613967,0.9963768115942029,0.2764516129032258,0.6952338472267188,1.134516129032258,clinc150,0,0.3909677419354839,0.2280952380952381,0.55,0.55,0.552,1000,1031,0.025,0.27483870967741936,0.9580178940985958,0.914747619047619,0.7776445190693212,0.7834702754954084,0.7719047619047619,,3100,0.55,2509,False,selective,0.2,0.3909677419354839,2100,R3,0.0,0.002
0.6748387096774193,0.5456349206349206,0.9963768115942029,0.2838709677419355,0.6952338472267188,1.134516129032258,clinc150,0,0.3909677419354839,0.21714285714285714,0.55,0.55,0.552,1000,1008,0.05,0.27483870967741936,0.9580178940985958,0.914747619047619,0.7843511450381679,0.7858508604206501,0.7828571428571428,,3100,0.55,2509,False,selective,0.2,0.3909677419354839,2100,R3,0.0,0.002
0.6825806451612904,0.5589430894308943,0.9963768115942029,0.29161290322580646,0.6952338472267188,1.134516129032258,clinc150,0,0.3909677419354839,0.2057142857142857,0.55,0.55,0.552,1000,984,0.075,0.27483870967741936,0.9580178940985958,0.914747619047619,0.7912713472485768,0.7882797731568998,0.7942857142857143,,3100,0.55,2509,False,selective,0.2,0.3909677419354839,2100,R3,0.0,0.002
0.6906451612903226,0.5735140771637122,0.9963768115942029,0.2996774193548387,0.6952338472267188,1.134516129032258,clinc150,0,0.3909677419354839,0.19380952380952382,0.55,0.55,0.552,1000,959,0.1,0.27483870967741936,0.9580178940985958,0.914747619047619,0.7983966045743929,0.7907519850537132,0.8061904761904762,,3100,0.55,2509,False,selective,0.2,0.3909677419354839,2100,R3,0.0,0.002
0.7174193548387097,0.6221461187214612,0.9981684981684982,0.32645161290322583,0.6962405208953136,1.134516129032258,clinc150,0,0.3909677419354839,0.15714285714285714,0.545,0.545,0.546,1000,876,0.15,0.27483870967741936,0.9580178940985958,0.914747619047619,0.8186864014801111,0.795863309352518,0.8428571428571429,,3100,0.545,2509,False,selective,0.2,0.3909677419354839,2100,R3,0.0,0.001
0.6480645161290323,0.5930339138405133,0.9938556067588326,0.19483870967741934,0.6318900246951483,0.88,clinc150,0,0.4532258064516129,0.20952380952380953,0.647,0.647,0.651,1000,1091,0.0,0.19483870967741934,0.9580178940985958,0.914747619047619,0.8079824774884401,0.8262817322050772,0.7904761904761904,,3100,0.647,2509,False,selective,0.25,0.4532258064516129,2100,R3,0.0,0.004
0.6496774193548387,0.5957642725598526,0.9938556067588326,0.1964516129032258,0.6318900246951483,0.88,clinc150,0,0.4532258064516129,0.20714285714285716,0.647,0.647,0.651,1000,1086,0.025,0.19483870967741934,0.9580178940985958,0.914747619047619,0.8094312105007291,0.8267130089374379,0.7928571428571428,,3100,0.647,2509,False,selective,0.25,0.4532258064516129,2100,R3,0.0,0.004
0.6561290322580645,0.6069418386491557,0.9938556067588326,0.20290322580645162,0.6318900246951483,0.88,clinc150,0,0.4532258064516129,0.1976190476190476,0.647,0.647,0.651,1000,1066,0.05,0.19483870967741934,0.9580178940985958,0.914747619047619,0.8151910982099662,0.828416912487709,0.8023809523809524,,3100,0.647,2509,False,selective,0.25,0.4532258064516129,2100,R3,0.0,0.004
0.6635483870967742,0.6184084372003835,0.9938366718027735,0.2103225806451613,0.6323201477408491,0.88,clinc150,0,0.4532258064516129,0.18761904761904763,0.645,0.645,0.649,1000,1043,0.075,0.19483870967741934,0.9580178940985958,0.914747619047619,0.8207842193889825,0.8293631502187652,0.8123809523809524,,3100,0.645,2509,False,selective,0.25,0.4532258064516129,2100,R3,0.0,0.004
0.6719354838709677,0.6332350049164208,0.9953632148377125,0.21870967741935485,0.6325903977341091,0.88,clinc150,0,0.4532258064516129,0.1761904761904762,0.644,0.644,0.647,1000,1017,0.1,0.19483870967741934,0.9580178940985958,0.914747619047619,0.82715754243366,0.8305328852616418,0.8238095238095238,,3100,0.644,2509,False,selective,0.25,0.4532258064516129,2100,R3,0.0,0.003
0.6961290322580646,0.6740976645435244,0.9968602825745683,0.2429032258064516,0.6347899345856464,0.88,clinc150,0,0.4532258064516129,0.14523809523809525,0.635,0.635,0.637,1000,942,0.15,0.19483870967741934,0.9580178940985958,0.914747619047619,0.8431188351338657,0.8317886932344764,0.8547619047619047,,3100,0.635,2509,False,selective,0.25,0.4532258064516129,2100,R3,0.0,0.002
0.6496774193548387,0.6519337016574586,0.9929873772791024,0.1367741935483871,0.5756362076721276,0.6925806451612904,clinc150,0,0.5129032258064516,0.17761904761904762,0.708,0.708,0.713,1000,1086,0.0,0.1367741935483871,0.9580178940985958,0.914747619047619,0.8395721925133691,0.8574975173783516,0.8223809523809524,,3100,0.708,2509,False,selective,0.3,0.5129032258064516,2100,R3,0.05,0.005
0.6512903225806451,0.6549491211840888,0.9929873772791024,0.13838709677419356,0.5756362076721276,0.6925806451612904,clinc150,0,0.5129032258064516,0.17523809523809525,0.708,0.708,0.713,1000,1081,0.025,0.1367741935483871,0.9580178940985958,0.914747619047619,0.8409808205875212,0.8578504210004952,0.8247619047619048,,3100,0.708,2509,False,selective,0.3,0.5129032258064516,2100,R3,0.05,0.005
0.6538709677419355,0.6598322460391426,0.9929873772791024,0.14096774193548386,0.5756362076721276,0.6925806451612904,clinc150,0,0.5129032258064516,0.17142857142857143,0.708,0.708,0.713,1000,1073,0.05,0.1367741935483871,0.9580178940985958,0.914747619047619,0.8432275260479768,0.8584114454859398,0.8285714285714286,,3100,0.708,2509,False,selective,0.3,0.5129032258064516,2100,R3,0.05,0.005
0.6596774193548387,0.6701421800947868,0.9929775280898876,0.14677419354838708,0.5758974471097315,0.6925806451612904,clinc150,0,0.5129032258064516,0.16333333333333333,0.707,0.707,0.712,1000,1055,0.075,0.1367741935483871,0.9580178940985958,0.914747619047619,0.8477683956574186,0.8591687041564792,0.8366666666666667,,3100,0.707,2509,False,selective,0.3,0.5129032258064516,2100,R3,0.05,0.005
0.6674193548387096,0.6838021338506305,0.9943582510578279,0.15451612903225806,0.5764362682341627,0.6925806451612904,clinc150,0,0.5129032258064516,0.15333333333333332,0.705,0.705,0.709,1000,1031,0.1,0.1367741935483871,0.9580178940985958,0.914747619047619,0.8529623410889902,0.8593523441275979,0.8466666666666667,,3100,0.705,2509,False,selective,0.3,0.5129032258064516,2100,R3,0.05,0.004
0.6851612903225807,0.7120901639344263,0.995702005730659,0.17225806451612904,0.5794090374265173,0.6925806451612904,clinc150,0,0.5129032258064516,0.13238095238095238,0.695,0.695,0.698,1000,976,0.15,0.1367741935483871,0.9580178940985958,0.914747619047619,0.862689393939394,0.8578154425612052,0.8676190476190476,,3100,0.695,2509,False,selective,0.3,0.5129032258064516,2100,R3,0.05,0.003
0.6658064516129032,0.7036679536679536,0.9918367346938776,0.09580645161290323,0.5414853694219345,0.5574193548387096,clinc150,0,0.57,0.14333333333333334,0.729,0.729,0.735,1000,1036,0.0,0.09580645161290323,0.9580178940985958,0.914747619047619,0.8640730067243035,0.8716085271317829,0.8566666666666667,,3100,0.729,2509,False,selective,0.35,0.57,2100,R3,0.15,0.006
0.6664516129032259,0.7050290135396519,0.9918367346938776,0.0964516129032258,0.5414853694219345,0.5574193548387096,clinc150,0,0.57,0.14238095238095239,0.729,0.729,0.735,1000,1034,0.025,0.09580645161290323,0.9580178940985958,0.914747619047619,0.8646183389342296,0.8717328170377541,0.8576190476190476,,3100,0.729,2509,False,selective,0.35,0.57,2100,R3,0.15,0.006
0.6693548387096774,0.7092682926829268,0.9931693989071039,0.09935483870967741,0.5420519970858197,0.5574193548387096,clinc150,0,0.57,0.13952380952380952,0.727,0.727,0.732,1000,1025,0.05,0.09580645161290323,0.9580178940985958,0.914747619047619,0.8656287425149701,0.8708433734939759,0.8604761904761905,,3100,0.727,2509,False,selective,0.35,0.57,2100,R3,0.15,0.005
0.6735483870967742,0.7164031620553359,0.9945130315500685,0.10354838709677419,0.5426766683777032,0.5574193548387096,clinc150,0,0.57,0.13476190476190475,0.725,0.725,0.729,1000,1012,0.075,0.09580645161290323,0.9580178940985958,0.914747619047619,0.8677172874880611,0.8702107279693486,0.8652380952380953,,3100,0.725,2509,False,selective,0.35,0.57,2100,R3,0.15,0.004
0.6803225806451613,0.7295660948536832,0.9944979367262724,0.11032258064516129,0.5433755709438626,0.5574193548387096,clinc150,0,0.57,0.12571428571428572,0.723,0.723,0.727,1000,991,0.1,0.09580645161290323,0.9580178940985958,0.914747619047619,0.872416250890948,0.8705547652916074,0.8742857142857143,,3100,0.723,2509,False,selective,0.35,0.57,2100,R3,0.15,0.004
0.6948387096774193,0.7526427061310782,0.9958041958041958,0.12483870967741935,0.5469173352568578,0.5574193548387096,clinc150,0,0.57,0.11,0.712,0.712,0.715,1000,946,0.15,0.09580645161290323,0.9580178940985958,0.914747619047619,0.8787023977433004,0.8676880222841226,0.89,,3100,0.712,2509,False,selective,0.35,0.57,2100,R3,0.15,0.003
0.69,0.7388137356919875,0.9888579387186629,0.06032258064516129,0.5149620937677684,0.44225806451612903,clinc150,0,0.6296774193548387,0.11571428571428571,0.71,0.71,0.718,1000,961,0.0,0.06032258064516129,0.9580178940985958,0.914747619047619,0.8761500353857041,0.8681626928471248,0.8842857142857142,,3100,0.71,2509,False,selective,0.4,0.6296774193548387,2100,R3,0.15,0.008
0.6906451612903226,0.7403545359749739,0.9888579387186629,0.06096774193548387,0.5149620937677684,0.44225806451612903,clinc150,0,0.6296774193548387,0.11476190476190476,0.71,0.71,0.718,1000,959,0.025,0.06032258064516129,0.9580178940985958,0.914747619047619,0.8766800282952134,0.8682858477347034,0.8852380952380953,,3100,0.71,2509,False,selective,0.4,0.6296774193548387,2100,R3,0.15,0.008
0.692258064516129,0.7431865828092243,0.9902234636871509,0.06258064516129032,0.5153136878581274,0.44225806451612903,clinc150,0,0.6296774193548387,0.11333333333333333,0.709,0.709,0.716,1000,954,0.05,0.06032258064516129,0.9580178940985958,0.914747619047619,0.8770607630711259,0.8676607642124884,0.8866666666666667,,3100,0.709,2509,False,selective,0.4,0.6296774193548387,2100,R3,0.15,0.007
0.6954838709677419,0.75,0.9929873772791024,0.06580645161290323,0.5156615899983642,0.44225806451612903,clinc150,0,0.6296774193548387,0.11,0.708,0.708,0.713,1000,944,0.075,0.06032258064516129,0.9580178940985958,0.914747619047619,0.8782894736842106,0.8668831168831169,0.89,,3100,0.708,2509,False,selective,0.4,0.6296774193548387,2100,R3,0.15,0.005
0.7003225806451613,0.7588805166846071,0.9957627118644068,0.07064516129032258,0.5167603975645347,0.44225806451612903,clinc150,0,0.6296774193548387,0.10523809523809524,0.705,0.705,0.708,1000,929,0.1,0.06032258064516129,0.9580178940985958,0.914747619047619,0.8798876141418871,0.8654997696913864,0.8947619047619048,,3100,0.705,2509,False,selective,0.4,0.6296774193548387,2100,R3,0.15,0.003
0.7116129032258065,0.7807606263982103,0.9971428571428571,0.08193548387096775,0.5194035368687552,0.44225806451612903,clinc150,0,0.6296774193548387,0.09238095238095238,0.698,0.698,0.7,1000,894,0.15,0.06032258064516129,0.9580178940985958,0.914747619047619,0.885276358569438,0.8640072529465095,0.9076190476190477,,3100,0.698,2509,False,selective,0.4,0.6296774193548387,2100,R3,0.15,0.002
0.7148387096774194,0.7647058823529411,0.9883040935672515,0.034193548387096775,0.5079082592562116,0.35516129032258065,clinc150,0,0.6806451612903226,0.09523809523809523,0.676,0.676,0.684,1000,884,0.0,0.034193548387096775,0.9580178940985958,0.914747619047619,0.8804448563484708,0.8574007220216606,0.9047619047619048,,3100,0.676,2509,False,selective,0.45,0.6806451612903226,2100,R3,0.05,0.008
0.7148387096774194,0.7647058823529411,0.9883040935672515,0.034193548387096775,0.5079082592562116,0.35516129032258065,clinc150,0,0.6806451612903226,0.09523809523809523,0.676,0.676,0.684,1000,884,0.025,0.034193548387096775,0.9580178940985958,0.914747619047619,0.8804448563484708,0.8574007220216606,0.9047619047619048,,3100,0.676,2509,False,selective,0.45,0.6806451612903226,2100,R3,0.05,0.008
0.7158064516129032,0.7661748013620885,0.9882869692532943,0.03516129032258065,0.5083092443262441,0.35516129032258065,clinc150,0,0.6806451612903226,0.09428571428571429,0.675,0.675,0.683,1000,881,0.05,0.034193548387096775,0.9580178940985958,0.914747619047619,0.8807594350544107,0.8571428571428571,0.9057142857142857,,3100,0.675,2509,False,selective,0.45,0.6806451612903226,2100,R3,0.05,0.008
0.7203225806451613,0.7750865051903114,0.9940828402366864,0.03967741935483871,0.5095427447199451,0.35516129032258065,clinc150,0,0.6806451612903226,0.09095238095238095,0.672,0.672,0.676,1000,867,0.075,0.034193548387096775,0.9580178940985958,0.914747619047619,0.8811447034387261,0.8549037169726825,0.909047619047619,,3100,0.672,2509,False,selective,0.45,0.6806451612903226,2100,R3,0.05,0.004
0.724516129032258,0.7833723653395784,0.9955357142857143,0.04387096774193548,0.5108604483468456,0.35516129032258065,clinc150,0,0.6806451612903226,0.08666666666666667,0.669,0.669,0.672,1000,854,0.1,0.034193548387096775,0.9580178940985958,0.914747619047619,0.8826507132995859,0.8539626001780944,0.9133333333333333,,3100,0.669,2509,False,selective,0.45,0.6806451612903226,2100,R3,0.05,0.003
0.7329032258064516,0.7995169082125604,0.9954887218045113,0.052258064516129035,0.5141992247788187,0.35516129032258065,clinc150,0,0.6806451612903226,0.07761904761904762,0.662,0.662,0.665,1000,828,0.15,0.034193548387096775,0.9580178940985958,0.914747619047619,0.8860933211344924,0.8525528169014085,0.9223809523809524,,3100,0.662,2509,False,selective,0.45,0.6806451612903226,2100,R3,0.05,0.003
0.7535483870967742,0.8036649214659686,0.9967532467532467,0.015806451612903227,0.5192359266626505,0.27806451612903227,clinc150,0,0.737741935483871,0.07047619047619047,0.614,0.614,0.616,1000,764,0.0,0.015806451612903227,0.9580178940985958,0.914747619047619,0.8800721370604148,0.8356164383561644,0.9295238095238095,,3100,0.614,2509,False,selective,0.5,0.737741935483871,2100,R3,0.0,0.002
0.7535483870967742,0.8036649214659686,0.9967532467532467,0.015806451612903227,0.5192359266626505,0.27806451612903227,clinc150,0,0.737741935483871,0.07047619047619047,0.614,0.614,0.616,1000,764,0.025,0.015806451612903227,0.9580178940985958,0.914747619047619,0.8800721370604148,0.8356164383561644,0.9295238095238095,,3100,0.614,2509,False,selective,0.5,0.737741935483871,2100,R3,0.0,0.002
0.7561290322580645,0.8095238095238095,0.996742671009772,0.018387096774193548,0.5201489792728985,0.27806451612903227,clinc150,0,0.737741935483871,0.06761904761904762,0.612,0.612,0.614,1000,756,0.05,0.015806451612903227,0.9580178940985958,0.914747619047619,0.8811881188118813,0.8353242320819113,0.9323809523809524,,3100,0.612,2509,False,selective,0.5,0.737741935483871,2100,R3,0.0,0.002
0.7574193548387097,0.8125,0.9967373572593801,0.01967741935483871,0.5205943553745285,0.27806451612903227,clinc150,0,0.737741935483871,0.06619047619047619,0.611,0.611,0.613,1000,752,0.075,0.015806451612903227,0.9580178940985958,0.914747619047619,0.8817446043165467,0.8351788756388415,0.9338095238095238,,3100,0.611,2509,False,selective,0.5,0.737741935483871,2100,R3,0.0,0.002
0.7609677419354839,0.8218623481781376,0.9967266775777414,0.023225806451612905,0.5215121540014179,0.27806451612903227,clinc150,0,0.737741935483871,0.06190476190476191,0.609,0.609,0.611,1000,741,0.1,0.015806451612903227,0.9580178940985958,0.914747619047619,0.8836061897286387,0.8350996184824078,0.9380952380952381,,3100,0.609,2509,False,selective,0.5,0.737741935483871,2100,R3,0.0,0.002
0.7687096774193548,0.8354253835425384,0.9966722129783694,0.03096774193548387,0.5270054954551928,0.27806451612903227,clinc150,0,0.737741935483871,0.05523809523809524,0.599,0.599,0.601,1000,717,0.15,0.015806451612903227,0.9580178940985958,0.914747619047619,0.8851215703769796,0.8325639949643306,0.9447619047619048,,3100,0.599,2509,False,selective,0.5,0.737741935483871,2100,R3,0.0,0.002
0.7935483870967742,0.8296875,0.9962476547842402,0.007741935483870968,0.5486401104187298,0.22193548387096773,clinc150,0,0.7858064516129032,0.05095238095238095,0.531,0.531,0.533,1000,640,0.0,0.007741935483870968,0.9580178940985958,0.914747619047619,0.874122807017544,0.8101626016260163,0.949047619047619,,3100,0.531,2509,False,selective,0.55,0.7858064516129032,2100,R3,0.0,0.002
0.7935483870967742,0.8296875,0.9962476547842402,0.007741935483870968,0.5486401104187298,0.22193548387096773,clinc150,0,0.7858064516129032,0.05095238095238095,0.531,0.531,0.533,1000,640,0.025,0.007741935483870968,0.9580178940985958,0.914747619047619,0.874122807017544,0.8101626016260163,0.949047619047619,,3100,0.531,2509,False,selective,0.55,0.7858064516129032,2100,R3,0.0,0.002
0.7938709677419354,0.8294209702660407,0.9962406015037594,0.008064516129032258,0.5491627356759138,0.22193548387096773,clinc150,0,0.7858064516129032,0.05095238095238095,0.53,0.53,0.532,1000,639,0.05,0.007741935483870968,0.9580178940985958,0.914747619047619,0.8739311554483666,0.809833401056481,0.949047619047619,,3100,0.53,2509,False,selective,0.55,0.7858064516129032,2100,R3,0.0,0.002
0.7945161290322581,0.8320251177394035,0.9962406015037594,0.008709677419354838,0.5491627356759138,0.22193548387096773,clinc150,0,0.7858064516129032,0.05,0.53,0.53,0.532,1000,637,0.075,0.007741935483870968,0.9580178940985958,0.914747619047619,0.8744247205785668,0.8099878197320342,0.95,,3100,0.53,2509,False,selective,0.55,0.7858064516129032,2100,R3,0.0,0.002
0.795483870967742,0.8359621451104101,0.9962406015037594,0.00967741935483871,0.5491627356759138,0.22193548387096773,clinc150,0,0.7858064516129032,0.04857142857142857,0.53,0.53,0.532,1000,634,0.1,0.007741935483870968,0.9580178940985958,0.914747619047619,0.8751642575558476,0.8102189781021898,0.9514285714285714,,3100,0.53,2509,False,selective,0.55,0.7858064516129032,2100,R3,0.0,0.002
0.8035483870967742,0.8522167487684729,0.9961612284069098,0.017741935483870968,0.5559143590396154,0.22193548387096773,clinc150,0,0.7858064516129032,0.0419047619047619,0.519,0.519,0.521,1000,609,0.15,0.007741935483870968,0.9580178940985958,0.914747619047619,0.8764974950991069,0.8077077478924127,0.9580952380952381,,3100,0.519,2509,False,selective,0.55,0.7858064516129032,2100,R3,0.0,0.002
0.8338709677419355,0.8563106796116505,0.9932432432432432,0.0022580645161290325,0.5936837369142449,0.1706451612903226,clinc150,0,0.8316129032258065,0.03380952380952381,0.441,0.441,0.444,1000,515,0.0,0.0022580645161290325,0.9580178940985958,0.914747619047619,0.8661686232657416,0.7849129593810444,0.9661904761904762,,3100,0.441,2509,False,selective,0.6,0.8316129032258065,2100,R3,0.0,0.003
0.8341935483870968,0.857976653696498,0.9932432432432432,0.0025806451612903226,0.5936837369142449,0.1706451612903226,clinc150,0,0.8316129032258065,0.03333333333333333,0.441,0.441,0.444,1000,514,0.025,0.0022580645161290325,0.9580178940985958,0.914747619047619,0.866410584720444,0.7849961330239753,0.9666666666666667,,3100,0.441,2509,False,selective,0.6,0.8316129032258065,2100,R3,0.0,0.003
0.834516129032258,0.8596491228070176,0.9932432432432432,0.002903225806451613,0.5936837369142449,0.1706451612903226,clinc150,0,0.8316129032258065,0.032857142857142856,0.441,0.441,0.444,1000,513,0.05,0.0022580645161290325,0.9580178940985958,0.914747619047619,0.8666524429272455,0.7850792423656745,0.9671428571428572,,3100,0.441,2509,False,selective,0.6,0.8316129032258065,2100,R3,0.0,0.003
0.8358064516129032,0.8664047151277013,0.9932432432432432,0.004193548387096774,0.5936837369142449,0.1706451612903226,clinc150,0,0.8316129032258065,0.030952380952380953,0.441,0.441,0.444,1000,509,0.075,0.0022580645161290325,0.9580178940985958,0.914747619047619,0.8676188445960351,0.7854110382091857,0.969047619047619,,3100,0.441,2509,False,selective,0.6,0.8316129032258065,2100,R3,0.0,0.003
0.8364516129032258,0.8678500986193294,0.9932279909706546,0.004838709677419355,0.5943925189241118,0.1706451612903226,clinc150,0,0.8316129032258065,0.030476190476190476,0.44,0.44,0.443,1000,507,0.1,0.0022580645161290325,0.9580178940985958,0.914747619047619,0.8676752610270617,0.7851908985730813,0.9695238095238096,,3100,0.44,2509,False,selective,0.6,0.8316129032258065,2100,R3,0.0,0.003
0.8425806451612903,0.8811475409836066,0.9930715935334873,0.01096774193548387,0.6010469218078754,0.1706451612903226,clinc150,0,0.8316129032258065,0.02619047619047619,0.43,0.43,0.433,1000,488,0.15,0.0022580645161290325,0.9580178940985958,0.914747619047619,0.8679966044142614,0.7829249617151608,0.9738095238095238,,3100,0.43,2509,False,selective,0.6,0.8316129032258065,2100,R3,0.0,0.003
0.8751612903225806,0.8992248062015504,0.9942857142857143,0.0016129032258064516,0.650621590444403,0.12806451612903225,clinc150,0,0.8735483870967742,0.017619047619047618,0.348,0.348,0.35,1000,387,0.0,0.0016129032258064516,0.9580178940985958,0.914747619047619,0.8572615832121339,0.7604128271286399,0.9823809523809524,,3100,0.348,2509,False,selective,0.65,0.8735483870967742,2100,R3,0.0,0.002
0.8751612903225806,0.8992248062015504,0.9942857142857143,0.0016129032258064516,0.650621590444403,0.12806451612903225,clinc150,0,0.8735483870967742,0.017619047619047618,0.348,0.348,0.35,1000,387,0.025,0.0016129032258064516,0.9580178940985958,0.914747619047619,0.8572615832121339,0.7604128271286399,0.9823809523809524,,3100,0.348,2509,False,selective,0.65,0.8735483870967742,2100,R3,0.0,0.002
0.8751612903225806,0.8992248062015504,0.9942857142857143,0.0016129032258064516,0.650621590444403,0.12806451612903225,clinc150,0,0.8735483870967742,0.017619047619047618,0.348,0.348,0.35,1000,387,0.05,0.0016129032258064516,0.9580178940985958,0.914747619047619,0.8572615832121339,0.7604128271286399,0.9823809523809524,,3100,0.348,2509,False,selective,0.65,0.8735483870967742,2100,R3,0.0,0.002
0.8758064516129033,0.9038961038961039,0.9942857142857143,0.0022580645161290325,0.650621590444403,0.12806451612903225,clinc150,0,0.8735483870967742,0.016666666666666666,0.348,0.348,0.35,1000,385,0.075,0.0016129032258064516,0.9580178940985958,0.914747619047619,0.857736240913811,0.7605893186003683,0.9833333333333333,,3100,0.348,2509,False,selective,0.65,0.8735483870967742,2100,R3,0.0,0.002
0.8761290322580645,0.9036458333333334,0.994269340974212,0.0025806451612903226,0.65133037245427,0.12806451612903225,clinc150,0,0.8735483870967742,0.016666666666666666,0.347,0.347,0.349,1000,384,0.1,0.0016129032258064516,0.9580178940985958,0.914747619047619,0.8575581395348836,0.7603092783505154,0.9833333333333333,,3100,0.347,2509,False,selective,0.65,0.8735483870967742,2100,R3,0.0,0.002
0.8783870967741936,0.9071618037135278,0.9941860465116279,0.004838709677419355,0.655154586985649,0.12806451612903225,clinc150,0,0.8735483870967742,0.015714285714285715,0.342,0.342,0.344,1000,377,0.15,0.0016129032258064516,0.9580178940985958,0.914747619047619,0.8571428571428572,0.7590892398090342,0.9842857142857143,,3100,0.342,2509,False,selective,0.65,0.8735483870967742,2100,R3,0.0,0.002
0.9045161290322581,0.9256756756756757,0.9963636363636363,0.0012903225806451613,0.7031535816269723,0.09806451612903226,clinc150,0,0.9032258064516129,0.01,0.274,0.274,0.275,1000,296,0.0,0.0012903225806451613,0.9580178940985958,0.914747619047619,0.8478792822185971,0.7414407988587732,0.99,,3100,0.274,2509,False,selective,0.7,0.9032258064516129,2100,R3,0.0,0.001
0.9045161290322581,0.9256756756756757,0.9963636363636363,0.0012903225806451613,0.7031535816269723,0.09806451612903226,clinc150,0,0.9032258064516129,0.01,0.274,0.274,0.275,1000,296,0.025,0.0012903225806451613,0.9580178940985958,0.914747619047619,0.8478792822185971,0.7414407988587732,0.99,,3100,0.274,2509,False,selective,0.7,0.9032258064516129,2100,R3,0.0,0.001
0.9045161290322581,0.9256756756756757,0.9963636363636363,0.0012903225806451613,0.7031535816269723,0.09806451612903226,clinc150,0,0.9032258064516129,0.01,0.274,0.274,0.275,1000,296,0.05,0.0012903225806451613,0.9580178940985958,0.914747619047619,0.8478792822185971,0.7414407988587732,0.99,,3100,0.274,2509,False,selective,0.7,0.9032258064516129,2100,R3,0.0,0.001
0.9045161290322581,0.9256756756756757,0.9963636363636363,0.0012903225806451613,0.7031535816269723,0.09806451612903226,clinc150,0,0.9032258064516129,0.01,0.274,0.274,0.275,1000,296,0.075,0.0012903225806451613,0.9580178940985958,0.914747619047619,0.8478792822185971,0.7414407988587732,0.99,,3100,0.274,2509,False,selective,0.7,0.9032258064516129,2100,R3,0.0,0.001
0.9045161290322581,0.9256756756756757,0.9963636363636363,0.0012903225806451613,0.7031535816269723,0.09806451612903226,clinc150,0,0.9032258064516129,0.01,0.274,0.274,0.275,1000,296,0.1,0.0012903225806451613,0.9580178940985958,0.914747619047619,0.8478792822185971,0.7414407988587732,0.99,,3100,0.274,2509,False,selective,0.7,0.9032258064516129,2100,R3,0.0,0.001
0.905483870967742,0.9249146757679181,0.9963235294117647,0.0022580645161290325,0.7055968646635228,0.09806451612903226,clinc150,0,0.9032258064516129,0.01,0.271,0.271,0.272,1000,293,0.15,0.0012903225806451613,0.9580178940985958,0.914747619047619,0.8473609129814552,0.7406483790523691,0.99,,3100,0.271,2509,False,selective,0.7,0.9032258064516129,2100,R3,0.0,0.001
0.9303225806451613,0.9212962962962963,0.995,0.0003225806451612903,0.7629671436907828,0.0703225806451613,clinc150,0,0.93,0.007619047619047619,0.199,0.199,0.2,1000,216,0.0,0.0003225806451612903,0.9580178940985958,0.914747619047619,0.8362760834670948,0.7226074895977809,0.9923809523809524,,3100,0.199,2509,False,selective,0.75,0.93,2100,R3,0.0,0.001
0.9303225806451613,0.9212962962962963,0.995,0.0003225806451612903,0.7629671436907828,0.0703225806451613,clinc150,0,0.93,0.007619047619047619,0.199,0.199,0.2,1000,216,0.025,0.0003225806451612903,0.9580178940985958,0.914747619047619,0.8362760834670948,0.7226074895977809,0.9923809523809524,,3100,0.199,2509,False,selective,0.75,0.93,2100,R3,0.0,0.001
0.9303225806451613,0.9212962962962963,0.995,0.0003225806451612903,0.7629671436907828,0.0703225806451613,clinc150,0,0.93,0.007619047619047619,0.199,0.199,0.2,1000,216,0.05,0.0003225806451612903,0.9580178940985958,0.914747619047619,0.8362760834670948,0.7226074895977809,0.9923809523809524,,3100,0.199,2509,False,selective,0.75,0.93,2100,R3,0.0,0.001
0.9306451612903226,0.9255813953488372,0.995,0.0006451612903225806,0.7629671436907828,0.0703225806451613,clinc150,0,0.93,0.007142857142857143,0.199,0.199,0.2,1000,215,0.075,0.0003225806451612903,0.9580178940985958,0.914747619047619,0.8365095285857572,0.7227036395147314,0.9928571428571429,,3100,0.199,2509,False,selective,0.75,0.93,2100,R3,0.0,0.001
0.9309677419354838,0.9299065420560748,1.0,0.000967741935483871,0.7629671436907828,0.0703225806451613,clinc150,0,0.93,0.007142857142857143,0.199,0.199,0.199,1000,214,0.1,0.0003225806451612903,0.9580178940985958,0.914747619047619,0.8363417569193743,0.7224532224532224,0.9928571428571429,,3100,0.199,2509,False,selective,0.75,0.93,2100,R3,0.0,0.0
0.9316129032258065,0.9292452830188679,1.0,0.0016129032258064516,0.7649253706411958,0.0703225806451613,clinc150,0,0.93,0.007142857142857143,0.197,0.197,0.197,1000,212,0.15,0.0003225806451612903,0.9580178940985958,0.914747619047619,0.8360064153969526,0.7219529085872576,0.9928571428571429,,3100,0.197,2509,False,selective,0.75,0.93,2100,R3,0.0,0.0
0.9503225806451613,0.9415584415584416,1.0,0.0,0.8110503177447193,0.04967741935483871,clinc150,0,0.9503225806451613,0.004285714285714286,0.145,0.145,0.145,1000,154,0.0,0.0,0.9580178940985958,0.914747619047619,0.8287752675386445,0.709775967413442,0.9957142857142857,,3100,0.145,2509,True,selective,0.8,0.9503225806451613,2100,R3,0.0,0.0
0.9503225806451613,0.9415584415584416,1.0,0.0,0.8110503177447193,0.04967741935483871,clinc150,0,0.9503225806451613,0.004285714285714286,0.145,0.145,0.145,1000,154,0.025,0.0,0.9580178940985958,0.914747619047619,0.8287752675386445,0.709775967413442,0.9957142857142857,,3100,0.145,2509,False,selective,0.8,0.9503225806451613,2100,R3,0.0,0.0
0.9503225806451613,0.9415584415584416,1.0,0.0,0.8110503177447193,0.04967741935483871,clinc150,0,0.9503225806451613,0.004285714285714286,0.145,0.145,0.145,1000,154,0.05,0.0,0.9580178940985958,0.914747619047619,0.8287752675386445,0.709775967413442,0.9957142857142857,,3100,0.145,2509,False,selective,0.8,0.9503225806451613,2100,R3,0.0,0.0
0.9503225806451613,0.9415584415584416,1.0,0.0,0.8110503177447193,0.04967741935483871,clinc150,0,0.9503225806451613,0.004285714285714286,0.145,0.145,0.145,1000,154,0.075,0.0,0.9580178940985958,0.914747619047619,0.8287752675386445,0.709775967413442,0.9957142857142857,,3100,0.145,2509,False,selective,0.8,0.9503225806451613,2100,R3,0.0,0.0
0.9503225806451613,0.9415584415584416,1.0,0.0,0.8110503177447193,0.04967741935483871,clinc150,0,0.9503225806451613,0.004285714285714286,0.145,0.145,0.145,1000,154,0.1,0.0,0.9580178940985958,0.914747619047619,0.8287752675386445,0.709775967413442,0.9957142857142857,,3100,0.145,2509,False,selective,0.8,0.9503225806451613,2100,R3,0.0,0.0
0.9506451612903226,0.9411764705882353,1.0,0.0003225806451612903,0.8121439073528609,0.04967741935483871,clinc150,0,0.9503225806451613,0.004285714285714286,0.144,0.144,0.144,1000,153,0.15,0.0,0.9580178940985958,0.914747619047619,0.8286110560729145,0.7095351204614863,0.9957142857142857,,3100,0.144,2509,False,selective,0.8,0.9503225806451613,2100,R3,0.0,0.0
,,,,,,banking77_open,,,,,0.9367816091954023,,,,,,,,,,,0.001,,,2509,,R0,,,,,,
,,,,,,banking77_open,,,,,0.9377394636015326,,,,,,,,,,,0.01,,,2509,,R0,,,,,,
,,,,,,banking77_open,,,,,0.9348659003831418,,,,,,,,,,,0.1,,,2509,,R0,,,,,,
,,,,,,banking77_open,,,,,0.8812260536398467,,,,,,,0.8290204420625407,,,,0.0001,,,2509,,R2,,,,,,
,,,,,,banking77_open,,,,,0.8802681992337165,,,,,,,0.8286921467691513,,,,0.001,,,2509,,R2,,,,,,
,,,,,,banking77_open,,,,,0.8802681992337165,,,,,,,0.8283701196436547,,,,0.01,,,2509,,R2,,,,,,
,,,,,,banking77_open,,,,,0.8802681992337165,,,,,,,0.8286333826951555,,,,0.1,,,2509,,R2,,,,,,
0.19088564058469476,0.31668437832093516,0.8948948948948949,0.0,0.4829373611851856,0.8091143594153053,banking77_open,0,0.19088564058469476,0.7460122699386503,0.8602887452945042,0.8563218390804598,0.9568965517241379,1044,2823,0.0,0.0,0.8996208387807383,0.8290204420625407,0.39922854387656703,0.9324324324324325,0.25398773006134967,,3489,0.8563218390804598,2509,False,selective,0.2,0.19088564058469476,2445,MAX_THRESHOLD,0.5238095238095238,0.10057471264367816
0.2751504729148753,0.3479636219849743,0.9025641025641026,0.0,0.4840101982651742,0.7248495270851246,banking77_open,0,0.2751504729148753,0.6355828220858896,0.8462282468971358,0.842911877394636,0.9339080459770115,1044,2529,0.0,0.0,0.8996208387807383,0.8290204420625407,0.5233480176211454,0.928125,0.36441717791411044,,3489,0.842911877394636,2509,False,selective,0.25,0.2751504729148753,2445,MAX_THRESHOLD,0.5142857142857142,0.09099616858237548
0.37288621381484666,0.3921389396709324,0.9137380191693291,0.0,0.4865234616201289,0.6271137861851533,banking77_open,0,0.37288621381484666,0.5108384458077709,0.826602665977151,0.8218390804597702,0.8994252873563219,1044,2188,0.0,0.0,0.8996208387807383,0.8290204420625407,0.6385477843032569,0.9192928516525749,0.48916155419222906,,3489,0.8218390804597702,2509,False,selective,0.3,0.37288621381484666,2445,MAX_THRESHOLD,0.45714285714285713,0.07758620689655173
0.46660934365147605,0.44223535733476627,0.9175027870680045,0.0,0.49198203443759125,0.5333906563485239,banking77_open,0,0.46660934365147605,0.39427402862985683,0.792792549131723,0.7883141762452107,0.8591954022988506,1044,1861,0.0,0.0,0.8996208387807383,0.8290204420625407,0.7272280874048613,0.9097051597051597,0.6057259713701432,,3489,0.7883141762452107,2509,True,selective,0.35,0.46660934365147605,2445,MAX_THRESHOLD,0.37142857142857144,0.07088122605363985
0.5609057036400115,0.5006527415143603,0.9240963855421687,0.0,0.5038256901077642,0.43909429635998853,banking77_open,0,0.5609057036400115,0.2871165644171779,0.7391191255598415,0.7346743295019157,0.7950191570881227,1044,1532,0.0,0.0,0.8996208387807383,0.8290204420625407,0.7919127669241254,0.8906489524782831,0.7128834355828221,,3489,0.7346743295019157,2509,False,selective,0.4,0.5609057036400115,2445,MAX_THRESHOLD,0.34285714285714286,0.0603448275862069
0.6408713098308971,0.5562649640861931,0.9305740987983978,0.0,0.5222595786698948,0.35912869016910287,banking77_open,0,0.6408713098308971,0.20613496932515338,0.6724600128607867,0.6676245210727969,0.7174329501915708,1044,1253,0.0,0.0,0.8996208387807383,0.8290204420625407,0.8293099765007477,0.8680679785330948,0.7938650306748466,,3489,0.6676245210727969,2509,False,selective,0.45,0.6408713098308971,2445,MAX_THRESHOLD,0.2857142857142857,0.04980842911877394
0.7156778446546288,0.6179435483870968,0.9459876543209876,0.0,0.5493890310408401,0.28432215534537114,banking77_open,0,0.7156778446546288,0.1406952965235174,0.5917025486596611,0.5871647509578544,0.6206896551724138,1044,992,0.0,0.0,0.8996208387807383,0.8290204420625407,0.8502630513961958,0.8414096916299559,0.8593047034764826,,3489,0.5871647509578544,2509,False,selective,0.5,0.7156778446546288,2445,MAX_THRESHOLD,0.08571428571428572,0.033524904214559385
0.7724276296933219,0.6763224181360201,0.9470899470899471,0.0,0.5792140922396054,0.22757237030667812,banking77_open,0,0.7724276296933219,0.09284253578732106,0.520039864522561,0.514367816091954,0.5431034482758621,1044,794,0.0,0.0,0.8996208387807383,0.8290204420625407,0.863035019455253,0.8230055658627087,0.907157464212679,,3489,0.514367816091954,2509,False,selective,0.55,0.7724276296933219,2445,MAX_THRESHOLD,0.08571428571428572,0.028735632183908046
0.825738033820579,0.7351973684210527,0.9633620689655172,0.0,0.6207434798305884,0.17426196617942102,banking77_open,0,0.825738033820579,0.05889570552147239,0.4343168371187352,0.4281609195402299,0.4444444444444444,1044,608,0.0,0.0,0.8996208387807383,0.8290204420625407,0.8640630867442733,0.7986810135369663,0.9411042944785276,,3489,0.4281609195402299,2509,False,selective,0.6,0.825738033820579,2445,MAX_THRESHOLD,0.08571428571428572,0.016283524904214558
0.8690169102894812,0.8140043763676149,0.9815303430079155,0.0,0.6611688813626296,0.13098308971051878,banking77_open,0,0.8690169102894812,0.03190184049079755,0.36196883036209476,0.3563218390804598,0.36302681992337166,1044,457,0.0,0.0,0.8996208387807383,0.8290204420625407,0.8643417929523461,0.7806728232189973,0.9680981595092024,,3489,0.3563218390804598,2509,False,selective,0.65,0.8690169102894812,2445,MAX_THRESHOLD,0.04,0.006704980842911878
0.8979650329607337,0.8876404494382022,0.9813664596273292,0.0,0.6957078448254226,0.10203496703926626,banking77_open,0,0.8979650329607337,0.013905930470347648,0.30567393442698176,0.30268199233716475,0.30842911877394635,1044,356,0.0,0.0,0.8996208387807383,0.8290204420625407,0.864467551093582,0.7695499521225663,0.9860940695296524,,3489,0.30268199233716475,2509,False,selective,0.7,0.8979650329607337,2445,MAX_THRESHOLD,0.038461538461538464,0.005747126436781609
0.9214674691888793,0.9306569343065694,0.9883720930232558,0.0,0.7379154199693163,0.07853253081112066,banking77_open,0,0.9214674691888793,0.006543967280163599,0.24678235419372396,0.2442528735632184,0.2471264367816092,1044,274,0.0,0.0,0.8996208387807383,0.8290204420625407,0.8583038869257951,0.7555209953343701,0.9934560327198364,,3489,0.2442528735632184,2509,False,selective,0.75,0.9214674691888793,2445,MAX_THRESHOLD,0.0,0.0028735632183908046
0.94067067927773,0.9565217391304348,0.9949748743718593,0.0,0.7816590450979622,0.05932932072226999,banking77_open,0,0.94067067927773,0.0032719836400817996,0.18935867832247086,0.1896551724137931,0.19061302681992337,1044,207,0.0,0.0,0.8996208387807383,0.8290204420625407,0.8510563995110879,0.7425350396099939,0.9967280163599181,,3489,0.1896551724137931,2509,False,selective,0.8,0.94067067927773,2445,MAX_THRESHOLD,0.0,0.0009578544061302681
0.6600745199197477,0.3254637436762226,0.9674185463659147,0.46918887933505304,0.8096089087577192,1.9825164803668673,banking77_open,0,0.19088564058469476,0.32188139059304705,0.3722962723004066,0.36973180076628354,0.382183908045977,1044,1186,0.0,0.46918887933505304,0.8996208387807383,0.8290204420625407,0.6983993260320135,0.71993052540165,0.678118609406953,,3489,0.36973180076628354,2509,False,selective,0.2,0.19088564058469476,2445,R3,0.0,0.012452107279693486
0.6652335912869017,0.3304794520547945,0.9722921914357683,0.4743479507022069,0.8096089087577192,1.9825164803668673,banking77_open,0,0.19088564058469476,0.31533742331288345,0.3722962723004066,0.36973180076628354,0.38026819923371646,1044,1168,0.025,0.46918887933505304,0.8996208387807383,0.8290204420625407,0.702475870751154,0.7212408444635933,0.6846625766871166,,3489,0.36973180076628354,2509,False,selective,0.2,0.19088564058469476,2445,R3,0.0,0.01053639846743295
0.6735454284895386,0.3388937664618086,0.9772151898734177,0.4826597879048438,0.8096089087577192,1.9825164803668673,banking77_open,0,0.19088564058469476,0.3042944785276074,0.3722962723004066,0.36973180076628354,0.3783524904214559,1044,1139,0.05,0.46918887933505304,0.8996208387807383,0.8290204420625407,0.7094890510948906,0.7238297872340426,0.6957055214723926,,3489,0.36973180076628354,2509,False,selective,0.2,0.19088564058469476,2445,R3,0.0,0.008620689655172414
0.6895958727429062,0.3545706371191136,0.9820971867007673,0.49871023215821153,0.8097845023472386,1.9825164803668673,banking77_open,0,0.19088564058469476,0.28302658486707566,0.3708706708748052,0.367816091954023,0.37452107279693486,1044,1083,0.075,0.46918887933505304,0.8996208387807383,0.8290204420625407,0.722737579880437,0.728595178719867,0.7169734151329243,,3489,0.367816091954023,2509,False,selective,0.2,0.19088564058469476,2445,R3,0.0,0.006704980842911878
0.703926626540556,0.3688286544046467,0.9844961240310077,0.5130409859558612,0.8100601602061986,1.9825164803668673,banking77_open,0,0.19088564058469476,0.2642126789366053,0.3679809679851023,0.3649425287356322,0.3706896551724138,1044,1033,0.1,0.46918887933505304,0.8996208387807383,0.8290204420625407,0.7341358906345644,0.7324918566775245,0.7357873210633947,,3489,0.3649425287356322,2509,False,selective,0.2,0.19088564058469476,2445,R3,0.0,0.005747126436781609
0.7371739753511035,0.40458015267175573,0.9946380697050938,0.5462883347664087,0.8112031816557097,1.9825164803668673,banking77_open,0,0.19088564058469476,0.22249488752556237,0.35867494028442576,0.3553639846743295,0.35727969348659006,1044,917,0.15,0.46918887933505304,0.8996208387807383,0.8290204420625407,0.757823400438509,0.7391135303265941,0.7775051124744377,,3489,0.3553639846743295,2509,False,selective,0.2,0.19088564058469476,2445,R3,0.0,0.0019157088122605363
0.6208082545141874,0.345427059712774,0.9661733615221987,0.3456577815993121,0.7690002212709531,1.4451132129550015,banking77_open,0,0.2751504729148753,0.3476482617586912,0.4391154629916494,0.43773946360153254,0.45306513409961685,1044,1323,0.0,0.3456577815993121,0.8996208387807383,0.8290204420625407,0.6918238993710691,0.7363804247460757,0.6523517382413088,,3489,0.43773946360153254,2509,False,selective,0.25,0.2751504729148753,2445,R3,0.07692307692307693,0.01532567049808429
0.6248208655775294,0.34912146676852557,0.9661733615221987,0.34967039266265404,0.7690002212709531,1.4451132129550015,banking77_open,0,0.2751504729148753,0.34192229038854804,0.4391154629916494,0.43773946360153254,0.45306513409961685,1044,1309,0.025,0.3456577815993121,0.8996208387807383,0.8290204420625407,0.6957837837837838,0.7380733944954129,0.658077709611452,,3489,0.43773946360153254,2509,False,selective,0.25,0.2751504729148753,2445,R3,0.07692307692307693,0.01532567049808429
0.6368586987675552,0.35911602209944754,0.9722222222222222,0.36170822585267987,0.7692415685631703,1.4451132129550015,banking77_open,0,0.2751504729148753,0.3267893660531697,0.43760586148204783,0.43582375478927204,0.4482758620689655,1044,1267,0.05,0.3456577815993121,0.8996208387807383,0.8290204420625407,0.7053781872723377,0.7407740774077408,0.6732106339468302,,3489,0.43582375478927204,2509,False,selective,0.25,0.2751504729148753,2445,R3,0.07692307692307693,0.012452107279693486
0.6526225279449699,0.37458745874587457,0.980561555075594,0.37747205503009457,0.7693425266828112,1.4451132129550015,banking77_open,0,0.2751504729148753,0.3063394683026585,0.4369128607890472,0.43486590038314177,0.4434865900383142,1044,1212,0.075,0.3456577815993121,0.8996208387807383,0.8290204420625407,0.7183396865734858,0.7448397013614405,0.6936605316973415,,3489,0.43486590038314177,2509,False,selective,0.25,0.2751504729148753,2445,R3,0.07692307692307693,0.008620689655172414
0.6695328174261966,0.391153512575889,0.9804347826086957,0.3943823445113213,0.7697132419118803,1.4451132129550015,banking77_open,0,0.2751504729148753,0.28343558282208586,0.434332832122062,0.43199233716475094,0.44061302681992337,1044,1153,0.1,0.3456577815993121,0.8996208387807383,0.8290204420625407,0.732901066722443,0.75,0.7165644171779141,,3489,0.43199233716475094,2509,False,selective,0.25,0.2751504729148753,2445,R3,0.043478260869565216,0.008620689655172414
0.7122384637431929,0.4362549800796813,0.9864864864864865,0.43708799082831756,0.7717771455447751,1.4451132129550015,banking77_open,0,0.2751504729148753,0.22903885480572597,0.4218312659081212,0.41954022988505746,0.42528735632183906,1044,1004,0.15,0.3456577815993121,0.8996208387807383,0.8290204420625407,0.7647058823529412,0.7585513078470825,0.7709611451942741,,3489,0.41954022988505746,2509,False,selective,0.25,0.2751504729148753,2445,R3,0.0,0.005747126436781609
0.6185153339065634,0.3921863260706236,0.9702602230483272,0.24562912009171683,0.7241930243250342,1.0699340785325309,banking77_open,0,0.37288621381484666,0.3243353783231084,0.5065311693231273,0.5,0.5153256704980843,1044,1331,0.0,0.24562912009171683,0.8996208387807383,0.8290204420625407,0.7177927438626982,0.7655236329935126,0.6756646216768916,,3489,0.5,2509,False,selective,0.3,0.37288621381484666,2445,R3,0.08695652173913043,0.01532567049808429
0.6213814846660934,0.3951551854655564,0.9720670391061452,0.24849527085124679,0.7241930243250342,1.0699340785325309,banking77_open,0,0.37288621381484666,0.3206543967280164,0.5065311693231273,0.5,0.514367816091954,1044,1321,0.025,0.24562912009171683,0.8996208387807383,0.8290204420625407,0.7201387383481467,0.7661439114391144,0.6793456032719837,,3489,0.5,2509,False,selective,0.3,0.37288621381484666,2445,R3,0.08695652173913043,0.014367816091954023
0.6291200917168243,0.4034003091190108,0.9738805970149254,0.25623387790197766,0.7241930243250342,1.0699340785325309,banking77_open,0,0.37288621381484666,0.3100204498977505,0.5065311693231273,0.5,0.5134099616858238,1044,1294,0.05,0.24562912009171683,0.8996208387807383,0.8290204420625407,0.7271551724137931,0.7685649202733486,0.6899795501022495,,3489,0.5,2509,False,selective,0.3,0.37288621381484666,2445,R3,0.08695652173913043,0.013409961685823755
0.6423043852106621,0.41586538461538464,0.9774011299435028,0.2694181713958154,0.7247256818736166,1.0699340785325309,banking77_open,0,0.37288621381484666,0.29325153374233126,0.5033111676023759,0.49712643678160917,0.5086206896551724,1044,1248,0.075,0.24562912009171683,0.8996208387807383,0.8290204420625407,0.737516005121639,0.7710843373493976,0.7067484662576687,,3489,0.49712643678160917,2509,False,selective,0.3,0.37288621381484666,2445,R3,0.08695652173913043,0.011494252873563218
0.6609343651476067,0.4370245139475909,0.9828897338403042,0.2880481513327601,0.725111704589899,1.0699340785325309,banking77_open,0,0.37288621381484666,0.2687116564417178,0.5013121671026258,0.4952107279693487,0.5038314176245211,1044,1183,0.1,0.24562912009171683,0.8996208387807383,0.8290204420625407,0.7526836455483056,0.7753686036426712,0.7312883435582822,,3489,0.4952107279693487,2509,False,selective,0.3,0.37288621381484666,2445,R3,0.043478260869565216,0.008620689655172414
0.702493551160791,0.4797687861271676,0.9861386138613861,0.3296073373459444,0.7289762071292458,1.0699340785325309,banking77_open,0,0.37288621381484666,0.2179959100204499,0.48267222720875125,0.47701149425287354,0.4837164750957854,1044,1038,0.15,0.24562912009171683,0.8996208387807383,0.8290204420625407,0.7810457516339868,0.7800897592819257,0.7820040899795501,,3489,0.47701149425287354,2509,False,selective,0.3,0.37288621381484666,2445,R3,0.0,0.006704980842911878
0.6388650042992261,0.45396825396825397,0.9678510998307953,0.17225566064775008,0.6870686449145219,0.7927773000859846,banking77_open,0,0.46660934365147605,0.27361963190184047,0.5539062513222752,0.5478927203065134,0.5660919540229885,1044,1260,0.0,0.17225566064775008,0.8996208387807383,0.8290204420625407,0.7599486521181001,0.7967698519515478,0.7263803680981595,,3489,0.5478927203065134,2509,False,selective,0.35,0.46660934365147605,2445,R3,0.043478260869565216,0.018199233716475097
0.6408713098308971,0.45570630486831604,0.969439728353141,0.17426196617942102,0.6872623039504288,0.7927773000859846,banking77_open,0,0.46660934365147605,0.2715746421267894,0.5532314874896166,0.5469348659003831,0.564176245210728,1044,1253,0.025,0.17225566064775008,0.8996208387807383,0.8290204420625407,0.760948515274514,0.7965116279069767,0.7284253578732106,,3489,0.5469348659003831,2509,False,selective,0.35,0.46660934365147605,2445,R3,0.043478260869565216,0.017241379310344827
0.648036686729722,0.46172638436482083,0.9759036144578314,0.18142734307824593,0.6880728089948601,0.7927773000859846,banking77_open,0,0.46660934365147605,0.26462167689161553,0.5490020097024465,0.5431034482758621,0.5565134099616859,1044,1228,0.05,0.17225566064775008,0.8996208387807383,0.8290204420625407,0.7641308967275817,0.7952233524988943,0.7353783231083845,,3489,0.5431034482758621,2509,False,selective,0.35,0.46660934365147605,2445,R3,0.043478260869565216,0.013409961685823755
0.6580682143880768,0.471081307627829,0.9773913043478261,0.19145887073660076,0.6891232589372882,0.7927773000859846,banking77_open,0,0.46660934365147605,0.252760736196319,0.544482933124928,0.5383141762452107,0.5507662835249042,1044,1193,0.075,0.17225566064775008,0.8996208387807383,0.8290204420625407,0.7707234760599031,0.7957317073170732,0.747239263803681,,3489,0.5383141762452107,2509,False,selective,0.35,0.46660934365147605,2445,R3,0.0,0.012452107279693486
0.6726855832616796,0.48774080560420313,0.982363315696649,0.2060762396102035,0.6903912225180973,0.7927773000859846,banking77_open,0,0.46660934365147605,0.23517382413087934,0.5400926427631523,0.5335249042145593,0.5431034482758621,1044,1142,0.1,0.17225566064775008,0.8996208387807383,0.8290204420625407,0.7804674457429048,0.7967618236046016,0.7648261758691206,,3489,0.5335249042145593,2509,False,selective,0.35,0.46660934365147605,2445,R3,0.0,0.009578544061302681
0.707079392376039,0.5264187866927593,0.9871559633027523,0.2404700487245629,0.6952312283228994,0.7927773000859846,banking77_open,0,0.46660934365147605,0.1950920245398773,0.5213687027852776,0.5153256704980843,0.5220306513409961,1044,1022,0.15,0.17225566064775008,0.8996208387807383,0.8290204420625407,0.8013029315960912,0.7977300364815565,0.8049079754601227,,3489,0.5153256704980843,2509,False,selective,0.35,0.46660934365147605,2445,R3,0.0,0.006704980842911878
0.6789911149326454,0.5205357142857143,0.9620462046204621,0.11808541129263399,0.6581621430016487,0.5930065921467469,banking77_open,0,0.5609057036400115,0.2102249488752556,0.5628925107855526,0.5584291187739464,0.5804597701149425,1044,1120,0.0,0.11808541129263399,0.8996208387807383,0.8290204420625407,0.8022434565849605,0.8151118615449556,0.7897750511247443,,3489,0.5584291187739464,2509,False,selective,0.4,0.5609057036400115,2445,R3,0.17391304347826086,0.022030651340996167
0.6807108053883635,0.5215439856373429,0.9635157545605307,0.11980510174835196,0.6586498218510838,0.5930065921467469,banking77_open,0,0.5609057036400115,0.20899795501022495,0.5610925865718353,0.5565134099616859,0.5775862068965517,1044,1114,0.025,0.11808541129263399,0.8996208387807383,0.8290204420625407,0.8024896265560166,0.8143157894736842,0.791002044989775,,3489,0.5565134099616859,2509,False,selective,0.4,0.5609057036400115,2445,R3,0.17391304347826086,0.0210727969348659
0.6850100315276584,0.5268425841674249,0.9666110183639399,0.12410432788764689,0.6591734065017751,0.5930065921467469,banking77_open,0,0.5609057036400115,0.20449897750511248,0.5592398156868063,0.5545977011494253,0.5737547892720306,1044,1099,0.05,0.11808541129263399,0.8996208387807383,0.8290204420625407,0.8045501551189245,0.8138075313807531,0.7955010224948875,,3489,0.5545977011494253,2509,False,selective,0.4,0.5609057036400115,2445,R3,0.17391304347826086,0.019157088122605363
0.6907423330467183,0.5347544022242817,0.966499162479062,0.1298366294067068,0.6597699797533617,0.5930065921467469,banking77_open,0,0.5609057036400115,0.19713701431492842,0.5575788585602621,0.5526819923371648,0.5718390804597702,1044,1079,0.075,0.11808541129263399,0.8996208387807383,0.8290204420625407,0.8086508753861998,0.8145228215767635,0.8028629856850715,,3489,0.5526819923371648,2509,False,selective,0.4,0.5609057036400115,2445,R3,0.17391304347826086,0.019157088122605363
0.7027801662367441,0.5467695274831244,0.9742268041237113,0.1418744625967326,0.6626549589643079,0.5930065921467469,banking77_open,0,0.5609057036400115,0.18609406952965235,0.5484309858546971,0.5431034482758621,0.5574712643678161,1044,1037,0.1,0.11808541129263399,0.8996208387807383,0.8290204420625407,0.8127424954053503,0.8115823817292006,0.8139059304703476,,3489,0.5431034482758621,2509,False,selective,0.4,0.5609057036400115,2445,R3,0.17391304347826086,0.014367816091954023
0.7239896818572656,0.5752855659397715,0.9822695035460993,0.16308397821725423,0.6665103256241055,0.5930065921467469,banking77_open,0,0.5609057036400115,0.16319018404907976,0.5360885631652844,0.5306513409961686,0.5402298850574713,1044,963,0.15,0.11808541129263399,0.8996208387807383,0.8290204420625407,0.823174411587206,0.8099762470308789,0.8368098159509203,,3489,0.5306513409961686,2509,False,selective,0.4,0.5609057036400115,2445,R3,0.17391304347826086,0.009578544061302681
0.7136715391229579,0.5675675675675675,0.9513422818791947,0.07280022929206076,0.641042237811586,0.44425336772714247,banking77_open,0,0.6408713098308971,0.16482617586912066,0.5460373770740174,0.5431034482758621,0.5708812260536399,1044,999,0.0,0.07280022929206076,0.8996208387807383,0.8290204420625407,0.8275582573454914,0.8200803212851405,0.8351738241308794,,3489,0.5431034482758621,2509,False,selective,0.45,0.6408713098308971,2445,R3,0.23529411764705882,0.027777777777777776
0.7151046145027229,0.5704225352112676,0.9513422818791947,0.07423330467182573,0.641042237811586,0.44425336772714247,banking77_open,0,0.6408713098308971,0.16278118609406952,0.5460373770740174,0.5431034482758621,0.5708812260536399,1044,994,0.025,0.07280022929206076,0.8996208387807383,0.8290204420625407,0.8287449392712551,0.820440881763527,0.8372188139059304,,3489,0.5431034482758621,2509,False,selective,0.45,0.6408713098308971,2445,R3,0.23529411764705882,0.027777777777777776
0.7199770707939238,0.5772773797338793,0.9527027027027027,0.07910576096302666,0.6419865166212653,0.44425336772714247,banking77_open,0,0.6408713098308971,0.1574642126789366,0.5438791749158153,0.5402298850574713,0.5670498084291188,1044,977,0.05,0.07280022929206076,0.8996208387807383,0.8290204420625407,0.8311478716965905,0.8200636942675159,0.8425357873210634,,3489,0.5402298850574713,2509,False,selective,0.45,0.6408713098308971,2445,R3,0.22857142857142856,0.02681992337164751
0.7282889079965607,0.5896624472573839,0.9539249146757679,0.08741759816566351,0.6435759011058506,0.44425336772714247,banking77_open,0,0.6408713098308971,0.14805725971370143,0.5395132304688992,0.5354406130268199,0.5613026819923371,1044,948,0.075,0.07280022929206076,0.8996208387807383,0.8290204420625407,0.8355395106297633,0.8197560015741834,0.8519427402862986,,3489,0.5354406130268199,2509,False,selective,0.45,0.6408713098308971,2445,R3,0.22857142857142856,0.02586206896551724
0.7383204356549155,0.6035049288061336,0.9649737302977233,0.09744912582401834,0.6462165834829221,0.44425336772714247,banking77_open,0,0.6408713098308971,0.13987730061349693,0.53210255171827,0.5277777777777778,0.5469348659003831,1044,913,0.1,0.07280022929206076,0.8996208387807383,0.8290204420625407,0.8376817367058355,0.8163819875776398,0.8601226993865031,,3489,0.5277777777777778,2509,False,selective,0.45,0.6408713098308971,2445,R3,0.22857142857142856,0.019157088122605363
0.7535110346804242,0.6232558139534884,0.9727767695099818,0.11263972484952708,0.6519356268001922,0.44425336772714247,banking77_open,0,0.6408713098308971,0.1263803680981595,0.5187626720670749,0.5134099616858238,0.5277777777777778,1044,860,0.15,0.07280022929206076,0.8996208387807383,0.8290204420625407,0.8419392983839179,0.8124762267021681,0.8736196319018404,,3489,0.5134099616858238,2509,False,selective,0.45,0.6408713098308971,2445,R3,0.19230769230769232,0.014367816091954023
0.75981656635139,0.6241050119331742,0.9613970588235294,0.04413872169676125,0.6367354517961719,0.33276010318142735,banking77_open,0,0.7156778446546288,0.12024539877300613,0.5052801060701718,0.5009578544061303,0.5210727969348659,1044,838,0.0,0.04413872169676125,0.8996208387807383,0.8290204420625407,0.8441915227629514,0.8113919275745002,0.8797546012269939,,3489,0.5009578544061303,2509,False,selective,0.5,0.7156778446546288,2445,R3,0.05714285714285714,0.020114942528735632
0.7603897965032961,0.6255980861244019,0.9613970588235294,0.04471195184866724,0.6367354517961719,0.33276010318142735,banking77_open,0,0.7156778446546288,0.11942740286298568,0.5052801060701718,0.5009578544061303,0.5210727969348659,1044,836,0.025,0.04413872169676125,0.8996208387807383,0.8290204420625407,0.8446449588073753,0.8115341123256691,0.8805725971370143,,3489,0.5009578544061303,2509,False,selective,0.5,0.7156778446546288,2445,R3,0.05714285714285714,0.020114942528735632
0.762396102034967,0.6284680337756333,0.9612546125461254,0.046718257380338205,0.637526172984919,0.33276010318142735,banking77_open,0,0.7156778446546288,0.11738241308793455,0.5028832275863367,0.4990421455938697,0.5191570881226054,1044,829,0.05,0.04413872169676125,0.8996208387807383,0.8290204420625407,0.8454456415279138,0.8112781954887218,0.8826175869120655,,3489,0.4990421455938697,2509,False,selective,0.5,0.7156778446546288,2445,R3,0.05714285714285714,0.020114942528735632
0.7664087130983089,0.6380368098159509,0.9611829944547134,0.05073086844368014,0.6378944354083391,0.33276010318142735,banking77_open,0,0.7156778446546288,0.11206543967280164,0.5018970342924511,0.49808429118773945,0.5181992337164751,1044,815,0.075,0.04413872169676125,0.8996208387807383,0.8290204420625407,0.8482125415120141,0.8118922961854899,0.8879345603271984,,3489,0.49808429118773945,2509,False,selective,0.5,0.7156778446546288,2445,R3,0.05714285714285714,0.020114942528735632
0.7709945543135569,0.6470588235294118,0.9663551401869159,0.05531670965892806,0.6391265115249557,0.33276010318142735,banking77_open,0,0.7156778446546288,0.10797546012269939,0.4996047029678618,0.4952107279693487,0.5124521072796935,1044,799,0.1,0.04413872169676125,0.8996208387807383,0.8290204420625407,0.8494644595910418,0.8107806691449814,0.8920245398773006,,3489,0.4952107279693487,2509,False,selective,0.5,0.7156778446546288,2445,R3,0.05714285714285714,0.017241379310344827
0.7833190025795357,0.667989417989418,0.97678916827853,0.06764115792490685,0.644551605465663,0.33276010318142735,banking77_open,0,0.7156778446546288,0.09775051124744376,0.4885378947475253,0.4837164750957854,0.4952107279693487,1044,756,0.15,0.04413872169676125,0.8996208387807383,0.8290204420625407,0.8520664349169563,0.8071716062934504,0.9022494887525563,,3489,0.4837164750957854,2509,False,selective,0.5,0.7156778446546288,2445,R3,0.05714285714285714,0.011494252873563218
0.7953568357695615,0.6764705882352942,0.9545454545454546,0.02292920607623961,0.636472011573084,0.2527944969905417,banking77_open,0,0.7724276296933219,0.0850715746421268,0.46881301473965836,0.46264367816091956,0.4846743295019157,1044,714,0.0,0.02292920607623961,0.8996208387807383,0.8290204420625407,0.8570881226053638,0.8061261261261261,0.9149284253578732,,3489,0.46264367816091956,2509,False,selective,0.55,0.7724276296933219,2445,R3,0.05714285714285714,0.022030651340996167
0.7962166809974205,0.679324894514768,0.9545454545454546,0.023789051304098596,0.636472011573084,0.2527944969905417,banking77_open,0,0.7724276296933219,0.08384458077709611,0.46881301473965836,0.46264367816091956,0.4846743295019157,1044,711,0.025,0.02292920607623961,0.8996208387807383,0.8290204420625407,0.8577445912310933,0.8063354931605472,0.9161554192229039,,3489,0.46264367816091956,2509,False,selective,0.55,0.7724276296933219,2445,R3,0.05714285714285714,0.022030651340996167
0.7979363714531384,0.6851063829787234,0.9583333333333334,0.025508741759816565,0.636472011573084,0.2527944969905417,banking77_open,0,0.7724276296933219,0.08220858895705521,0.46881301473965836,0.46264367816091956,0.4827586206896552,1044,705,0.05,0.02292920607623961,0.8996208387807383,0.8290204420625407,0.8582903040734366,0.8060344827586207,0.9177914110429448,,3489,0.46264367816091956,2509,False,selective,0.55,0.7724276296933219,2445,R3,0.05714285714285714,0.020114942528735632
0.7999426769848094,0.6876790830945558,0.96,0.027515047291487533,0.6379939790403498,0.2527944969905417,banking77_open,0,0.7724276296933219,0.08098159509202454,0.4666152125418561,0.45977011494252873,0.4789272030651341,1044,698,0.075,0.02292920607623961,0.8996208387807383,0.8290204420625407,0.858288770053476,0.805087782156933,0.9190184049079755,,3489,0.45977011494252873,2509,False,selective,0.55,0.7724276296933219,2445,R3,0.05714285714285714,0.019157088122605363
0.8048151332760103,0.7004405286343612,0.9675456389452333,0.03238750358268845,0.6394411421814244,0.2527944969905417,banking77_open,0,0.7724276296933219,0.0768916155419223,0.46377343066781623,0.45689655172413796,0.4722222222222222,1044,681,0.1,0.02292920607623961,0.8996208387807383,0.8290204420625407,0.8593184846754235,0.8037749287749287,0.9231083844580777,,3489,0.45689655172413796,2509,False,selective,0.55,0.7724276296933219,2445,R3,0.05714285714285714,0.01532567049808429
0.8139868157065062,0.7149460708782742,0.9747899159663865,0.04155918601318429,0.6458283500562746,0.2527944969905417,banking77_open,0,0.7724276296933219,0.07075664621676891,0.45132575381586143,0.4444444444444444,0.4559386973180077,1044,649,0.15,0.02292920607623961,0.8996208387807383,0.8290204420625407,0.8597918637653739,0.8,0.9292433537832311,,3489,0.4444444444444444,2509,False,selective,0.55,0.7724276296933219,2445,R3,0.05714285714285714,0.011494252873563218
0.8386357122384638,0.7282415630550622,0.9647058823529412,0.012897678417884782,0.6639701876925246,0.1874462596732588,banking77_open,0,0.825738033820579,0.05644171779141104,0.39887317758087276,0.39272030651340994,0.407088122605364,1044,563,0.0,0.012897678417884782,0.8996208387807383,0.8290204420625407,0.8590579035561349,0.7884483937115516,0.943558282208589,,3489,0.39272030651340994,2509,False,selective,0.6,0.825738033820579,2445,R3,0.047619047619047616,0.014367816091954023
0.8389223273144167,0.7295373665480427,0.9647058823529412,0.013184293493837776,0.6639701876925246,0.1874462596732588,banking77_open,0,0.825738033820579,0.05603271983640082,0.39887317758087276,0.39272030651340994,0.407088122605364,1044,562,0.025,0.012897678417884782,0.8996208387807383,0.8290204420625407,0.8592702903946389,0.788520669627605,0.9439672801635992,,3489,0.39272030651340994,2509,False,selective,0.6,0.825738033820579,2445,R3,0.047619047619047616,0.014367816091954023
0.8403554026941817,0.7307001795332136,0.9644549763033176,0.014617368873602751,0.665586161337636,0.1874462596732588,banking77_open,0,0.825738033820579,0.05521472392638037,0.3962022374099326,0.38984674329501917,0.4042145593869732,1044,557,0.05,0.012897678417884782,0.8996208387807383,0.8290204420625407,0.8592151757485588,0.7878581173260573,0.9447852760736196,,3489,0.38984674329501917,2509,False,selective,0.6,0.825738033820579,2445,R3,0.047619047619047616,0.014367816091954023
0.8417884780739467,0.7318840579710145,0.9665071770334929,0.016050444253367727,0.6672085382174986,0.1874462596732588,banking77_open,0,0.825738033820579,0.054805725971370144,0.39322874031878846,0.38697318007662834,0.4003831417624521,1044,552,0.075,0.012897678417884782,0.8996208387807383,0.8290204420625407,0.8587885544407284,0.7868573374191352,0.9451942740286299,,3489,0.38697318007662834,2509,False,selective,0.6,0.825738033820579,2445,R3,0.047619047619047616,0.013409961685823755
0.8435081685296647,0.73992673992674,0.9711538461538461,0.017770134709085696,0.6672085382174986,0.1874462596732588,banking77_open,0,0.825738033820579,0.053169734151329244,0.39322874031878846,0.38697318007662834,0.39846743295019155,1044,546,0.1,0.012897678417884782,0.8996208387807383,0.8290204420625407,0.8593170007423906,0.7866123003737683,0.9468302658486708,,3489,0.38697318007662834,2509,False,selective,0.6,0.825738033820579,2445,R3,0.047619047619047616,0.011494252873563218
0.8492404700487246,0.7509505703422054,0.9753086419753086,0.0235024362281456,0.6724426009772648,0.1874462596732588,banking77_open,0,0.825738033820579,0.04948875255623722,0.38461691300160794,0.3783524904214559,0.3879310344827586,1044,526,0.15,0.012897678417884782,0.8996208387807383,0.8290204420625407,0.8594674556213018,0.7843401957475532,0.9505112474437628,,3489,0.3783524904214559,2509,False,selective,0.6,0.825738033820579,2445,R3,0.02857142857142857,0.009578544061302681
0.8753224419604472,0.8091954022988506,0.9832402234636871,0.006305531670965893,0.6858485351320838,0.13728862138148468,banking77_open,0,0.8690169102894812,0.031492842535787324,0.3425144869041281,0.3371647509578544,0.342911877394636,1044,435,0.0,0.006305531670965893,0.8996208387807383,0.8290204420625407,0.8612474995453718,0.7753765553372626,0.9685071574642127,,3489,0.3371647509578544,2509,False,selective,0.65,0.8690169102894812,2445,R3,0.04,0.005747126436781609
0.8753224419604472,0.8091954022988506,0.9832402234636871,0.006305531670965893,0.6858485351320838,0.13728862138148468,banking77_open,0,0.8690169102894812,0.031492842535787324,0.3425144869041281,0.3371647509578544,0.342911877394636,1044,435,0.025,0.006305531670965893,0.8996208387807383,0.8290204420625407,0.8612474995453718,0.7753765553372626,0.9685071574642127,,3489,0.3371647509578544,2509,False,selective,0.65,0.8690169102894812,2445,R3,0.04,0.005747126436781609
0.8756090570364001,0.8110599078341014,0.9832402234636871,0.006592146746918888,0.6858485351320838,0.13728862138148468,banking77_open,0,0.8690169102894812,0.031083844580777096,0.3425144869041281,0.3371647509578544,0.342911877394636,1044,434,0.05,0.006305531670965893,0.8996208387807383,0.8290204420625407,0.8614545454545455,0.7754500818330605,0.9689161554192229,,3489,0.3371647509578544,2509,False,selective,0.65,0.8690169102894812,2445,R3,0.04,0.005747126436781609
0.8761822871883062,0.8125,0.9831932773109243,0.0071653768988248785,0.6864352807496035,0.13728862138148468,banking77_open,0,0.8690169102894812,0.03067484662576687,0.34100619127818543,0.33620689655172414,0.34195402298850575,1044,432,0.075,0.006305531670965893,0.8996208387807383,0.8290204420625407,0.861504907306434,0.7752698724239451,0.9693251533742331,,3489,0.33620689655172414,2509,False,selective,0.65,0.8690169102894812,2445,R3,0.04,0.005747126436781609
0.8767555173402121,0.8162790697674419,0.9859550561797753,0.007738607050730868,0.6864352807496035,0.13728862138148468,banking77_open,0,0.8690169102894812,0.030265848670756646,0.34100619127818543,0.33620689655172414,0.34099616858237547,1044,430,0.1,0.006305531670965893,0.8996208387807383,0.8290204420625407,0.8615552325581396,0.7750898986596927,0.9697341513292433,,3489,0.33620689655172414,2509,False,selective,0.65,0.8690169102894812,2445,R3,0.04,0.004789272030651341
0.879048437947836,0.8199052132701422,0.9885714285714285,0.01003152765835483,0.6897907959700739,0.13728862138148468,banking77_open,0,0.8690169102894812,0.029447852760736196,0.3374223876943819,0.3314176245210728,0.33524904214559387,1044,422,0.15,0.006305531670965893,0.8996208387807383,0.8290204420625407,0.8610304789550073,0.7737202477991523,0.9705521472392638,,3489,0.3314176245210728,2509,False,selective,0.65,0.8690169102894812,2445,R3,0.02857142857142857,0.0038314176245210726
0.8999713384924047,0.8853868194842407,0.9809523809523809,0.002006305531670966,0.70615720348496,0.10404127257093723,banking77_open,0,0.8979650329607337,0.013905930470347648,0.2984293271823745,0.2959770114942529,0.3017241379310345,1044,349,0.0,0.002006305531670966,0.8996208387807383,0.8290204420625407,0.8633840644583707,0.7678343949044586,0.9860940695296524,,3489,0.2959770114942529,2509,False,selective,0.7,0.8979650329607337,2445,R3,0.038461538461538464,0.005747126436781609
0.8999713384924047,0.8853868194842407,0.9809523809523809,0.002006305531670966,0.70615720348496,0.10404127257093723,banking77_open,0,0.8979650329607337,0.013905930470347648,0.2984293271823745,0.2959770114942529,0.3017241379310345,1044,349,0.025,0.002006305531670966,0.8996208387807383,0.8290204420625407,0.8633840644583707,0.7678343949044586,0.9860940695296524,,3489,0.2959770114942529,2509,False,selective,0.7,0.8979650329607337,2445,R3,0.038461538461538464,0.005747126436781609
0.8999713384924047,0.8853868194842407,0.9809523809523809,0.002006305531670966,0.70615720348496,0.10404127257093723,banking77_open,0,0.8979650329607337,0.013905930470347648,0.2984293271823745,0.2959770114942529,0.3017241379310345,1044,349,0.05,0.002006305531670966,0.8996208387807383,0.8290204420625407,0.8633840644583707,0.7678343949044586,0.9860940695296524,,3489,0.2959770114942529,2509,False,selective,0.7,0.8979650329607337,2445,R3,0.038461538461538464,0.005747126436781609
0.9002579535683577,0.8879310344827587,0.9840764331210191,0.002292920607623961,0.70615720348496,0.10404127257093723,banking77_open,0,0.8979650329607337,0.013905930470347648,0.2984293271823745,0.2959770114942529,0.3007662835249042,1044,348,0.075,0.002006305531670966,0.8996208387807383,0.8290204420625407,0.8632295023272467,0.7675899395097103,0.9860940695296524,,3489,0.2959770114942529,2509,False,selective,0.7,0.8979650329607337,2445,R3,0.038461538461538464,0.004789272030651341
0.9002579535683577,0.8879310344827587,0.9840764331210191,0.002292920607623961,0.70615720348496,0.10404127257093723,banking77_open,0,0.8979650329607337,0.013905930470347648,0.2984293271823745,0.2959770114942529,0.3007662835249042,1044,348,0.1,0.002006305531670966,0.8996208387807383,0.8290204420625407,0.8632295023272467,0.7675899395097103,0.9860940695296524,,3489,0.2959770114942529,2509,False,selective,0.7,0.8979650329607337,2445,R3,0.038461538461538464,0.004789272030651341
0.9019776440240757,0.8918128654970761,0.9870550161812298,0.004012611063341932,0.708897220695032,0.10404127257093723,banking77_open,0,0.8979650329607337,0.013496932515337423,0.29557812433117164,0.2921455938697318,0.2959770114942529,1044,342,0.15,0.002006305531670966,0.8996208387807383,0.8290204420625407,0.8626609442060085,0.7664442326024785,0.9865030674846625,,3489,0.2921455938697318,2509,False,selective,0.7,0.8979650329607337,2445,R3,0.02857142857142857,0.0038314176245210726
0.9226139294926913,0.9296296296296296,0.9881889763779528,0.0011464603038119805,0.7438277572121459,0.07967899111493265,banking77_open,0,0.9214674691888793,0.006543967280163599,0.24268521676325322,0.24042145593869732,0.24329501915708812,1044,270,0.0,0.0011464603038119805,0.8996208387807383,0.8290204420625407,0.8576977401129944,0.7545821683752718,0.9934560327198364,,3489,0.24042145593869732,2509,False,selective,0.75,0.9214674691888793,2445,R3,0.0,0.0028735632183908046
0.9226139294926913,0.9296296296296296,0.9881889763779528,0.0011464603038119805,0.7438277572121459,0.07967899111493265,banking77_open,0,0.9214674691888793,0.006543967280163599,0.24268521676325322,0.24042145593869732,0.24329501915708812,1044,270,0.025,0.0011464603038119805,0.8996208387807383,0.8290204420625407,0.8576977401129944,0.7545821683752718,0.9934560327198364,,3489,0.24042145593869732,2509,False,selective,0.75,0.9214674691888793,2445,R3,0.0,0.0028735632183908046
0.9226139294926913,0.9296296296296296,0.9881889763779528,0.0011464603038119805,0.7438277572121459,0.07967899111493265,banking77_open,0,0.9214674691888793,0.006543967280163599,0.24268521676325322,0.24042145593869732,0.24329501915708812,1044,270,0.05,0.0011464603038119805,0.8996208387807383,0.8290204420625407,0.8576977401129944,0.7545821683752718,0.9934560327198364,,3489,0.24042145593869732,2509,False,selective,0.75,0.9214674691888793,2445,R3,0.0,0.0028735632183908046
0.9226139294926913,0.9296296296296296,0.9881889763779528,0.0011464603038119805,0.7438277572121459,0.07967899111493265,banking77_open,0,0.9214674691888793,0.006543967280163599,0.24268521676325322,0.24042145593869732,0.24329501915708812,1044,270,0.075,0.0011464603038119805,0.8996208387807383,0.8290204420625407,0.8576977401129944,0.7545821683752718,0.9934560327198364,,3489,0.24042145593869732,2509,False,selective,0.75,0.9214674691888793,2445,R3,0.0,0.0028735632183908046
0.9226139294926913,0.9296296296296296,0.9881889763779528,0.0011464603038119805,0.7438277572121459,0.07967899111493265,banking77_open,0,0.9214674691888793,0.006543967280163599,0.24268521676325322,0.24042145593869732,0.24329501915708812,1044,270,0.1,0.0011464603038119805,0.8996208387807383,0.8290204420625407,0.8576977401129944,0.7545821683752718,0.9934560327198364,,3489,0.24042145593869732,2509,False,selective,0.75,0.9214674691888793,2445,R3,0.0,0.0028735632183908046
0.9229005445686443,0.9330855018587361,0.9881889763779528,0.0014330753797649756,0.7438277572121459,0.07967899111493265,banking77_open,0,0.9214674691888793,0.006134969325153374,0.24268521676325322,0.24042145593869732,0.24329501915708812,1044,269,0.15,0.0011464603038119805,0.8996208387807383,0.8290204420625407,0.8578993821712269,0.7546583850931677,0.9938650306748467,,3489,0.24042145593869732,2509,False,selective,0.75,0.9214674691888793,2445,R3,0.0,0.0028735632183908046
0.9415305245055889,0.9558823529411765,0.9948979591836735,0.0008598452278589854,0.7860990436335298,0.06018916595012898,banking77_open,0,0.94067067927773,0.0032719836400817996,0.18617729180775103,0.1867816091954023,0.18773946360153257,1044,204,0.0,0.0008598452278589854,0.8996208387807383,0.8290204420625407,0.8506108202443281,0.7418569254185693,0.9967280163599181,,3489,0.1867816091954023,2509,True,selective,0.8,0.94067067927773,2445,R3,0.0,0.0009578544061302681
0.9415305245055889,0.9558823529411765,0.9948979591836735,0.0008598452278589854,0.7860990436335298,0.06018916595012898,banking77_open,0,0.94067067927773,0.0032719836400817996,0.18617729180775103,0.1867816091954023,0.18773946360153257,1044,204,0.025,0.0008598452278589854,0.8996208387807383,0.8290204420625407,0.8506108202443281,0.7418569254185693,0.9967280163599181,,3489,0.1867816091954023,2509,False,selective,0.8,0.94067067927773,2445,R3,0.0,0.0009578544061302681
0.9415305245055889,0.9558823529411765,0.9948979591836735,0.0008598452278589854,0.7860990436335298,0.06018916595012898,banking77_open,0,0.94067067927773,0.0032719836400817996,0.18617729180775103,0.1867816091954023,0.18773946360153257,1044,204,0.05,0.0008598452278589854,0.8996208387807383,0.8290204420625407,0.8506108202443281,0.7418569254185693,0.9967280163599181,,3489,0.1867816091954023,2509,False,selective,0.8,0.94067067927773,2445,R3,0.0,0.0009578544061302681
0.9415305245055889,0.9558823529411765,0.9948979591836735,0.0008598452278589854,0.7860990436335298,0.06018916595012898,banking77_open,0,0.94067067927773,0.0032719836400817996,0.18617729180775103,0.1867816091954023,0.18773946360153257,1044,204,0.075,0.0008598452278589854,0.8996208387807383,0.8290204420625407,0.8506108202443281,0.7418569254185693,0.9967280163599181,,3489,0.1867816091954023,2509,False,selective,0.8,0.94067067927773,2445,R3,0.0,0.0009578544061302681
0.9415305245055889,0.9558823529411765,0.9948979591836735,0.0008598452278589854,0.7860990436335298,0.06018916595012898,banking77_open,0,0.94067067927773,0.0032719836400817996,0.18617729180775103,0.1867816091954023,0.18773946360153257,1044,204,0.1,0.0008598452278589854,0.8996208387807383,0.8290204420625407,0.8506108202443281,0.7418569254185693,0.9967280163599181,,3489,0.1867816091954023,2509,False,selective,0.8,0.94067067927773,2445,R3,0.0,0.0009578544061302681
0.9415305245055889,0.9558823529411765,0.9948979591836735,0.0008598452278589854,0.7860990436335298,0.06018916595012898,banking77_open,0,0.94067067927773,0.0032719836400817996,0.18617729180775103,0.1867816091954023,0.18773946360153257,1044,204,0.15,0.0008598452278589854,0.8996208387807383,0.8290204420625407,0.8506108202443281,0.7418569254185693,0.9967280163599181,,3489,0.1867816091954023,2509,False,selective,0.8,0.94067067927773,2445,R3,0.0,0.0009578544061302681
,,,,,,banking77_closed,,,,,0.8914538310412574,,,,,,,,,,,0.001,,,2509,,R0,,,,,,
,,,,,,banking77_closed,,,,,0.8899803536345776,,,,,,,,,,,0.01,,,2509,,R0,,,,,,
,,,,,,banking77_closed,,,,,0.8826129666011788,,,,,,,,,,,0.1,,,2509,,R0,,,,,,
,,,,,,banking77_closed,,,,,0.8369351669941061,,,,,,,0.0,,,,0.0001,,,2509,,R2,,,,,,
,,,,,,banking77_closed,,,,,0.837426326129666,,,,,,,0.0,,,,0.001,,,2509,,R2,,,,,,
,,,,,,banking77_closed,,,,,0.837426326129666,,,,,,,0.0,,,,0.01,,,2509,,R2,,,,,,
,,,,,,banking77_closed,,,,,0.8369351669941061,,,,,,,0.0,,,,0.1,,,2509,,R2,,,,,,
,,,,,,clinc150,,,,,0.989,,,,,,,,,,,0.001,,,2510,,R0,,,,,,
,,,,,,clinc150,,,,,0.988,,,,,,,,,,,0.01,,,2510,,R0,,,,,,
,,,,,,clinc150,,,,,0.986,,,,,,,,,,,0.1,,,2510,,R0,,,,,,
,,,,,,clinc150,,,,,0.968,,,,,,,0.9071285714285714,,,,0.0001,,,2510,,R2,,,,,,
,,,,,,clinc150,,,,,0.968,,,,,,,0.907137619047619,,,,0.001,,,2510,,R2,,,,,,
,,,,,,clinc150,,,,,0.969,,,,,,,0.9069595238095238,,,,0.01,,,2510,,R2,,,,,,
,,,,,,clinc150,,,,,0.973,,,,,,,0.9030861904761904,,,,0.1,,,2510,,R2,,,,,,
0.3903225806451613,0.49523809523809526,0.9780564263322884,0.0,0.3956601557109207,0.6096774193548387,clinc150,0,0.3903225806451613,0.4442857142857143,0.9359999999999999,0.936,0.957,1000,1890,0.0,0.0,0.9481485108650696,0.9030861904761904,0.7051359516616313,0.9644628099173553,0.5557142857142857,,3100,0.936,2510,False,selective,0.2,0.3903225806451613,2100,MAX_THRESHOLD,0.35,0.021
0.4535483870967742,0.538370720188902,0.9795918367346939,0.0,0.39998840219106135,0.5464516129032259,clinc150,0,0.4535483870967742,0.36333333333333334,0.912,0.912,0.931,1000,1694,0.0,0.0,0.9481485108650696,0.9030861904761904,0.7626925270964061,0.9509246088193457,0.6366666666666667,,3100,0.912,2510,False,selective,0.25,0.4535483870967742,2100,MAX_THRESHOLD,0.15,0.019
0.5232258064516129,0.5994587280108254,0.9822616407982262,0.0,0.4056504513993284,0.47677419354838707,clinc150,0,0.5232258064516129,0.2742857142857143,0.886,0.886,0.902,1000,1478,0.0,0.0,0.9481485108650696,0.9030861904761904,0.8189145620634068,0.9395807644882861,0.7257142857142858,,3100,0.886,2510,False,selective,0.3,0.5232258064516129,2100,MAX_THRESHOLD,0.05,0.016
0.587741935483871,0.6596244131455399,0.9848130841121495,0.0,0.4170221614227365,0.412258064516129,clinc150,0,0.587741935483871,0.20095238095238097,0.843,0.843,0.856,1000,1278,0.0,0.0,0.9481485108650696,0.9030861904761904,0.8556858745537991,0.9209659714599341,0.799047619047619,,3100,0.843,2510,True,selective,0.35,0.587741935483871,2100,MAX_THRESHOLD,0.0,0.013
0.6438709677419355,0.7092391304347826,0.9861460957178841,0.0,0.4357135089147637,0.3561290322580645,clinc150,0,0.6438709677419355,0.14761904761904762,0.783,0.783,0.794,1000,1104,0.0,0.0,0.9481485108650696,0.9030861904761904,0.8740234375,0.8967935871743486,0.8523809523809524,,3100,0.783,2510,False,selective,0.4,0.6438709677419355,2100,MAX_THRESHOLD,0.0,0.011
0.6906451612903226,0.7549530761209593,0.9890710382513661,0.0,0.4568115142216746,0.3093548387096774,clinc150,0,0.6906451612903226,0.10809523809523809,0.724,0.724,0.732,1000,959,0.0,0.0,0.9481485108650696,0.9030861904761904,0.883282244753596,0.8748248482017749,0.8919047619047619,,3100,0.724,2510,False,selective,0.45,0.6906451612903226,2100,MAX_THRESHOLD,0.0,0.008
0.7390322580645161,0.799752781211372,0.9908116385911179,0.0,0.48820221332421365,0.2609677419354839,clinc150,0,0.7390322580645161,0.07428571428571429,0.647,0.647,0.653,1000,809,0.0,0.0,0.9481485108650696,0.9030861904761904,0.8854475062628102,0.8485377564382366,0.9257142857142857,,3100,0.647,2510,False,selective,0.5,0.7390322580645161,2100,MAX_THRESHOLD,0.0,0.006
0.7838709677419354,0.8343283582089552,0.994661921708185,0.0,0.5289517413442381,0.2161290322580645,clinc150,0,0.7838709677419354,0.05142857142857143,0.559,0.559,0.562,1000,670,0.0,0.0,0.9481485108650696,0.9030861904761904,0.8794701986754967,0.8197530864197531,0.9485714285714286,,3100,0.559,2510,False,selective,0.55,0.7838709677419354,2100,MAX_THRESHOLD,0.0,0.003
0.8212903225806452,0.8592057761732852,0.9979035639412998,0.0,0.5724612808775843,0.17870967741935484,clinc150,0,0.8212903225806452,0.03666666666666667,0.476,0.476,0.477,1000,554,0.0,0.0,0.9481485108650696,0.9030861904761904,0.8708566508824795,0.7945797329143754,0.9633333333333334,,3100,0.476,2510,False,selective,0.6,0.8212903225806452,2100,MAX_THRESHOLD,0.0,0.001
0.8529032258064516,0.8706140350877193,0.9974874371859297,0.0,0.6187275867475149,0.14709677419354839,clinc150,0,0.8529032258064516,0.02761904761904762,0.397,0.397,0.398,1000,456,0.0,0.0,0.9481485108650696,0.9030861904761904,0.8608768971332209,0.7723146747352496,0.9723809523809523,,3100,0.397,2510,False,selective,0.65,0.8529032258064516,2100,MAX_THRESHOLD,0.0,0.001
0.8906451612903226,0.8908554572271387,1.0,0.0,0.6817792909964462,0.10935483870967742,clinc150,0,0.8906451612903226,0.017619047619047618,0.302,0.302,0.302,1000,339,0.0,0.0,0.9481485108650696,0.9030861904761904,0.8487965439210039,0.7471930459978269,0.9823809523809524,,3100,0.302,2510,False,selective,0.7,0.8906451612903226,2100,MAX_THRESHOLD,0.0,0.0
0.9209677419354839,0.9142857142857143,1.0,0.0,0.7413145795859177,0.07903225806451612,clinc150,0,0.9209677419354839,0.01,0.224,0.224,0.224,1000,245,0.0,0.0,0.9481485108650696,0.9030861904761904,0.8391523713420788,0.7281961471103328,0.99,,3100,0.224,2510,False,selective,0.75,0.9209677419354839,2100,MAX_THRESHOLD,0.0,0.0
0.9406451612903226,0.9347826086956522,1.0,0.0,0.7862999391835872,0.05935483870967742,clinc150,0,0.9406451612903226,0.005714285714285714,0.17200000000000001,0.172,0.172,1000,184,0.0,0.0,0.9481485108650696,0.9030861904761904,0.832535885167464,0.7160493827160493,0.9942857142857143,,3100,0.172,2510,False,selective,0.8,0.9406451612903226,2100,MAX_THRESHOLD,0.0,0.0
0.6983870967741935,0.5347593582887701,0.9940357852882704,0.30806451612903224,0.7278843605352662,1.1574193548387097,clinc150,0,0.3903225806451613,0.2057142857142857,0.5,0.5,0.503,1000,935,0.0,0.30806451612903224,0.9481485108650696,0.9030861904761904,0.7821805392731536,0.7704387990762125,0.7942857142857143,,3100,0.5,2510,False,selective,0.2,0.3903225806451613,2100,R3,0.0,0.003
0.7012903225806452,0.5399568034557235,0.9940357852882704,0.3109677419354839,0.7278843605352662,1.1574193548387097,clinc150,0,0.3903225806451613,0.20142857142857143,0.5,0.5,0.503,1000,926,0.025,0.30806451612903224,0.9481485108650696,0.9030861904761904,0.7847449695835284,0.7713891444342227,0.7985714285714286,,3100,0.5,2510,False,selective,0.2,0.3903225806451613,2100,R3,0.0,0.003
0.7064516129032258,0.5483516483516484,0.9960079840319361,0.3161290322580645,0.7280671133423319,1.1574193548387097,clinc150,0,0.3903225806451613,0.19476190476190477,0.499,0.499,0.501,1000,910,0.05,0.30806451612903224,0.9481485108650696,0.9030861904761904,0.7883449883449883,0.7721461187214612,0.8052380952380952,,3100,0.499,2510,False,selective,0.2,0.3903225806451613,2100,R3,0.0,0.002
0.7190322580645161,0.5694603903559128,0.9959839357429718,0.32870967741935486,0.7285974709121158,1.1574193548387097,clinc150,0,0.3903225806451613,0.17761904761904762,0.496,0.496,0.498,1000,871,0.075,0.30806451612903224,0.9481485108650696,0.9030861904761904,0.797874797874798,0.7747868999551368,0.8223809523809524,,3100,0.496,2510,False,selective,0.2,0.3903225806451613,2100,R3,0.0,0.002
0.733225806451613,0.5949214026602176,0.9959514170040485,0.3429032258064516,0.729434588083594,1.1574193548387097,clinc150,0,0.3903225806451613,0.15857142857142856,0.492,0.492,0.494,1000,827,0.1,0.30806451612903224,0.9481485108650696,0.9030861904761904,0.8081408643951521,0.7773867135943687,0.8414285714285714,,3100,0.492,2510,False,selective,0.2,0.3903225806451613,2100,R3,0.0,0.002
0.7583870967741936,0.6488651535380507,0.997946611909651,0.36806451612903224,0.7307295193849415,1.1574193548387097,clinc150,0,0.3903225806451613,0.12476190476190477,0.486,0.486,0.487,1000,749,0.15,0.30806451612903224,0.9481485108650696,0.9030861904761904,0.8258818243091439,0.7817949808592088,0.8752380952380953,,3100,0.486,2510,False,selective,0.2,0.3903225806451613,2100,R3,0.0,0.001
0.6787096774193548,0.5753012048192772,0.9930675909878682,0.22516129032258064,0.6713112639445706,0.8851612903225806,clinc150,0,0.4535483870967742,0.19952380952380952,0.573,0.573,0.577,1000,996,0.0,0.22516129032258064,0.9481485108650696,0.9030861904761904,0.7997145575642246,0.7989543726235742,0.8004761904761905,,3100,0.573,2510,False,selective,0.25,0.4535483870967742,2100,R3,0.0,0.004
0.6809677419354838,0.5783619817997978,0.9930555555555556,0.22741935483870968,0.6715117278153673,0.8851612903225806,clinc150,0,0.4535483870967742,0.19666666666666666,0.572,0.572,0.576,1000,989,0.025,0.22516129032258064,0.9481485108650696,0.9030861904761904,0.8012348610781286,0.7991473235433444,0.8033333333333333,,3100,0.572,2510,False,selective,0.25,0.4535483870967742,2100,R3,0.0,0.004
0.6870967741935484,0.588659793814433,0.9930434782608696,0.2335483870967742,0.671739459717287,0.8851612903225806,clinc150,0,0.4535483870967742,0.1880952380952381,0.571,0.571,0.575,1000,970,0.05,0.22516129032258064,0.9481485108650696,0.9030861904761904,0.8061465721040189,0.8004694835680751,0.8119047619047619,,3100,0.571,2510,False,selective,0.25,0.4535483870967742,2100,R3,0.0,0.004
0.6993548387096774,0.6105150214592274,0.9947552447552448,0.24580645161290324,0.6721689033370524,0.8851612903225806,clinc150,0,0.4535483870967742,0.17142857142857143,0.569,0.569,0.572,1000,932,0.075,0.22516129032258064,0.9481485108650696,0.9030861904761904,0.8153701968134959,0.8025830258302583,0.8285714285714286,,3100,0.569,2510,False,selective,0.25,0.4535483870967742,2100,R3,0.0,0.003
0.7112903225806452,0.6324022346368715,0.9964788732394366,0.257741935483871,0.6728179066391321,0.8851612903225806,clinc150,0,0.4535483870967742,0.15571428571428572,0.566,0.566,0.568,1000,895,0.1,0.22516129032258064,0.9481485108650696,0.9030861904761904,0.8236933797909408,0.8040816326530612,0.8442857142857143,,3100,0.566,2510,False,selective,0.25,0.4535483870967742,2100,R3,0.0,0.002
0.734516129032258,0.675577156743621,0.9982046678635548,0.28096774193548385,0.6753888182704065,0.8851612903225806,clinc150,0,0.4535483870967742,0.12666666666666668,0.556,0.556,0.557,1000,823,0.15,0.22516129032258064,0.9481485108650696,0.9030861904761904,0.8380169065570026,0.8054457619675011,0.8733333333333333,,3100,0.556,2510,False,selective,0.25,0.4535483870967742,2100,R3,0.0,0.001
0.6793548387096774,0.6408450704225352,0.9968701095461658,0.15612903225806452,0.6188924528726987,0.6803225806451613,clinc150,0,0.5232258064516129,0.16904761904761906,0.637,0.637,0.639,1000,994,0.0,0.15612903225806452,0.9481485108650696,0.9030861904761904,0.829766999524489,0.828584995251662,0.830952380952381,,3100,0.637,2510,False,selective,0.3,0.5232258064516129,2100,R3,0.05,0.002
0.6809677419354838,0.6440849342770475,0.9968701095461658,0.15774193548387097,0.6188924528726987,0.6803225806451613,clinc150,0,0.5232258064516129,0.16666666666666666,0.637,0.637,0.639,1000,989,0.025,0.15612903225806452,0.9481485108650696,0.9030861904761904,0.8311564948943243,0.8289909995262909,0.8333333333333334,,3100,0.637,2510,False,selective,0.3,0.5232258064516129,2100,R3,0.05,0.002
0.6861290322580645,0.6536485097636177,0.9968652037617555,0.1629032258064516,0.6191631841500913,0.6803225806451613,clinc150,0,0.5232258064516129,0.1595238095238095,0.636,0.636,0.638,1000,973,0.05,0.15612903225806452,0.9481485108650696,0.9030861904761904,0.8351076413532056,0.8298072402444758,0.8404761904761905,,3100,0.636,2510,False,selective,0.3,0.5232258064516129,2100,R3,0.05,0.002
0.694516129032258,0.6694825765575502,0.9984251968503937,0.17129032258064517,0.6196998675571895,0.6803225806451613,clinc150,0,0.5232258064516129,0.14857142857142858,0.634,0.634,0.635,1000,947,0.075,0.15612903225806452,0.9481485108650696,0.9030861904761904,0.8408182459440395,0.8304691128657687,0.8514285714285714,,3100,0.634,2510,False,selective,0.3,0.5232258064516129,2100,R3,0.05,0.001
0.702258064516129,0.6825568797399784,0.9984152139461173,0.17903225806451614,0.6208649662923014,0.6803225806451613,clinc150,0,0.5232258064516129,0.13904761904761906,0.63,0.63,0.631,1000,923,0.1,0.15612903225806452,0.9481485108650696,0.9030861904761904,0.845452419920505,0.8305006890215894,0.8609523809523809,,3100,0.63,2510,False,selective,0.3,0.5232258064516129,2100,R3,0.05,0.001
0.7222580645161291,0.7177700348432056,1.0,0.19903225806451613,0.6242911663197024,0.6803225806451613,clinc150,0,0.5232258064516129,0.11571428571428571,0.618,0.618,0.618,1000,861,0.15,0.15612903225806452,0.9481485108650696,0.9030861904761904,0.8559575939156487,0.829388119696293,0.8842857142857142,,3100,0.618,2510,False,selective,0.3,0.5232258064516129,2100,R3,0.05,0.0
0.6932258064516129,0.7003154574132492,0.9970059880239521,0.10548387096774194,0.5782447374701031,0.5390322580645162,clinc150,0,0.587741935483871,0.13476190476190475,0.666,0.666,0.668,1000,951,0.0,0.10548387096774194,0.9481485108650696,0.9030861904761904,0.8552600611908684,0.8455095393206142,0.8652380952380953,,3100,0.666,2510,False,selective,0.35,0.587741935483871,2100,R3,0.0,0.002
0.6941935483870968,0.7025316455696202,0.9985007496251874,0.1064516129032258,0.5782447374701031,0.5390322580645162,clinc150,0,0.587741935483871,0.13380952380952382,0.666,0.666,0.667,1000,948,0.025,0.10548387096774194,0.9481485108650696,0.9030861904761904,0.8555973659454374,0.8452602230483272,0.8661904761904762,,3100,0.666,2510,False,selective,0.35,0.587741935483871,2100,R3,0.0,0.001
0.6974193548387096,0.7100213219616205,0.9985007496251874,0.10967741935483871,0.5782447374701031,0.5390322580645162,clinc150,0,0.587741935483871,0.12904761904761905,0.666,0.666,0.667,1000,938,0.05,0.10548387096774194,0.9481485108650696,0.9030861904761904,0.8582824964805256,0.8459759481961147,0.8709523809523809,,3100,0.666,2510,False,selective,0.35,0.587741935483871,2100,R3,0.0,0.001
0.6993548387096774,0.7135193133047211,0.9984984984984985,0.11161290322580646,0.5785667840886306,0.5390322580645162,clinc150,0,0.587741935483871,0.12666666666666668,0.665,0.665,0.666,1000,932,0.075,0.10548387096774194,0.9481485108650696,0.9030861904761904,0.85941893158388,0.8459409594095941,0.8733333333333333,,3100,0.665,2510,False,selective,0.35,0.587741935483871,2100,R3,0.0,0.001
0.7080645161290322,0.7303867403314918,0.9984894259818731,0.12032258064516128,0.5797983349483297,0.5390322580645162,clinc150,0,0.587741935483871,0.11571428571428571,0.661,0.661,0.662,1000,905,0.1,0.10548387096774194,0.9481485108650696,0.9030861904761904,0.8647264260768335,0.8460136674259681,0.8842857142857142,,3100,0.661,2510,False,selective,0.35,0.587741935483871,2100,R3,0.0,0.001
0.7229032258064516,0.7613504074505238,1.0,0.13516129032258065,0.5820255739026068,0.5390322580645162,clinc150,0,0.587741935483871,0.09761904761904762,0.654,0.654,0.654,1000,859,0.15,0.10548387096774194,0.9481485108650696,0.9030861904761904,0.8730707210320203,0.8456046407853637,0.9023809523809524,,3100,0.654,2510,False,selective,0.35,0.587741935483871,2100,R3,0.0,0.0
0.7135483870967742,0.7511261261261262,0.9985029940119761,0.0696774193548387,0.5455209271764333,0.43451612903225806,clinc150,0,0.6438709677419355,0.10476190476190476,0.667,0.667,0.668,1000,888,0.0,0.0696774193548387,0.9481485108650696,0.9030861904761904,0.8719851576994434,0.8499095840867993,0.8952380952380953,,3100,0.667,2510,False,selective,0.4,0.6438709677419355,2100,R3,0.0,0.001
0.7138709677419355,0.7519729425028185,0.9985029940119761,0.07,0.5455209271764333,0.43451612903225806,clinc150,0,0.6438709677419355,0.10428571428571429,0.667,0.667,0.668,1000,887,0.025,0.0696774193548387,0.9481485108650696,0.9030861904761904,0.8722466960352423,0.8499774062358789,0.8957142857142857,,3100,0.667,2510,False,selective,0.4,0.6438709677419355,2100,R3,0.0,0.001
0.7167741935483871,0.7596810933940774,0.9985029940119761,0.07290322580645162,0.5455209271764333,0.43451612903225806,clinc150,0,0.6438709677419355,0.1,0.667,0.667,0.668,1000,878,0.05,0.0696774193548387,0.9481485108650696,0.9030861904761904,0.8745950948634892,0.8505850585058505,0.9,,3100,0.667,2510,False,selective,0.4,0.6438709677419355,2100,R3,0.0,0.001
0.7187096774193549,0.7637614678899083,0.9985007496251874,0.07483870967741936,0.5458682180789298,0.43451612903225806,clinc150,0,0.6438709677419355,0.09761904761904762,0.666,0.666,0.667,1000,872,0.075,0.0696774193548387,0.9481485108650696,0.9030861904761904,0.8756931608133088,0.8505385996409336,0.9023809523809524,,3100,0.666,2510,False,selective,0.4,0.6438709677419355,2100,R3,0.0,0.001
0.7248387096774194,0.7772567409144197,1.0,0.08096774193548387,0.5469633489886518,0.43451612903225806,clinc150,0,0.6438709677419355,0.09047619047619047,0.663,0.663,0.663,1000,853,0.1,0.0696774193548387,0.9481485108650696,0.9030861904761904,0.8787669657234874,0.8500222518914108,0.9095238095238095,,3100,0.663,2510,False,selective,0.4,0.6438709677419355,2100,R3,0.0,0.0
0.7364516129032258,0.802937576499388,1.0,0.09258064516129032,0.5499452174943552,0.43451612903225806,clinc150,0,0.6438709677419355,0.07666666666666666,0.656,0.656,0.656,1000,817,0.15,0.0696774193548387,0.9481485108650696,0.9030861904761904,0.8847821127081906,0.8493210687691634,0.9233333333333333,,3100,0.656,2510,False,selective,0.4,0.6438709677419355,2100,R3,0.0,0.0
0.7329032258064516,0.788647342995169,0.9969465648854962,0.04225806451612903,0.5292966122616223,0.3529032258064516,clinc150,0,0.6906451612903226,0.08238095238095237,0.653,0.653,0.655,1000,828,0.0,0.04225806451612903,0.9481485108650696,0.9030861904761904,0.8815187557182067,0.8481514084507042,0.9176190476190477,,3100,0.653,2510,False,selective,0.45,0.6906451612903226,2100,R3,0.0,0.002
0.7335483870967742,0.7905569007263923,0.9969465648854962,0.04290322580645161,0.5292966122616223,0.3529032258064516,clinc150,0,0.6906451612903226,0.08142857142857143,0.653,0.653,0.655,1000,826,0.025,0.04225806451612903,0.9481485108650696,0.9030861904761904,0.8820301783264747,0.8482849604221636,0.9185714285714286,,3100,0.653,2510,False,selective,0.45,0.6906451612903226,2100,R3,0.0,0.002
0.7351612903225806,0.7941534713763703,0.9969418960244648,0.044516129032258066,0.529679710564015,0.3529032258064516,clinc150,0,0.6906451612903226,0.07952380952380952,0.652,0.652,0.654,1000,821,0.05,0.04225806451612903,0.9481485108650696,0.9030861904761904,0.882849965745604,0.8481790258885477,0.9204761904761904,,3100,0.652,2510,False,selective,0.45,0.6906451612903226,2100,R3,0.0,0.002
0.7383870967741936,0.8014796547472256,0.9984639016897081,0.04774193548387097,0.5305688433717733,0.3529032258064516,clinc150,0,0.6906451612903226,0.0761904761904762,0.65,0.65,0.651,1000,811,0.075,0.04225806451612903,0.9481485108650696,0.9030861904761904,0.8840282524493052,0.8475316732197467,0.9238095238095239,,3100,0.65,2510,False,selective,0.45,0.6906451612903226,2100,R3,0.0,0.001
0.7441935483870967,0.8171500630517023,1.0,0.053548387096774196,0.5314238383155859,0.3529032258064516,clinc150,0,0.6906451612903226,0.06904761904761905,0.648,0.648,0.648,1000,793,0.1,0.04225806451612903,0.9481485108650696,0.9030861904761904,0.8872248695257545,0.847420892934547,0.930952380952381,,3100,0.648,2510,False,selective,0.45,0.6906451612903226,2100,R3,0.0,0.0
0.7538709677419355,0.8374836173001311,1.0,0.06322580645161291,0.5354799451780667,0.3529032258064516,clinc150,0,0.6906451612903226,0.05904761904761905,0.639,0.639,0.639,1000,763,0.15,0.04225806451612903,0.9481485108650696,0.9030861904761904,0.8906919089474871,0.8455284552845529,0.940952380952381,,3100,0.639,2510,False,selective,0.45,0.6906451612903226,2100,R3,0.0,0.0
0.765483870967742,0.8308115543328748,0.9950576606260296,0.026451612903225806,0.5335253204771133,0.28838709677419355,clinc150,0,0.7390322580645161,0.05714285714285714,0.604,0.604,0.607,1000,727,0.0,0.026451612903225806,0.9481485108650696,0.9030861904761904,0.8853118712273641,0.8343868520859671,0.9428571428571428,,3100,0.604,2510,False,selective,0.5,0.7390322580645161,2100,R3,0.0,0.003
0.7664516129032258,0.8328729281767956,0.996694214876033,0.027419354838709678,0.5339855158786706,0.28838709677419355,clinc150,0,0.7390322580645161,0.056666666666666664,0.603,0.603,0.605,1000,724,0.025,0.026451612903225806,0.9481485108650696,0.9030861904761904,0.8851653261840929,0.8337542087542088,0.9433333333333334,,3100,0.603,2510,False,selective,0.5,0.7390322580645161,2100,R3,0.0,0.002
0.7680645161290323,0.8331015299026425,0.9983333333333333,0.02903225806451613,0.5357626423116124,0.28838709677419355,clinc150,0,0.7390322580645161,0.056666666666666664,0.599,0.599,0.6,1000,719,0.05,0.026451612903225806,0.9481485108650696,0.9030861904761904,0.884177638919884,0.8320033599328014,0.9433333333333334,,3100,0.599,2510,False,selective,0.5,0.7390322580645161,2100,R3,0.0,0.001
0.7696774193548387,0.8361344537815126,0.9983277591973244,0.03064516129032258,0.5366517751193707,0.28838709677419355,clinc150,0,0.7390322580645161,0.05523809523809524,0.597,0.597,0.598,1000,714,0.075,0.026451612903225806,0.9481485108650696,0.9030861904761904,0.8845296477931343,0.8315171835708298,0.9447619047619048,,3100,0.597,2510,False,selective,0.5,0.7390322580645161,2100,R3,0.0,0.001
0.7725806451612903,0.8453900709219858,1.0,0.03354838709677419,0.5371229886888255,0.28838709677419355,clinc150,0,0.7390322580645161,0.051904761904761905,0.596,0.596,0.596,1000,705,0.1,0.026451612903225806,0.9481485108650696,0.9030861904761904,0.8858731924360401,0.8313152400835073,0.9480952380952381,,3100,0.596,2510,False,selective,0.5,0.7390322580645161,2100,R3,0.0,0.0
0.7796774193548387,0.862371888726208,1.0,0.04064516129032258,0.5404851133667159,0.28838709677419355,clinc150,0,0.7390322580645161,0.04476190476190476,0.589,0.589,0.589,1000,683,0.15,0.026451612903225806,0.9481485108650696,0.9030861904761904,0.8882001328315253,0.829954489035995,0.9552380952380952,,3100,0.589,2510,False,selective,0.5,0.7390322580645161,2100,R3,0.0,0.0
0.7993548387096774,0.860128617363344,0.9962756052141527,0.015483870967741935,0.5546257738083008,0.23193548387096774,clinc150,0,0.7838709677419354,0.04047619047619048,0.535,0.535,0.537,1000,622,0.0,0.015483870967741935,0.9481485108650696,0.9030861904761904,0.8802970729576235,0.8131557707828895,0.9595238095238096,,3100,0.535,2510,False,selective,0.55,0.7838709677419354,2100,R3,0.0,0.002
0.7996774193548387,0.8615136876006442,0.9962756052141527,0.015806451612903227,0.5546257738083008,0.23193548387096774,clinc150,0,0.7838709677419354,0.04,0.535,0.535,0.537,1000,621,0.025,0.015483870967741935,0.9481485108650696,0.9030861904761904,0.8805416029700808,0.8132311415893505,0.96,,3100,0.535,2510,False,selective,0.55,0.7838709677419354,2100,R3,0.0,0.002
0.8006451612903226,0.8656957928802589,0.9981343283582089,0.016774193548387096,0.5546257738083008,0.23193548387096774,clinc150,0,0.7838709677419354,0.039047619047619046,0.535,0.535,0.536,1000,618,0.05,0.015483870967741935,0.9481485108650696,0.9030861904761904,0.8808380619816674,0.8130539887187752,0.960952380952381,,3100,0.535,2510,False,selective,0.55,0.7838709677419354,2100,R3,0.0,0.001
0.8012903225806451,0.8668831168831169,0.9981308411214953,0.017419354838709676,0.5551431834211472,0.23193548387096774,clinc150,0,0.7838709677419354,0.03857142857142857,0.534,0.534,0.535,1000,616,0.075,0.015483870967741935,0.9481485108650696,0.9030861904761904,0.8808900523560209,0.8128019323671497,0.9614285714285714,,3100,0.534,2510,False,selective,0.55,0.7838709677419354,2100,R3,0.0,0.001
0.8019354838709677,0.8680781758957655,1.0,0.01806451612903226,0.555682534828852,0.23193548387096774,clinc150,0,0.7838709677419354,0.03857142857142857,0.533,0.533,0.533,1000,614,0.1,0.015483870967741935,0.9481485108650696,0.9030861904761904,0.880505887483646,0.8121480289621883,0.9614285714285714,,3100,0.533,2510,False,selective,0.55,0.7838709677419354,2100,R3,0.0,0.0
0.8067741935483871,0.8814691151919867,1.0,0.022903225806451613,0.5586998307847524,0.23193548387096774,clinc150,0,0.7838709677419354,0.03380952380952381,0.528,0.528,0.528,1000,599,0.15,0.015483870967741935,0.9481485108650696,0.9030861904761904,0.8819821777874376,0.8112754898040784,0.9661904761904762,,3100,0.528,2510,False,selective,0.55,0.7838709677419354,2100,R3,0.0,0.0
0.8303225806451613,0.8821292775665399,1.0,0.00903225806451613,0.5862770086047223,0.18774193548387097,clinc150,0,0.8212903225806452,0.029523809523809525,0.464,0.464,0.464,1000,526,0.0,0.00903225806451613,0.9481485108650696,0.9030861904761904,0.8720581942661532,0.7917637917637917,0.9704761904761905,,3100,0.464,2510,False,selective,0.6,0.8212903225806452,2100,R3,0.0,0.0
0.8303225806451613,0.8821292775665399,1.0,0.00903225806451613,0.5862770086047223,0.18774193548387097,clinc150,0,0.8212903225806452,0.029523809523809525,0.464,0.464,0.464,1000,526,0.025,0.00903225806451613,0.9481485108650696,0.9030861904761904,0.8720581942661532,0.7917637917637917,0.9704761904761905,,3100,0.464,2510,False,selective,0.6,0.8212903225806452,2100,R3,0.0,0.0
0.8309677419354838,0.8835877862595419,1.0,0.00967741935483871,0.5868659476069918,0.18774193548387097,clinc150,0,0.8212903225806452,0.029047619047619048,0.463,0.463,0.463,1000,524,0.05,0.00903225806451613,0.9481485108650696,0.9030861904761904,0.8721129170230967,0.7915372670807453,0.9709523809523809,,3100,0.463,2510,False,selective,0.6,0.8212903225806452,2100,R3,0.0,0.0
0.8309677419354838,0.8835877862595419,1.0,0.00967741935483871,0.5868659476069918,0.18774193548387097,clinc150,0,0.8212903225806452,0.029047619047619048,0.463,0.463,0.463,1000,524,0.075,0.00903225806451613,0.9481485108650696,0.9030861904761904,0.8721129170230967,0.7915372670807453,0.9709523809523809,,3100,0.463,2510,False,selective,0.6,0.8212903225806452,2100,R3,0.0,0.0
0.8316129032258065,0.8869731800766284,1.0,0.01032258064516129,0.5868659476069918,0.18774193548387097,clinc150,0,0.8212903225806452,0.028095238095238097,0.463,0.463,0.463,1000,522,0.1,0.00903225806451613,0.9481485108650696,0.9030861904761904,0.8725951261222745,0.7916989914662529,0.9719047619047619,,3100,0.463,2510,False,selective,0.6,0.8212903225806452,2100,R3,0.0,0.0
0.8348387096774194,0.89453125,1.0,0.013548387096774193,0.5903539593622695,0.18774193548387097,clinc150,0,0.8212903225806452,0.025714285714285714,0.458,0.458,0.458,1000,512,0.15,0.00903225806451613,0.9481485108650696,0.9030861904761904,0.8728668941979522,0.7905718701700154,0.9742857142857143,,3100,0.458,2510,False,selective,0.6,0.8212903225806452,2100,R3,0.0,0.0
0.8567741935483871,0.8873873873873874,0.9974683544303797,0.003870967741935484,0.6233363247514132,0.15096774193548387,clinc150,0,0.8529032258064516,0.023333333333333334,0.394,0.394,0.395,1000,444,0.0,0.003870967741935484,0.9481485108650696,0.9030861904761904,0.8624894869638352,0.7722138554216867,0.9766666666666667,,3100,0.394,2510,False,selective,0.65,0.8529032258064516,2100,R3,0.0,0.001
0.8574193548387097,0.8914027149321267,1.0,0.004516129032258065,0.6233363247514132,0.15096774193548387,clinc150,0,0.8529032258064516,0.022857142857142857,0.394,0.394,0.394,1000,442,0.025,0.003870967741935484,0.9481485108650696,0.9030861904761904,0.862547288776797,0.7720090293453724,0.9771428571428571,,3100,0.394,2510,False,selective,0.65,0.8529032258064516,2100,R3,0.0,0.0
0.8574193548387097,0.8914027149321267,1.0,0.004516129032258065,0.6233363247514132,0.15096774193548387,clinc150,0,0.8529032258064516,0.022857142857142857,0.394,0.394,0.394,1000,442,0.05,0.003870967741935484,0.9481485108650696,0.9030861904761904,0.862547288776797,0.7720090293453724,0.9771428571428571,,3100,0.394,2510,False,selective,0.65,0.8529032258064516,2100,R3,0.0,0.0
0.857741935483871,0.891156462585034,1.0,0.004838709677419355,0.6240225078567531,0.15096774193548387,clinc150,0,0.8529032258064516,0.022857142857142857,0.393,0.393,0.393,1000,441,0.075,0.003870967741935484,0.9481485108650696,0.9030861904761904,0.8623660432864048,0.7717186912373073,0.9771428571428571,,3100,0.393,2510,False,selective,0.65,0.8529032258064516,2100,R3,0.0,0.0
0.8583870967741936,0.8952164009111617,1.0,0.005483870967741935,0.6240225078567531,0.15096774193548387,clinc150,0,0.8529032258064516,0.021904761904761906,0.393,0.393,0.393,1000,439,0.1,0.003870967741935484,0.9481485108650696,0.9030861904761904,0.8628439403486664,0.7718902668169861,0.9780952380952381,,3100,0.393,2510,False,selective,0.65,0.8529032258064516,2100,R3,0.0,0.0
0.8619354838709677,0.9018691588785047,1.0,0.00903225806451613,0.6291551408757503,0.15096774193548387,clinc150,0,0.8529032258064516,0.02,0.386,0.386,0.386,1000,428,0.15,0.003870967741935484,0.9481485108650696,0.9030861904761904,0.8625314333612741,0.7702095808383234,0.98,,3100,0.386,2510,False,selective,0.65,0.8529032258064516,2100,R3,0.0,0.0
0.8929032258064517,0.9066265060240963,1.0,0.0022580645161290325,0.6836139897329163,0.11161290322580646,clinc150,0,0.8906451612903226,0.014761904761904763,0.301,0.301,0.301,1000,332,0.0,0.0022580645161290325,0.9481485108650696,0.9030861904761904,0.8500410846343468,0.747471098265896,0.9852380952380952,,3100,0.301,2510,False,selective,0.7,0.8906451612903226,2100,R3,0.0,0.0
0.8929032258064517,0.9066265060240963,1.0,0.0022580645161290325,0.6836139897329163,0.11161290322580646,clinc150,0,0.8906451612903226,0.014761904761904763,0.301,0.301,0.301,1000,332,0.025,0.0022580645161290325,0.9481485108650696,0.9030861904761904,0.8500410846343468,0.747471098265896,0.9852380952380952,,3100,0.301,2510,False,selective,0.7,0.8906451612903226,2100,R3,0.0,0.0
0.8932258064516129,0.9063444108761329,1.0,0.0025806451612903226,0.6843450609346371,0.11161290322580646,clinc150,0,0.8906451612903226,0.014761904761904763,0.3,0.3,0.3,1000,331,0.05,0.0022580645161290325,0.9481485108650696,0.9030861904761904,0.8498665023618813,0.7472011556518598,0.9852380952380952,,3100,0.3,2510,False,selective,0.7,0.8906451612903226,2100,R3,0.0,0.0
0.8932258064516129,0.9063444108761329,1.0,0.0025806451612903226,0.6843450609346371,0.11161290322580646,clinc150,0,0.8906451612903226,0.014761904761904763,0.3,0.3,0.3,1000,331,0.075,0.0022580645161290325,0.9481485108650696,0.9030861904761904,0.8498665023618813,0.7472011556518598,0.9852380952380952,,3100,0.3,2510,False,selective,0.7,0.8906451612903226,2100,R3,0.0,0.0
0.8935483870967742,0.9090909090909091,1.0,0.002903225806451613,0.6843450609346371,0.11161290322580646,clinc150,0,0.8906451612903226,0.014285714285714285,0.3,0.3,0.3,1000,330,0.1,0.0022580645161290325,0.9481485108650696,0.9030861904761904,0.8501026694045174,0.7472924187725631,0.9857142857142858,,3100,0.3,2510,False,selective,0.7,0.8906451612903226,2100,R3,0.0,0.0
0.8951612903225806,0.9107692307692308,1.0,0.004516129032258065,0.6875347452185175,0.11161290322580646,clinc150,0,0.8906451612903226,0.01380952380952381,0.296,0.296,0.296,1000,325,0.15,0.0022580645161290325,0.9481485108650696,0.9030861904761904,0.8496410256410256,0.7463063063063063,0.9861904761904762,,3100,0.296,2510,False,selective,0.7,0.8906451612903226,2100,R3,0.0,0.0
0.922258064516129,0.9253112033195021,1.0,0.0012903225806451613,0.7431492783223879,0.08032258064516129,clinc150,0,0.9209677419354839,0.008571428571428572,0.223,0.223,0.223,1000,241,0.0,0.0012903225806451613,0.9481485108650696,0.9030861904761904,0.8396854204476709,0.7282266526757608,0.9914285714285714,,3100,0.223,2510,False,selective,0.75,0.9209677419354839,2100,R3,0.0,0.0
0.9225806451612903,0.9291666666666667,1.0,0.0016129032258064516,0.7431492783223879,0.08032258064516129,clinc150,0,0.9209677419354839,0.008095238095238095,0.223,0.223,0.223,1000,240,0.025,0.0012903225806451613,0.9481485108650696,0.9030861904761904,0.8399193548387096,0.7283216783216783,0.991904761904762,,3100,0.223,2510,False,selective,0.75,0.9209677419354839,2100,R3,0.0,0.0
0.9225806451612903,0.9291666666666667,1.0,0.0016129032258064516,0.7431492783223879,0.08032258064516129,clinc150,0,0.9209677419354839,0.008095238095238095,0.223,0.223,0.223,1000,240,0.05,0.0012903225806451613,0.9481485108650696,0.9030861904761904,0.8399193548387096,0.7283216783216783,0.991904761904762,,3100,0.223,2510,False,selective,0.75,0.9209677419354839,2100,R3,0.0,0.0
0.9225806451612903,0.9291666666666667,1.0,0.0016129032258064516,0.7431492783223879,0.08032258064516129,clinc150,0,0.9209677419354839,0.008095238095238095,0.223,0.223,0.223,1000,240,0.075,0.0012903225806451613,0.9481485108650696,0.9030861904761904,0.8399193548387096,0.7283216783216783,0.991904761904762,,3100,0.223,2510,False,selective,0.75,0.9209677419354839,2100,R3,0.0,0.0
0.9225806451612903,0.9291666666666667,1.0,0.0016129032258064516,0.7431492783223879,0.08032258064516129,clinc150,0,0.9209677419354839,0.008095238095238095,0.223,0.223,0.223,1000,240,0.1,0.0012903225806451613,0.9481485108650696,0.9030861904761904,0.8399193548387096,0.7283216783216783,0.991904761904762,,3100,0.223,2510,False,selective,0.75,0.9209677419354839,2100,R3,0.0,0.0
0.9232258064516129,0.9327731092436975,1.0,0.0022580645161290325,0.7439961951411717,0.08032258064516129,clinc150,0,0.9209677419354839,0.007619047619047619,0.222,0.222,0.222,1000,238,0.15,0.0012903225806451613,0.9481485108650696,0.9030861904761904,0.8399838774687626,0.7281621243885394,0.9923809523809524,,3100,0.222,2510,False,selective,0.75,0.9209677419354839,2100,R3,0.0,0.0
0.9416129032258065,0.9447513812154696,1.0,0.000967741935483871,0.7881346379200576,0.06032258064516129,clinc150,0,0.9406451612903226,0.004761904761904762,0.171,0.171,0.171,1000,181,0.0,0.000967741935483871,0.9481485108650696,0.9030861904761904,0.8328352261406655,0.7159986296676945,0.9952380952380953,,3100,0.171,2510,False,selective,0.8,0.9406451612903226,2100,R3,0.0,0.0
0.9416129032258065,0.9447513812154696,1.0,0.000967741935483871,0.7881346379200576,0.06032258064516129,clinc150,0,0.9406451612903226,0.004761904761904762,0.171,0.171,0.171,1000,181,0.025,0.000967741935483871,0.9481485108650696,0.9030861904761904,0.8328352261406655,0.7159986296676945,0.9952380952380953,,3100,0.171,2510,False,selective,0.8,0.9406451612903226,2100,R3,0.0,0.0
0.9416129032258065,0.9447513812154696,1.0,0.000967741935483871,0.7881346379200576,0.06032258064516129,clinc150,0,0.9406451612903226,0.004761904761904762,0.171,0.171,0.171,1000,181,0.05,0.000967741935483871,0.9481485108650696,0.9030861904761904,0.8328352261406655,0.7159986296676945,0.9952380952380953,,3100,0.171,2510,False,selective,0.8,0.9406451612903226,2100,R3,0.0,0.0
0.9416129032258065,0.9447513812154696,1.0,0.000967741935483871,0.7881346379200576,0.06032258064516129,clinc150,0,0.9406451612903226,0.004761904761904762,0.171,0.171,0.171,1000,181,0.075,0.000967741935483871,0.9481485108650696,0.9030861904761904,0.8328352261406655,0.7159986296676945,0.9952380952380953,,3100,0.171,2510,False,selective,0.8,0.9406451612903226,2100,R3,0.0,0.0
0.9416129032258065,0.9447513812154696,1.0,0.000967741935483871,0.7881346379200576,0.06032258064516129,clinc150,0,0.9406451612903226,0.004761904761904762,0.171,0.171,0.171,1000,181,0.1,0.000967741935483871,0.9481485108650696,0.9030861904761904,0.8328352261406655,0.7159986296676945,0.9952380952380953,,3100,0.171,2510,False,selective,0.8,0.9406451612903226,2100,R3,0.0,0.0
0.9419354838709677,0.95,1.0,0.0012903225806451613,0.7881346379200576,0.06032258064516129,clinc150,0,0.9406451612903226,0.004285714285714286,0.171,0.171,0.171,1000,180,0.15,0.000967741935483871,0.9481485108650696,0.9030861904761904,0.8330677290836654,0.7160958904109589,0.9957142857142857,,3100,0.171,2510,True,selective,0.8,0.9406451612903226,2100,R3,0.0,0.0
,,,,,,banking77_open,,,,,0.926923076923077,,,,,,,,,,,0.001,,,2510,,R0,,,,,,
,,,,,,banking77_open,,,,,0.926923076923077,,,,,,,,,,,0.01,,,2510,,R0,,,,,,
,,,,,,banking77_open,,,,,0.9230769230769231,,,,,,,,,,,0.1,,,2510,,R0,,,,,,
,,,,,,banking77_open,,,,,0.8836538461538461,,,,,,,0.8152045891435022,,,,0.0001,,,2510,,R2,,,,,,
,,,,,,banking77_open,,,,,0.8836538461538461,,,,,,,0.8149288286089159,,,,0.001,,,2510,,R2,,,,,,
,,,,,,banking77_open,,,,,0.8826923076923077,,,,,,,0.8147270619107192,,,,0.01,,,2510,,R2,,,,,,
,,,,,,banking77_open,,,,,0.8798076923076923,,,,,,,0.8155505293992006,,,,0.1,,,2510,,R2,,,,,,
0.2277450154450997,0.3210909090909091,0.8928210313447927,0.0,0.5088748902711879,0.7722549845549003,banking77_open,0,0.2277450154450997,0.6985323284410948,0.8613835862296676,0.8490384615384615,0.9509615384615384,1040,2750,0.0,0.0,0.8971849816019136,0.8152045891435022,0.4561824729891957,0.93711467324291,0.3014676715589052,,3561,0.8490384615384615,2510,False,selective,0.2,0.2277450154450997,2521,MAX_THRESHOLD,0.5714285714285714,0.10192307692307692
0.3105869137882617,0.3535641547861507,0.9004149377593361,0.0,0.5102150587595119,0.6894130862117382,banking77_open,0,0.3105869137882617,0.5914319714399048,0.8481593035531431,0.8346153846153846,0.926923076923077,1040,2455,0.0,0.0,0.8971849816019136,0.8152045891435022,0.5679625034463744,0.9312839059674503,0.4085680285600952,,3561,0.8346153846153846,2510,False,selective,0.25,0.3105869137882617,2521,MAX_THRESHOLD,0.5714285714285714,0.09230769230769231
0.40157259196854816,0.39183481933364617,0.9095860566448801,0.0,0.5143685523295641,0.5984274080314519,banking77_open,0,0.40157259196854816,0.48115827052756843,0.8196569990971393,0.8028846153846154,0.8826923076923077,1040,2131,0.0,0.0,0.8971849816019136,0.8152045891435022,0.6621108580106303,0.9146853146853147,0.5188417294724316,,3561,0.8028846153846154,2510,False,selective,0.3,0.40157259196854816,2521,MAX_THRESHOLD,0.5714285714285714,0.0798076923076923
0.4931199101376018,0.4343490304709141,0.9169590643274854,0.0,0.5229303476531133,0.5068800898623982,banking77_open,0,0.4931199101376018,0.3768345894486315,0.7732798043552976,0.7538461538461538,0.8221153846153846,1040,1805,0.0,0.0,0.8971849816019136,0.8152045891435022,0.734627075052607,0.8946469248291572,0.6231654105513685,,3561,0.7538461538461538,2510,True,selective,0.35,0.4931199101376018,2521,MAX_THRESHOLD,0.5294117647058824,0.06826923076923076
0.586352148272957,0.49287169042769857,0.928388746803069,0.0,0.5357530784509589,0.413647851727043,banking77_open,0,0.586352148272957,0.27409758032526776,0.7101763596603552,0.698076923076923,0.7519230769230769,1040,1473,0.0,0.0,0.8971849816019136,0.8152045891435022,0.7940985029290518,0.8764367816091954,0.7259024196747322,,3561,0.698076923076923,2510,False,selective,0.4,0.586352148272957,2521,MAX_THRESHOLD,0.38095238095238093,0.05384615384615385
0.6632968267340634,0.5412844036697247,0.9324712643678161,0.0,0.5568547359712073,0.3367031732659365,banking77_open,0,0.6632968267340634,0.19952399841332805,0.638013436465121,0.6240384615384615,0.6692307692307692,1040,1199,0.0,0.0,0.8971849816019136,0.8152045891435022,0.8265410608232644,0.8543607112616427,0.800476001586672,,3561,0.6240384615384615,2510,False,selective,0.45,0.6632968267340634,2521,MAX_THRESHOLD,0.34615384615384615,0.04519230769230769
0.7368716652625666,0.6051227321237994,0.9418604651162791,0.0,0.5848490338923867,0.2631283347374333,banking77_open,0,0.7368716652625666,0.13288377627925427,0.5572940332240468,0.5451923076923076,0.5788461538461539,1040,937,0.0,0.0,0.8971849816019136,0.8152045891435022,0.8497570456754131,0.833079268292683,0.8671162237207457,,3561,0.5451923076923076,2510,False,selective,0.5,0.7368716652625666,2521,MAX_THRESHOLD,0.23076923076923078,0.03365384615384615
0.7986520640269588,0.6736401673640168,0.9489194499017681,0.0,0.6195158649664769,0.2013479359730413,banking77_open,0,0.7986520640269588,0.08250694168980563,0.47358735287067083,0.46442307692307694,0.4894230769230769,1040,717,0.0,0.0,0.8971849816019136,0.8152045891435022,0.862255358807083,0.8132911392405063,0.9174930583101943,,3561,0.46442307692307694,2510,False,selective,0.55,0.7986520640269588,2521,MAX_THRESHOLD,0.19047619047619047,0.025
0.8522886829542263,0.7300380228136882,0.9528535980148883,0.0,0.6684220983246056,0.14771131704577367,banking77_open,0,0.8522886829542263,0.04879016263387544,0.37545175086048777,0.36923076923076925,0.3875,1040,526,0.0,0.0,0.8971849816019136,0.8152045891435022,0.8632109431245502,0.7901153212520593,0.9512098373661245,,3561,0.36923076923076925,2510,False,selective,0.6,0.8522886829542263,2521,MAX_THRESHOLD,0.11538461538461539,0.01826923076923077
0.891884302162314,0.7818181818181819,0.9647435897435898,0.0,0.716670828162607,0.10811569783768604,banking77_open,0,0.891884302162314,0.02895676318921063,0.2987208550109957,0.28942307692307695,0.3,1040,385,0.0,0.0,0.8971849816019136,0.8152045891435022,0.8593996840442338,0.7707808564231738,0.9710432368107894,,3561,0.28942307692307695,2510,False,selective,0.65,0.891884302162314,2521,MAX_THRESHOLD,0.07692307692307693,0.010576923076923078
0.9202471215950576,0.8309859154929577,0.9752066115702479,0.0,0.7601637955787836,0.07975287840494243,banking77_open,0,0.9202471215950576,0.016660055533518445,0.23240855895324178,0.22692307692307692,0.2326923076923077,1040,284,0.0,0.0,0.8971849816019136,0.8152045891435022,0.855122456019317,0.7564845895636253,0.9833399444664815,,3561,0.22692307692307692,2510,False,selective,0.7,0.9202471215950576,2521,MAX_THRESHOLD,0.03125,0.0057692307692307696
0.9415894411682112,0.8798076923076923,0.9891891891891892,0.0,0.800007737809934,0.05841055883178883,banking77_open,0,0.9415894411682112,0.009123363744545815,0.18009472402720364,0.17596153846153847,0.1778846153846154,1040,208,0.0,0.0,0.8971849816019136,0.8152045891435022,0.8505277494041539,0.7450044736057262,0.9908766362554542,,3561,0.17596153846153847,2510,False,selective,0.75,0.9415894411682112,2521,MAX_THRESHOLD,0.0,0.0019230769230769232
0.9615276607694467,0.927007299270073,1.0,0.0,0.8476884148785545,0.03847233923055322,banking77_open,0,0.9615276607694467,0.003966679888932963,0.12360750719886866,0.12211538461538461,0.12211538461538461,1040,137,0.0,0.0,0.8971849816019136,0.8152045891435022,0.8447434819175779,0.7333528037383178,0.996033320111067,,3561,0.12211538461538461,2510,False,selective,0.8,0.9615276607694467,2521,MAX_THRESHOLD,0.0,0.0
0.7163718056725639,0.3425742574257426,0.9637883008356546,0.4886267902274642,0.850693197968966,1.919966301600674,banking77_open,0,0.2277450154450997,0.2582308607695359,0.346075613251869,0.3326923076923077,0.3451923076923077,1040,1010,0.0,0.4886267902274642,0.8971849816019136,0.8152045891435022,0.7373817034700316,0.733045864366915,0.7417691392304641,,3561,0.3326923076923077,2510,False,selective,0.2,0.2277450154450997,2521,R3,0.03571428571428571,0.0125
0.7211457455770851,0.34843907351460224,0.9637883008356546,0.4934007301319854,0.850693197968966,1.919966301600674,banking77_open,0,0.2277450154450997,0.2514875049583499,0.346075613251869,0.3326923076923077,0.3451923076923077,1040,993,0.025,0.4886267902274642,0.8971849816019136,0.8152045891435022,0.7415995283945765,0.7348130841121495,0.7485124950416502,,3561,0.3326923076923077,2510,False,selective,0.2,0.2277450154450997,2521,R3,0.03571428571428571,0.0125
0.7329401853411963,0.3617245005257624,0.9690140845070423,0.5051951698960966,0.8508559596550271,1.919966301600674,banking77_open,0,0.2277450154450997,0.2364141213804046,0.34464670160623906,0.33076923076923076,0.34134615384615385,1040,951,0.05,0.4886267902274642,0.8971849816019136,0.8152045891435022,0.7503410641200545,0.7375478927203065,0.7635858786195954,,3561,0.33076923076923076,2510,False,selective,0.2,0.2277450154450997,2521,R3,0.02631578947368421,0.010576923076923078
0.7500702049985959,0.3831460674157303,0.9715099715099715,0.5223251895534962,0.8511526296084674,1.919966301600674,banking77_open,0,0.2277450154450997,0.2138040460134867,0.34237902102973494,0.3278846153846154,0.3375,1040,890,0.075,0.4886267902274642,0.8971849816019136,0.8152045891435022,0.763482280431433,0.7420441782104081,0.7861959539865133,,3561,0.3278846153846154,2510,False,selective,0.2,0.2277450154450997,2521,R3,0.02631578947368421,0.009615384615384616
0.7655153046896939,0.40479041916167663,0.976878612716763,0.5377702892445942,0.8514646557910865,1.919966301600674,banking77_open,0,0.2277450154450997,0.1939706465688219,0.3400771716690621,0.325,0.3326923076923077,1040,835,0.1,0.4886267902274642,0.8971849816019136,0.8152045891435022,0.7745378311416047,0.7454145267791636,0.8060293534311781,,3561,0.325,2510,False,selective,0.2,0.2277450154450997,2521,R3,0.02631578947368421,0.007692307692307693
0.7989328840213423,0.4553072625698324,0.9848942598187311,0.5711878685762426,0.8531411414441021,1.919966301600674,banking77_open,0,0.2277450154450997,0.15271717572391907,0.3300106113857835,0.31346153846153846,0.31826923076923075,1040,716,0.15,0.4886267902274642,0.8971849816019136,0.8152045891435022,0.7961237420797616,0.7507908611599297,0.8472828242760809,,3561,0.31346153846153846,2510,False,selective,0.2,0.2277450154450997,2521,R3,0.0,0.004807692307692308
0.6725638865487222,0.36792452830188677,0.955456570155902,0.36197697276046054,0.8063760304278589,1.3850042122999158,banking77_open,0,0.3105869137882617,0.28441094803649347,0.4278202382477037,0.4125,0.43173076923076925,1040,1166,0.0,0.36197697276046054,0.8971849816019136,0.8152045891435022,0.7339300244100894,0.7532359081419624,0.7155890519635065,,3561,0.4125,2510,False,selective,0.25,0.3105869137882617,2521,R3,0.10714285714285714,0.019230769230769232
0.6778994664420107,0.3722755013077594,0.9595505617977528,0.36731255265374896,0.8065944523896825,1.3850042122999158,banking77_open,0,0.3105869137882617,0.27846092820309404,0.42635383972248164,0.41057692307692306,0.42788461538461536,1040,1147,0.025,0.36197697276046054,0.8971849816019136,0.8152045891435022,0.7371833839918946,0.7535211267605634,0.721539071796906,,3561,0.41057692307692306,2510,False,selective,0.25,0.3105869137882617,2521,R3,0.10714285714285714,0.01730769230769231
0.686043246279135,0.3819320214669052,0.9617117117117117,0.37545633249087335,0.8065944523896825,1.3850042122999158,banking77_open,0,0.3105869137882617,0.2673542245140817,0.42635383972248164,0.41057692307692306,0.4269230769230769,1040,1118,0.05,0.36197697276046054,0.8971849816019136,0.8152045891435022,0.7441579371474617,0.7560376586164552,0.7326457754859182,,3561,0.41057692307692306,2510,False,selective,0.25,0.3105869137882617,2521,R3,0.10714285714285714,0.016346153846153847
0.7034540859309183,0.4005681818181818,0.9679633867276888,0.39286717214265654,0.807122606517351,1.3850042122999158,banking77_open,0,0.3105869137882617,0.2455374851249504,0.42293675399770364,0.40673076923076923,0.4201923076923077,1040,1056,0.075,0.36197697276046054,0.8971849816019136,0.8152045891435022,0.7568643056108237,0.7592814371257485,0.7544625148750496,,3561,0.40673076923076923,2510,False,selective,0.25,0.3105869137882617,2521,R3,0.10714285714285714,0.013461538461538462
0.7222690255546195,0.4236602628918099,0.9744186046511628,0.4116821117663578,0.8076728684284208,1.3850042122999158,banking77_open,0,0.3105869137882617,0.22173740579135265,0.41925995108816416,0.4028846153846154,0.41346153846153844,1040,989,0.1,0.36197697276046054,0.8971849816019136,0.8152045891435022,0.7704692715491852,0.7628304821150855,0.7782625942086474,,3561,0.4028846153846154,2510,False,selective,0.25,0.3105869137882617,2521,R3,0.08695652173913043,0.010576923076923078
0.7584948048301039,0.46744186046511627,0.9804878048780488,0.4479078910418422,0.8104611827472581,1.3850042122999158,banking77_open,0,0.3105869137882617,0.17850059500198334,0.40473434067275854,0.38653846153846155,0.3942307692307692,1040,860,0.15,0.36197697276046054,0.8971849816019136,0.8152045891435022,0.7931826886250479,0.7667530544242873,0.8214994049980167,,3561,0.38653846153846155,2510,False,selective,0.25,0.3105869137882617,2521,R3,0.07142857142857142,0.007692307692307693
0.6540297669194046,0.3969155844155844,0.9607072691552063,0.2524571749508565,0.7598371840868137,1.0067396798652064,banking77_open,0,0.40157259196854816,0.2867909559698532,0.48616201223712585,0.4701923076923077,0.4894230769230769,1040,1232,0.0,0.2524571749508565,0.8971849816019136,0.8152045891435022,0.7414432989690721,0.7720051524259339,0.7132090440301467,,3561,0.4701923076923077,2510,False,selective,0.3,0.40157259196854816,2521,R3,0.17857142857142858,0.019230769230769232
0.6568379668632407,0.4001636661211129,0.9625984251968503,0.2552653748946925,0.7598371840868137,1.0067396798652064,banking77_open,0,0.40157259196854816,0.2832209440698136,0.48616201223712585,0.4701923076923077,0.48846153846153845,1040,1222,0.025,0.2524571749508565,0.8971849816019136,0.8152045891435022,0.7436213991769547,0.7725523728088927,0.7167790559301864,,3561,0.4701923076923077,2510,False,selective,0.3,0.40157259196854816,2521,R3,0.17857142857142858,0.01826923076923077
0.6661050266778995,0.4095878889823381,0.9624505928853755,0.2645324347093513,0.7601314847464855,1.0067396798652064,banking77_open,0,0.40157259196854816,0.2709242364141214,0.4844216711302689,0.46826923076923077,0.48653846153846153,1040,1189,0.05,0.2524571749508565,0.8971849816019136,0.8152045891435022,0.7512773349683219,0.7748735244519392,0.7290757635858787,,3561,0.46826923076923077,2510,False,selective,0.3,0.40157259196854816,2521,R3,0.17857142857142858,0.01826923076923077
0.6815501263689975,0.42680776014109345,0.9660678642714571,0.2799775344004493,0.760652142566549,1.0067396798652064,banking77_open,0,0.40157259196854816,0.25109083696945655,0.48152705508987287,0.4653846153846154,0.48173076923076924,1040,1134,0.075,0.2524571749508565,0.8971849816019136,0.8152045891435022,0.7631366208569119,0.7779151215492377,0.7489091630305434,,3561,0.4653846153846154,2510,False,selective,0.3,0.40157259196854816,2521,R3,0.17857142857142858,0.016346153846153847
0.6972760460544791,0.4461966604823748,0.9736842105263158,0.2957034540859309,0.7611718282654805,1.0067396798652064,banking77_open,0,0.40157259196854816,0.23165410551368504,0.47858514997405466,0.4625,0.475,1040,1078,0.1,0.2524571749508565,0.8971849816019136,0.8152045891435022,0.7741806554756195,0.7801047120418848,0.768345894486315,,3561,0.4625,2510,False,selective,0.3,0.40157259196854816,2521,R3,0.13043478260869565,0.0125
0.7335018253299634,0.48366701791359323,0.9807692307692307,0.33192923336141533,0.7658034632763946,1.0067396798652064,banking77_open,0,0.40157259196854816,0.19079730265767553,0.4583073364835715,0.44134615384615383,0.45,1040,949,0.15,0.2524571749508565,0.8971849816019136,0.8152045891435022,0.7948568088836938,0.781010719754977,0.8092026973423245,,3561,0.44134615384615383,2510,False,selective,0.3,0.40157259196854816,2521,R3,0.10714285714285714,0.008653846153846154
0.6540297669194046,0.4301948051948052,0.9498207885304659,0.16090985678180286,0.7142039867060211,0.7363100252737995,banking77_open,0,0.4931199101376018,0.2673542245140817,0.5297921888344427,0.5096153846153846,0.5365384615384615,1040,1232,0.0,0.16090985678180286,0.8971849816019136,0.8152045891435022,0.7616494845360825,0.7930442249892657,0.7326457754859182,,3561,0.5096153846153846,2510,False,selective,0.35,0.4931199101376018,2521,R3,0.19444444444444445,0.026923076923076925
0.6576804268463915,0.4331419196062346,0.9530685920577617,0.16456051670878966,0.7145872481608904,0.7363100252737995,banking77_open,0,0.4931199101376018,0.26378421261404206,0.5280733948079563,0.5076923076923077,0.5326923076923077,1040,1219,0.025,0.16090985678180286,0.8971849816019136,0.8152045891435022,0.7633148262389472,0.7924850555081128,0.7362157873859579,,3561,0.5076923076923077,2510,False,selective,0.35,0.4931199101376018,2521,R3,0.19444444444444445,0.025
0.6672283066554339,0.4421940928270042,0.9562043795620438,0.17410839651783208,0.7153903924774391,0.7363100252737995,banking77_open,0,0.4931199101376018,0.25267750892502977,0.5244951151427202,0.5038461538461538,0.5269230769230769,1040,1185,0.05,0.16090985678180286,0.8971849816019136,0.8152045891435022,0.7694506840923014,0.7929292929292929,0.7473224910749703,,3561,0.5038461538461538,2510,False,selective,0.35,0.4931199101376018,2521,R3,0.17857142857142858,0.023076923076923078
0.6798652064026959,0.4570175438596491,0.9559633027522936,0.18674529626509406,0.7160429483046569,0.7363100252737995,banking77_open,0,0.4931199101376018,0.2360174533915113,0.5218485124961175,0.5009615384615385,0.5240384615384616,1040,1140,0.075,0.16090985678180286,0.8971849816019136,0.8152045891435022,0.7794415216511534,0.7955390334572491,0.7639825466084887,,3561,0.5009615384615385,2510,False,selective,0.35,0.4931199101376018,2521,R3,0.17857142857142858,0.023076923076923078
0.6933445661331087,0.4706959706959707,0.9625468164794008,0.20022465599550687,0.7177080461952544,0.7363100252737995,banking77_open,0,0.4931199101376018,0.22134073780245933,0.5154492333064095,0.49423076923076925,0.5134615384615384,1040,1092,0.1,0.16090985678180286,0.8971849816019136,0.8152045891435022,0.7867735470941883,0.7950587282300526,0.7786592621975407,,3561,0.49423076923076925,2510,False,selective,0.35,0.4931199101376018,2521,R3,0.14285714285714285,0.019230769230769232
0.7287278854254423,0.5113871635610766,0.9743589743589743,0.2356079752878405,0.7230503998465434,0.7363100252737995,banking77_open,0,0.4931199101376018,0.182070606902023,0.49634920181950015,0.475,0.4875,1040,966,0.15,0.16090985678180286,0.8971849816019136,0.8152045891435022,0.8060985144644253,0.7946050096339113,0.817929393097977,,3561,0.475,2510,False,selective,0.35,0.4931199101376018,2521,R3,0.10714285714285714,0.0125
0.6863240662735187,0.4905998209489705,0.956369982547993,0.09997191800056164,0.6769489186788477,0.537208649255827,banking77_open,0,0.586352148272957,0.2157873859579532,0.5383997888635941,0.5269230769230769,0.5509615384615385,1040,1117,0.0,0.09997191800056164,0.8971849816019136,0.8152045891435022,0.7963746223564954,0.8089198036006546,0.7842126140420468,,3561,0.5269230769230769,2510,False,selective,0.4,0.586352148272957,2521,R3,0.19047619047619047,0.02403846153846154
0.6874473462510531,0.49236298292902064,0.958041958041958,0.10109519797809605,0.6769489186788477,0.537208649255827,banking77_open,0,0.586352148272957,0.21459738199127332,0.5383997888635941,0.5269230769230769,0.55,1040,1113,0.025,0.09997191800056164,0.8971849816019136,0.8152045891435022,0.7969410344133628,0.8088235294117647,0.7854026180087267,,3561,0.5269230769230769,2510,False,selective,0.4,0.586352148272957,2521,R3,0.19047619047619047,0.023076923076923078
0.6930637461387251,0.4977127172918573,0.9611307420494699,0.10671159786576805,0.6780323335045185,0.537208649255827,banking77_open,0,0.586352148272957,0.20904403014676715,0.5346688840457328,0.5230769230769231,0.5442307692307692,1040,1093,0.05,0.09997191800056164,0.8971849816019136,0.8152045891435022,0.7993585888955702,0.8079416531604539,0.7909559698532328,,3561,0.5230769230769231,2510,False,selective,0.4,0.586352148272957,2521,R3,0.19047619047619047,0.021153846153846155
0.6992417860151643,0.5070028011204482,0.9627659574468085,0.11288963774220724,0.678337943438656,0.537208649255827,banking77_open,0,0.586352148272957,0.20111067036890123,0.533554056843949,0.5221153846153846,0.5423076923076923,1040,1071,0.075,0.09997191800056164,0.8971849816019136,0.8152045891435022,0.8038315705448015,0.8088353413654619,0.7988893296310988,,3561,0.5221153846153846,2510,False,selective,0.4,0.586352148272957,2521,R3,0.19047619047619047,0.020192307692307693
0.7101937657961247,0.5213178294573644,0.9676258992805755,0.12384161752316765,0.6797416630626711,0.537208649255827,banking77_open,0,0.586352148272957,0.18881396271320905,0.5286353412228922,0.5173076923076924,0.5346153846153846,1040,1032,0.1,0.09997191800056164,0.8971849816019136,0.8152045891435022,0.8099009900990098,0.8086200079082642,0.811186037286791,,3561,0.5173076923076924,2510,False,selective,0.4,0.586352148272957,2521,R3,0.19047619047619047,0.01730769230769231
0.7349059253018815,0.548728813559322,0.9792060491493384,0.14855377702892447,0.6859122035040534,0.537208649255827,banking77_open,0,0.586352148272957,0.16461721539071797,0.5087390836889207,0.4980769230769231,0.5086538461538461,1040,944,0.15,0.09997191800056164,0.8971849816019136,0.8152045891435022,0.8197742312183728,0.8047382499044707,0.8353827846092821,,3561,0.4980769230769231,2510,False,selective,0.4,0.586352148272957,2521,R3,0.14285714285714285,0.010576923076923078
0.7214265655714687,0.5362903225806451,0.948306595365419,0.05812973883740522,0.6545354297340428,0.40325751193484977,banking77_open,0,0.6632968267340634,0.17096390321301072,0.5242923965849455,0.5115384615384615,0.5394230769230769,1040,992,0.0,0.05812973883740522,0.8971849816019136,0.8152045891435022,0.8212180746561886,0.8135461268976255,0.8290360967869893,,3561,0.5115384615384615,2510,False,selective,0.45,0.6632968267340634,2521,R3,0.19444444444444445,0.027884615384615386
0.7222690255546195,0.537917087967644,0.948306595365419,0.05897219882055602,0.6545354297340428,0.40325751193484977,banking77_open,0,0.6632968267340634,0.16977389924633082,0.5242923965849455,0.5115384615384615,0.5394230769230769,1040,989,0.025,0.05812973883740522,0.8971849816019136,0.8152045891435022,0.8219124288238758,0.8137636080870918,0.8302261007536692,,3561,0.5115384615384615,2510,False,selective,0.45,0.6632968267340634,2521,R3,0.19444444444444445,0.027884615384615386
0.7270429654591407,0.5432098765432098,0.9530685920577617,0.06374613872507723,0.6558669275131516,0.40325751193484977,banking77_open,0,0.6632968267340634,0.16580721935739787,0.5208208574676264,0.5076923076923077,0.5326923076923077,1040,972,0.05,0.05812973883740522,0.8971849816019136,0.8152045891435022,0.823091976516634,0.8122827346465817,0.8341927806426022,,3561,0.5076923076923077,2510,False,selective,0.45,0.6632968267340634,2521,R3,0.19444444444444445,0.025
0.7329401853411963,0.5509989484752892,0.9562043795620438,0.06964335860713283,0.6572835794689124,0.40325751193484977,banking77_open,0,0.6632968267340634,0.1598571995239984,0.5165082185396028,0.5038461538461538,0.5269230769230769,1040,951,0.075,0.05812973883740522,0.8971849816019136,0.8152045891435022,0.8255700643149484,0.8114942528735632,0.8401428004760015,,3561,0.5038461538461538,2510,False,selective,0.45,0.6632968267340634,2521,R3,0.19444444444444445,0.023076923076923078
0.7402415051951698,0.5589189189189189,0.9591836734693877,0.07694467846110643,0.6599927242864756,0.40325751193484977,banking77_open,0,0.6632968267340634,0.15311384371281236,0.5100080024682674,0.4971153846153846,0.5182692307692308,1040,925,0.1,0.05812973883740522,0.8971849816019136,0.8152045891435022,0.8280007756447548,0.8099393019726859,0.8468861562871877,,3561,0.4971153846153846,2510,False,selective,0.45,0.6632968267340634,2521,R3,0.17857142857142858,0.021153846153846155
0.7584948048301039,0.5813953488372093,0.970873786407767,0.09519797809604044,0.6666245378760678,0.40325751193484977,banking77_open,0,0.6632968267340634,0.13685045616818722,0.49367984706009027,0.4807692307692308,0.4951923076923077,1040,860,0.15,0.05812973883740522,0.8971849816019136,0.8152045891435022,0.8333971658368441,0.8056275453535727,0.8631495438318127,,3561,0.4807692307692308,2510,False,selective,0.45,0.6632968267340634,2521,R3,0.10714285714285714,0.014423076923076924
0.7714125245717495,0.6117936117936118,0.9595375722543352,0.03454085930918281,0.6440292484496736,0.3001965739960685,banking77_open,0,0.7368716652625666,0.11701705672352242,0.48663762160157525,0.47884615384615387,0.49903846153846154,1040,814,0.0,0.03454085930918281,0.8971849816019136,0.8152045891435022,0.8451025056947609,0.8103385511467055,0.8829829432764776,,3561,0.47884615384615387,2510,False,selective,0.5,0.7368716652625666,2521,R3,0.17391304347826086,0.020192307692307693
0.7722549845549003,0.6128236744759556,0.9613152804642167,0.03538331929233361,0.64440556630625,0.3001965739960685,banking77_open,0,0.7368716652625666,0.11662038873462911,0.4858834737886039,0.4778846153846154,0.4971153846153846,1040,811,0.025,0.03454085930918281,0.8971849816019136,0.8152045891435022,0.8450009485866059,0.8098181818181818,0.8833796112653709,,3561,0.4778846153846154,2510,False,selective,0.5,0.7368716652625666,2521,R3,0.17391304347826086,0.019230769230769232
0.7742207245155855,0.6156716417910447,0.9611650485436893,0.03734905925301882,0.6451909478389007,0.3001965739960685,banking77_open,0,0.7368716652625666,0.11463704879016264,0.4841850297824676,0.47596153846153844,0.4951923076923077,1040,804,0.05,0.03454085930918281,0.8971849816019136,0.8152045891435022,0.845774914740432,0.809575625680087,0.8853629512098373,,3561,0.47596153846153844,2510,False,selective,0.5,0.7368716652625666,2521,R3,0.17391304347826086,0.019230769230769232
0.7775905644481887,0.6237373737373737,0.9629629629629629,0.040718899185622014,0.6455715137284428,0.3001965739960685,banking77_open,0,0.7368716652625666,0.11067036890122967,0.4827605283579662,0.475,0.4932692307692308,1040,792,0.075,0.03454085930918281,0.8971849816019136,0.8152045891435022,0.8476370510396974,0.8096785843264717,0.8893296310987703,,3561,0.475,2510,False,selective,0.5,0.7368716652625666,2521,R3,0.17391304347826086,0.01826923076923077
0.7823645043527099,0.6296774193548387,0.9644268774703557,0.04549283909014322,0.6480863671879783,0.3001965739960685,banking77_open,0,0.7368716652625666,0.10670368901229671,0.4777806936147043,0.46923076923076923,0.48653846153846153,1040,775,0.1,0.03454085930918281,0.8971849816019136,0.8152045891435022,0.8486904088939138,0.8083273510409189,0.8932963109877033,,3561,0.46923076923076923,2510,False,selective,0.5,0.7368716652625666,2521,R3,0.17391304347826086,0.01730769230769231
0.7927548441449032,0.6449864498644986,0.9694501018329938,0.055883178882336425,0.6539169273882095,0.3001965739960685,banking77_open,0,0.7368716652625666,0.09797699325664419,0.4677283985793776,0.4576923076923077,0.4721153846153846,1040,738,0.15,0.03454085930918281,0.8971849816019136,0.8152045891435022,0.8510479041916168,0.8055260361317748,0.9020230067433558,,3561,0.4576923076923077,2510,False,selective,0.5,0.7368716652625666,2521,R3,0.17142857142857143,0.014423076923076924
0.8157820836843583,0.6859756097560976,0.9594882729211087,0.017130019657399607,0.6517107700685095,0.2187587756248245,banking77_open,0,0.7986520640269588,0.07417691392304641,0.43891856065405843,0.4326923076923077,0.45096153846153847,1040,656,0.0,0.017130019657399607,0.8971849816019136,0.8152045891435022,0.8603022484334685,0.8034423407917384,0.9258230860769536,,3561,0.4326923076923077,2510,False,selective,0.55,0.7986520640269588,2521,R3,0.14285714285714285,0.01826923076923077
0.8163437236731256,0.6865443425076453,0.9594017094017094,0.017691659646166806,0.652176798555781,0.2187587756248245,banking77_open,0,0.7986520640269588,0.07378024593415311,0.4382063099418077,0.43173076923076925,0.45,1040,654,0.025,0.017130019657399607,0.8971849816019136,0.8152045891435022,0.8603537214443626,0.803233574131407,0.9262197540658469,,3561,0.43173076923076925,2510,False,selective,0.55,0.7986520640269588,2521,R3,0.14285714285714285,0.01826923076923077
0.8174670036506599,0.6876923076923077,0.9592274678111588,0.018814939623701208,0.6531068498880496,0.2187587756248245,banking77_open,0,0.7986520640269588,0.07298690995636652,0.43615174057954603,0.42980769230769234,0.4480769230769231,1040,650,0.05,0.017130019657399607,0.8971849816019136,0.8152045891435022,0.8604565537555229,0.8028169014084507,0.9270130900436335,,3561,0.42980769230769234,2510,False,selective,0.55,0.7986520640269588,2521,R3,0.14285714285714285,0.01826923076923077
0.8197135636057288,0.6931464174454829,0.9611231101511879,0.02106149957877001,0.6541766775438392,0.2187587756248245,banking77_open,0,0.7986520640269588,0.07100357001190004,0.43437111379891924,0.42788461538461536,0.44519230769230766,1040,642,0.075,0.017130019657399607,0.8971849816019136,0.8152045891435022,0.8610294117647059,0.802329564919493,0.9289964299881,,3561,0.42788461538461536,2510,False,selective,0.55,0.7986520640269588,2521,R3,0.14285714285714285,0.01730769230769231
0.8222409435551812,0.6951026856240127,0.962800875273523,0.02358887952822241,0.6567755724440552,0.2187587756248245,banking77_open,0,0.7986520640269588,0.06981356604522015,0.428599458382615,0.4230769230769231,0.4394230769230769,1040,633,0.1,0.017130019657399607,0.8971849816019136,0.8152045891435022,0.8607083868599743,0.8008879781420765,0.9301864339547798,,3561,0.4230769230769231,2510,False,selective,0.55,0.7986520640269588,2521,R3,0.14285714285714285,0.016346153846153847
0.830103903397922,0.7041322314049587,0.9703872437357631,0.031451839370963214,0.6643071890058247,0.2187587756248245,banking77_open,0,0.7986520640269588,0.06584688615628718,0.4167998240433879,0.4096153846153846,0.4221153846153846,1040,605,0.15,0.017130019657399607,0.8971849816019136,0.8152045891435022,0.8599598320248312,0.7966847090663058,0.9341531138437128,,3561,0.4096153846153846,2510,False,selective,0.55,0.7986520640269588,2521,R3,0.14285714285714285,0.0125
0.8601516427969671,0.7409638554216867,0.9584415584415584,0.007862959842740803,0.6853680786472837,0.15557427688851447,banking77_open,0,0.8522886829542263,0.04482348274494248,0.3607250939526568,0.3548076923076923,0.3701923076923077,1040,498,0.0,0.007862959842740803,0.8971849816019136,0.8152045891435022,0.8624641833810889,0.7861573620633366,0.9551765172550575,,3561,0.3548076923076923,2510,False,selective,0.6,0.8522886829542263,2521,R3,0.11538461538461539,0.015384615384615385
0.8604324627913508,0.7424547283702213,0.9609375,0.008143779837124403,0.6853680786472837,0.15557427688851447,banking77_open,0,0.8522886829542263,0.04482348274494248,0.3607250939526568,0.3548076923076923,0.36923076923076925,1040,497,0.025,0.007862959842740803,0.8971849816019136,0.8152045891435022,0.8623097582811101,0.7859007832898173,0.9551765172550575,,3561,0.3548076923076923,2510,False,selective,0.6,0.8522886829542263,2521,R3,0.11538461538461539,0.014423076923076924
0.8612749227745016,0.7449392712550608,0.9608355091383812,0.008986239820275204,0.6859734424877937,0.15557427688851447,banking77_open,0,0.8522886829542263,0.044030146767155894,0.3600503301199982,0.35384615384615387,0.3682692307692308,1040,494,0.05,0.007862959842740803,0.8971849816019136,0.8152045891435022,0.8625626342161775,0.7857841538963156,0.9559698532328441,,3561,0.35384615384615387,2510,False,selective,0.6,0.8522886829542263,2521,R3,0.11538461538461539,0.014423076923076924
0.8635214827295703,0.7510288065843621,0.9656084656084656,0.011232799775344004,0.6876968401919051,0.15557427688851447,banking77_open,0,0.8522886829542263,0.042840142800476,0.3571944787064545,0.35096153846153844,0.36346153846153845,1040,486,0.075,0.007862959842740803,0.8971849816019136,0.8152045891435022,0.8624017155110792,0.7847154471544715,0.957159857199524,,3561,0.35096153846153844,2510,False,selective,0.6,0.8522886829542263,2521,R3,0.11538461538461539,0.0125
0.8640831227183375,0.7520661157024794,0.9680851063829787,0.011794439764111205,0.6882390647473547,0.15557427688851447,banking77_open,0,0.8522886829542263,0.042840142800476,0.3562082854125689,0.35,0.36153846153846153,1040,484,0.1,0.007862959842740803,0.8971849816019136,0.8152045891435022,0.8620936048588783,0.7842053948651284,0.957159857199524,,3561,0.35,2510,False,selective,0.6,0.8522886829542263,2521,R3,0.07692307692307693,0.011538461538461539
0.8685762426284751,0.7585470085470085,0.9726027397260274,0.016287559674248806,0.6941250846388128,0.15557427688851447,banking77_open,0,0.8522886829542263,0.04085680285600952,0.34893550121670774,0.34134615384615385,0.35096153846153844,1040,468,0.15,0.007862959842740803,0.8971849816019136,0.8152045891435022,0.8614178838617742,0.7817652764306499,0.9591431971439904,,3561,0.34134615384615385,2510,False,selective,0.6,0.8522886829542263,2521,R3,0.07692307692307693,0.009615384615384616
0.8963774220724515,0.7886178861788617,0.9732441471571907,0.004493119910137602,0.728965602429749,0.11260881774782365,banking77_open,0,0.891884302162314,0.027766759222530742,0.28828793911249273,0.2798076923076923,0.2875,1040,369,0.0,0.004493119910137602,0.8971849816019136,0.8152045891435022,0.85804305968843,0.7678571428571429,0.9722332407774693,,3561,0.2798076923076923,2510,False,selective,0.65,0.891884302162314,2521,R3,0.07692307692307693,0.007692307692307693
0.8966582420668352,0.7907608695652174,0.9732441471571907,0.004773939904521202,0.728965602429749,0.11260881774782365,banking77_open,0,0.891884302162314,0.027370091233637445,0.28828793911249273,0.2798076923076923,0.2875,1040,368,0.025,0.004493119910137602,0.8971849816019136,0.8152045891435022,0.8582429121456072,0.7679298465393047,0.9726299087663626,,3561,0.2798076923076923,2510,False,selective,0.65,0.891884302162314,2521,R3,0.07692307692307693,0.007692307692307693
0.8966582420668352,0.7907608695652174,0.9732441471571907,0.004773939904521202,0.728965602429749,0.11260881774782365,banking77_open,0,0.891884302162314,0.027370091233637445,0.28828793911249273,0.2798076923076923,0.2875,1040,368,0.05,0.004493119910137602,0.8971849816019136,0.8152045891435022,0.8582429121456072,0.7679298465393047,0.9726299087663626,,3561,0.2798076923076923,2510,False,selective,0.65,0.891884302162314,2521,R3,0.07692307692307693,0.007692307692307693
0.8972198820556023,0.7950819672131147,0.9765100671140939,0.0053355798932884025,0.728965602429749,0.11260881774782365,banking77_open,0,0.891884302162314,0.02697342324474415,0.28828793911249273,0.2798076923076923,0.2865384615384615,1040,366,0.075,0.004493119910137602,0.8971849816019136,0.8152045891435022,0.8582925122463261,0.7677621283255086,0.9730265767552558,,3561,0.2798076923076923,2510,False,selective,0.65,0.891884302162314,2521,R3,0.07692307692307693,0.006730769230769231
0.8977815220443696,0.7967032967032966,0.9764309764309764,0.005897219882055603,0.7296684658362521,0.11260881774782365,banking77_open,0,0.891884302162314,0.02657675525585085,0.2873721881967418,0.27884615384615385,0.28557692307692306,1040,364,0.1,0.004493119910137602,0.8971849816019136,0.8152045891435022,0.8583420776495277,0.7675946199562089,0.9734232447441491,,3561,0.27884615384615385,2510,False,selective,0.65,0.891884302162314,2521,R3,0.07692307692307693,0.006730769230769231
0.9014321819713563,0.8062678062678063,0.9826388888888888,0.009547879809042405,0.7345348508834901,0.11260881774782365,banking77_open,0,0.891884302162314,0.024990083300277667,0.2817291666883357,0.2721153846153846,0.27692307692307694,1040,351,0.15,0.004493119910137602,0.8971849816019136,0.8152045891435022,0.8577909614377944,0.7657320872274144,0.9750099166997224,,3561,0.2721153846153846,2510,False,selective,0.65,0.891884302162314,2521,R3,0.07692307692307693,0.004807692307692308
0.9222128615557428,0.8339350180505415,0.9829787234042553,0.001965739960685201,0.7666495117299724,0.08171861836562763,banking77_open,0,0.9202471215950576,0.016660055533518445,0.22791120445588728,0.2221153846153846,0.22596153846153846,1040,277,0.0,0.001965739960685201,0.8971849816019136,0.8152045891435022,0.8540913006029285,0.7548721071863581,0.9833399444664815,,3561,0.2221153846153846,2510,False,selective,0.7,0.9202471215950576,2521,R3,0.03125,0.0038461538461538464
0.9224936815501263,0.8369565217391305,0.9871794871794872,0.002246559955068801,0.7666495117299724,0.08171861836562763,banking77_open,0,0.9202471215950576,0.016660055533518445,0.22791120445588728,0.2221153846153846,0.225,1040,276,0.025,0.001965739960685201,0.8971849816019136,0.8152045891435022,0.8539441956596625,0.7546423135464231,0.9833399444664815,,3561,0.2221153846153846,2510,False,selective,0.7,0.9202471215950576,2521,R3,0.03125,0.0028846153846153848
0.92277450154451,0.84,0.9871794871794872,0.002527379949452401,0.7666495117299724,0.08171861836562763,banking77_open,0,0.9202471215950576,0.016263387544625148,0.22791120445588728,0.2221153846153846,0.225,1040,275,0.05,0.001965739960685201,0.8971849816019136,0.8152045891435022,0.8541415532977441,0.7547169811320755,0.9837366124553748,,3561,0.2221153846153846,2510,False,selective,0.7,0.9202471215950576,2521,R3,0.03125,0.0028846153846153848
0.9230553215388936,0.843065693430657,0.9871794871794872,0.002808199943836001,0.7666495117299724,0.08171861836562763,banking77_open,0,0.9202471215950576,0.01586671955573185,0.22791120445588728,0.2221153846153846,0.225,1040,274,0.075,0.001965739960685201,0.8971849816019136,0.8152045891435022,0.8543388429752067,0.7547916032856709,0.9841332804442682,,3561,0.2221153846153846,2510,False,selective,0.7,0.9202471215950576,2521,R3,0.03125,0.0028846153846153848
0.9233361415332771,0.8461538461538461,0.9871794871794872,0.003089019938219601,0.7666495117299724,0.08171861836562763,banking77_open,0,0.9202471215950576,0.015470051566838556,0.22791120445588728,0.2221153846153846,0.225,1040,273,0.1,0.001965739960685201,0.8971849816019136,0.8152045891435022,0.8545360647271475,0.7548661800486618,0.9845299484331614,,3561,0.2221153846153846,2510,False,selective,0.7,0.9202471215950576,2521,R3,0.03125,0.0028846153846153848
0.9250210614995787,0.8576779026217228,0.9870689655172413,0.004773939904521202,0.7682319425852722,0.08171861836562763,banking77_open,0,0.9202471215950576,0.013883379611265371,0.22612372911071962,0.2201923076923077,0.2230769230769231,1040,267,0.15,0.001965739960685201,0.8971849816019136,0.8152045891435022,0.8550300945829751,0.7547055251973285,0.9861166203887346,,3561,0.2201923076923077,2510,False,selective,0.7,0.9202471215950576,2521,R3,0.03125,0.0028846153846153848
0.9415894411682112,0.8798076923076923,0.9891891891891892,0.0,0.800007737809934,0.05841055883178883,banking77_open,0,0.9415894411682112,0.009123363744545815,0.18009472402720364,0.17596153846153847,0.1778846153846154,1040,208,0.0,0.0,0.8971849816019136,0.8152045891435022,0.8505277494041539,0.7450044736057262,0.9908766362554542,,3561,0.17596153846153847,2510,False,selective,0.75,0.9415894411682112,2521,R3,0.0,0.0019230769230769232
0.9415894411682112,0.8798076923076923,0.9891891891891892,0.0,0.800007737809934,0.05841055883178883,banking77_open,0,0.9415894411682112,0.009123363744545815,0.18009472402720364,0.17596153846153847,0.1778846153846154,1040,208,0.025,0.0,0.8971849816019136,0.8152045891435022,0.8505277494041539,0.7450044736057262,0.9908766362554542,,3561,0.17596153846153847,2510,False,selective,0.75,0.9415894411682112,2521,R3,0.0,0.0019230769230769232
0.9415894411682112,0.8798076923076923,0.9891891891891892,0.0,0.800007737809934,0.05841055883178883,banking77_open,0,0.9415894411682112,0.009123363744545815,0.18009472402720364,0.17596153846153847,0.1778846153846154,1040,208,0.05,0.0,0.8971849816019136,0.8152045891435022,0.8505277494041539,0.7450044736057262,0.9908766362554542,,3561,0.17596153846153847,2510,False,selective,0.75,0.9415894411682112,2521,R3,0.0,0.0019230769230769232
0.9415894411682112,0.8798076923076923,0.9891891891891892,0.0,0.800007737809934,0.05841055883178883,banking77_open,0,0.9415894411682112,0.009123363744545815,0.18009472402720364,0.17596153846153847,0.1778846153846154,1040,208,0.075,0.0,0.8971849816019136,0.8152045891435022,0.8505277494041539,0.7450044736057262,0.9908766362554542,,3561,0.17596153846153847,2510,False,selective,0.75,0.9415894411682112,2521,R3,0.0,0.0019230769230769232
0.9418702611625948,0.8840579710144928,0.9945652173913043,0.0002808199943836001,0.800007737809934,0.05841055883178883,banking77_open,0,0.9415894411682112,0.009123363744545815,0.18009472402720364,0.17596153846153847,0.17692307692307693,1040,207,0.1,0.0,0.8971849816019136,0.8152045891435022,0.8503829787234043,0.7447823494335122,0.9908766362554542,,3561,0.17596153846153847,2510,False,selective,0.75,0.9415894411682112,2521,R3,0.0,0.0009615384615384616
0.9429935411401292,0.8916256157635468,0.9945054945054945,0.0014040999719180005,0.8019464555463169,0.05841055883178883,banking77_open,0,0.9415894411682112,0.008330027766759222,0.17815886311698376,0.17403846153846153,0.175,1040,203,0.15,0.0,0.8971849816019136,0.8152045891435022,0.8504847763225039,0.7444907683144729,0.9916699722332408,,3561,0.17403846153846153,2510,False,selective,0.75,0.9415894411682112,2521,R3,0.0,0.0009615384615384616
0.9615276607694467,0.927007299270073,1.0,0.0,0.8476884148785545,0.03847233923055322,banking77_open,0,0.9615276607694467,0.003966679888932963,0.12360750719886866,0.12211538461538461,0.12211538461538461,1040,137,0.0,0.0,0.8971849816019136,0.8152045891435022,0.8447434819175779,0.7333528037383178,0.996033320111067,,3561,0.12211538461538461,2510,True,selective,0.8,0.9615276607694467,2521,R3,0.0,0.0
0.9615276607694467,0.927007299270073,1.0,0.0,0.8476884148785545,0.03847233923055322,banking77_open,0,0.9615276607694467,0.003966679888932963,0.12360750719886866,0.12211538461538461,0.12211538461538461,1040,137,0.025,0.0,0.8971849816019136,0.8152045891435022,0.8447434819175779,0.7333528037383178,0.996033320111067,,3561,0.12211538461538461,2510,False,selective,0.8,0.9615276607694467,2521,R3,0.0,0.0
0.9615276607694467,0.927007299270073,1.0,0.0,0.8476884148785545,0.03847233923055322,banking77_open,0,0.9615276607694467,0.003966679888932963,0.12360750719886866,0.12211538461538461,0.12211538461538461,1040,137,0.05,0.0,0.8971849816019136,0.8152045891435022,0.8447434819175779,0.7333528037383178,0.996033320111067,,3561,0.12211538461538461,2510,False,selective,0.8,0.9615276607694467,2521,R3,0.0,0.0
0.9615276607694467,0.927007299270073,1.0,0.0,0.8476884148785545,0.03847233923055322,banking77_open,0,0.9615276607694467,0.003966679888932963,0.12360750719886866,0.12211538461538461,0.12211538461538461,1040,137,0.075,0.0,0.8971849816019136,0.8152045891435022,0.8447434819175779,0.7333528037383178,0.996033320111067,,3561,0.12211538461538461,2510,False,selective,0.8,0.9615276607694467,2521,R3,0.0,0.0
0.9615276607694467,0.927007299270073,1.0,0.0,0.8476884148785545,0.03847233923055322,banking77_open,0,0.9615276607694467,0.003966679888932963,0.12360750719886866,0.12211538461538461,0.12211538461538461,1040,137,0.1,0.0,0.8971849816019136,0.8152045891435022,0.8447434819175779,0.7333528037383178,0.996033320111067,,3561,0.12211538461538461,2510,False,selective,0.8,0.9615276607694467,2521,R3,0.0,0.0
0.9618084807638304,0.9264705882352942,1.0,0.0002808199943836001,0.848806282252147,0.03847233923055322,banking77_open,0,0.9615276607694467,0.003966679888932963,0.12265783958253439,0.12115384615384615,0.12115384615384615,1040,136,0.15,0.0,0.8971849816019136,0.8152045891435022,0.84460141271443,0.7331386861313869,0.996033320111067,,3561,0.12115384615384615,2510,False,selective,0.8,0.9615276607694467,2521,R3,0.0,0.0
,,,,,,banking77_closed,,,,,0.8889980353634578,,,,,,,,,,,0.001,,,2510,,R0,,,,,,
,,,,,,banking77_closed,,,,,0.8865422396856582,,,,,,,,,,,0.01,,,2510,,R0,,,,,,
,,,,,,banking77_closed,,,,,0.8796660117878192,,,,,,,,,,,0.1,,,2510,,R0,,,,,,
,,,,,,banking77_closed,,,,,0.8403732809430255,,,,,,,0.0,,,,0.0001,,,2510,,R2,,,,,,
,,,,,,banking77_closed,,,,,0.8403732809430255,,,,,,,0.0,,,,0.001,,,2510,,R2,,,,,,
,,,,,,banking77_closed,,,,,0.8408644400785854,,,,,,,0.0,,,,0.01,,,2510,,R2,,,,,,
,,,,,,banking77_closed,,,,,0.8403732809430255,,,,,,,0.0,,,,0.1,,,2510,,R2,,,,,,
