accepted_count,ambiguous_reject_count,benchmark,correct_bucket_count,group,group_type,row_count,seed,unknown_reject_count,variant,wrong_bucket_count
30,0,clinc150,30,are_you_a_bot,known_intent,30,2501,0,R0,0
30,0,clinc150,30,book_hotel,known_intent,30,2501,0,R0,0
30,0,clinc150,28,calculator,known_intent,30,2501,0,R0,2
30,0,clinc150,30,cancel_reservation,known_intent,30,2501,0,R0,0
30,0,clinc150,29,change_ai_name,known_intent,30,2501,0,R0,1
30,0,clinc150,23,change_user_name,known_intent,30,2501,0,R0,7
30,0,clinc150,30,confirm_reservation,known_intent,30,2501,0,R0,0
30,0,clinc150,30,cook_time,known_intent,30,2501,0,R0,0
30,0,clinc150,30,credit_limit_change,known_intent,30,2501,0,R0,0
30,0,clinc150,30,credit_score,known_intent,30,2501,0,R0,0
30,0,clinc150,30,definition,known_intent,30,2501,0,R0,0
30,0,clinc150,30,directions,known_intent,30,2501,0,R0,0
30,0,clinc150,27,distance,known_intent,30,2501,0,R0,3
30,0,clinc150,30,find_phone,known_intent,30,2501,0,R0,0
30,0,clinc150,30,flight_status,known_intent,30,2501,0,R0,0
30,0,clinc150,30,goodbye,known_intent,30,2501,0,R0,0
30,0,clinc150,30,how_busy,known_intent,30,2501,0,R0,0
30,0,clinc150,30,income,known_intent,30,2501,0,R0,0
30,0,clinc150,30,interest_rate,known_intent,30,2501,0,R0,0
30,0,clinc150,30,jump_start,known_intent,30,2501,0,R0,0
30,0,clinc150,30,measurement_conversion,known_intent,30,2501,0,R0,0
30,0,clinc150,30,meeting_schedule,known_intent,30,2501,0,R0,0
30,0,clinc150,30,next_song,known_intent,30,2501,0,R0,0
30,0,clinc150,30,no,known_intent,30,2501,0,R0,0
30,0,clinc150,30,nutrition_info,known_intent,30,2501,0,R0,0
30,0,clinc150,30,oil_change_how,known_intent,30,2501,0,R0,0
30,0,clinc150,30,payday,known_intent,30,2501,0,R0,0
30,0,clinc150,25,pin_change,known_intent,30,2501,0,R0,5
30,0,clinc150,30,pto_request,known_intent,30,2501,0,R0,0
30,0,clinc150,30,redeem_rewards,known_intent,30,2501,0,R0,0
30,0,clinc150,29,replacement_card_duration,known_intent,30,2501,0,R0,1
30,0,clinc150,30,report_lost_card,known_intent,30,2501,0,R0,0
30,0,clinc150,30,reset_settings,known_intent,30,2501,0,R0,0
30,0,clinc150,30,schedule_meeting,known_intent,30,2501,0,R0,0
30,0,clinc150,21,shopping_list,known_intent,30,2501,0,R0,9
30,0,clinc150,30,shopping_list_update,known_intent,30,2501,0,R0,0
30,0,clinc150,30,smart_home,known_intent,30,2501,0,R0,0
30,0,clinc150,29,spending_history,known_intent,30,2501,0,R0,1
30,0,clinc150,30,todo_list_update,known_intent,30,2501,0,R0,0
30,0,clinc150,30,traffic,known_intent,30,2501,0,R0,0
30,0,clinc150,24,transactions,known_intent,30,2501,0,R0,6
30,0,clinc150,29,transfer,known_intent,30,2501,0,R0,1
30,0,clinc150,30,translate,known_intent,30,2501,0,R0,0
30,0,clinc150,30,travel_suggestion,known_intent,30,2501,0,R0,0
30,0,clinc150,25,user_name,known_intent,30,2501,0,R0,5
30,0,clinc150,30,vaccines,known_intent,30,2501,0,R0,0
30,0,clinc150,30,weather,known_intent,30,2501,0,R0,0
30,0,clinc150,30,what_are_your_hobbies,known_intent,30,2501,0,R0,0
30,0,clinc150,30,what_can_i_ask_you,known_intent,30,2501,0,R0,0
30,0,clinc150,28,what_is_your_name,known_intent,30,2501,0,R0,2
3000,0,clinc150,0,heldout_intent,unknown_kind,3000,2501,0,R0,0
1000,0,clinc150,0,official_oos,unknown_kind,1000,2501,0,R0,0
30,0,clinc150,30,are_you_a_bot,known_intent,30,2501,0,R2,0
30,0,clinc150,29,book_hotel,known_intent,30,2501,0,R2,1
30,0,clinc150,27,calculator,known_intent,30,2501,0,R2,3
30,0,clinc150,30,cancel_reservation,known_intent,30,2501,0,R2,0
30,0,clinc150,25,change_ai_name,known_intent,30,2501,0,R2,5
30,0,clinc150,12,change_user_name,known_intent,30,2501,0,R2,18
30,0,clinc150,29,confirm_reservation,known_intent,30,2501,0,R2,1
30,0,clinc150,30,cook_time,known_intent,30,2501,0,R2,0
30,0,clinc150,30,credit_limit_change,known_intent,30,2501,0,R2,0
30,0,clinc150,30,credit_score,known_intent,30,2501,0,R2,0
30,0,clinc150,29,definition,known_intent,30,2501,0,R2,1
30,0,clinc150,28,directions,known_intent,30,2501,0,R2,2
30,0,clinc150,25,distance,known_intent,30,2501,0,R2,5
30,0,clinc150,30,find_phone,known_intent,30,2501,0,R2,0
30,0,clinc150,30,flight_status,known_intent,30,2501,0,R2,0
30,0,clinc150,30,goodbye,known_intent,30,2501,0,R2,0
30,0,clinc150,30,how_busy,known_intent,30,2501,0,R2,0
30,0,clinc150,29,income,known_intent,30,2501,0,R2,1
30,0,clinc150,30,interest_rate,known_intent,30,2501,0,R2,0
30,0,clinc150,30,jump_start,known_intent,30,2501,0,R2,0
30,0,clinc150,30,measurement_conversion,known_intent,30,2501,0,R2,0
30,0,clinc150,26,meeting_schedule,known_intent,30,2501,0,R2,4
30,0,clinc150,29,next_song,known_intent,30,2501,0,R2,1
30,0,clinc150,30,no,known_intent,30,2501,0,R2,0
30,0,clinc150,30,nutrition_info,known_intent,30,2501,0,R2,0
30,0,clinc150,30,oil_change_how,known_intent,30,2501,0,R2,0
30,0,clinc150,30,payday,known_intent,30,2501,0,R2,0
30,0,clinc150,25,pin_change,known_intent,30,2501,0,R2,5
30,0,clinc150,30,pto_request,known_intent,30,2501,0,R2,0
30,0,clinc150,30,redeem_rewards,known_intent,30,2501,0,R2,0
30,0,clinc150,27,replacement_card_duration,known_intent,30,2501,0,R2,3
30,0,clinc150,30,report_lost_card,known_intent,30,2501,0,R2,0
30,0,clinc150,30,reset_settings,known_intent,30,2501,0,R2,0
30,0,clinc150,30,schedule_meeting,known_intent,30,2501,0,R2,0
30,0,clinc150,23,shopping_list,known_intent,30,2501,0,R2,7
30,0,clinc150,28,shopping_list_update,known_intent,30,2501,0,R2,2
30,0,clinc150,29,smart_home,known_intent,30,2501,0,R2,1
30,0,clinc150,29,spending_history,known_intent,30,2501,0,R2,1
30,0,clinc150,26,todo_list_update,known_intent,30,2501,0,R2,4
30,0,clinc150,30,traffic,known_intent,30,2501,0,R2,0
30,0,clinc150,22,transactions,known_intent,30,2501,0,R2,8
30,0,clinc150,29,transfer,known_intent,30,2501,0,R2,1
30,0,clinc150,30,translate,known_intent,30,2501,0,R2,0
30,0,clinc150,28,travel_suggestion,known_intent,30,2501,0,R2,2
30,0,clinc150,22,user_name,known_intent,30,2501,0,R2,8
30,0,clinc150,30,vaccines,known_intent,30,2501,0,R2,0
30,0,clinc150,30,weather,known_intent,30,2501,0,R2,0
30,0,clinc150,30,what_are_your_hobbies,known_intent,30,2501,0,R2,0
30,0,clinc150,30,what_can_i_ask_you,known_intent,30,2501,0,R2,0
30,0,clinc150,21,what_is_your_name,known_intent,30,2501,0,R2,9
3000,0,clinc150,0,heldout_intent,unknown_kind,3000,2501,0,R2,0
1000,0,clinc150,0,official_oos,unknown_kind,1000,2501,0,R2,0
29,0,clinc150,29,are_you_a_bot,known_intent,30,2501,1,MAX_THRESHOLD,0
23,0,clinc150,22,book_hotel,known_intent,30,2501,7,MAX_THRESHOLD,1
12,0,clinc150,12,calculator,known_intent,30,2501,18,MAX_THRESHOLD,0
30,0,clinc150,30,cancel_reservation,known_intent,30,2501,0,MAX_THRESHOLD,0
26,0,clinc150,24,change_ai_name,known_intent,30,2501,4,MAX_THRESHOLD,2
22,0,clinc150,9,change_user_name,known_intent,30,2501,8,MAX_THRESHOLD,13
20,0,clinc150,20,confirm_reservation,known_intent,30,2501,10,MAX_THRESHOLD,0
26,0,clinc150,26,cook_time,known_intent,30,2501,4,MAX_THRESHOLD,0
29,0,clinc150,29,credit_limit_change,known_intent,30,2501,1,MAX_THRESHOLD,0
30,0,clinc150,30,credit_score,known_intent,30,2501,0,MAX_THRESHOLD,0
0,0,clinc150,0,definition,known_intent,30,2501,30,MAX_THRESHOLD,0
12,0,clinc150,10,directions,known_intent,30,2501,18,MAX_THRESHOLD,2
16,0,clinc150,14,distance,known_intent,30,2501,14,MAX_THRESHOLD,2
29,0,clinc150,29,find_phone,known_intent,30,2501,1,MAX_THRESHOLD,0
30,0,clinc150,30,flight_status,known_intent,30,2501,0,MAX_THRESHOLD,0
26,0,clinc150,26,goodbye,known_intent,30,2501,4,MAX_THRESHOLD,0
21,0,clinc150,21,how_busy,known_intent,30,2501,9,MAX_THRESHOLD,0
27,0,clinc150,27,income,known_intent,30,2501,3,MAX_THRESHOLD,0
29,0,clinc150,29,interest_rate,known_intent,30,2501,1,MAX_THRESHOLD,0
30,0,clinc150,30,jump_start,known_intent,30,2501,0,MAX_THRESHOLD,0
26,0,clinc150,26,measurement_conversion,known_intent,30,2501,4,MAX_THRESHOLD,0
25,0,clinc150,22,meeting_schedule,known_intent,30,2501,5,MAX_THRESHOLD,3
26,0,clinc150,26,next_song,known_intent,30,2501,4,MAX_THRESHOLD,0
28,0,clinc150,28,no,known_intent,30,2501,2,MAX_THRESHOLD,0
27,0,clinc150,27,nutrition_info,known_intent,30,2501,3,MAX_THRESHOLD,0
30,0,clinc150,30,oil_change_how,known_intent,30,2501,0,MAX_THRESHOLD,0
30,0,clinc150,30,payday,known_intent,30,2501,0,MAX_THRESHOLD,0
30,0,clinc150,25,pin_change,known_intent,30,2501,0,MAX_THRESHOLD,5
29,0,clinc150,29,pto_request,known_intent,30,2501,1,MAX_THRESHOLD,0
30,0,clinc150,30,redeem_rewards,known_intent,30,2501,0,MAX_THRESHOLD,0
27,0,clinc150,26,replacement_card_duration,known_intent,30,2501,3,MAX_THRESHOLD,1
28,0,clinc150,28,report_lost_card,known_intent,30,2501,2,MAX_THRESHOLD,0
29,0,clinc150,29,reset_settings,known_intent,30,2501,1,MAX_THRESHOLD,0
29,0,clinc150,29,schedule_meeting,known_intent,30,2501,1,MAX_THRESHOLD,0
26,0,clinc150,23,shopping_list,known_intent,30,2501,4,MAX_THRESHOLD,3
28,0,clinc150,26,shopping_list_update,known_intent,30,2501,2,MAX_THRESHOLD,2
18,0,clinc150,18,smart_home,known_intent,30,2501,12,MAX_THRESHOLD,0
28,0,clinc150,27,spending_history,known_intent,30,2501,2,MAX_THRESHOLD,1
26,0,clinc150,23,todo_list_update,known_intent,30,2501,4,MAX_THRESHOLD,3
24,0,clinc150,24,traffic,known_intent,30,2501,6,MAX_THRESHOLD,0
24,0,clinc150,18,transactions,known_intent,30,2501,6,MAX_THRESHOLD,6
28,0,clinc150,27,transfer,known_intent,30,2501,2,MAX_THRESHOLD,1
10,0,clinc150,10,translate,known_intent,30,2501,20,MAX_THRESHOLD,0
15,0,clinc150,15,travel_suggestion,known_intent,30,2501,15,MAX_THRESHOLD,0
29,0,clinc150,21,user_name,known_intent,30,2501,1,MAX_THRESHOLD,8
28,0,clinc150,28,vaccines,known_intent,30,2501,2,MAX_THRESHOLD,0
25,0,clinc150,25,weather,known_intent,30,2501,5,MAX_THRESHOLD,0
28,0,clinc150,28,what_are_your_hobbies,known_intent,30,2501,2,MAX_THRESHOLD,0
28,0,clinc150,28,what_can_i_ask_you,known_intent,30,2501,2,MAX_THRESHOLD,0
27,0,clinc150,21,what_is_your_name,known_intent,30,2501,3,MAX_THRESHOLD,6
451,0,clinc150,0,heldout_intent,unknown_kind,3000,2501,2549,MAX_THRESHOLD,0
28,0,clinc150,0,official_oos,unknown_kind,1000,2501,972,MAX_THRESHOLD,0
3,0,clinc150,3,are_you_a_bot,known_intent,30,2501,27,R3,0
0,0,clinc150,0,book_hotel,known_intent,30,2501,30,R3,0
0,0,clinc150,0,calculator,known_intent,30,2501,30,R3,0
11,0,clinc150,11,cancel_reservation,known_intent,30,2501,19,R3,0
0,0,clinc150,0,change_ai_name,known_intent,30,2501,30,R3,0
6,0,clinc150,0,change_user_name,known_intent,30,2501,24,R3,6
5,0,clinc150,5,confirm_reservation,known_intent,30,2501,25,R3,0
3,0,clinc150,3,cook_time,known_intent,30,2501,27,R3,0
12,0,clinc150,12,credit_limit_change,known_intent,30,2501,18,R3,0
15,0,clinc150,15,credit_score,known_intent,30,2501,15,R3,0
0,0,clinc150,0,definition,known_intent,30,2501,30,R3,0
0,0,clinc150,0,directions,known_intent,30,2501,30,R3,0
1,0,clinc150,1,distance,known_intent,30,2501,29,R3,0
12,0,clinc150,12,find_phone,known_intent,30,2501,18,R3,0
0,0,clinc150,0,flight_status,known_intent,30,2501,30,R3,0
4,0,clinc150,4,goodbye,known_intent,30,2501,26,R3,0
0,0,clinc150,0,how_busy,known_intent,30,2501,30,R3,0
10,0,clinc150,10,income,known_intent,30,2501,20,R3,0
5,0,clinc150,5,interest_rate,known_intent,30,2501,25,R3,0
8,0,clinc150,8,jump_start,known_intent,30,2501,22,R3,0
5,0,clinc150,5,measurement_conversion,known_intent,30,2501,25,R3,0
5,0,clinc150,5,meeting_schedule,known_intent,30,2501,25,R3,0
6,0,clinc150,6,next_song,known_intent,30,2501,24,R3,0
11,0,clinc150,11,no,known_intent,30,2501,19,R3,0
0,0,clinc150,0,nutrition_info,known_intent,30,2501,30,R3,0
14,0,clinc150,14,oil_change_how,known_intent,30,2501,16,R3,0
9,0,clinc150,9,payday,known_intent,30,2501,21,R3,0
3,0,clinc150,3,pin_change,known_intent,30,2501,27,R3,0
0,0,clinc150,0,pto_request,known_intent,30,2501,30,R3,0
3,0,clinc150,3,redeem_rewards,known_intent,30,2501,27,R3,0
9,0,clinc150,9,replacement_card_duration,known_intent,30,2501,21,R3,0
13,0,clinc150,13,report_lost_card,known_intent,30,2501,17,R3,0
13,0,clinc150,13,reset_settings,known_intent,30,2501,17,R3,0
2,0,clinc150,2,schedule_meeting,known_intent,30,2501,28,R3,0
12,0,clinc150,12,shopping_list,known_intent,30,2501,18,R3,0
1,0,clinc150,1,shopping_list_update,known_intent,30,2501,29,R3,0
0,0,clinc150,0,smart_home,known_intent,30,2501,30,R3,0
9,0,clinc150,9,spending_history,known_intent,30,2501,21,R3,0
2,0,clinc150,2,todo_list_update,known_intent,30,2501,28,R3,0
4,0,clinc150,4,traffic,known_intent,30,2501,26,R3,0
5,0,clinc150,5,transactions,known_intent,30,2501,25,R3,0
3,0,clinc150,3,transfer,known_intent,30,2501,27,R3,0
0,0,clinc150,0,translate,known_intent,30,2501,30,R3,0
0,0,clinc150,0,travel_suggestion,known_intent,30,2501,30,R3,0
7,2,clinc150,6,user_name,known_intent,30,2501,21,R3,1
2,0,clinc150,2,vaccines,known_intent,30,2501,28,R3,0
4,0,clinc150,4,weather,known_intent,30,2501,26,R3,0
8,0,clinc150,8,what_are_your_hobbies,known_intent,30,2501,22,R3,0
3,0,clinc150,3,what_can_i_ask_you,known_intent,30,2501,27,R3,0
6,2,clinc150,6,what_is_your_name,known_intent,30,2501,22,R3,0
4,0,clinc150,0,heldout_intent,unknown_kind,3000,2501,2996,R3,0
0,0,clinc150,0,official_oos,unknown_kind,1000,2501,1000,R3,0
40,0,banking77_open,39,Refund_not_showing_up,known_intent,40,2501,0,R0,1
40,0,banking77_open,39,activate_my_card,known_intent,40,2501,0,R0,1
40,0,banking77_open,40,apple_pay_or_google_pay,known_intent,40,2501,0,R0,0
40,0,banking77_open,39,automatic_top_up,known_intent,40,2501,0,R0,1
40,0,banking77_open,39,balance_not_updated_after_cheque_or_cash_deposit,known_intent,40,2501,0,R0,1
40,0,banking77_open,39,cancel_transfer,known_intent,40,2501,0,R0,1
40,0,banking77_open,36,card_acceptance,known_intent,40,2501,0,R0,4
40,0,banking77_open,39,card_arrival,known_intent,40,2501,0,R0,1
40,0,banking77_open,39,card_payment_fee_charged,known_intent,40,2501,0,R0,1
40,0,banking77_open,35,card_swallowed,known_intent,40,2501,0,R0,5
40,0,banking77_open,39,cash_withdrawal_not_recognised,known_intent,40,2501,0,R0,1
40,0,banking77_open,33,compromised_card,known_intent,40,2501,0,R0,7
40,0,banking77_open,35,contactless_not_working,known_intent,40,2501,0,R0,5
40,0,banking77_open,38,declined_card_payment,known_intent,40,2501,0,R0,2
40,0,banking77_open,39,declined_cash_withdrawal,known_intent,40,2501,0,R0,1
40,0,banking77_open,34,declined_transfer,known_intent,40,2501,0,R0,6
40,0,banking77_open,40,edit_personal_details,known_intent,40,2501,0,R0,0
40,0,banking77_open,40,exchange_via_app,known_intent,40,2501,0,R0,0
40,0,banking77_open,35,get_disposable_virtual_card,known_intent,40,2501,0,R0,5
40,0,banking77_open,40,get_physical_card,known_intent,40,2501,0,R0,0
40,0,banking77_open,39,getting_virtual_card,known_intent,40,2501,0,R0,1
40,0,banking77_open,36,lost_or_stolen_card,known_intent,40,2501,0,R0,4
40,0,banking77_open,39,lost_or_stolen_phone,known_intent,40,2501,0,R0,1
40,0,banking77_open,38,pending_card_payment,known_intent,40,2501,0,R0,2
40,0,banking77_open,35,pin_blocked,known_intent,40,2501,0,R0,5
40,0,banking77_open,38,receiving_money,known_intent,40,2501,0,R0,2
40,0,banking77_open,38,reverted_card_payment?,known_intent,40,2501,0,R0,2
40,0,banking77_open,39,supported_cards_and_currencies,known_intent,40,2501,0,R0,1
40,0,banking77_open,34,top_up_by_bank_transfer_charge,known_intent,40,2501,0,R0,6
40,0,banking77_open,39,top_up_by_card_charge,known_intent,40,2501,0,R0,1
40,0,banking77_open,37,top_up_by_cash_or_cheque,known_intent,40,2501,0,R0,3
40,0,banking77_open,38,top_up_failed,known_intent,40,2501,0,R0,2
40,0,banking77_open,38,transfer_fee_charged,known_intent,40,2501,0,R0,2
40,0,banking77_open,40,transfer_timing,known_intent,40,2501,0,R0,0
40,0,banking77_open,40,verify_source_of_funds,known_intent,40,2501,0,R0,0
40,0,banking77_open,28,virtual_card_not_working,known_intent,40,2501,0,R0,12
40,0,banking77_open,37,visa_or_mastercard,known_intent,40,2501,0,R0,3
40,0,banking77_open,40,why_verify_identity,known_intent,40,2501,0,R0,0
40,0,banking77_open,35,wrong_amount_of_cash_received,known_intent,40,2501,0,R0,5
760,0,banking77_open,0,test_only_oos_intent,unknown_kind,760,2501,0,R0,0
40,0,banking77_open,40,Refund_not_showing_up,known_intent,40,2501,0,R2,0
40,0,banking77_open,38,activate_my_card,known_intent,40,2501,0,R2,2
40,0,banking77_open,40,apple_pay_or_google_pay,known_intent,40,2501,0,R2,0
40,0,banking77_open,40,automatic_top_up,known_intent,40,2501,0,R2,0
40,0,banking77_open,39,balance_not_updated_after_cheque_or_cash_deposit,known_intent,40,2501,0,R2,1
40,0,banking77_open,39,cancel_transfer,known_intent,40,2501,0,R2,1
40,0,banking77_open,40,card_acceptance,known_intent,40,2501,0,R2,0
40,0,banking77_open,39,card_arrival,known_intent,40,2501,0,R2,1
40,0,banking77_open,37,card_payment_fee_charged,known_intent,40,2501,0,R2,3
40,0,banking77_open,36,card_swallowed,known_intent,40,2501,0,R2,4
40,0,banking77_open,32,cash_withdrawal_not_recognised,known_intent,40,2501,0,R2,8
40,0,banking77_open,30,compromised_card,known_intent,40,2501,0,R2,10
40,0,banking77_open,38,contactless_not_working,known_intent,40,2501,0,R2,2
40,0,banking77_open,35,declined_card_payment,known_intent,40,2501,0,R2,5
40,0,banking77_open,26,declined_cash_withdrawal,known_intent,40,2501,0,R2,14
40,0,banking77_open,31,declined_transfer,known_intent,40,2501,0,R2,9
40,0,banking77_open,39,edit_personal_details,known_intent,40,2501,0,R2,1
40,0,banking77_open,37,exchange_via_app,known_intent,40,2501,0,R2,3
40,0,banking77_open,35,get_disposable_virtual_card,known_intent,40,2501,0,R2,5
40,0,banking77_open,40,get_physical_card,known_intent,40,2501,0,R2,0
40,0,banking77_open,38,getting_virtual_card,known_intent,40,2501,0,R2,2
40,0,banking77_open,38,lost_or_stolen_card,known_intent,40,2501,0,R2,2
40,0,banking77_open,39,lost_or_stolen_phone,known_intent,40,2501,0,R2,1
40,0,banking77_open,38,pending_card_payment,known_intent,40,2501,0,R2,2
40,0,banking77_open,34,pin_blocked,known_intent,40,2501,0,R2,6
40,0,banking77_open,38,receiving_money,known_intent,40,2501,0,R2,2
40,0,banking77_open,37,reverted_card_payment?,known_intent,40,2501,0,R2,3
40,0,banking77_open,34,supported_cards_and_currencies,known_intent,40,2501,0,R2,6
40,0,banking77_open,35,top_up_by_bank_transfer_charge,known_intent,40,2501,0,R2,5
40,0,banking77_open,38,top_up_by_card_charge,known_intent,40,2501,0,R2,2
40,0,banking77_open,37,top_up_by_cash_or_cheque,known_intent,40,2501,0,R2,3
40,0,banking77_open,37,top_up_failed,known_intent,40,2501,0,R2,3
40,0,banking77_open,35,transfer_fee_charged,known_intent,40,2501,0,R2,5
40,0,banking77_open,40,transfer_timing,known_intent,40,2501,0,R2,0
40,0,banking77_open,40,verify_source_of_funds,known_intent,40,2501,0,R2,0
40,0,banking77_open,36,virtual_card_not_working,known_intent,40,2501,0,R2,4
40,0,banking77_open,37,visa_or_mastercard,known_intent,40,2501,0,R2,3
40,0,banking77_open,39,why_verify_identity,known_intent,40,2501,0,R2,1
40,0,banking77_open,31,wrong_amount_of_cash_received,known_intent,40,2501,0,R2,9
760,0,banking77_open,0,test_only_oos_intent,unknown_kind,760,2501,0,R2,0
35,0,banking77_open,35,Refund_not_showing_up,known_intent,40,2501,5,MAX_THRESHOLD,0
38,0,banking77_open,38,activate_my_card,known_intent,40,2501,2,MAX_THRESHOLD,0
30,0,banking77_open,30,apple_pay_or_google_pay,known_intent,40,2501,10,MAX_THRESHOLD,0
30,0,banking77_open,30,automatic_top_up,known_intent,40,2501,10,MAX_THRESHOLD,0
33,0,banking77_open,32,balance_not_updated_after_cheque_or_cash_deposit,known_intent,40,2501,7,MAX_THRESHOLD,1
32,0,banking77_open,32,cancel_transfer,known_intent,40,2501,8,MAX_THRESHOLD,0
38,0,banking77_open,38,card_acceptance,known_intent,40,2501,2,MAX_THRESHOLD,0
36,0,banking77_open,35,card_arrival,known_intent,40,2501,4,MAX_THRESHOLD,1
31,0,banking77_open,31,card_payment_fee_charged,known_intent,40,2501,9,MAX_THRESHOLD,0
37,0,banking77_open,34,card_swallowed,known_intent,40,2501,3,MAX_THRESHOLD,3
30,0,banking77_open,26,cash_withdrawal_not_recognised,known_intent,40,2501,10,MAX_THRESHOLD,4
26,0,banking77_open,21,compromised_card,known_intent,40,2501,14,MAX_THRESHOLD,5
32,0,banking77_open,31,contactless_not_working,known_intent,40,2501,8,MAX_THRESHOLD,1
35,0,banking77_open,32,declined_card_payment,known_intent,40,2501,5,MAX_THRESHOLD,3
34,0,banking77_open,23,declined_cash_withdrawal,known_intent,40,2501,6,MAX_THRESHOLD,11
31,0,banking77_open,26,declined_transfer,known_intent,40,2501,9,MAX_THRESHOLD,5
34,0,banking77_open,34,edit_personal_details,known_intent,40,2501,6,MAX_THRESHOLD,0
34,0,banking77_open,31,exchange_via_app,known_intent,40,2501,6,MAX_THRESHOLD,3
37,0,banking77_open,33,get_disposable_virtual_card,known_intent,40,2501,3,MAX_THRESHOLD,4
34,0,banking77_open,34,get_physical_card,known_intent,40,2501,6,MAX_THRESHOLD,0
39,0,banking77_open,38,getting_virtual_card,known_intent,40,2501,1,MAX_THRESHOLD,1
34,0,banking77_open,34,lost_or_stolen_card,known_intent,40,2501,6,MAX_THRESHOLD,0
24,0,banking77_open,23,lost_or_stolen_phone,known_intent,40,2501,16,MAX_THRESHOLD,1
33,0,banking77_open,32,pending_card_payment,known_intent,40,2501,7,MAX_THRESHOLD,1
32,0,banking77_open,28,pin_blocked,known_intent,40,2501,8,MAX_THRESHOLD,4
25,0,banking77_open,25,receiving_money,known_intent,40,2501,15,MAX_THRESHOLD,0
34,0,banking77_open,33,reverted_card_payment?,known_intent,40,2501,6,MAX_THRESHOLD,1
24,0,banking77_open,22,supported_cards_and_currencies,known_intent,40,2501,16,MAX_THRESHOLD,2
35,0,banking77_open,31,top_up_by_bank_transfer_charge,known_intent,40,2501,5,MAX_THRESHOLD,4
38,0,banking77_open,36,top_up_by_card_charge,known_intent,40,2501,2,MAX_THRESHOLD,2
36,0,banking77_open,34,top_up_by_cash_or_cheque,known_intent,40,2501,4,MAX_THRESHOLD,2
38,0,banking77_open,36,top_up_failed,known_intent,40,2501,2,MAX_THRESHOLD,2
33,0,banking77_open,29,transfer_fee_charged,known_intent,40,2501,7,MAX_THRESHOLD,4
38,0,banking77_open,38,transfer_timing,known_intent,40,2501,2,MAX_THRESHOLD,0
39,0,banking77_open,39,verify_source_of_funds,known_intent,40,2501,1,MAX_THRESHOLD,0
40,0,banking77_open,36,virtual_card_not_working,known_intent,40,2501,0,MAX_THRESHOLD,4
34,0,banking77_open,31,visa_or_mastercard,known_intent,40,2501,6,MAX_THRESHOLD,3
32,0,banking77_open,32,why_verify_identity,known_intent,40,2501,8,MAX_THRESHOLD,0
32,0,banking77_open,27,wrong_amount_of_cash_received,known_intent,40,2501,8,MAX_THRESHOLD,5
198,0,banking77_open,0,test_only_oos_intent,unknown_kind,760,2501,562,MAX_THRESHOLD,0
4,0,banking77_open,4,Refund_not_showing_up,known_intent,40,2501,36,R3,0
13,0,banking77_open,13,activate_my_card,known_intent,40,2501,27,R3,0
6,0,banking77_open,6,apple_pay_or_google_pay,known_intent,40,2501,34,R3,0
10,0,banking77_open,10,automatic_top_up,known_intent,40,2501,30,R3,0
1,0,banking77_open,1,balance_not_updated_after_cheque_or_cash_deposit,known_intent,40,2501,39,R3,0
1,0,banking77_open,1,cancel_transfer,known_intent,40,2501,39,R3,0
3,0,banking77_open,3,card_acceptance,known_intent,40,2501,37,R3,0
0,0,banking77_open,0,card_arrival,known_intent,40,2501,40,R3,0
8,0,banking77_open,8,card_payment_fee_charged,known_intent,40,2501,32,R3,0
1,0,banking77_open,1,card_swallowed,known_intent,40,2501,39,R3,0
5,0,banking77_open,5,cash_withdrawal_not_recognised,known_intent,40,2501,35,R3,0
2,0,banking77_open,2,compromised_card,known_intent,40,2501,38,R3,0
3,0,banking77_open,3,contactless_not_working,known_intent,40,2501,37,R3,0
5,0,banking77_open,5,declined_card_payment,known_intent,40,2501,35,R3,0
4,0,banking77_open,4,declined_cash_withdrawal,known_intent,40,2501,36,R3,0
12,0,banking77_open,12,declined_transfer,known_intent,40,2501,28,R3,0
1,0,banking77_open,1,edit_personal_details,known_intent,40,2501,39,R3,0
3,0,banking77_open,3,exchange_via_app,known_intent,40,2501,37,R3,0
16,0,banking77_open,16,get_disposable_virtual_card,known_intent,40,2501,24,R3,0
4,0,banking77_open,4,get_physical_card,known_intent,40,2501,36,R3,0
16,0,banking77_open,16,getting_virtual_card,known_intent,40,2501,24,R3,0
6,0,banking77_open,6,lost_or_stolen_card,known_intent,40,2501,34,R3,0
2,0,banking77_open,2,lost_or_stolen_phone,known_intent,40,2501,38,R3,0
5,0,banking77_open,5,pending_card_payment,known_intent,40,2501,35,R3,0
8,0,banking77_open,8,pin_blocked,known_intent,40,2501,32,R3,0
2,0,banking77_open,2,receiving_money,known_intent,40,2501,38,R3,0
4,0,banking77_open,4,reverted_card_payment?,known_intent,40,2501,36,R3,0
0,0,banking77_open,0,supported_cards_and_currencies,known_intent,40,2501,40,R3,0
1,0,banking77_open,1,top_up_by_bank_transfer_charge,known_intent,40,2501,39,R3,0
4,0,banking77_open,4,top_up_by_card_charge,known_intent,40,2501,36,R3,0
11,0,banking77_open,11,top_up_by_cash_or_cheque,known_intent,40,2501,29,R3,0
10,0,banking77_open,10,top_up_failed,known_intent,40,2501,30,R3,0
12,0,banking77_open,12,transfer_fee_charged,known_intent,40,2501,28,R3,0
6,0,banking77_open,6,transfer_timing,known_intent,40,2501,34,R3,0
8,0,banking77_open,8,verify_source_of_funds,known_intent,40,2501,32,R3,0
15,0,banking77_open,14,virtual_card_not_working,known_intent,40,2501,25,R3,1
9,0,banking77_open,9,visa_or_mastercard,known_intent,40,2501,31,R3,0
8,0,banking77_open,8,why_verify_identity,known_intent,40,2501,32,R3,0
6,0,banking77_open,6,wrong_amount_of_cash_received,known_intent,40,2501,34,R3,0
1,0,banking77_open,0,test_only_oos_intent,unknown_kind,760,2501,759,R3,0
40,0,banking77_closed,39,Refund_not_showing_up,known_intent,40,2501,0,R0,1
40,0,banking77_closed,38,activate_my_card,known_intent,40,2501,0,R0,2
40,0,banking77_closed,40,age_limit,known_intent,40,2501,0,R0,0
40,0,banking77_closed,40,apple_pay_or_google_pay,known_intent,40,2501,0,R0,0
40,0,banking77_closed,38,atm_support,known_intent,40,2501,0,R0,2
40,0,banking77_closed,37,automatic_top_up,known_intent,40,2501,0,R0,3
40,0,banking77_closed,31,balance_not_updated_after_bank_transfer,known_intent,40,2501,0,R0,9
40,0,banking77_closed,38,balance_not_updated_after_cheque_or_cash_deposit,known_intent,40,2501,0,R0,2
40,0,banking77_closed,35,beneficiary_not_allowed,known_intent,40,2501,0,R0,5
40,0,banking77_closed,39,cancel_transfer,known_intent,40,2501,0,R0,1
40,0,banking77_closed,38,card_about_to_expire,known_intent,40,2501,0,R0,2
40,0,banking77_closed,31,card_acceptance,known_intent,40,2501,0,R0,9
40,0,banking77_closed,34,card_arrival,known_intent,40,2501,0,R0,6
40,0,banking77_closed,36,card_delivery_estimate,known_intent,40,2501,0,R0,4
40,0,banking77_closed,39,card_linking,known_intent,40,2501,0,R0,1
40,0,banking77_closed,38,card_not_working,known_intent,40,2501,0,R0,2
40,0,banking77_closed,37,card_payment_fee_charged,known_intent,40,2501,0,R0,3
40,0,banking77_closed,34,card_payment_not_recognised,known_intent,40,2501,0,R0,6
40,0,banking77_closed,36,card_payment_wrong_exchange_rate,known_intent,40,2501,0,R0,4
40,0,banking77_closed,33,card_swallowed,known_intent,40,2501,0,R0,7
40,0,banking77_closed,37,cash_withdrawal_charge,known_intent,40,2501,0,R0,3
40,0,banking77_closed,37,cash_withdrawal_not_recognised,known_intent,40,2501,0,R0,3
40,0,banking77_closed,39,change_pin,known_intent,40,2501,0,R0,1
40,0,banking77_closed,29,compromised_card,known_intent,40,2501,0,R0,11
40,0,banking77_closed,36,contactless_not_working,known_intent,40,2501,0,R0,4
40,0,banking77_closed,39,country_support,known_intent,40,2501,0,R0,1
40,0,banking77_closed,38,declined_card_payment,known_intent,40,2501,0,R0,2
40,0,banking77_closed,35,declined_cash_withdrawal,known_intent,40,2501,0,R0,5
40,0,banking77_closed,31,declined_transfer,known_intent,40,2501,0,R0,9
40,0,banking77_closed,32,direct_debit_payment_not_recognised,known_intent,40,2501,0,R0,8
40,0,banking77_closed,34,disposable_card_limits,known_intent,40,2501,0,R0,6
40,0,banking77_closed,40,edit_personal_details,known_intent,40,2501,0,R0,0
40,0,banking77_closed,36,exchange_charge,known_intent,40,2501,0,R0,4
40,0,banking77_closed,39,exchange_rate,known_intent,40,2501,0,R0,1
40,0,banking77_closed,37,exchange_via_app,known_intent,40,2501,0,R0,3
40,0,banking77_closed,36,extra_charge_on_statement,known_intent,40,2501,0,R0,4
40,0,banking77_closed,38,failed_transfer,known_intent,40,2501,0,R0,2
40,0,banking77_closed,30,fiat_currency_support,known_intent,40,2501,0,R0,10
40,0,banking77_closed,34,get_disposable_virtual_card,known_intent,40,2501,0,R0,6
40,0,banking77_closed,39,get_physical_card,known_intent,40,2501,0,R0,1
40,0,banking77_closed,33,getting_spare_card,known_intent,40,2501,0,R0,7
40,0,banking77_closed,39,getting_virtual_card,known_intent,40,2501,0,R0,1
40,0,banking77_closed,35,lost_or_stolen_card,known_intent,40,2501,0,R0,5
40,0,banking77_closed,39,lost_or_stolen_phone,known_intent,40,2501,0,R0,1
40,0,banking77_closed,37,order_physical_card,known_intent,40,2501,0,R0,3
40,0,banking77_closed,40,passcode_forgotten,known_intent,40,2501,0,R0,0
40,0,banking77_closed,35,pending_card_payment,known_intent,40,2501,0,R0,5
40,0,banking77_closed,35,pending_cash_withdrawal,known_intent,40,2501,0,R0,5
40,0,banking77_closed,34,pending_top_up,known_intent,40,2501,0,R0,6
40,0,banking77_closed,28,pending_transfer,known_intent,40,2501,0,R0,12
40,0,banking77_closed,35,pin_blocked,known_intent,40,2501,0,R0,5
40,0,banking77_closed,36,receiving_money,known_intent,40,2501,0,R0,4
40,0,banking77_closed,34,request_refund,known_intent,40,2501,0,R0,6
40,0,banking77_closed,38,reverted_card_payment?,known_intent,40,2501,0,R0,2
40,0,banking77_closed,34,supported_cards_and_currencies,known_intent,40,2501,0,R0,6
40,0,banking77_closed,40,terminate_account,known_intent,40,2501,0,R0,0
40,0,banking77_closed,30,top_up_by_bank_transfer_charge,known_intent,40,2501,0,R0,10
40,0,banking77_closed,38,top_up_by_card_charge,known_intent,40,2501,0,R0,2
40,0,banking77_closed,33,top_up_by_cash_or_cheque,known_intent,40,2501,0,R0,7
40,0,banking77_closed,34,top_up_failed,known_intent,40,2501,0,R0,6
40,0,banking77_closed,40,top_up_limits,known_intent,40,2501,0,R0,0
40,0,banking77_closed,34,top_up_reverted,known_intent,40,2501,0,R0,6
40,0,banking77_closed,27,topping_up_by_card,known_intent,40,2501,0,R0,13
40,0,banking77_closed,40,transaction_charged_twice,known_intent,40,2501,0,R0,0
40,0,banking77_closed,37,transfer_fee_charged,known_intent,40,2501,0,R0,3
40,0,banking77_closed,37,transfer_into_account,known_intent,40,2501,0,R0,3
40,0,banking77_closed,33,transfer_not_received_by_recipient,known_intent,40,2501,0,R0,7
40,0,banking77_closed,37,transfer_timing,known_intent,40,2501,0,R0,3
40,0,banking77_closed,37,unable_to_verify_identity,known_intent,40,2501,0,R0,3
40,0,banking77_closed,35,verify_my_identity,known_intent,40,2501,0,R0,5
40,0,banking77_closed,40,verify_source_of_funds,known_intent,40,2501,0,R0,0
40,0,banking77_closed,40,verify_top_up,known_intent,40,2501,0,R0,0
40,0,banking77_closed,12,virtual_card_not_working,known_intent,40,2501,0,R0,28
40,0,banking77_closed,37,visa_or_mastercard,known_intent,40,2501,0,R0,3
40,0,banking77_closed,37,why_verify_identity,known_intent,40,2501,0,R0,3
40,0,banking77_closed,35,wrong_amount_of_cash_received,known_intent,40,2501,0,R0,5
40,0,banking77_closed,34,wrong_exchange_rate_for_cash_withdrawal,known_intent,40,2501,0,R0,6
40,0,banking77_closed,35,Refund_not_showing_up,known_intent,40,2501,0,R2,5
40,0,banking77_closed,37,activate_my_card,known_intent,40,2501,0,R2,3
40,0,banking77_closed,40,age_limit,known_intent,40,2501,0,R2,0
40,0,banking77_closed,40,apple_pay_or_google_pay,known_intent,40,2501,0,R2,0
40,0,banking77_closed,37,atm_support,known_intent,40,2501,0,R2,3
40,0,banking77_closed,33,automatic_top_up,known_intent,40,2501,0,R2,7
40,0,banking77_closed,20,balance_not_updated_after_bank_transfer,known_intent,40,2501,0,R2,20
40,0,banking77_closed,37,balance_not_updated_after_cheque_or_cash_deposit,known_intent,40,2501,0,R2,3
40,0,banking77_closed,24,beneficiary_not_allowed,known_intent,40,2501,0,R2,16
40,0,banking77_closed,36,cancel_transfer,known_intent,40,2501,0,R2,4
40,0,banking77_closed,40,card_about_to_expire,known_intent,40,2501,0,R2,0
40,0,banking77_closed,39,card_acceptance,known_intent,40,2501,0,R2,1
40,0,banking77_closed,30,card_arrival,known_intent,40,2501,0,R2,10
40,0,banking77_closed,37,card_delivery_estimate,known_intent,40,2501,0,R2,3
40,0,banking77_closed,37,card_linking,known_intent,40,2501,0,R2,3
40,0,banking77_closed,35,card_not_working,known_intent,40,2501,0,R2,5
40,0,banking77_closed,31,card_payment_fee_charged,known_intent,40,2501,0,R2,9
40,0,banking77_closed,29,card_payment_not_recognised,known_intent,40,2501,0,R2,11
40,0,banking77_closed,37,card_payment_wrong_exchange_rate,known_intent,40,2501,0,R2,3
40,0,banking77_closed,38,card_swallowed,known_intent,40,2501,0,R2,2
40,0,banking77_closed,36,cash_withdrawal_charge,known_intent,40,2501,0,R2,4
40,0,banking77_closed,31,cash_withdrawal_not_recognised,known_intent,40,2501,0,R2,9
40,0,banking77_closed,40,change_pin,known_intent,40,2501,0,R2,0
40,0,banking77_closed,26,compromised_card,known_intent,40,2501,0,R2,14
40,0,banking77_closed,38,contactless_not_working,known_intent,40,2501,0,R2,2
40,0,banking77_closed,33,country_support,known_intent,40,2501,0,R2,7
40,0,banking77_closed,36,declined_card_payment,known_intent,40,2501,0,R2,4
40,0,banking77_closed,27,declined_cash_withdrawal,known_intent,40,2501,0,R2,13
40,0,banking77_closed,29,declined_transfer,known_intent,40,2501,0,R2,11
40,0,banking77_closed,30,direct_debit_payment_not_recognised,known_intent,40,2501,0,R2,10
40,0,banking77_closed,34,disposable_card_limits,known_intent,40,2501,0,R2,6
40,0,banking77_closed,39,edit_personal_details,known_intent,40,2501,0,R2,1
40,0,banking77_closed,36,exchange_charge,known_intent,40,2501,0,R2,4
40,0,banking77_closed,38,exchange_rate,known_intent,40,2501,0,R2,2
40,0,banking77_closed,34,exchange_via_app,known_intent,40,2501,0,R2,6
40,0,banking77_closed,36,extra_charge_on_statement,known_intent,40,2501,0,R2,4
40,0,banking77_closed,34,failed_transfer,known_intent,40,2501,0,R2,6
40,0,banking77_closed,32,fiat_currency_support,known_intent,40,2501,0,R2,8
40,0,banking77_closed,33,get_disposable_virtual_card,known_intent,40,2501,0,R2,7
40,0,banking77_closed,36,get_physical_card,known_intent,40,2501,0,R2,4
40,0,banking77_closed,37,getting_spare_card,known_intent,40,2501,0,R2,3
40,0,banking77_closed,38,getting_virtual_card,known_intent,40,2501,0,R2,2
40,0,banking77_closed,38,lost_or_stolen_card,known_intent,40,2501,0,R2,2
40,0,banking77_closed,40,lost_or_stolen_phone,known_intent,40,2501,0,R2,0
40,0,banking77_closed,30,order_physical_card,known_intent,40,2501,0,R2,10
40,0,banking77_closed,40,passcode_forgotten,known_intent,40,2501,0,R2,0
40,0,banking77_closed,35,pending_card_payment,known_intent,40,2501,0,R2,5
40,0,banking77_closed,34,pending_cash_withdrawal,known_intent,40,2501,0,R2,6
40,0,banking77_closed,31,pending_top_up,known_intent,40,2501,0,R2,9
40,0,banking77_closed,26,pending_transfer,known_intent,40,2501,0,R2,14
40,0,banking77_closed,29,pin_blocked,known_intent,40,2501,0,R2,11
40,0,banking77_closed,32,receiving_money,known_intent,40,2501,0,R2,8
40,0,banking77_closed,36,request_refund,known_intent,40,2501,0,R2,4
40,0,banking77_closed,36,reverted_card_payment?,known_intent,40,2501,0,R2,4
40,0,banking77_closed,17,supported_cards_and_currencies,known_intent,40,2501,0,R2,23
40,0,banking77_closed,40,terminate_account,known_intent,40,2501,0,R2,0
40,0,banking77_closed,34,top_up_by_bank_transfer_charge,known_intent,40,2501,0,R2,6
40,0,banking77_closed,36,top_up_by_card_charge,known_intent,40,2501,0,R2,4
40,0,banking77_closed,35,top_up_by_cash_or_cheque,known_intent,40,2501,0,R2,5
40,0,banking77_closed,34,top_up_failed,known_intent,40,2501,0,R2,6
40,0,banking77_closed,38,top_up_limits,known_intent,40,2501,0,R2,2
40,0,banking77_closed,32,top_up_reverted,known_intent,40,2501,0,R2,8
40,0,banking77_closed,24,topping_up_by_card,known_intent,40,2501,0,R2,16
40,0,banking77_closed,40,transaction_charged_twice,known_intent,40,2501,0,R2,0
40,0,banking77_closed,35,transfer_fee_charged,known_intent,40,2501,0,R2,5
40,0,banking77_closed,34,transfer_into_account,known_intent,40,2501,0,R2,6
40,0,banking77_closed,22,transfer_not_received_by_recipient,known_intent,40,2501,0,R2,18
40,0,banking77_closed,38,transfer_timing,known_intent,40,2501,0,R2,2
40,0,banking77_closed,37,unable_to_verify_identity,known_intent,40,2501,0,R2,3
40,0,banking77_closed,33,verify_my_identity,known_intent,40,2501,0,R2,7
40,0,banking77_closed,40,verify_source_of_funds,known_intent,40,2501,0,R2,0
40,0,banking77_closed,40,verify_top_up,known_intent,40,2501,0,R2,0
40,0,banking77_closed,34,virtual_card_not_working,known_intent,40,2501,0,R2,6
40,0,banking77_closed,38,visa_or_mastercard,known_intent,40,2501,0,R2,2
40,0,banking77_closed,31,why_verify_identity,known_intent,40,2501,0,R2,9
40,0,banking77_closed,29,wrong_amount_of_cash_received,known_intent,40,2501,0,R2,11
40,0,banking77_closed,33,wrong_exchange_rate_for_cash_withdrawal,known_intent,40,2501,0,R2,7
30,0,clinc150,30,alarm,known_intent,30,2502,0,R0,0
30,0,clinc150,30,are_you_a_bot,known_intent,30,2502,0,R0,0
30,0,clinc150,29,balance,known_intent,30,2502,0,R0,1
30,0,clinc150,28,calculator,known_intent,30,2502,0,R0,2
30,0,clinc150,29,calories,known_intent,30,2502,0,R0,1
30,0,clinc150,30,car_rental,known_intent,30,2502,0,R0,0
30,0,clinc150,27,card_declined,known_intent,30,2502,0,R0,3
30,0,clinc150,29,change_speed,known_intent,30,2502,0,R0,1
30,0,clinc150,30,change_user_name,known_intent,30,2502,0,R0,0
30,0,clinc150,30,confirm_reservation,known_intent,30,2502,0,R0,0
30,0,clinc150,30,credit_limit,known_intent,30,2502,0,R0,0
30,0,clinc150,30,current_location,known_intent,30,2502,0,R0,0
30,0,clinc150,30,damaged_card,known_intent,30,2502,0,R0,0
30,0,clinc150,30,direct_deposit,known_intent,30,2502,0,R0,0
30,0,clinc150,30,expiration_date,known_intent,30,2502,0,R0,0
30,0,clinc150,30,flight_status,known_intent,30,2502,0,R0,0
30,0,clinc150,29,food_last,known_intent,30,2502,0,R0,1
30,0,clinc150,30,freeze_account,known_intent,30,2502,0,R0,0
30,0,clinc150,30,gas_type,known_intent,30,2502,0,R0,0
30,0,clinc150,28,goodbye,known_intent,30,2502,0,R0,2
30,0,clinc150,30,greeting,known_intent,30,2502,0,R0,0
30,0,clinc150,30,how_old_are_you,known_intent,30,2502,0,R0,0
30,0,clinc150,30,interest_rate,known_intent,30,2502,0,R0,0
30,0,clinc150,30,international_fees,known_intent,30,2502,0,R0,0
30,0,clinc150,30,lost_luggage,known_intent,30,2502,0,R0,0
30,0,clinc150,30,make_call,known_intent,30,2502,0,R0,0
30,0,clinc150,30,mpg,known_intent,30,2502,0,R0,0
30,0,clinc150,30,next_holiday,known_intent,30,2502,0,R0,0
30,0,clinc150,30,next_song,known_intent,30,2502,0,R0,0
30,0,clinc150,30,no,known_intent,30,2502,0,R0,0
30,0,clinc150,30,nutrition_info,known_intent,30,2502,0,R0,0
30,0,clinc150,30,oil_change_how,known_intent,30,2502,0,R0,0
30,0,clinc150,30,oil_change_when,known_intent,30,2502,0,R0,0
30,0,clinc150,30,order_status,known_intent,30,2502,0,R0,0
30,0,clinc150,30,payday,known_intent,30,2502,0,R0,0
30,0,clinc150,28,pto_request_status,known_intent,30,2502,0,R0,2
30,0,clinc150,28,reminder_update,known_intent,30,2502,0,R0,2
30,0,clinc150,30,restaurant_suggestion,known_intent,30,2502,0,R0,0
30,0,clinc150,30,routing,known_intent,30,2502,0,R0,0
30,0,clinc150,29,share_location,known_intent,30,2502,0,R0,1
30,0,clinc150,29,shopping_list_update,known_intent,30,2502,0,R0,1
30,0,clinc150,30,spending_history,known_intent,30,2502,0,R0,0
30,0,clinc150,30,tell_joke,known_intent,30,2502,0,R0,0
30,0,clinc150,29,time,known_intent,30,2502,0,R0,1
30,0,clinc150,29,timezone,known_intent,30,2502,0,R0,1
30,0,clinc150,30,todo_list_update,known_intent,30,2502,0,R0,0
30,0,clinc150,30,travel_notification,known_intent,30,2502,0,R0,0
30,0,clinc150,30,w2,known_intent,30,2502,0,R0,0
30,0,clinc150,30,whisper_mode,known_intent,30,2502,0,R0,0
30,0,clinc150,29,yes,known_intent,30,2502,0,R0,1
3000,0,clinc150,0,heldout_intent,unknown_kind,3000,2502,0,R0,0
1000,0,clinc150,0,official_oos,unknown_kind,1000,2502,0,R0,0
30,0,clinc150,30,alarm,known_intent,30,2502,0,R2,0
30,0,clinc150,30,are_you_a_bot,known_intent,30,2502,0,R2,0
30,0,clinc150,30,balance,known_intent,30,2502,0,R2,0
30,0,clinc150,27,calculator,known_intent,30,2502,0,R2,3
30,0,clinc150,24,calories,known_intent,30,2502,0,R2,6
30,0,clinc150,30,car_rental,known_intent,30,2502,0,R2,0
30,0,clinc150,29,card_declined,known_intent,30,2502,0,R2,1
30,0,clinc150,29,change_speed,known_intent,30,2502,0,R2,1
30,0,clinc150,30,change_user_name,known_intent,30,2502,0,R2,0
30,0,clinc150,30,confirm_reservation,known_intent,30,2502,0,R2,0
30,0,clinc150,30,credit_limit,known_intent,30,2502,0,R2,0
30,0,clinc150,30,current_location,known_intent,30,2502,0,R2,0
30,0,clinc150,30,damaged_card,known_intent,30,2502,0,R2,0
30,0,clinc150,30,direct_deposit,known_intent,30,2502,0,R2,0
30,0,clinc150,30,expiration_date,known_intent,30,2502,0,R2,0
30,0,clinc150,30,flight_status,known_intent,30,2502,0,R2,0
30,0,clinc150,29,food_last,known_intent,30,2502,0,R2,1
30,0,clinc150,30,freeze_account,known_intent,30,2502,0,R2,0
30,0,clinc150,30,gas_type,known_intent,30,2502,0,R2,0
30,0,clinc150,30,goodbye,known_intent,30,2502,0,R2,0
30,0,clinc150,29,greeting,known_intent,30,2502,0,R2,1
30,0,clinc150,30,how_old_are_you,known_intent,30,2502,0,R2,0
30,0,clinc150,29,interest_rate,known_intent,30,2502,0,R2,1
30,0,clinc150,30,international_fees,known_intent,30,2502,0,R2,0
30,0,clinc150,30,lost_luggage,known_intent,30,2502,0,R2,0
30,0,clinc150,30,make_call,known_intent,30,2502,0,R2,0
30,0,clinc150,30,mpg,known_intent,30,2502,0,R2,0
30,0,clinc150,30,next_holiday,known_intent,30,2502,0,R2,0
30,0,clinc150,30,next_song,known_intent,30,2502,0,R2,0
30,0,clinc150,29,no,known_intent,30,2502,0,R2,1
30,0,clinc150,30,nutrition_info,known_intent,30,2502,0,R2,0
30,0,clinc150,30,oil_change_how,known_intent,30,2502,0,R2,0
30,0,clinc150,29,oil_change_when,known_intent,30,2502,0,R2,1
30,0,clinc150,29,order_status,known_intent,30,2502,0,R2,1
30,0,clinc150,30,payday,known_intent,30,2502,0,R2,0
30,0,clinc150,29,pto_request_status,known_intent,30,2502,0,R2,1
30,0,clinc150,25,reminder_update,known_intent,30,2502,0,R2,5
30,0,clinc150,30,restaurant_suggestion,known_intent,30,2502,0,R2,0
30,0,clinc150,30,routing,known_intent,30,2502,0,R2,0
30,0,clinc150,28,share_location,known_intent,30,2502,0,R2,2
30,0,clinc150,29,shopping_list_update,known_intent,30,2502,0,R2,1
30,0,clinc150,30,spending_history,known_intent,30,2502,0,R2,0
30,0,clinc150,30,tell_joke,known_intent,30,2502,0,R2,0
30,0,clinc150,25,time,known_intent,30,2502,0,R2,5
30,0,clinc150,29,timezone,known_intent,30,2502,0,R2,1
30,0,clinc150,26,todo_list_update,known_intent,30,2502,0,R2,4
30,0,clinc150,30,travel_notification,known_intent,30,2502,0,R2,0
30,0,clinc150,30,w2,known_intent,30,2502,0,R2,0
30,0,clinc150,30,whisper_mode,known_intent,30,2502,0,R2,0
30,0,clinc150,25,yes,known_intent,30,2502,0,R2,5
3000,0,clinc150,0,heldout_intent,unknown_kind,3000,2502,0,R2,0
1000,0,clinc150,0,official_oos,unknown_kind,1000,2502,0,R2,0
28,0,clinc150,28,alarm,known_intent,30,2502,2,MAX_THRESHOLD,0
29,0,clinc150,29,are_you_a_bot,known_intent,30,2502,1,MAX_THRESHOLD,0
24,0,clinc150,24,balance,known_intent,30,2502,6,MAX_THRESHOLD,0
6,0,clinc150,6,calculator,known_intent,30,2502,24,MAX_THRESHOLD,0
25,0,clinc150,21,calories,known_intent,30,2502,5,MAX_THRESHOLD,4
14,0,clinc150,14,car_rental,known_intent,30,2502,16,MAX_THRESHOLD,0
28,0,clinc150,27,card_declined,known_intent,30,2502,2,MAX_THRESHOLD,1
27,0,clinc150,27,change_speed,known_intent,30,2502,3,MAX_THRESHOLD,0
18,0,clinc150,18,change_user_name,known_intent,30,2502,12,MAX_THRESHOLD,0
16,0,clinc150,16,confirm_reservation,known_intent,30,2502,14,MAX_THRESHOLD,0
29,0,clinc150,29,credit_limit,known_intent,30,2502,1,MAX_THRESHOLD,0
29,0,clinc150,29,current_location,known_intent,30,2502,1,MAX_THRESHOLD,0
30,0,clinc150,30,damaged_card,known_intent,30,2502,0,MAX_THRESHOLD,0
30,0,clinc150,30,direct_deposit,known_intent,30,2502,0,MAX_THRESHOLD,0
30,0,clinc150,30,expiration_date,known_intent,30,2502,0,MAX_THRESHOLD,0
30,0,clinc150,30,flight_status,known_intent,30,2502,0,MAX_THRESHOLD,0
23,0,clinc150,23,food_last,known_intent,30,2502,7,MAX_THRESHOLD,0
28,0,clinc150,28,freeze_account,known_intent,30,2502,2,MAX_THRESHOLD,0
29,0,clinc150,29,gas_type,known_intent,30,2502,1,MAX_THRESHOLD,0
25,0,clinc150,25,goodbye,known_intent,30,2502,5,MAX_THRESHOLD,0
25,0,clinc150,24,greeting,known_intent,30,2502,5,MAX_THRESHOLD,1
30,0,clinc150,30,how_old_are_you,known_intent,30,2502,0,MAX_THRESHOLD,0
29,0,clinc150,28,interest_rate,known_intent,30,2502,1,MAX_THRESHOLD,1
28,0,clinc150,28,international_fees,known_intent,30,2502,2,MAX_THRESHOLD,0
29,0,clinc150,29,lost_luggage,known_intent,30,2502,1,MAX_THRESHOLD,0
18,0,clinc150,18,make_call,known_intent,30,2502,12,MAX_THRESHOLD,0
30,0,clinc150,30,mpg,known_intent,30,2502,0,MAX_THRESHOLD,0
30,0,clinc150,30,next_holiday,known_intent,30,2502,0,MAX_THRESHOLD,0
26,0,clinc150,26,next_song,known_intent,30,2502,4,MAX_THRESHOLD,0
23,0,clinc150,23,no,known_intent,30,2502,7,MAX_THRESHOLD,0
27,0,clinc150,27,nutrition_info,known_intent,30,2502,3,MAX_THRESHOLD,0
30,0,clinc150,30,oil_change_how,known_intent,30,2502,0,MAX_THRESHOLD,0
30,0,clinc150,29,oil_change_when,known_intent,30,2502,0,MAX_THRESHOLD,1
29,0,clinc150,28,order_status,known_intent,30,2502,1,MAX_THRESHOLD,1
30,0,clinc150,30,payday,known_intent,30,2502,0,MAX_THRESHOLD,0
28,0,clinc150,27,pto_request_status,known_intent,30,2502,2,MAX_THRESHOLD,1
22,0,clinc150,19,reminder_update,known_intent,30,2502,8,MAX_THRESHOLD,3
17,0,clinc150,17,restaurant_suggestion,known_intent,30,2502,13,MAX_THRESHOLD,0
23,0,clinc150,23,routing,known_intent,30,2502,7,MAX_THRESHOLD,0
25,0,clinc150,23,share_location,known_intent,30,2502,5,MAX_THRESHOLD,2
25,0,clinc150,24,shopping_list_update,known_intent,30,2502,5,MAX_THRESHOLD,1
27,0,clinc150,27,spending_history,known_intent,30,2502,3,MAX_THRESHOLD,0
29,0,clinc150,29,tell_joke,known_intent,30,2502,1,MAX_THRESHOLD,0
22,0,clinc150,17,time,known_intent,30,2502,8,MAX_THRESHOLD,5
25,0,clinc150,25,timezone,known_intent,30,2502,5,MAX_THRESHOLD,0
24,0,clinc150,22,todo_list_update,known_intent,30,2502,6,MAX_THRESHOLD,2
26,0,clinc150,26,travel_notification,known_intent,30,2502,4,MAX_THRESHOLD,0
30,0,clinc150,30,w2,known_intent,30,2502,0,MAX_THRESHOLD,0
30,0,clinc150,30,whisper_mode,known_intent,30,2502,0,MAX_THRESHOLD,0
18,0,clinc150,18,yes,known_intent,30,2502,12,MAX_THRESHOLD,0
453,0,clinc150,0,heldout_intent,unknown_kind,3000,2502,2547,MAX_THRESHOLD,0
24,0,clinc150,0,official_oos,unknown_kind,1000,2502,976,MAX_THRESHOLD,0
5,0,clinc150,5,alarm,known_intent,30,2502,25,R3,0
4,0,clinc150,4,are_you_a_bot,known_intent,30,2502,26,R3,0
15,0,clinc150,15,balance,known_intent,30,2502,15,R3,0
0,0,clinc150,0,calculator,known_intent,30,2502,30,R3,0
0,0,clinc150,0,calories,known_intent,30,2502,30,R3,0
0,0,clinc150,0,car_rental,known_intent,30,2502,30,R3,0
5,0,clinc150,5,card_declined,known_intent,30,2502,25,R3,0
4,0,clinc150,4,change_speed,known_intent,30,2502,26,R3,0
0,0,clinc150,0,change_user_name,known_intent,30,2502,30,R3,0
5,0,clinc150,5,confirm_reservation,known_intent,30,2502,25,R3,0
8,0,clinc150,8,credit_limit,known_intent,30,2502,22,R3,0
10,2,clinc150,10,current_location,known_intent,30,2502,18,R3,0
7,0,clinc150,7,damaged_card,known_intent,30,2502,23,R3,0
16,0,clinc150,16,direct_deposit,known_intent,30,2502,14,R3,0
20,0,clinc150,20,expiration_date,known_intent,30,2502,10,R3,0
0,0,clinc150,0,flight_status,known_intent,30,2502,30,R3,0
0,0,clinc150,0,food_last,known_intent,30,2502,30,R3,0
15,0,clinc150,15,freeze_account,known_intent,30,2502,15,R3,0
21,0,clinc150,21,gas_type,known_intent,30,2502,9,R3,0
5,0,clinc150,5,goodbye,known_intent,30,2502,25,R3,0
12,0,clinc150,12,greeting,known_intent,30,2502,18,R3,0
13,0,clinc150,13,how_old_are_you,known_intent,30,2502,17,R3,0
7,0,clinc150,7,interest_rate,known_intent,30,2502,23,R3,0
5,0,clinc150,5,international_fees,known_intent,30,2502,25,R3,0
18,0,clinc150,18,lost_luggage,known_intent,30,2502,12,R3,0
1,0,clinc150,1,make_call,known_intent,30,2502,29,R3,0
24,0,clinc150,24,mpg,known_intent,30,2502,6,R3,0
12,0,clinc150,12,next_holiday,known_intent,30,2502,18,R3,0
7,0,clinc150,7,next_song,known_intent,30,2502,23,R3,0
9,0,clinc150,9,no,known_intent,30,2502,21,R3,0
0,0,clinc150,0,nutrition_info,known_intent,30,2502,30,R3,0
20,1,clinc150,20,oil_change_how,known_intent,30,2502,9,R3,0
20,0,clinc150,20,oil_change_when,known_intent,30,2502,10,R3,0
1,0,clinc150,1,order_status,known_intent,30,2502,29,R3,0
9,0,clinc150,9,payday,known_intent,30,2502,21,R3,0
10,0,clinc150,10,pto_request_status,known_intent,30,2502,20,R3,0
2,0,clinc150,2,reminder_update,known_intent,30,2502,28,R3,0
2,0,clinc150,2,restaurant_suggestion,known_intent,30,2502,28,R3,0
7,0,clinc150,7,routing,known_intent,30,2502,23,R3,0
2,0,clinc150,1,share_location,known_intent,30,2502,28,R3,1
1,0,clinc150,1,shopping_list_update,known_intent,30,2502,29,R3,0
8,0,clinc150,8,spending_history,known_intent,30,2502,22,R3,0
8,0,clinc150,8,tell_joke,known_intent,30,2502,22,R3,0
2,0,clinc150,2,time,known_intent,30,2502,28,R3,0
0,0,clinc150,0,timezone,known_intent,30,2502,30,R3,0
2,0,clinc150,2,todo_list_update,known_intent,30,2502,28,R3,0
1,0,clinc150,1,travel_notification,known_intent,30,2502,29,R3,0
14,0,clinc150,14,w2,known_intent,30,2502,16,R3,0
21,0,clinc150,21,whisper_mode,known_intent,30,2502,9,R3,0
6,0,clinc150,6,yes,known_intent,30,2502,24,R3,0
6,0,clinc150,0,heldout_intent,unknown_kind,3000,2502,2994,R3,0
0,0,clinc150,0,official_oos,unknown_kind,1000,2502,1000,R3,0
40,0,banking77_open,39,Refund_not_showing_up,known_intent,40,2502,0,R0,1
40,0,banking77_open,39,activate_my_card,known_intent,40,2502,0,R0,1
40,0,banking77_open,31,balance_not_updated_after_bank_transfer,known_intent,40,2502,0,R0,9
40,0,banking77_open,39,card_linking,known_intent,40,2502,0,R0,1
40,0,banking77_open,39,card_not_working,known_intent,40,2502,0,R0,1
40,0,banking77_open,38,card_payment_wrong_exchange_rate,known_intent,40,2502,0,R0,2
40,0,banking77_open,37,card_swallowed,known_intent,40,2502,0,R0,3
40,0,banking77_open,39,cash_withdrawal_charge,known_intent,40,2502,0,R0,1
40,0,banking77_open,39,cash_withdrawal_not_recognised,known_intent,40,2502,0,R0,1
40,0,banking77_open,36,contactless_not_working,known_intent,40,2502,0,R0,4
40,0,banking77_open,39,country_support,known_intent,40,2502,0,R0,1
40,0,banking77_open,37,declined_card_payment,known_intent,40,2502,0,R0,3
40,0,banking77_open,38,declined_cash_withdrawal,known_intent,40,2502,0,R0,2
40,0,banking77_open,31,declined_transfer,known_intent,40,2502,0,R0,9
40,0,banking77_open,35,disposable_card_limits,known_intent,40,2502,0,R0,5
40,0,banking77_open,40,edit_personal_details,known_intent,40,2502,0,R0,0
40,0,banking77_open,37,exchange_charge,known_intent,40,2502,0,R0,3
40,0,banking77_open,39,exchange_rate,known_intent,40,2502,0,R0,1
40,0,banking77_open,38,extra_charge_on_statement,known_intent,40,2502,0,R0,2
40,0,banking77_open,39,failed_transfer,known_intent,40,2502,0,R0,1
40,0,banking77_open,40,get_physical_card,known_intent,40,2502,0,R0,0
40,0,banking77_open,38,getting_spare_card,known_intent,40,2502,0,R0,2
40,0,banking77_open,39,getting_virtual_card,known_intent,40,2502,0,R0,1
40,0,banking77_open,36,lost_or_stolen_card,known_intent,40,2502,0,R0,4
40,0,banking77_open,38,pending_card_payment,known_intent,40,2502,0,R0,2
40,0,banking77_open,37,pending_top_up,known_intent,40,2502,0,R0,3
40,0,banking77_open,36,pin_blocked,known_intent,40,2502,0,R0,4
40,0,banking77_open,40,receiving_money,known_intent,40,2502,0,R0,0
40,0,banking77_open,38,reverted_card_payment?,known_intent,40,2502,0,R0,2
40,0,banking77_open,37,supported_cards_and_currencies,known_intent,40,2502,0,R0,3
40,0,banking77_open,38,top_up_by_bank_transfer_charge,known_intent,40,2502,0,R0,2
40,0,banking77_open,37,top_up_by_card_charge,known_intent,40,2502,0,R0,3
40,0,banking77_open,37,top_up_by_cash_or_cheque,known_intent,40,2502,0,R0,3
40,0,banking77_open,40,top_up_limits,known_intent,40,2502,0,R0,0
40,0,banking77_open,36,top_up_reverted,known_intent,40,2502,0,R0,4
40,0,banking77_open,39,transfer_into_account,known_intent,40,2502,0,R0,1
40,0,banking77_open,35,transfer_not_received_by_recipient,known_intent,40,2502,0,R0,5
40,0,banking77_open,36,transfer_timing,known_intent,40,2502,0,R0,4
40,0,banking77_open,37,visa_or_mastercard,known_intent,40,2502,0,R0,3
760,0,banking77_open,0,test_only_oos_intent,unknown_kind,760,2502,0,R0,0
40,0,banking77_open,39,Refund_not_showing_up,known_intent,40,2502,0,R2,1
40,0,banking77_open,37,activate_my_card,known_intent,40,2502,0,R2,3
40,0,banking77_open,27,balance_not_updated_after_bank_transfer,known_intent,40,2502,0,R2,13
40,0,banking77_open,39,card_linking,known_intent,40,2502,0,R2,1
40,0,banking77_open,36,card_not_working,known_intent,40,2502,0,R2,4
40,0,banking77_open,38,card_payment_wrong_exchange_rate,known_intent,40,2502,0,R2,2
40,0,banking77_open,38,card_swallowed,known_intent,40,2502,0,R2,2
40,0,banking77_open,38,cash_withdrawal_charge,known_intent,40,2502,0,R2,2
40,0,banking77_open,35,cash_withdrawal_not_recognised,known_intent,40,2502,0,R2,5
40,0,banking77_open,38,contactless_not_working,known_intent,40,2502,0,R2,2
40,0,banking77_open,35,country_support,known_intent,40,2502,0,R2,5
40,0,banking77_open,35,declined_card_payment,known_intent,40,2502,0,R2,5
40,0,banking77_open,29,declined_cash_withdrawal,known_intent,40,2502,0,R2,11
40,0,banking77_open,29,declined_transfer,known_intent,40,2502,0,R2,11
40,0,banking77_open,37,disposable_card_limits,known_intent,40,2502,0,R2,3
40,0,banking77_open,39,edit_personal_details,known_intent,40,2502,0,R2,1
40,0,banking77_open,37,exchange_charge,known_intent,40,2502,0,R2,3
40,0,banking77_open,39,exchange_rate,known_intent,40,2502,0,R2,1
40,0,banking77_open,39,extra_charge_on_statement,known_intent,40,2502,0,R2,1
40,0,banking77_open,37,failed_transfer,known_intent,40,2502,0,R2,3
40,0,banking77_open,39,get_physical_card,known_intent,40,2502,0,R2,1
40,0,banking77_open,39,getting_spare_card,known_intent,40,2502,0,R2,1
40,0,banking77_open,39,getting_virtual_card,known_intent,40,2502,0,R2,1
40,0,banking77_open,38,lost_or_stolen_card,known_intent,40,2502,0,R2,2
40,0,banking77_open,39,pending_card_payment,known_intent,40,2502,0,R2,1
40,0,banking77_open,35,pending_top_up,known_intent,40,2502,0,R2,5
40,0,banking77_open,31,pin_blocked,known_intent,40,2502,0,R2,9
40,0,banking77_open,34,receiving_money,known_intent,40,2502,0,R2,6
40,0,banking77_open,34,reverted_card_payment?,known_intent,40,2502,0,R2,6
40,0,banking77_open,33,supported_cards_and_currencies,known_intent,40,2502,0,R2,7
40,0,banking77_open,38,top_up_by_bank_transfer_charge,known_intent,40,2502,0,R2,2
40,0,banking77_open,40,top_up_by_card_charge,known_intent,40,2502,0,R2,0
40,0,banking77_open,35,top_up_by_cash_or_cheque,known_intent,40,2502,0,R2,5
40,0,banking77_open,38,top_up_limits,known_intent,40,2502,0,R2,2
40,0,banking77_open,33,top_up_reverted,known_intent,40,2502,0,R2,7
40,0,banking77_open,35,transfer_into_account,known_intent,40,2502,0,R2,5
40,0,banking77_open,22,transfer_not_received_by_recipient,known_intent,40,2502,0,R2,18
40,0,banking77_open,39,transfer_timing,known_intent,40,2502,0,R2,1
40,0,banking77_open,37,visa_or_mastercard,known_intent,40,2502,0,R2,3
760,0,banking77_open,0,test_only_oos_intent,unknown_kind,760,2502,0,R2,0
37,0,banking77_open,36,Refund_not_showing_up,known_intent,40,2502,3,MAX_THRESHOLD,1
38,0,banking77_open,37,activate_my_card,known_intent,40,2502,2,MAX_THRESHOLD,1
30,0,banking77_open,19,balance_not_updated_after_bank_transfer,known_intent,40,2502,10,MAX_THRESHOLD,11
36,0,banking77_open,36,card_linking,known_intent,40,2502,4,MAX_THRESHOLD,0
38,0,banking77_open,35,card_not_working,known_intent,40,2502,2,MAX_THRESHOLD,3
38,0,banking77_open,36,card_payment_wrong_exchange_rate,known_intent,40,2502,2,MAX_THRESHOLD,2
39,0,banking77_open,37,card_swallowed,known_intent,40,2502,1,MAX_THRESHOLD,2
37,0,banking77_open,37,cash_withdrawal_charge,known_intent,40,2502,3,MAX_THRESHOLD,0
26,0,banking77_open,25,cash_withdrawal_not_recognised,known_intent,40,2502,14,MAX_THRESHOLD,1
30,0,banking77_open,29,contactless_not_working,known_intent,40,2502,10,MAX_THRESHOLD,1
24,0,banking77_open,23,country_support,known_intent,40,2502,16,MAX_THRESHOLD,1
36,0,banking77_open,32,declined_card_payment,known_intent,40,2502,4,MAX_THRESHOLD,4
33,0,banking77_open,23,declined_cash_withdrawal,known_intent,40,2502,7,MAX_THRESHOLD,10
31,0,banking77_open,26,declined_transfer,known_intent,40,2502,9,MAX_THRESHOLD,5
38,0,banking77_open,36,disposable_card_limits,known_intent,40,2502,2,MAX_THRESHOLD,2
29,0,banking77_open,29,edit_personal_details,known_intent,40,2502,11,MAX_THRESHOLD,0
34,0,banking77_open,32,exchange_charge,known_intent,40,2502,6,MAX_THRESHOLD,2
35,0,banking77_open,35,exchange_rate,known_intent,40,2502,5,MAX_THRESHOLD,0
27,0,banking77_open,27,extra_charge_on_statement,known_intent,40,2502,13,MAX_THRESHOLD,0
36,0,banking77_open,34,failed_transfer,known_intent,40,2502,4,MAX_THRESHOLD,2
36,0,banking77_open,36,get_physical_card,known_intent,40,2502,4,MAX_THRESHOLD,0
37,0,banking77_open,37,getting_spare_card,known_intent,40,2502,3,MAX_THRESHOLD,0
39,0,banking77_open,39,getting_virtual_card,known_intent,40,2502,1,MAX_THRESHOLD,0
34,0,banking77_open,33,lost_or_stolen_card,known_intent,40,2502,6,MAX_THRESHOLD,1
35,0,banking77_open,35,pending_card_payment,known_intent,40,2502,5,MAX_THRESHOLD,0
27,0,banking77_open,26,pending_top_up,known_intent,40,2502,13,MAX_THRESHOLD,1
34,0,banking77_open,27,pin_blocked,known_intent,40,2502,6,MAX_THRESHOLD,7
23,0,banking77_open,18,receiving_money,known_intent,40,2502,17,MAX_THRESHOLD,5
27,0,banking77_open,24,reverted_card_payment?,known_intent,40,2502,13,MAX_THRESHOLD,3
27,0,banking77_open,21,supported_cards_and_currencies,known_intent,40,2502,13,MAX_THRESHOLD,6
36,0,banking77_open,35,top_up_by_bank_transfer_charge,known_intent,40,2502,4,MAX_THRESHOLD,1
38,0,banking77_open,38,top_up_by_card_charge,known_intent,40,2502,2,MAX_THRESHOLD,0
34,0,banking77_open,32,top_up_by_cash_or_cheque,known_intent,40,2502,6,MAX_THRESHOLD,2
40,0,banking77_open,38,top_up_limits,known_intent,40,2502,0,MAX_THRESHOLD,2
28,0,banking77_open,25,top_up_reverted,known_intent,40,2502,12,MAX_THRESHOLD,3
34,0,banking77_open,32,transfer_into_account,known_intent,40,2502,6,MAX_THRESHOLD,2
20,0,banking77_open,12,transfer_not_received_by_recipient,known_intent,40,2502,20,MAX_THRESHOLD,8
38,0,banking77_open,37,transfer_timing,known_intent,40,2502,2,MAX_THRESHOLD,1
33,0,banking77_open,32,visa_or_mastercard,known_intent,40,2502,7,MAX_THRESHOLD,1
209,0,banking77_open,0,test_only_oos_intent,unknown_kind,760,2502,551,MAX_THRESHOLD,0
2,0,banking77_open,2,Refund_not_showing_up,known_intent,40,2502,38,R3,0
14,0,banking77_open,14,activate_my_card,known_intent,40,2502,26,R3,0
1,0,banking77_open,1,balance_not_updated_after_bank_transfer,known_intent,40,2502,39,R3,0
1,0,banking77_open,1,card_linking,known_intent,40,2502,39,R3,0
14,0,banking77_open,14,card_not_working,known_intent,40,2502,26,R3,0
14,0,banking77_open,14,card_payment_wrong_exchange_rate,known_intent,40,2502,26,R3,0
4,0,banking77_open,4,card_swallowed,known_intent,40,2502,36,R3,0
5,0,banking77_open,5,cash_withdrawal_charge,known_intent,40,2502,35,R3,0
1,0,banking77_open,1,cash_withdrawal_not_recognised,known_intent,40,2502,39,R3,0
3,0,banking77_open,3,contactless_not_working,known_intent,40,2502,37,R3,0
0,0,banking77_open,0,country_support,known_intent,40,2502,40,R3,0
7,0,banking77_open,7,declined_card_payment,known_intent,40,2502,33,R3,0
4,0,banking77_open,4,declined_cash_withdrawal,known_intent,40,2502,36,R3,0
11,0,banking77_open,11,declined_transfer,known_intent,40,2502,29,R3,0
10,0,banking77_open,10,disposable_card_limits,known_intent,40,2502,30,R3,0
1,0,banking77_open,1,edit_personal_details,known_intent,40,2502,39,R3,0
4,0,banking77_open,3,exchange_charge,known_intent,40,2502,36,R3,1
7,0,banking77_open,7,exchange_rate,known_intent,40,2502,33,R3,0
6,0,banking77_open,6,extra_charge_on_statement,known_intent,40,2502,34,R3,0
7,0,banking77_open,7,failed_transfer,known_intent,40,2502,33,R3,0
2,0,banking77_open,2,get_physical_card,known_intent,40,2502,38,R3,0
6,0,banking77_open,6,getting_spare_card,known_intent,40,2502,34,R3,0
18,0,banking77_open,18,getting_virtual_card,known_intent,40,2502,22,R3,0
5,0,banking77_open,5,lost_or_stolen_card,known_intent,40,2502,35,R3,0
5,0,banking77_open,5,pending_card_payment,known_intent,40,2502,35,R3,0
6,0,banking77_open,6,pending_top_up,known_intent,40,2502,34,R3,0
9,0,banking77_open,8,pin_blocked,known_intent,40,2502,31,R3,1
1,0,banking77_open,1,receiving_money,known_intent,40,2502,39,R3,0
6,0,banking77_open,6,reverted_card_payment?,known_intent,40,2502,34,R3,0
0,0,banking77_open,0,supported_cards_and_currencies,known_intent,40,2502,40,R3,0
1,0,banking77_open,1,top_up_by_bank_transfer_charge,known_intent,40,2502,39,R3,0
0,0,banking77_open,0,top_up_by_card_charge,known_intent,40,2502,40,R3,0
10,0,banking77_open,10,top_up_by_cash_or_cheque,known_intent,40,2502,30,R3,0
19,0,banking77_open,19,top_up_limits,known_intent,40,2502,21,R3,0
5,0,banking77_open,5,top_up_reverted,known_intent,40,2502,35,R3,0
10,0,banking77_open,10,transfer_into_account,known_intent,40,2502,30,R3,0
0,0,banking77_open,0,transfer_not_received_by_recipient,known_intent,40,2502,40,R3,0
4,0,banking77_open,4,transfer_timing,known_intent,40,2502,36,R3,0
9,0,banking77_open,9,visa_or_mastercard,known_intent,40,2502,31,R3,0
1,0,banking77_open,0,test_only_oos_intent,unknown_kind,760,2502,759,R3,0
40,0,banking77_closed,40,Refund_not_showing_up,known_intent,40,2502,0,R0,0
40,0,banking77_closed,38,activate_my_card,known_intent,40,2502,0,R0,2
40,0,banking77_closed,40,age_limit,known_intent,40,2502,0,R0,0
40,0,banking77_closed,40,apple_pay_or_google_pay,known_intent,40,2502,0,R0,0
40,0,banking77_closed,38,atm_support,known_intent,40,2502,0,R0,2
40,0,banking77_closed,37,automatic_top_up,known_intent,40,2502,0,R0,3
40,0,banking77_closed,30,balance_not_updated_after_bank_transfer,known_intent,40,2502,0,R0,10
40,0,banking77_closed,38,balance_not_updated_after_cheque_or_cash_deposit,known_intent,40,2502,0,R0,2
40,0,banking77_closed,35,beneficiary_not_allowed,known_intent,40,2502,0,R0,5
40,0,banking77_closed,39,cancel_transfer,known_intent,40,2502,0,R0,1
40,0,banking77_closed,39,card_about_to_expire,known_intent,40,2502,0,R0,1
40,0,banking77_closed,32,card_acceptance,known_intent,40,2502,0,R0,8
40,0,banking77_closed,35,card_arrival,known_intent,40,2502,0,R0,5
40,0,banking77_closed,36,card_delivery_estimate,known_intent,40,2502,0,R0,4
40,0,banking77_closed,39,card_linking,known_intent,40,2502,0,R0,1
40,0,banking77_closed,38,card_not_working,known_intent,40,2502,0,R0,2
40,0,banking77_closed,36,card_payment_fee_charged,known_intent,40,2502,0,R0,4
40,0,banking77_closed,35,card_payment_not_recognised,known_intent,40,2502,0,R0,5
40,0,banking77_closed,37,card_payment_wrong_exchange_rate,known_intent,40,2502,0,R0,3
40,0,banking77_closed,37,card_swallowed,known_intent,40,2502,0,R0,3
40,0,banking77_closed,38,cash_withdrawal_charge,known_intent,40,2502,0,R0,2
40,0,banking77_closed,36,cash_withdrawal_not_recognised,known_intent,40,2502,0,R0,4
40,0,banking77_closed,35,change_pin,known_intent,40,2502,0,R0,5
40,0,banking77_closed,31,compromised_card,known_intent,40,2502,0,R0,9
40,0,banking77_closed,35,contactless_not_working,known_intent,40,2502,0,R0,5
40,0,banking77_closed,39,country_support,known_intent,40,2502,0,R0,1
40,0,banking77_closed,38,declined_card_payment,known_intent,40,2502,0,R0,2
40,0,banking77_closed,36,declined_cash_withdrawal,known_intent,40,2502,0,R0,4
40,0,banking77_closed,30,declined_transfer,known_intent,40,2502,0,R0,10
40,0,banking77_closed,33,direct_debit_payment_not_recognised,known_intent,40,2502,0,R0,7
40,0,banking77_closed,34,disposable_card_limits,known_intent,40,2502,0,R0,6
40,0,banking77_closed,40,edit_personal_details,known_intent,40,2502,0,R0,0
40,0,banking77_closed,36,exchange_charge,known_intent,40,2502,0,R0,4
40,0,banking77_closed,39,exchange_rate,known_intent,40,2502,0,R0,1
40,0,banking77_closed,38,exchange_via_app,known_intent,40,2502,0,R0,2
40,0,banking77_closed,36,extra_charge_on_statement,known_intent,40,2502,0,R0,4
40,0,banking77_closed,38,failed_transfer,known_intent,40,2502,0,R0,2
40,0,banking77_closed,30,fiat_currency_support,known_intent,40,2502,0,R0,10
40,0,banking77_closed,34,get_disposable_virtual_card,known_intent,40,2502,0,R0,6
40,0,banking77_closed,40,get_physical_card,known_intent,40,2502,0,R0,0
40,0,banking77_closed,34,getting_spare_card,known_intent,40,2502,0,R0,6
40,0,banking77_closed,39,getting_virtual_card,known_intent,40,2502,0,R0,1
40,0,banking77_closed,35,lost_or_stolen_card,known_intent,40,2502,0,R0,5
40,0,banking77_closed,39,lost_or_stolen_phone,known_intent,40,2502,0,R0,1
40,0,banking77_closed,36,order_physical_card,known_intent,40,2502,0,R0,4
40,0,banking77_closed,40,passcode_forgotten,known_intent,40,2502,0,R0,0
40,0,banking77_closed,36,pending_card_payment,known_intent,40,2502,0,R0,4
40,0,banking77_closed,34,pending_cash_withdrawal,known_intent,40,2502,0,R0,6
40,0,banking77_closed,34,pending_top_up,known_intent,40,2502,0,R0,6
40,0,banking77_closed,28,pending_transfer,known_intent,40,2502,0,R0,12
40,0,banking77_closed,33,pin_blocked,known_intent,40,2502,0,R0,7
40,0,banking77_closed,39,receiving_money,known_intent,40,2502,0,R0,1
40,0,banking77_closed,35,request_refund,known_intent,40,2502,0,R0,5
40,0,banking77_closed,37,reverted_card_payment?,known_intent,40,2502,0,R0,3
40,0,banking77_closed,34,supported_cards_and_currencies,known_intent,40,2502,0,R0,6
40,0,banking77_closed,40,terminate_account,known_intent,40,2502,0,R0,0
40,0,banking77_closed,28,top_up_by_bank_transfer_charge,known_intent,40,2502,0,R0,12
40,0,banking77_closed,37,top_up_by_card_charge,known_intent,40,2502,0,R0,3
40,0,banking77_closed,32,top_up_by_cash_or_cheque,known_intent,40,2502,0,R0,8
40,0,banking77_closed,35,top_up_failed,known_intent,40,2502,0,R0,5
40,0,banking77_closed,40,top_up_limits,known_intent,40,2502,0,R0,0
40,0,banking77_closed,34,top_up_reverted,known_intent,40,2502,0,R0,6
40,0,banking77_closed,30,topping_up_by_card,known_intent,40,2502,0,R0,10
40,0,banking77_closed,40,transaction_charged_twice,known_intent,40,2502,0,R0,0
40,0,banking77_closed,37,transfer_fee_charged,known_intent,40,2502,0,R0,3
40,0,banking77_closed,37,transfer_into_account,known_intent,40,2502,0,R0,3
40,0,banking77_closed,34,transfer_not_received_by_recipient,known_intent,40,2502,0,R0,6
40,0,banking77_closed,37,transfer_timing,known_intent,40,2502,0,R0,3
40,0,banking77_closed,37,unable_to_verify_identity,known_intent,40,2502,0,R0,3
40,0,banking77_closed,35,verify_my_identity,known_intent,40,2502,0,R0,5
40,0,banking77_closed,40,verify_source_of_funds,known_intent,40,2502,0,R0,0
40,0,banking77_closed,40,verify_top_up,known_intent,40,2502,0,R0,0
40,0,banking77_closed,10,virtual_card_not_working,known_intent,40,2502,0,R0,30
40,0,banking77_closed,37,visa_or_mastercard,known_intent,40,2502,0,R0,3
40,0,banking77_closed,37,why_verify_identity,known_intent,40,2502,0,R0,3
40,0,banking77_closed,36,wrong_amount_of_cash_received,known_intent,40,2502,0,R0,4
40,0,banking77_closed,32,wrong_exchange_rate_for_cash_withdrawal,known_intent,40,2502,0,R0,8
40,0,banking77_closed,38,Refund_not_showing_up,known_intent,40,2502,0,R2,2
40,0,banking77_closed,36,activate_my_card,known_intent,40,2502,0,R2,4
40,0,banking77_closed,40,age_limit,known_intent,40,2502,0,R2,0
40,0,banking77_closed,40,apple_pay_or_google_pay,known_intent,40,2502,0,R2,0
40,0,banking77_closed,40,atm_support,known_intent,40,2502,0,R2,0
40,0,banking77_closed,34,automatic_top_up,known_intent,40,2502,0,R2,6
40,0,banking77_closed,23,balance_not_updated_after_bank_transfer,known_intent,40,2502,0,R2,17
40,0,banking77_closed,37,balance_not_updated_after_cheque_or_cash_deposit,known_intent,40,2502,0,R2,3
40,0,banking77_closed,22,beneficiary_not_allowed,known_intent,40,2502,0,R2,18
40,0,banking77_closed,35,cancel_transfer,known_intent,40,2502,0,R2,5
40,0,banking77_closed,40,card_about_to_expire,known_intent,40,2502,0,R2,0
40,0,banking77_closed,37,card_acceptance,known_intent,40,2502,0,R2,3
40,0,banking77_closed,30,card_arrival,known_intent,40,2502,0,R2,10
40,0,banking77_closed,36,card_delivery_estimate,known_intent,40,2502,0,R2,4
40,0,banking77_closed,39,card_linking,known_intent,40,2502,0,R2,1
40,0,banking77_closed,33,card_not_working,known_intent,40,2502,0,R2,7
40,0,banking77_closed,30,card_payment_fee_charged,known_intent,40,2502,0,R2,10
40,0,banking77_closed,25,card_payment_not_recognised,known_intent,40,2502,0,R2,15
40,0,banking77_closed,35,card_payment_wrong_exchange_rate,known_intent,40,2502,0,R2,5
40,0,banking77_closed,39,card_swallowed,known_intent,40,2502,0,R2,1
40,0,banking77_closed,37,cash_withdrawal_charge,known_intent,40,2502,0,R2,3
40,0,banking77_closed,25,cash_withdrawal_not_recognised,known_intent,40,2502,0,R2,15
40,0,banking77_closed,40,change_pin,known_intent,40,2502,0,R2,0
40,0,banking77_closed,27,compromised_card,known_intent,40,2502,0,R2,13
40,0,banking77_closed,38,contactless_not_working,known_intent,40,2502,0,R2,2
40,0,banking77_closed,32,country_support,known_intent,40,2502,0,R2,8
40,0,banking77_closed,34,declined_card_payment,known_intent,40,2502,0,R2,6
40,0,banking77_closed,27,declined_cash_withdrawal,known_intent,40,2502,0,R2,13
40,0,banking77_closed,30,declined_transfer,known_intent,40,2502,0,R2,10
40,0,banking77_closed,32,direct_debit_payment_not_recognised,known_intent,40,2502,0,R2,8
40,0,banking77_closed,34,disposable_card_limits,known_intent,40,2502,0,R2,6
40,0,banking77_closed,39,edit_personal_details,known_intent,40,2502,0,R2,1
40,0,banking77_closed,37,exchange_charge,known_intent,40,2502,0,R2,3
40,0,banking77_closed,39,exchange_rate,known_intent,40,2502,0,R2,1
40,0,banking77_closed,38,exchange_via_app,known_intent,40,2502,0,R2,2
40,0,banking77_closed,36,extra_charge_on_statement,known_intent,40,2502,0,R2,4
40,0,banking77_closed,36,failed_transfer,known_intent,40,2502,0,R2,4
40,0,banking77_closed,27,fiat_currency_support,known_intent,40,2502,0,R2,13
40,0,banking77_closed,33,get_disposable_virtual_card,known_intent,40,2502,0,R2,7
40,0,banking77_closed,36,get_physical_card,known_intent,40,2502,0,R2,4
40,0,banking77_closed,38,getting_spare_card,known_intent,40,2502,0,R2,2
40,0,banking77_closed,38,getting_virtual_card,known_intent,40,2502,0,R2,2
40,0,banking77_closed,37,lost_or_stolen_card,known_intent,40,2502,0,R2,3
40,0,banking77_closed,39,lost_or_stolen_phone,known_intent,40,2502,0,R2,1
40,0,banking77_closed,30,order_physical_card,known_intent,40,2502,0,R2,10
40,0,banking77_closed,40,passcode_forgotten,known_intent,40,2502,0,R2,0
40,0,banking77_closed,39,pending_card_payment,known_intent,40,2502,0,R2,1
40,0,banking77_closed,33,pending_cash_withdrawal,known_intent,40,2502,0,R2,7
40,0,banking77_closed,28,pending_top_up,known_intent,40,2502,0,R2,12
40,0,banking77_closed,26,pending_transfer,known_intent,40,2502,0,R2,14
40,0,banking77_closed,29,pin_blocked,known_intent,40,2502,0,R2,11
40,0,banking77_closed,32,receiving_money,known_intent,40,2502,0,R2,8
40,0,banking77_closed,29,request_refund,known_intent,40,2502,0,R2,11
40,0,banking77_closed,35,reverted_card_payment?,known_intent,40,2502,0,R2,5
40,0,banking77_closed,26,supported_cards_and_currencies,known_intent,40,2502,0,R2,14
40,0,banking77_closed,40,terminate_account,known_intent,40,2502,0,R2,0
40,0,banking77_closed,37,top_up_by_bank_transfer_charge,known_intent,40,2502,0,R2,3
40,0,banking77_closed,38,top_up_by_card_charge,known_intent,40,2502,0,R2,2
40,0,banking77_closed,34,top_up_by_cash_or_cheque,known_intent,40,2502,0,R2,6
40,0,banking77_closed,35,top_up_failed,known_intent,40,2502,0,R2,5
40,0,banking77_closed,39,top_up_limits,known_intent,40,2502,0,R2,1
40,0,banking77_closed,27,top_up_reverted,known_intent,40,2502,0,R2,13
40,0,banking77_closed,21,topping_up_by_card,known_intent,40,2502,0,R2,19
40,0,banking77_closed,37,transaction_charged_twice,known_intent,40,2502,0,R2,3
40,0,banking77_closed,32,transfer_fee_charged,known_intent,40,2502,0,R2,8
40,0,banking77_closed,35,transfer_into_account,known_intent,40,2502,0,R2,5
40,0,banking77_closed,18,transfer_not_received_by_recipient,known_intent,40,2502,0,R2,22
40,0,banking77_closed,39,transfer_timing,known_intent,40,2502,0,R2,1
40,0,banking77_closed,35,unable_to_verify_identity,known_intent,40,2502,0,R2,5
40,0,banking77_closed,39,verify_my_identity,known_intent,40,2502,0,R2,1
40,0,banking77_closed,40,verify_source_of_funds,known_intent,40,2502,0,R2,0
40,0,banking77_closed,40,verify_top_up,known_intent,40,2502,0,R2,0
40,0,banking77_closed,32,virtual_card_not_working,known_intent,40,2502,0,R2,8
40,0,banking77_closed,38,visa_or_mastercard,known_intent,40,2502,0,R2,2
40,0,banking77_closed,32,why_verify_identity,known_intent,40,2502,0,R2,8
40,0,banking77_closed,32,wrong_amount_of_cash_received,known_intent,40,2502,0,R2,8
40,0,banking77_closed,33,wrong_exchange_rate_for_cash_withdrawal,known_intent,40,2502,0,R2,7
30,0,clinc150,28,accept_reservations,known_intent,30,2503,0,R0,2
30,0,clinc150,30,application_status,known_intent,30,2503,0,R0,0
30,0,clinc150,30,balance,known_intent,30,2503,0,R0,0
30,0,clinc150,29,bill_due,known_intent,30,2503,0,R0,1
30,0,clinc150,30,book_hotel,known_intent,30,2503,0,R0,0
30,0,clinc150,28,calculator,known_intent,30,2503,0,R0,2
30,0,clinc150,30,card_declined,known_intent,30,2503,0,R0,0
30,0,clinc150,30,carry_on,known_intent,30,2503,0,R0,0
30,0,clinc150,30,change_ai_name,known_intent,30,2503,0,R0,0
30,0,clinc150,30,change_language,known_intent,30,2503,0,R0,0
30,0,clinc150,29,credit_score,known_intent,30,2503,0,R0,1
30,0,clinc150,29,distance,known_intent,30,2503,0,R0,1
30,0,clinc150,30,exchange_rate,known_intent,30,2503,0,R0,0
30,0,clinc150,29,expiration_date,known_intent,30,2503,0,R0,1
30,0,clinc150,30,fun_fact,known_intent,30,2503,0,R0,0
30,0,clinc150,30,greeting,known_intent,30,2503,0,R0,0
30,0,clinc150,28,how_busy,known_intent,30,2503,0,R0,2
30,0,clinc150,30,improve_credit_score,known_intent,30,2503,0,R0,0
30,0,clinc150,30,ingredient_substitution,known_intent,30,2503,0,R0,0
30,0,clinc150,30,ingredients_list,known_intent,30,2503,0,R0,0
30,0,clinc150,29,last_maintenance,known_intent,30,2503,0,R0,1
30,0,clinc150,30,meaning_of_life,known_intent,30,2503,0,R0,0
30,0,clinc150,30,measurement_conversion,known_intent,30,2503,0,R0,0
30,0,clinc150,30,meeting_schedule,known_intent,30,2503,0,R0,0
30,0,clinc150,30,mpg,known_intent,30,2503,0,R0,0
30,0,clinc150,30,next_holiday,known_intent,30,2503,0,R0,0
30,0,clinc150,30,oil_change_how,known_intent,30,2503,0,R0,0
30,0,clinc150,29,oil_change_when,known_intent,30,2503,0,R0,1
30,0,clinc150,30,order,known_intent,30,2503,0,R0,0
30,0,clinc150,30,pay_bill,known_intent,30,2503,0,R0,0
30,0,clinc150,28,pto_balance,known_intent,30,2503,0,R0,2
30,0,clinc150,28,pto_request_status,known_intent,30,2503,0,R0,2
30,0,clinc150,30,reminder,known_intent,30,2503,0,R0,0
30,0,clinc150,30,repeat,known_intent,30,2503,0,R0,0
30,0,clinc150,29,restaurant_reservation,known_intent,30,2503,0,R0,1
30,0,clinc150,30,schedule_meeting,known_intent,30,2503,0,R0,0
30,0,clinc150,30,share_location,known_intent,30,2503,0,R0,0
30,0,clinc150,22,shopping_list,known_intent,30,2503,0,R0,8
30,0,clinc150,30,shopping_list_update,known_intent,30,2503,0,R0,0
30,0,clinc150,30,time,known_intent,30,2503,0,R0,0
30,0,clinc150,29,timezone,known_intent,30,2503,0,R0,1
30,0,clinc150,30,todo_list,known_intent,30,2503,0,R0,0
30,0,clinc150,26,transactions,known_intent,30,2503,0,R0,4
30,0,clinc150,29,transfer,known_intent,30,2503,0,R0,1
30,0,clinc150,30,travel_suggestion,known_intent,30,2503,0,R0,0
30,0,clinc150,28,user_name,known_intent,30,2503,0,R0,2
30,0,clinc150,30,weather,known_intent,30,2503,0,R0,0
30,0,clinc150,28,what_is_your_name,known_intent,30,2503,0,R0,2
30,0,clinc150,29,where_are_you_from,known_intent,30,2503,0,R0,1
30,0,clinc150,30,whisper_mode,known_intent,30,2503,0,R0,0
3000,0,clinc150,0,heldout_intent,unknown_kind,3000,2503,0,R0,0
1000,0,clinc150,0,official_oos,unknown_kind,1000,2503,0,R0,0
30,0,clinc150,30,accept_reservations,known_intent,30,2503,0,R2,0
30,0,clinc150,30,application_status,known_intent,30,2503,0,R2,0
30,0,clinc150,30,balance,known_intent,30,2503,0,R2,0
30,0,clinc150,30,bill_due,known_intent,30,2503,0,R2,0
30,0,clinc150,30,book_hotel,known_intent,30,2503,0,R2,0
30,0,clinc150,27,calculator,known_intent,30,2503,0,R2,3
30,0,clinc150,29,card_declined,known_intent,30,2503,0,R2,1
30,0,clinc150,29,carry_on,known_intent,30,2503,0,R2,1
30,0,clinc150,28,change_ai_name,known_intent,30,2503,0,R2,2
30,0,clinc150,30,change_language,known_intent,30,2503,0,R2,0
30,0,clinc150,30,credit_score,known_intent,30,2503,0,R2,0
30,0,clinc150,29,distance,known_intent,30,2503,0,R2,1
30,0,clinc150,30,exchange_rate,known_intent,30,2503,0,R2,0
30,0,clinc150,29,expiration_date,known_intent,30,2503,0,R2,1
30,0,clinc150,30,fun_fact,known_intent,30,2503,0,R2,0
30,0,clinc150,30,greeting,known_intent,30,2503,0,R2,0
30,0,clinc150,29,how_busy,known_intent,30,2503,0,R2,1
30,0,clinc150,30,improve_credit_score,known_intent,30,2503,0,R2,0
30,0,clinc150,29,ingredient_substitution,known_intent,30,2503,0,R2,1
30,0,clinc150,30,ingredients_list,known_intent,30,2503,0,R2,0
30,0,clinc150,27,last_maintenance,known_intent,30,2503,0,R2,3
30,0,clinc150,29,meaning_of_life,known_intent,30,2503,0,R2,1
30,0,clinc150,30,measurement_conversion,known_intent,30,2503,0,R2,0
30,0,clinc150,26,meeting_schedule,known_intent,30,2503,0,R2,4
30,0,clinc150,30,mpg,known_intent,30,2503,0,R2,0
30,0,clinc150,30,next_holiday,known_intent,30,2503,0,R2,0
30,0,clinc150,30,oil_change_how,known_intent,30,2503,0,R2,0
30,0,clinc150,29,oil_change_when,known_intent,30,2503,0,R2,1
30,0,clinc150,27,order,known_intent,30,2503,0,R2,3
30,0,clinc150,28,pay_bill,known_intent,30,2503,0,R2,2
30,0,clinc150,29,pto_balance,known_intent,30,2503,0,R2,1
30,0,clinc150,27,pto_request_status,known_intent,30,2503,0,R2,3
30,0,clinc150,30,reminder,known_intent,30,2503,0,R2,0
30,0,clinc150,29,repeat,known_intent,30,2503,0,R2,1
30,0,clinc150,29,restaurant_reservation,known_intent,30,2503,0,R2,1
30,0,clinc150,30,schedule_meeting,known_intent,30,2503,0,R2,0
30,0,clinc150,30,share_location,known_intent,30,2503,0,R2,0
30,0,clinc150,23,shopping_list,known_intent,30,2503,0,R2,7
30,0,clinc150,28,shopping_list_update,known_intent,30,2503,0,R2,2
30,0,clinc150,26,time,known_intent,30,2503,0,R2,4
30,0,clinc150,23,timezone,known_intent,30,2503,0,R2,7
30,0,clinc150,30,todo_list,known_intent,30,2503,0,R2,0
30,0,clinc150,28,transactions,known_intent,30,2503,0,R2,2
30,0,clinc150,29,transfer,known_intent,30,2503,0,R2,1
30,0,clinc150,28,travel_suggestion,known_intent,30,2503,0,R2,2
30,0,clinc150,21,user_name,known_intent,30,2503,0,R2,9
30,0,clinc150,30,weather,known_intent,30,2503,0,R2,0
30,0,clinc150,23,what_is_your_name,known_intent,30,2503,0,R2,7
30,0,clinc150,29,where_are_you_from,known_intent,30,2503,0,R2,1
30,0,clinc150,30,whisper_mode,known_intent,30,2503,0,R2,0
3000,0,clinc150,0,heldout_intent,unknown_kind,3000,2503,0,R2,0
1000,0,clinc150,0,official_oos,unknown_kind,1000,2503,0,R2,0
28,0,clinc150,28,accept_reservations,known_intent,30,2503,2,MAX_THRESHOLD,0
29,0,clinc150,29,application_status,known_intent,30,2503,1,MAX_THRESHOLD,0
29,0,clinc150,29,balance,known_intent,30,2503,1,MAX_THRESHOLD,0
30,0,clinc150,30,bill_due,known_intent,30,2503,0,MAX_THRESHOLD,0
23,0,clinc150,23,book_hotel,known_intent,30,2503,7,MAX_THRESHOLD,0
13,0,clinc150,13,calculator,known_intent,30,2503,17,MAX_THRESHOLD,0
28,0,clinc150,27,card_declined,known_intent,30,2503,2,MAX_THRESHOLD,1
26,0,clinc150,26,carry_on,known_intent,30,2503,4,MAX_THRESHOLD,0
26,0,clinc150,25,change_ai_name,known_intent,30,2503,4,MAX_THRESHOLD,1
27,0,clinc150,27,change_language,known_intent,30,2503,3,MAX_THRESHOLD,0
30,0,clinc150,30,credit_score,known_intent,30,2503,0,MAX_THRESHOLD,0
19,0,clinc150,19,distance,known_intent,30,2503,11,MAX_THRESHOLD,0
26,0,clinc150,26,exchange_rate,known_intent,30,2503,4,MAX_THRESHOLD,0
30,0,clinc150,29,expiration_date,known_intent,30,2503,0,MAX_THRESHOLD,1
24,0,clinc150,24,fun_fact,known_intent,30,2503,6,MAX_THRESHOLD,0
26,0,clinc150,26,greeting,known_intent,30,2503,4,MAX_THRESHOLD,0
22,0,clinc150,21,how_busy,known_intent,30,2503,8,MAX_THRESHOLD,1
28,0,clinc150,28,improve_credit_score,known_intent,30,2503,2,MAX_THRESHOLD,0
23,0,clinc150,23,ingredient_substitution,known_intent,30,2503,7,MAX_THRESHOLD,0
23,0,clinc150,23,ingredients_list,known_intent,30,2503,7,MAX_THRESHOLD,0
30,0,clinc150,27,last_maintenance,known_intent,30,2503,0,MAX_THRESHOLD,3
29,0,clinc150,29,meaning_of_life,known_intent,30,2503,1,MAX_THRESHOLD,0
26,0,clinc150,26,measurement_conversion,known_intent,30,2503,4,MAX_THRESHOLD,0
27,0,clinc150,24,meeting_schedule,known_intent,30,2503,3,MAX_THRESHOLD,3
30,0,clinc150,30,mpg,known_intent,30,2503,0,MAX_THRESHOLD,0
30,0,clinc150,30,next_holiday,known_intent,30,2503,0,MAX_THRESHOLD,0
30,0,clinc150,30,oil_change_how,known_intent,30,2503,0,MAX_THRESHOLD,0
30,0,clinc150,29,oil_change_when,known_intent,30,2503,0,MAX_THRESHOLD,1
15,0,clinc150,15,order,known_intent,30,2503,15,MAX_THRESHOLD,0
27,0,clinc150,26,pay_bill,known_intent,30,2503,3,MAX_THRESHOLD,1
30,0,clinc150,29,pto_balance,known_intent,30,2503,0,MAX_THRESHOLD,1
28,0,clinc150,25,pto_request_status,known_intent,30,2503,2,MAX_THRESHOLD,3
27,0,clinc150,27,reminder,known_intent,30,2503,3,MAX_THRESHOLD,0
27,0,clinc150,27,repeat,known_intent,30,2503,3,MAX_THRESHOLD,0
25,0,clinc150,24,restaurant_reservation,known_intent,30,2503,5,MAX_THRESHOLD,1
30,0,clinc150,30,schedule_meeting,known_intent,30,2503,0,MAX_THRESHOLD,0
29,0,clinc150,29,share_location,known_intent,30,2503,1,MAX_THRESHOLD,0
27,0,clinc150,23,shopping_list,known_intent,30,2503,3,MAX_THRESHOLD,4
27,0,clinc150,25,shopping_list_update,known_intent,30,2503,3,MAX_THRESHOLD,2
25,0,clinc150,21,time,known_intent,30,2503,5,MAX_THRESHOLD,4
28,0,clinc150,21,timezone,known_intent,30,2503,2,MAX_THRESHOLD,7
30,0,clinc150,30,todo_list,known_intent,30,2503,0,MAX_THRESHOLD,0
22,0,clinc150,21,transactions,known_intent,30,2503,8,MAX_THRESHOLD,1
28,0,clinc150,27,transfer,known_intent,30,2503,2,MAX_THRESHOLD,1
21,0,clinc150,20,travel_suggestion,known_intent,30,2503,9,MAX_THRESHOLD,1
29,0,clinc150,20,user_name,known_intent,30,2503,1,MAX_THRESHOLD,9
28,0,clinc150,28,weather,known_intent,30,2503,2,MAX_THRESHOLD,0
27,0,clinc150,21,what_is_your_name,known_intent,30,2503,3,MAX_THRESHOLD,6
28,0,clinc150,28,where_are_you_from,known_intent,30,2503,2,MAX_THRESHOLD,0
30,0,clinc150,30,whisper_mode,known_intent,30,2503,0,MAX_THRESHOLD,0
661,0,clinc150,0,heldout_intent,unknown_kind,3000,2503,2339,MAX_THRESHOLD,0
40,0,clinc150,0,official_oos,unknown_kind,1000,2503,960,MAX_THRESHOLD,0
0,0,clinc150,0,accept_reservations,known_intent,30,2503,30,R3,0
8,0,clinc150,8,application_status,known_intent,30,2503,22,R3,0
12,0,clinc150,12,balance,known_intent,30,2503,18,R3,0
1,0,clinc150,1,bill_due,known_intent,30,2503,29,R3,0
0,0,clinc150,0,book_hotel,known_intent,30,2503,30,R3,0
0,0,clinc150,0,calculator,known_intent,30,2503,30,R3,0
2,0,clinc150,2,card_declined,known_intent,30,2503,28,R3,0
1,0,clinc150,1,carry_on,known_intent,30,2503,29,R3,0
0,0,clinc150,0,change_ai_name,known_intent,30,2503,30,R3,0
0,0,clinc150,0,change_language,known_intent,30,2503,30,R3,0
7,0,clinc150,7,credit_score,known_intent,30,2503,23,R3,0
1,0,clinc150,1,distance,known_intent,30,2503,29,R3,0
1,0,clinc150,1,exchange_rate,known_intent,30,2503,29,R3,0
15,0,clinc150,15,expiration_date,known_intent,30,2503,15,R3,0
0,0,clinc150,0,fun_fact,known_intent,30,2503,30,R3,0
11,0,clinc150,11,greeting,known_intent,30,2503,19,R3,0
0,0,clinc150,0,how_busy,known_intent,30,2503,30,R3,0
6,0,clinc150,6,improve_credit_score,known_intent,30,2503,24,R3,0
0,0,clinc150,0,ingredient_substitution,known_intent,30,2503,30,R3,0
1,0,clinc150,1,ingredients_list,known_intent,30,2503,29,R3,0
5,0,clinc150,5,last_maintenance,known_intent,30,2503,25,R3,0
13,0,clinc150,13,meaning_of_life,known_intent,30,2503,17,R3,0
5,0,clinc150,5,measurement_conversion,known_intent,30,2503,25,R3,0
4,0,clinc150,4,meeting_schedule,known_intent,30,2503,26,R3,0
12,0,clinc150,12,mpg,known_intent,30,2503,18,R3,0
10,0,clinc150,10,next_holiday,known_intent,30,2503,20,R3,0
7,0,clinc150,7,oil_change_how,known_intent,30,2503,23,R3,0
15,0,clinc150,15,oil_change_when,known_intent,30,2503,15,R3,0
5,0,clinc150,5,order,known_intent,30,2503,25,R3,0
3,0,clinc150,3,pay_bill,known_intent,30,2503,27,R3,0
10,0,clinc150,10,pto_balance,known_intent,30,2503,20,R3,0
4,0,clinc150,4,pto_request_status,known_intent,30,2503,26,R3,0
10,1,clinc150,10,reminder,known_intent,30,2503,19,R3,0
14,0,clinc150,14,repeat,known_intent,30,2503,16,R3,0
0,0,clinc150,0,restaurant_reservation,known_intent,30,2503,30,R3,0
2,0,clinc150,2,schedule_meeting,known_intent,30,2503,28,R3,0
0,0,clinc150,0,share_location,known_intent,30,2503,30,R3,0
10,1,clinc150,10,shopping_list,known_intent,30,2503,19,R3,0
1,0,clinc150,1,shopping_list_update,known_intent,30,2503,29,R3,0
2,0,clinc150,2,time,known_intent,30,2503,28,R3,0
0,0,clinc150,0,timezone,known_intent,30,2503,30,R3,0
4,0,clinc150,4,todo_list,known_intent,30,2503,26,R3,0
5,0,clinc150,5,transactions,known_intent,30,2503,25,R3,0
2,0,clinc150,2,transfer,known_intent,30,2503,28,R3,0
0,0,clinc150,0,travel_suggestion,known_intent,30,2503,30,R3,0
2,1,clinc150,2,user_name,known_intent,30,2503,27,R3,0
3,0,clinc150,3,weather,known_intent,30,2503,27,R3,0
6,1,clinc150,6,what_is_your_name,known_intent,30,2503,23,R3,0
6,0,clinc150,6,where_are_you_from,known_intent,30,2503,24,R3,0
11,0,clinc150,11,whisper_mode,known_intent,30,2503,19,R3,0
4,0,clinc150,0,heldout_intent,unknown_kind,3000,2503,2996,R3,0
0,0,clinc150,0,official_oos,unknown_kind,1000,2503,1000,R3,0
40,0,banking77_open,39,activate_my_card,known_intent,40,2503,0,R0,1
40,0,banking77_open,38,automatic_top_up,known_intent,40,2503,0,R0,2
40,0,banking77_open,36,balance_not_updated_after_bank_transfer,known_intent,40,2503,0,R0,4
40,0,banking77_open,37,balance_not_updated_after_cheque_or_cash_deposit,known_intent,40,2503,0,R0,3
40,0,banking77_open,39,cancel_transfer,known_intent,40,2503,0,R0,1
40,0,banking77_open,38,card_about_to_expire,known_intent,40,2503,0,R0,2
40,0,banking77_open,39,card_arrival,known_intent,40,2503,0,R0,1
40,0,banking77_open,39,card_payment_fee_charged,known_intent,40,2503,0,R0,1
40,0,banking77_open,37,card_swallowed,known_intent,40,2503,0,R0,3
40,0,banking77_open,39,cash_withdrawal_not_recognised,known_intent,40,2503,0,R0,1
40,0,banking77_open,38,declined_card_payment,known_intent,40,2503,0,R0,2
40,0,banking77_open,38,declined_cash_withdrawal,known_intent,40,2503,0,R0,2
40,0,banking77_open,33,declined_transfer,known_intent,40,2503,0,R0,7
40,0,banking77_open,33,direct_debit_payment_not_recognised,known_intent,40,2503,0,R0,7
40,0,banking77_open,39,exchange_rate,known_intent,40,2503,0,R0,1
40,0,banking77_open,39,exchange_via_app,known_intent,40,2503,0,R0,1
40,0,banking77_open,37,extra_charge_on_statement,known_intent,40,2503,0,R0,3
40,0,banking77_open,40,get_physical_card,known_intent,40,2503,0,R0,0
40,0,banking77_open,38,getting_spare_card,known_intent,40,2503,0,R0,2
40,0,banking77_open,39,getting_virtual_card,known_intent,40,2503,0,R0,1
40,0,banking77_open,37,order_physical_card,known_intent,40,2503,0,R0,3
40,0,banking77_open,40,passcode_forgotten,known_intent,40,2503,0,R0,0
40,0,banking77_open,35,pending_cash_withdrawal,known_intent,40,2503,0,R0,5
40,0,banking77_open,36,pin_blocked,known_intent,40,2503,0,R0,4
40,0,banking77_open,38,reverted_card_payment?,known_intent,40,2503,0,R0,2
40,0,banking77_open,37,supported_cards_and_currencies,known_intent,40,2503,0,R0,3
40,0,banking77_open,40,terminate_account,known_intent,40,2503,0,R0,0
40,0,banking77_open,34,top_up_by_bank_transfer_charge,known_intent,40,2503,0,R0,6
40,0,banking77_open,39,top_up_by_card_charge,known_intent,40,2503,0,R0,1
40,0,banking77_open,37,top_up_by_cash_or_cheque,known_intent,40,2503,0,R0,3
40,0,banking77_open,40,transaction_charged_twice,known_intent,40,2503,0,R0,0
40,0,banking77_open,37,transfer_fee_charged,known_intent,40,2503,0,R0,3
40,0,banking77_open,38,transfer_into_account,known_intent,40,2503,0,R0,2
40,0,banking77_open,39,transfer_timing,known_intent,40,2503,0,R0,1
40,0,banking77_open,40,verify_source_of_funds,known_intent,40,2503,0,R0,0
40,0,banking77_open,40,verify_top_up,known_intent,40,2503,0,R0,0
40,0,banking77_open,34,virtual_card_not_working,known_intent,40,2503,0,R0,6
40,0,banking77_open,40,why_verify_identity,known_intent,40,2503,0,R0,0
40,0,banking77_open,36,wrong_amount_of_cash_received,known_intent,40,2503,0,R0,4
760,0,banking77_open,0,test_only_oos_intent,unknown_kind,760,2503,0,R0,0
40,0,banking77_open,37,activate_my_card,known_intent,40,2503,0,R2,3
40,0,banking77_open,39,automatic_top_up,known_intent,40,2503,0,R2,1
40,0,banking77_open,28,balance_not_updated_after_bank_transfer,known_intent,40,2503,0,R2,12
40,0,banking77_open,38,balance_not_updated_after_cheque_or_cash_deposit,known_intent,40,2503,0,R2,2
40,0,banking77_open,39,cancel_transfer,known_intent,40,2503,0,R2,1
40,0,banking77_open,38,card_about_to_expire,known_intent,40,2503,0,R2,2
40,0,banking77_open,37,card_arrival,known_intent,40,2503,0,R2,3
40,0,banking77_open,35,card_payment_fee_charged,known_intent,40,2503,0,R2,5
40,0,banking77_open,38,card_swallowed,known_intent,40,2503,0,R2,2
40,0,banking77_open,33,cash_withdrawal_not_recognised,known_intent,40,2503,0,R2,7
40,0,banking77_open,40,declined_card_payment,known_intent,40,2503,0,R2,0
40,0,banking77_open,29,declined_cash_withdrawal,known_intent,40,2503,0,R2,11
40,0,banking77_open,30,declined_transfer,known_intent,40,2503,0,R2,10
40,0,banking77_open,35,direct_debit_payment_not_recognised,known_intent,40,2503,0,R2,5
40,0,banking77_open,39,exchange_rate,known_intent,40,2503,0,R2,1
40,0,banking77_open,40,exchange_via_app,known_intent,40,2503,0,R2,0
40,0,banking77_open,38,extra_charge_on_statement,known_intent,40,2503,0,R2,2
40,0,banking77_open,39,get_physical_card,known_intent,40,2503,0,R2,1
40,0,banking77_open,39,getting_spare_card,known_intent,40,2503,0,R2,1
40,0,banking77_open,38,getting_virtual_card,known_intent,40,2503,0,R2,2
40,0,banking77_open,34,order_physical_card,known_intent,40,2503,0,R2,6
40,0,banking77_open,40,passcode_forgotten,known_intent,40,2503,0,R2,0
40,0,banking77_open,35,pending_cash_withdrawal,known_intent,40,2503,0,R2,5
40,0,banking77_open,33,pin_blocked,known_intent,40,2503,0,R2,7
40,0,banking77_open,37,reverted_card_payment?,known_intent,40,2503,0,R2,3
40,0,banking77_open,33,supported_cards_and_currencies,known_intent,40,2503,0,R2,7
40,0,banking77_open,40,terminate_account,known_intent,40,2503,0,R2,0
40,0,banking77_open,37,top_up_by_bank_transfer_charge,known_intent,40,2503,0,R2,3
40,0,banking77_open,39,top_up_by_card_charge,known_intent,40,2503,0,R2,1
40,0,banking77_open,35,top_up_by_cash_or_cheque,known_intent,40,2503,0,R2,5
40,0,banking77_open,39,transaction_charged_twice,known_intent,40,2503,0,R2,1
40,0,banking77_open,35,transfer_fee_charged,known_intent,40,2503,0,R2,5
40,0,banking77_open,35,transfer_into_account,known_intent,40,2503,0,R2,5
40,0,banking77_open,40,transfer_timing,known_intent,40,2503,0,R2,0
40,0,banking77_open,40,verify_source_of_funds,known_intent,40,2503,0,R2,0
40,0,banking77_open,40,verify_top_up,known_intent,40,2503,0,R2,0
40,0,banking77_open,39,virtual_card_not_working,known_intent,40,2503,0,R2,1
40,0,banking77_open,39,why_verify_identity,known_intent,40,2503,0,R2,1
40,0,banking77_open,33,wrong_amount_of_cash_received,known_intent,40,2503,0,R2,7
760,0,banking77_open,0,test_only_oos_intent,unknown_kind,760,2503,0,R2,0
38,0,banking77_open,37,activate_my_card,known_intent,40,2503,2,MAX_THRESHOLD,1
35,0,banking77_open,35,automatic_top_up,known_intent,40,2503,5,MAX_THRESHOLD,0
34,0,banking77_open,22,balance_not_updated_after_bank_transfer,known_intent,40,2503,6,MAX_THRESHOLD,12
37,0,banking77_open,35,balance_not_updated_after_cheque_or_cash_deposit,known_intent,40,2503,3,MAX_THRESHOLD,2
33,0,banking77_open,33,cancel_transfer,known_intent,40,2503,7,MAX_THRESHOLD,0
40,0,banking77_open,38,card_about_to_expire,known_intent,40,2503,0,MAX_THRESHOLD,2
38,0,banking77_open,35,card_arrival,known_intent,40,2503,2,MAX_THRESHOLD,3
33,0,banking77_open,32,card_payment_fee_charged,known_intent,40,2503,7,MAX_THRESHOLD,1
39,0,banking77_open,38,card_swallowed,known_intent,40,2503,1,MAX_THRESHOLD,1
28,0,banking77_open,24,cash_withdrawal_not_recognised,known_intent,40,2503,12,MAX_THRESHOLD,4
38,0,banking77_open,38,declined_card_payment,known_intent,40,2503,2,MAX_THRESHOLD,0
34,0,banking77_open,23,declined_cash_withdrawal,known_intent,40,2503,6,MAX_THRESHOLD,11
32,0,banking77_open,27,declined_transfer,known_intent,40,2503,8,MAX_THRESHOLD,5
27,0,banking77_open,27,direct_debit_payment_not_recognised,known_intent,40,2503,13,MAX_THRESHOLD,0
36,0,banking77_open,36,exchange_rate,known_intent,40,2503,4,MAX_THRESHOLD,0
34,0,banking77_open,34,exchange_via_app,known_intent,40,2503,6,MAX_THRESHOLD,0
29,0,banking77_open,29,extra_charge_on_statement,known_intent,40,2503,11,MAX_THRESHOLD,0
36,0,banking77_open,35,get_physical_card,known_intent,40,2503,4,MAX_THRESHOLD,1
38,0,banking77_open,37,getting_spare_card,known_intent,40,2503,2,MAX_THRESHOLD,1
39,0,banking77_open,38,getting_virtual_card,known_intent,40,2503,1,MAX_THRESHOLD,1
37,0,banking77_open,33,order_physical_card,known_intent,40,2503,3,MAX_THRESHOLD,4
37,0,banking77_open,37,passcode_forgotten,known_intent,40,2503,3,MAX_THRESHOLD,0
34,0,banking77_open,32,pending_cash_withdrawal,known_intent,40,2503,6,MAX_THRESHOLD,2
34,0,banking77_open,31,pin_blocked,known_intent,40,2503,6,MAX_THRESHOLD,3
29,0,banking77_open,28,reverted_card_payment?,known_intent,40,2503,11,MAX_THRESHOLD,1
30,0,banking77_open,23,supported_cards_and_currencies,known_intent,40,2503,10,MAX_THRESHOLD,7
37,0,banking77_open,37,terminate_account,known_intent,40,2503,3,MAX_THRESHOLD,0
36,0,banking77_open,34,top_up_by_bank_transfer_charge,known_intent,40,2503,4,MAX_THRESHOLD,2
38,0,banking77_open,37,top_up_by_card_charge,known_intent,40,2503,2,MAX_THRESHOLD,1
36,0,banking77_open,33,top_up_by_cash_or_cheque,known_intent,40,2503,4,MAX_THRESHOLD,3
29,0,banking77_open,29,transaction_charged_twice,known_intent,40,2503,11,MAX_THRESHOLD,0
32,0,banking77_open,28,transfer_fee_charged,known_intent,40,2503,8,MAX_THRESHOLD,4
38,0,banking77_open,33,transfer_into_account,known_intent,40,2503,2,MAX_THRESHOLD,5
38,0,banking77_open,38,transfer_timing,known_intent,40,2503,2,MAX_THRESHOLD,0
38,0,banking77_open,38,verify_source_of_funds,known_intent,40,2503,2,MAX_THRESHOLD,0
40,0,banking77_open,40,verify_top_up,known_intent,40,2503,0,MAX_THRESHOLD,0
39,0,banking77_open,38,virtual_card_not_working,known_intent,40,2503,1,MAX_THRESHOLD,1
33,0,banking77_open,33,why_verify_identity,known_intent,40,2503,7,MAX_THRESHOLD,0
34,0,banking77_open,29,wrong_amount_of_cash_received,known_intent,40,2503,6,MAX_THRESHOLD,5
283,0,banking77_open,0,test_only_oos_intent,unknown_kind,760,2503,477,MAX_THRESHOLD,0
19,0,banking77_open,19,activate_my_card,known_intent,40,2503,21,R3,0
10,0,banking77_open,10,automatic_top_up,known_intent,40,2503,30,R3,0
1,0,banking77_open,1,balance_not_updated_after_bank_transfer,known_intent,40,2503,39,R3,0
2,0,banking77_open,2,balance_not_updated_after_cheque_or_cash_deposit,known_intent,40,2503,38,R3,0
3,0,banking77_open,3,cancel_transfer,known_intent,40,2503,37,R3,0
9,0,banking77_open,9,card_about_to_expire,known_intent,40,2503,31,R3,0
3,0,banking77_open,3,card_arrival,known_intent,40,2503,37,R3,0
8,0,banking77_open,8,card_payment_fee_charged,known_intent,40,2503,32,R3,0
7,0,banking77_open,7,card_swallowed,known_intent,40,2503,33,R3,0
1,0,banking77_open,1,cash_withdrawal_not_recognised,known_intent,40,2503,39,R3,0
8,0,banking77_open,8,declined_card_payment,known_intent,40,2503,32,R3,0
4,0,banking77_open,4,declined_cash_withdrawal,known_intent,40,2503,36,R3,0
12,0,banking77_open,12,declined_transfer,known_intent,40,2503,28,R3,0
4,0,banking77_open,4,direct_debit_payment_not_recognised,known_intent,40,2503,36,R3,0
8,0,banking77_open,8,exchange_rate,known_intent,40,2503,32,R3,0
4,0,banking77_open,4,exchange_via_app,known_intent,40,2503,36,R3,0
7,0,banking77_open,7,extra_charge_on_statement,known_intent,40,2503,33,R3,0
2,0,banking77_open,2,get_physical_card,known_intent,40,2503,38,R3,0
5,0,banking77_open,5,getting_spare_card,known_intent,40,2503,35,R3,0
23,0,banking77_open,23,getting_virtual_card,known_intent,40,2503,17,R3,0
4,0,banking77_open,4,order_physical_card,known_intent,40,2503,36,R3,0
2,0,banking77_open,2,passcode_forgotten,known_intent,40,2503,38,R3,0
12,0,banking77_open,12,pending_cash_withdrawal,known_intent,40,2503,28,R3,0
9,0,banking77_open,9,pin_blocked,known_intent,40,2503,31,R3,0
8,0,banking77_open,8,reverted_card_payment?,known_intent,40,2503,32,R3,0
0,0,banking77_open,0,supported_cards_and_currencies,known_intent,40,2503,40,R3,0
6,0,banking77_open,6,terminate_account,known_intent,40,2503,34,R3,0
0,0,banking77_open,0,top_up_by_bank_transfer_charge,known_intent,40,2503,40,R3,0
11,0,banking77_open,11,top_up_by_card_charge,known_intent,40,2503,29,R3,0
13,0,banking77_open,13,top_up_by_cash_or_cheque,known_intent,40,2503,27,R3,0
5,0,banking77_open,5,transaction_charged_twice,known_intent,40,2503,35,R3,0
12,0,banking77_open,12,transfer_fee_charged,known_intent,40,2503,28,R3,0
11,0,banking77_open,11,transfer_into_account,known_intent,40,2503,29,R3,0
7,0,banking77_open,7,transfer_timing,known_intent,40,2503,33,R3,0
8,0,banking77_open,8,verify_source_of_funds,known_intent,40,2503,32,R3,0
18,0,banking77_open,18,verify_top_up,known_intent,40,2503,22,R3,0
17,0,banking77_open,17,virtual_card_not_working,known_intent,40,2503,23,R3,0
8,0,banking77_open,8,why_verify_identity,known_intent,40,2503,32,R3,0
4,0,banking77_open,4,wrong_amount_of_cash_received,known_intent,40,2503,36,R3,0
4,0,banking77_open,0,test_only_oos_intent,unknown_kind,760,2503,756,R3,0
40,0,banking77_closed,39,Refund_not_showing_up,known_intent,40,2503,0,R0,1
40,0,banking77_closed,38,activate_my_card,known_intent,40,2503,0,R0,2
40,0,banking77_closed,40,age_limit,known_intent,40,2503,0,R0,0
40,0,banking77_closed,40,apple_pay_or_google_pay,known_intent,40,2503,0,R0,0
40,0,banking77_closed,38,atm_support,known_intent,40,2503,0,R0,2
40,0,banking77_closed,37,automatic_top_up,known_intent,40,2503,0,R0,3
40,0,banking77_closed,30,balance_not_updated_after_bank_transfer,known_intent,40,2503,0,R0,10
40,0,banking77_closed,38,balance_not_updated_after_cheque_or_cash_deposit,known_intent,40,2503,0,R0,2
40,0,banking77_closed,35,beneficiary_not_allowed,known_intent,40,2503,0,R0,5
40,0,banking77_closed,39,cancel_transfer,known_intent,40,2503,0,R0,1
40,0,banking77_closed,38,card_about_to_expire,known_intent,40,2503,0,R0,2
40,0,banking77_closed,33,card_acceptance,known_intent,40,2503,0,R0,7
40,0,banking77_closed,34,card_arrival,known_intent,40,2503,0,R0,6
40,0,banking77_closed,36,card_delivery_estimate,known_intent,40,2503,0,R0,4
40,0,banking77_closed,39,card_linking,known_intent,40,2503,0,R0,1
40,0,banking77_closed,38,card_not_working,known_intent,40,2503,0,R0,2
40,0,banking77_closed,36,card_payment_fee_charged,known_intent,40,2503,0,R0,4
40,0,banking77_closed,35,card_payment_not_recognised,known_intent,40,2503,0,R0,5
40,0,banking77_closed,37,card_payment_wrong_exchange_rate,known_intent,40,2503,0,R0,3
40,0,banking77_closed,37,card_swallowed,known_intent,40,2503,0,R0,3
40,0,banking77_closed,37,cash_withdrawal_charge,known_intent,40,2503,0,R0,3
40,0,banking77_closed,37,cash_withdrawal_not_recognised,known_intent,40,2503,0,R0,3
40,0,banking77_closed,37,change_pin,known_intent,40,2503,0,R0,3
40,0,banking77_closed,31,compromised_card,known_intent,40,2503,0,R0,9
40,0,banking77_closed,36,contactless_not_working,known_intent,40,2503,0,R0,4
40,0,banking77_closed,39,country_support,known_intent,40,2503,0,R0,1
40,0,banking77_closed,37,declined_card_payment,known_intent,40,2503,0,R0,3
40,0,banking77_closed,34,declined_cash_withdrawal,known_intent,40,2503,0,R0,6
40,0,banking77_closed,30,declined_transfer,known_intent,40,2503,0,R0,10
40,0,banking77_closed,32,direct_debit_payment_not_recognised,known_intent,40,2503,0,R0,8
40,0,banking77_closed,33,disposable_card_limits,known_intent,40,2503,0,R0,7
40,0,banking77_closed,40,edit_personal_details,known_intent,40,2503,0,R0,0
40,0,banking77_closed,36,exchange_charge,known_intent,40,2503,0,R0,4
40,0,banking77_closed,39,exchange_rate,known_intent,40,2503,0,R0,1
40,0,banking77_closed,37,exchange_via_app,known_intent,40,2503,0,R0,3
40,0,banking77_closed,36,extra_charge_on_statement,known_intent,40,2503,0,R0,4
40,0,banking77_closed,37,failed_transfer,known_intent,40,2503,0,R0,3
40,0,banking77_closed,29,fiat_currency_support,known_intent,40,2503,0,R0,11
40,0,banking77_closed,34,get_disposable_virtual_card,known_intent,40,2503,0,R0,6
40,0,banking77_closed,40,get_physical_card,known_intent,40,2503,0,R0,0
40,0,banking77_closed,34,getting_spare_card,known_intent,40,2503,0,R0,6
40,0,banking77_closed,39,getting_virtual_card,known_intent,40,2503,0,R0,1
40,0,banking77_closed,35,lost_or_stolen_card,known_intent,40,2503,0,R0,5
40,0,banking77_closed,39,lost_or_stolen_phone,known_intent,40,2503,0,R0,1
40,0,banking77_closed,37,order_physical_card,known_intent,40,2503,0,R0,3
40,0,banking77_closed,40,passcode_forgotten,known_intent,40,2503,0,R0,0
40,0,banking77_closed,36,pending_card_payment,known_intent,40,2503,0,R0,4
40,0,banking77_closed,35,pending_cash_withdrawal,known_intent,40,2503,0,R0,5
40,0,banking77_closed,34,pending_top_up,known_intent,40,2503,0,R0,6
40,0,banking77_closed,27,pending_transfer,known_intent,40,2503,0,R0,13
40,0,banking77_closed,35,pin_blocked,known_intent,40,2503,0,R0,5
40,0,banking77_closed,37,receiving_money,known_intent,40,2503,0,R0,3
40,0,banking77_closed,33,request_refund,known_intent,40,2503,0,R0,7
40,0,banking77_closed,38,reverted_card_payment?,known_intent,40,2503,0,R0,2
40,0,banking77_closed,33,supported_cards_and_currencies,known_intent,40,2503,0,R0,7
40,0,banking77_closed,40,terminate_account,known_intent,40,2503,0,R0,0
40,0,banking77_closed,32,top_up_by_bank_transfer_charge,known_intent,40,2503,0,R0,8
40,0,banking77_closed,39,top_up_by_card_charge,known_intent,40,2503,0,R0,1
40,0,banking77_closed,34,top_up_by_cash_or_cheque,known_intent,40,2503,0,R0,6
40,0,banking77_closed,36,top_up_failed,known_intent,40,2503,0,R0,4
40,0,banking77_closed,40,top_up_limits,known_intent,40,2503,0,R0,0
40,0,banking77_closed,35,top_up_reverted,known_intent,40,2503,0,R0,5
40,0,banking77_closed,29,topping_up_by_card,known_intent,40,2503,0,R0,11
40,0,banking77_closed,40,transaction_charged_twice,known_intent,40,2503,0,R0,0
40,0,banking77_closed,37,transfer_fee_charged,known_intent,40,2503,0,R0,3
40,0,banking77_closed,35,transfer_into_account,known_intent,40,2503,0,R0,5
40,0,banking77_closed,34,transfer_not_received_by_recipient,known_intent,40,2503,0,R0,6
40,0,banking77_closed,35,transfer_timing,known_intent,40,2503,0,R0,5
40,0,banking77_closed,38,unable_to_verify_identity,known_intent,40,2503,0,R0,2
40,0,banking77_closed,35,verify_my_identity,known_intent,40,2503,0,R0,5
40,0,banking77_closed,40,verify_source_of_funds,known_intent,40,2503,0,R0,0
40,0,banking77_closed,40,verify_top_up,known_intent,40,2503,0,R0,0
40,0,banking77_closed,12,virtual_card_not_working,known_intent,40,2503,0,R0,28
40,0,banking77_closed,37,visa_or_mastercard,known_intent,40,2503,0,R0,3
40,0,banking77_closed,38,why_verify_identity,known_intent,40,2503,0,R0,2
40,0,banking77_closed,35,wrong_amount_of_cash_received,known_intent,40,2503,0,R0,5
40,0,banking77_closed,32,wrong_exchange_rate_for_cash_withdrawal,known_intent,40,2503,0,R0,8
40,0,banking77_closed,37,Refund_not_showing_up,known_intent,40,2503,0,R2,3
40,0,banking77_closed,37,activate_my_card,known_intent,40,2503,0,R2,3
40,0,banking77_closed,40,age_limit,known_intent,40,2503,0,R2,0
40,0,banking77_closed,39,apple_pay_or_google_pay,known_intent,40,2503,0,R2,1
40,0,banking77_closed,38,atm_support,known_intent,40,2503,0,R2,2
40,0,banking77_closed,36,automatic_top_up,known_intent,40,2503,0,R2,4
40,0,banking77_closed,20,balance_not_updated_after_bank_transfer,known_intent,40,2503,0,R2,20
40,0,banking77_closed,37,balance_not_updated_after_cheque_or_cash_deposit,known_intent,40,2503,0,R2,3
40,0,banking77_closed,26,beneficiary_not_allowed,known_intent,40,2503,0,R2,14
40,0,banking77_closed,36,cancel_transfer,known_intent,40,2503,0,R2,4
40,0,banking77_closed,38,card_about_to_expire,known_intent,40,2503,0,R2,2
40,0,banking77_closed,37,card_acceptance,known_intent,40,2503,0,R2,3
40,0,banking77_closed,31,card_arrival,known_intent,40,2503,0,R2,9
40,0,banking77_closed,34,card_delivery_estimate,known_intent,40,2503,0,R2,6
40,0,banking77_closed,37,card_linking,known_intent,40,2503,0,R2,3
40,0,banking77_closed,34,card_not_working,known_intent,40,2503,0,R2,6
40,0,banking77_closed,35,card_payment_fee_charged,known_intent,40,2503,0,R2,5
40,0,banking77_closed,26,card_payment_not_recognised,known_intent,40,2503,0,R2,14
40,0,banking77_closed,35,card_payment_wrong_exchange_rate,known_intent,40,2503,0,R2,5
40,0,banking77_closed,38,card_swallowed,known_intent,40,2503,0,R2,2
40,0,banking77_closed,36,cash_withdrawal_charge,known_intent,40,2503,0,R2,4
40,0,banking77_closed,28,cash_withdrawal_not_recognised,known_intent,40,2503,0,R2,12
40,0,banking77_closed,39,change_pin,known_intent,40,2503,0,R2,1
40,0,banking77_closed,28,compromised_card,known_intent,40,2503,0,R2,12
40,0,banking77_closed,37,contactless_not_working,known_intent,40,2503,0,R2,3
40,0,banking77_closed,39,country_support,known_intent,40,2503,0,R2,1
40,0,banking77_closed,31,declined_card_payment,known_intent,40,2503,0,R2,9
40,0,banking77_closed,27,declined_cash_withdrawal,known_intent,40,2503,0,R2,13
40,0,banking77_closed,29,declined_transfer,known_intent,40,2503,0,R2,11
40,0,banking77_closed,32,direct_debit_payment_not_recognised,known_intent,40,2503,0,R2,8
40,0,banking77_closed,34,disposable_card_limits,known_intent,40,2503,0,R2,6
40,0,banking77_closed,40,edit_personal_details,known_intent,40,2503,0,R2,0
40,0,banking77_closed,37,exchange_charge,known_intent,40,2503,0,R2,3
40,0,banking77_closed,39,exchange_rate,known_intent,40,2503,0,R2,1
40,0,banking77_closed,38,exchange_via_app,known_intent,40,2503,0,R2,2
40,0,banking77_closed,37,extra_charge_on_statement,known_intent,40,2503,0,R2,3
40,0,banking77_closed,30,failed_transfer,known_intent,40,2503,0,R2,10
40,0,banking77_closed,31,fiat_currency_support,known_intent,40,2503,0,R2,9
40,0,banking77_closed,34,get_disposable_virtual_card,known_intent,40,2503,0,R2,6
40,0,banking77_closed,37,get_physical_card,known_intent,40,2503,0,R2,3
40,0,banking77_closed,39,getting_spare_card,known_intent,40,2503,0,R2,1
40,0,banking77_closed,38,getting_virtual_card,known_intent,40,2503,0,R2,2
40,0,banking77_closed,38,lost_or_stolen_card,known_intent,40,2503,0,R2,2
40,0,banking77_closed,37,lost_or_stolen_phone,known_intent,40,2503,0,R2,3
40,0,banking77_closed,32,order_physical_card,known_intent,40,2503,0,R2,8
40,0,banking77_closed,40,passcode_forgotten,known_intent,40,2503,0,R2,0
40,0,banking77_closed,38,pending_card_payment,known_intent,40,2503,0,R2,2
40,0,banking77_closed,33,pending_cash_withdrawal,known_intent,40,2503,0,R2,7
40,0,banking77_closed,29,pending_top_up,known_intent,40,2503,0,R2,11
40,0,banking77_closed,27,pending_transfer,known_intent,40,2503,0,R2,13
40,0,banking77_closed,29,pin_blocked,known_intent,40,2503,0,R2,11
40,0,banking77_closed,32,receiving_money,known_intent,40,2503,0,R2,8
40,0,banking77_closed,35,request_refund,known_intent,40,2503,0,R2,5
40,0,banking77_closed,35,reverted_card_payment?,known_intent,40,2503,0,R2,5
40,0,banking77_closed,30,supported_cards_and_currencies,known_intent,40,2503,0,R2,10
40,0,banking77_closed,40,terminate_account,known_intent,40,2503,0,R2,0
40,0,banking77_closed,35,top_up_by_bank_transfer_charge,known_intent,40,2503,0,R2,5
40,0,banking77_closed,35,top_up_by_card_charge,known_intent,40,2503,0,R2,5
40,0,banking77_closed,35,top_up_by_cash_or_cheque,known_intent,40,2503,0,R2,5
40,0,banking77_closed,35,top_up_failed,known_intent,40,2503,0,R2,5
40,0,banking77_closed,38,top_up_limits,known_intent,40,2503,0,R2,2
40,0,banking77_closed,25,top_up_reverted,known_intent,40,2503,0,R2,15
40,0,banking77_closed,19,topping_up_by_card,known_intent,40,2503,0,R2,21
40,0,banking77_closed,39,transaction_charged_twice,known_intent,40,2503,0,R2,1
40,0,banking77_closed,36,transfer_fee_charged,known_intent,40,2503,0,R2,4
40,0,banking77_closed,35,transfer_into_account,known_intent,40,2503,0,R2,5
40,0,banking77_closed,22,transfer_not_received_by_recipient,known_intent,40,2503,0,R2,18
40,0,banking77_closed,40,transfer_timing,known_intent,40,2503,0,R2,0
40,0,banking77_closed,36,unable_to_verify_identity,known_intent,40,2503,0,R2,4
40,0,banking77_closed,37,verify_my_identity,known_intent,40,2503,0,R2,3
40,0,banking77_closed,40,verify_source_of_funds,known_intent,40,2503,0,R2,0
40,0,banking77_closed,40,verify_top_up,known_intent,40,2503,0,R2,0
40,0,banking77_closed,32,virtual_card_not_working,known_intent,40,2503,0,R2,8
40,0,banking77_closed,37,visa_or_mastercard,known_intent,40,2503,0,R2,3
40,0,banking77_closed,32,why_verify_identity,known_intent,40,2503,0,R2,8
40,0,banking77_closed,32,wrong_amount_of_cash_received,known_intent,40,2503,0,R2,8
40,0,banking77_closed,35,wrong_exchange_rate_for_cash_withdrawal,known_intent,40,2503,0,R2,5
30,0,clinc150,30,are_you_a_bot,known_intent,30,2504,0,R0,0
30,0,clinc150,28,bill_balance,known_intent,30,2504,0,R0,2
30,0,clinc150,30,book_flight,known_intent,30,2504,0,R0,0
30,0,clinc150,30,book_hotel,known_intent,30,2504,0,R0,0
30,0,clinc150,28,calculator,known_intent,30,2504,0,R0,2
30,0,clinc150,30,cancel_reservation,known_intent,30,2504,0,R0,0
30,0,clinc150,30,card_declined,known_intent,30,2504,0,R0,0
30,0,clinc150,29,change_ai_name,known_intent,30,2504,0,R0,1
30,0,clinc150,30,change_language,known_intent,30,2504,0,R0,0
30,0,clinc150,30,change_volume,known_intent,30,2504,0,R0,0
30,0,clinc150,30,damaged_card,known_intent,30,2504,0,R0,0
30,0,clinc150,29,definition,known_intent,30,2504,0,R0,1
30,0,clinc150,30,freeze_account,known_intent,30,2504,0,R0,0
30,0,clinc150,30,gas_type,known_intent,30,2504,0,R0,0
30,0,clinc150,28,how_busy,known_intent,30,2504,0,R0,2
30,0,clinc150,30,how_old_are_you,known_intent,30,2504,0,R0,0
30,0,clinc150,27,ingredients_list,known_intent,30,2504,0,R0,3
30,0,clinc150,29,insurance_change,known_intent,30,2504,0,R0,1
30,0,clinc150,30,international_fees,known_intent,30,2504,0,R0,0
30,0,clinc150,30,jump_start,known_intent,30,2504,0,R0,0
30,0,clinc150,30,measurement_conversion,known_intent,30,2504,0,R0,0
30,0,clinc150,30,min_payment,known_intent,30,2504,0,R0,0
30,0,clinc150,30,mpg,known_intent,30,2504,0,R0,0
30,0,clinc150,30,new_card,known_intent,30,2504,0,R0,0
30,0,clinc150,30,no,known_intent,30,2504,0,R0,0
30,0,clinc150,30,oil_change_how,known_intent,30,2504,0,R0,0
30,0,clinc150,30,payday,known_intent,30,2504,0,R0,0
30,0,clinc150,25,pin_change,known_intent,30,2504,0,R0,5
30,0,clinc150,29,play_music,known_intent,30,2504,0,R0,1
30,0,clinc150,30,plug_type,known_intent,30,2504,0,R0,0
30,0,clinc150,29,pto_request_status,known_intent,30,2504,0,R0,1
30,0,clinc150,30,pto_used,known_intent,30,2504,0,R0,0
30,0,clinc150,30,recipe,known_intent,30,2504,0,R0,0
30,0,clinc150,30,redeem_rewards,known_intent,30,2504,0,R0,0
30,0,clinc150,27,report_fraud,known_intent,30,2504,0,R0,3
30,0,clinc150,30,restaurant_reservation,known_intent,30,2504,0,R0,0
30,0,clinc150,30,roll_dice,known_intent,30,2504,0,R0,0
30,0,clinc150,30,rollover_401k,known_intent,30,2504,0,R0,0
30,0,clinc150,29,schedule_maintenance,known_intent,30,2504,0,R0,1
30,0,clinc150,21,shopping_list,known_intent,30,2504,0,R0,9
30,0,clinc150,30,shopping_list_update,known_intent,30,2504,0,R0,0
30,0,clinc150,30,smart_home,known_intent,30,2504,0,R0,0
30,0,clinc150,29,spelling,known_intent,30,2504,0,R0,1
30,0,clinc150,30,sync_device,known_intent,30,2504,0,R0,0
30,0,clinc150,30,tell_joke,known_intent,30,2504,0,R0,0
30,0,clinc150,30,travel_alert,known_intent,30,2504,0,R0,0
30,0,clinc150,30,travel_suggestion,known_intent,30,2504,0,R0,0
30,0,clinc150,29,update_playlist,known_intent,30,2504,0,R0,1
30,0,clinc150,30,what_are_your_hobbies,known_intent,30,2504,0,R0,0
30,0,clinc150,29,where_are_you_from,known_intent,30,2504,0,R0,1
3000,0,clinc150,0,heldout_intent,unknown_kind,3000,2504,0,R0,0
1000,0,clinc150,0,official_oos,unknown_kind,1000,2504,0,R0,0
30,0,clinc150,30,are_you_a_bot,known_intent,30,2504,0,R2,0
30,0,clinc150,29,bill_balance,known_intent,30,2504,0,R2,1
30,0,clinc150,30,book_flight,known_intent,30,2504,0,R2,0
30,0,clinc150,30,book_hotel,known_intent,30,2504,0,R2,0
30,0,clinc150,28,calculator,known_intent,30,2504,0,R2,2
30,0,clinc150,30,cancel_reservation,known_intent,30,2504,0,R2,0
30,0,clinc150,29,card_declined,known_intent,30,2504,0,R2,1
30,0,clinc150,30,change_ai_name,known_intent,30,2504,0,R2,0
30,0,clinc150,30,change_language,known_intent,30,2504,0,R2,0
30,0,clinc150,29,change_volume,known_intent,30,2504,0,R2,1
30,0,clinc150,30,damaged_card,known_intent,30,2504,0,R2,0
30,0,clinc150,30,definition,known_intent,30,2504,0,R2,0
30,0,clinc150,30,freeze_account,known_intent,30,2504,0,R2,0
30,0,clinc150,30,gas_type,known_intent,30,2504,0,R2,0
30,0,clinc150,29,how_busy,known_intent,30,2504,0,R2,1
30,0,clinc150,29,how_old_are_you,known_intent,30,2504,0,R2,1
30,0,clinc150,24,ingredients_list,known_intent,30,2504,0,R2,6
30,0,clinc150,30,insurance_change,known_intent,30,2504,0,R2,0
30,0,clinc150,30,international_fees,known_intent,30,2504,0,R2,0
30,0,clinc150,30,jump_start,known_intent,30,2504,0,R2,0
30,0,clinc150,30,measurement_conversion,known_intent,30,2504,0,R2,0
30,0,clinc150,29,min_payment,known_intent,30,2504,0,R2,1
30,0,clinc150,30,mpg,known_intent,30,2504,0,R2,0
30,0,clinc150,30,new_card,known_intent,30,2504,0,R2,0
30,0,clinc150,30,no,known_intent,30,2504,0,R2,0
30,0,clinc150,30,oil_change_how,known_intent,30,2504,0,R2,0
30,0,clinc150,30,payday,known_intent,30,2504,0,R2,0
30,0,clinc150,25,pin_change,known_intent,30,2504,0,R2,5
30,0,clinc150,28,play_music,known_intent,30,2504,0,R2,2
30,0,clinc150,30,plug_type,known_intent,30,2504,0,R2,0
30,0,clinc150,29,pto_request_status,known_intent,30,2504,0,R2,1
30,0,clinc150,30,pto_used,known_intent,30,2504,0,R2,0
30,0,clinc150,29,recipe,known_intent,30,2504,0,R2,1
30,0,clinc150,30,redeem_rewards,known_intent,30,2504,0,R2,0
30,0,clinc150,27,report_fraud,known_intent,30,2504,0,R2,3
30,0,clinc150,30,restaurant_reservation,known_intent,30,2504,0,R2,0
30,0,clinc150,30,roll_dice,known_intent,30,2504,0,R2,0
30,0,clinc150,30,rollover_401k,known_intent,30,2504,0,R2,0
30,0,clinc150,30,schedule_maintenance,known_intent,30,2504,0,R2,0
30,0,clinc150,22,shopping_list,known_intent,30,2504,0,R2,8
30,0,clinc150,29,shopping_list_update,known_intent,30,2504,0,R2,1
30,0,clinc150,30,smart_home,known_intent,30,2504,0,R2,0
30,0,clinc150,29,spelling,known_intent,30,2504,0,R2,1
30,0,clinc150,30,sync_device,known_intent,30,2504,0,R2,0
30,0,clinc150,30,tell_joke,known_intent,30,2504,0,R2,0
30,0,clinc150,30,travel_alert,known_intent,30,2504,0,R2,0
30,0,clinc150,29,travel_suggestion,known_intent,30,2504,0,R2,1
30,0,clinc150,30,update_playlist,known_intent,30,2504,0,R2,0
30,0,clinc150,30,what_are_your_hobbies,known_intent,30,2504,0,R2,0
30,0,clinc150,29,where_are_you_from,known_intent,30,2504,0,R2,1
3000,0,clinc150,0,heldout_intent,unknown_kind,3000,2504,0,R2,0
1000,0,clinc150,0,official_oos,unknown_kind,1000,2504,0,R2,0
29,0,clinc150,29,are_you_a_bot,known_intent,30,2504,1,MAX_THRESHOLD,0
28,0,clinc150,27,bill_balance,known_intent,30,2504,2,MAX_THRESHOLD,1
12,0,clinc150,12,book_flight,known_intent,30,2504,18,MAX_THRESHOLD,0
24,0,clinc150,24,book_hotel,known_intent,30,2504,6,MAX_THRESHOLD,0
13,0,clinc150,13,calculator,known_intent,30,2504,17,MAX_THRESHOLD,0
30,0,clinc150,30,cancel_reservation,known_intent,30,2504,0,MAX_THRESHOLD,0
28,0,clinc150,27,card_declined,known_intent,30,2504,2,MAX_THRESHOLD,1
26,0,clinc150,26,change_ai_name,known_intent,30,2504,4,MAX_THRESHOLD,0
27,0,clinc150,27,change_language,known_intent,30,2504,3,MAX_THRESHOLD,0
24,0,clinc150,24,change_volume,known_intent,30,2504,6,MAX_THRESHOLD,0
30,0,clinc150,30,damaged_card,known_intent,30,2504,0,MAX_THRESHOLD,0
0,0,clinc150,0,definition,known_intent,30,2504,30,MAX_THRESHOLD,0
29,0,clinc150,29,freeze_account,known_intent,30,2504,1,MAX_THRESHOLD,0
29,0,clinc150,29,gas_type,known_intent,30,2504,1,MAX_THRESHOLD,0
21,0,clinc150,20,how_busy,known_intent,30,2504,9,MAX_THRESHOLD,1
30,0,clinc150,29,how_old_are_you,known_intent,30,2504,0,MAX_THRESHOLD,1
25,0,clinc150,22,ingredients_list,known_intent,30,2504,5,MAX_THRESHOLD,3
27,0,clinc150,27,insurance_change,known_intent,30,2504,3,MAX_THRESHOLD,0
30,0,clinc150,30,international_fees,known_intent,30,2504,0,MAX_THRESHOLD,0
30,0,clinc150,30,jump_start,known_intent,30,2504,0,MAX_THRESHOLD,0
26,0,clinc150,26,measurement_conversion,known_intent,30,2504,4,MAX_THRESHOLD,0
30,0,clinc150,29,min_payment,known_intent,30,2504,0,MAX_THRESHOLD,1
30,0,clinc150,30,mpg,known_intent,30,2504,0,MAX_THRESHOLD,0
29,0,clinc150,29,new_card,known_intent,30,2504,1,MAX_THRESHOLD,0
28,0,clinc150,28,no,known_intent,30,2504,2,MAX_THRESHOLD,0
30,0,clinc150,30,oil_change_how,known_intent,30,2504,0,MAX_THRESHOLD,0
30,0,clinc150,30,payday,known_intent,30,2504,0,MAX_THRESHOLD,0
30,0,clinc150,25,pin_change,known_intent,30,2504,0,MAX_THRESHOLD,5
16,0,clinc150,15,play_music,known_intent,30,2504,14,MAX_THRESHOLD,1
27,0,clinc150,27,plug_type,known_intent,30,2504,3,MAX_THRESHOLD,0
28,0,clinc150,27,pto_request_status,known_intent,30,2504,2,MAX_THRESHOLD,1
30,0,clinc150,30,pto_used,known_intent,30,2504,0,MAX_THRESHOLD,0
24,0,clinc150,23,recipe,known_intent,30,2504,6,MAX_THRESHOLD,1
30,0,clinc150,30,redeem_rewards,known_intent,30,2504,0,MAX_THRESHOLD,0
24,0,clinc150,23,report_fraud,known_intent,30,2504,6,MAX_THRESHOLD,1
24,0,clinc150,24,restaurant_reservation,known_intent,30,2504,6,MAX_THRESHOLD,0
30,0,clinc150,30,roll_dice,known_intent,30,2504,0,MAX_THRESHOLD,0
30,0,clinc150,30,rollover_401k,known_intent,30,2504,0,MAX_THRESHOLD,0
30,0,clinc150,30,schedule_maintenance,known_intent,30,2504,0,MAX_THRESHOLD,0
28,0,clinc150,22,shopping_list,known_intent,30,2504,2,MAX_THRESHOLD,6
27,0,clinc150,26,shopping_list_update,known_intent,30,2504,3,MAX_THRESHOLD,1
19,0,clinc150,19,smart_home,known_intent,30,2504,11,MAX_THRESHOLD,0
24,0,clinc150,24,spelling,known_intent,30,2504,6,MAX_THRESHOLD,0
30,0,clinc150,30,sync_device,known_intent,30,2504,0,MAX_THRESHOLD,0
30,0,clinc150,30,tell_joke,known_intent,30,2504,0,MAX_THRESHOLD,0
16,0,clinc150,16,travel_alert,known_intent,30,2504,14,MAX_THRESHOLD,0
20,0,clinc150,20,travel_suggestion,known_intent,30,2504,10,MAX_THRESHOLD,0
26,0,clinc150,26,update_playlist,known_intent,30,2504,4,MAX_THRESHOLD,0
28,0,clinc150,28,what_are_your_hobbies,known_intent,30,2504,2,MAX_THRESHOLD,0
28,0,clinc150,28,where_are_you_from,known_intent,30,2504,2,MAX_THRESHOLD,0
648,0,clinc150,0,heldout_intent,unknown_kind,3000,2504,2352,MAX_THRESHOLD,0
25,0,clinc150,0,official_oos,unknown_kind,1000,2504,975,MAX_THRESHOLD,0
3,0,clinc150,3,are_you_a_bot,known_intent,30,2504,27,R3,0
3,0,clinc150,3,bill_balance,known_intent,30,2504,27,R3,0
0,0,clinc150,0,book_flight,known_intent,30,2504,30,R3,0
0,0,clinc150,0,book_hotel,known_intent,30,2504,30,R3,0
0,0,clinc150,0,calculator,known_intent,30,2504,30,R3,0
12,0,clinc150,12,cancel_reservation,known_intent,30,2504,18,R3,0
5,0,clinc150,5,card_declined,known_intent,30,2504,25,R3,0
0,0,clinc150,0,change_ai_name,known_intent,30,2504,30,R3,0
0,0,clinc150,0,change_language,known_intent,30,2504,30,R3,0
9,0,clinc150,9,change_volume,known_intent,30,2504,21,R3,0
7,0,clinc150,7,damaged_card,known_intent,30,2504,23,R3,0
0,0,clinc150,0,definition,known_intent,30,2504,30,R3,0
15,0,clinc150,15,freeze_account,known_intent,30,2504,15,R3,0
21,0,clinc150,21,gas_type,known_intent,30,2504,9,R3,0
0,0,clinc150,0,how_busy,known_intent,30,2504,30,R3,0
12,0,clinc150,12,how_old_are_you,known_intent,30,2504,18,R3,0
2,0,clinc150,2,ingredients_list,known_intent,30,2504,28,R3,0
8,0,clinc150,8,insurance_change,known_intent,30,2504,22,R3,0
5,0,clinc150,5,international_fees,known_intent,30,2504,25,R3,0
11,0,clinc150,11,jump_start,known_intent,30,2504,19,R3,0
5,0,clinc150,5,measurement_conversion,known_intent,30,2504,25,R3,0
9,2,clinc150,9,min_payment,known_intent,30,2504,19,R3,0
22,0,clinc150,22,mpg,known_intent,30,2504,8,R3,0
12,0,clinc150,12,new_card,known_intent,30,2504,18,R3,0
11,0,clinc150,11,no,known_intent,30,2504,19,R3,0
17,1,clinc150,17,oil_change_how,known_intent,30,2504,12,R3,0
9,0,clinc150,9,payday,known_intent,30,2504,21,R3,0
3,0,clinc150,3,pin_change,known_intent,30,2504,27,R3,0
0,0,clinc150,0,play_music,known_intent,30,2504,30,R3,0
2,0,clinc150,2,plug_type,known_intent,30,2504,28,R3,0
9,0,clinc150,9,pto_request_status,known_intent,30,2504,21,R3,0
8,0,clinc150,8,pto_used,known_intent,30,2504,22,R3,0
0,0,clinc150,0,recipe,known_intent,30,2504,30,R3,0
3,0,clinc150,3,redeem_rewards,known_intent,30,2504,27,R3,0
4,0,clinc150,4,report_fraud,known_intent,30,2504,26,R3,0
0,0,clinc150,0,restaurant_reservation,known_intent,30,2504,30,R3,0
2,0,clinc150,2,roll_dice,known_intent,30,2504,28,R3,0
10,0,clinc150,10,rollover_401k,known_intent,30,2504,20,R3,0
2,0,clinc150,2,schedule_maintenance,known_intent,30,2504,28,R3,0
12,0,clinc150,12,shopping_list,known_intent,30,2504,18,R3,0
1,0,clinc150,1,shopping_list_update,known_intent,30,2504,29,R3,0
0,0,clinc150,0,smart_home,known_intent,30,2504,30,R3,0
0,0,clinc150,0,spelling,known_intent,30,2504,30,R3,0
4,0,clinc150,4,sync_device,known_intent,30,2504,26,R3,0
8,0,clinc150,8,tell_joke,known_intent,30,2504,22,R3,0
9,0,clinc150,9,travel_alert,known_intent,30,2504,21,R3,0
0,0,clinc150,0,travel_suggestion,known_intent,30,2504,30,R3,0
4,0,clinc150,4,update_playlist,known_intent,30,2504,26,R3,0
12,0,clinc150,12,what_are_your_hobbies,known_intent,30,2504,18,R3,0
9,1,clinc150,9,where_are_you_from,known_intent,30,2504,20,R3,0
23,0,clinc150,0,heldout_intent,unknown_kind,3000,2504,2977,R3,0
0,0,clinc150,0,official_oos,unknown_kind,1000,2504,1000,R3,0
40,0,banking77_open,40,age_limit,known_intent,40,2504,0,R0,0
40,0,banking77_open,40,atm_support,known_intent,40,2504,0,R0,0
40,0,banking77_open,37,automatic_top_up,known_intent,40,2504,0,R0,3
40,0,banking77_open,34,balance_not_updated_after_bank_transfer,known_intent,40,2504,0,R0,6
40,0,banking77_open,39,beneficiary_not_allowed,known_intent,40,2504,0,R0,1
40,0,banking77_open,39,cancel_transfer,known_intent,40,2504,0,R0,1
40,0,banking77_open,40,card_about_to_expire,known_intent,40,2504,0,R0,0
40,0,banking77_open,39,card_delivery_estimate,known_intent,40,2504,0,R0,1
40,0,banking77_open,38,card_payment_fee_charged,known_intent,40,2504,0,R0,2
40,0,banking77_open,39,card_payment_wrong_exchange_rate,known_intent,40,2504,0,R0,1
40,0,banking77_open,37,cash_withdrawal_charge,known_intent,40,2504,0,R0,3
40,0,banking77_open,39,cash_withdrawal_not_recognised,known_intent,40,2504,0,R0,1
40,0,banking77_open,40,declined_card_payment,known_intent,40,2504,0,R0,0
40,0,banking77_open,36,exchange_charge,known_intent,40,2504,0,R0,4
40,0,banking77_open,36,extra_charge_on_statement,known_intent,40,2504,0,R0,4
40,0,banking77_open,39,getting_virtual_card,known_intent,40,2504,0,R0,1
40,0,banking77_open,40,lost_or_stolen_phone,known_intent,40,2504,0,R0,0
40,0,banking77_open,40,passcode_forgotten,known_intent,40,2504,0,R0,0
40,0,banking77_open,38,pending_top_up,known_intent,40,2504,0,R0,2
40,0,banking77_open,35,pending_transfer,known_intent,40,2504,0,R0,5
40,0,banking77_open,39,pin_blocked,known_intent,40,2504,0,R0,1
40,0,banking77_open,40,receiving_money,known_intent,40,2504,0,R0,0
40,0,banking77_open,38,request_refund,known_intent,40,2504,0,R0,2
40,0,banking77_open,38,reverted_card_payment?,known_intent,40,2504,0,R0,2
40,0,banking77_open,39,supported_cards_and_currencies,known_intent,40,2504,0,R0,1
40,0,banking77_open,40,terminate_account,known_intent,40,2504,0,R0,0
40,0,banking77_open,37,top_up_failed,known_intent,40,2504,0,R0,3
40,0,banking77_open,40,top_up_limits,known_intent,40,2504,0,R0,0
40,0,banking77_open,40,transaction_charged_twice,known_intent,40,2504,0,R0,0
40,0,banking77_open,37,transfer_fee_charged,known_intent,40,2504,0,R0,3
40,0,banking77_open,36,transfer_timing,known_intent,40,2504,0,R0,4
40,0,banking77_open,37,unable_to_verify_identity,known_intent,40,2504,0,R0,3
40,0,banking77_open,38,verify_my_identity,known_intent,40,2504,0,R0,2
40,0,banking77_open,40,verify_source_of_funds,known_intent,40,2504,0,R0,0
40,0,banking77_open,40,verify_top_up,known_intent,40,2504,0,R0,0
40,0,banking77_open,33,virtual_card_not_working,known_intent,40,2504,0,R0,7
40,0,banking77_open,37,visa_or_mastercard,known_intent,40,2504,0,R0,3
40,0,banking77_open,36,wrong_amount_of_cash_received,known_intent,40,2504,0,R0,4
40,0,banking77_open,36,wrong_exchange_rate_for_cash_withdrawal,known_intent,40,2504,0,R0,4
760,0,banking77_open,0,test_only_oos_intent,unknown_kind,760,2504,0,R0,0
40,0,banking77_open,40,age_limit,known_intent,40,2504,0,R2,0
40,0,banking77_open,40,atm_support,known_intent,40,2504,0,R2,0
40,0,banking77_open,33,automatic_top_up,known_intent,40,2504,0,R2,7
40,0,banking77_open,22,balance_not_updated_after_bank_transfer,known_intent,40,2504,0,R2,18
40,0,banking77_open,34,beneficiary_not_allowed,known_intent,40,2504,0,R2,6
40,0,banking77_open,38,cancel_transfer,known_intent,40,2504,0,R2,2
40,0,banking77_open,40,card_about_to_expire,known_intent,40,2504,0,R2,0
40,0,banking77_open,38,card_delivery_estimate,known_intent,40,2504,0,R2,2
40,0,banking77_open,33,card_payment_fee_charged,known_intent,40,2504,0,R2,7
40,0,banking77_open,38,card_payment_wrong_exchange_rate,known_intent,40,2504,0,R2,2
40,0,banking77_open,37,cash_withdrawal_charge,known_intent,40,2504,0,R2,3
40,0,banking77_open,37,cash_withdrawal_not_recognised,known_intent,40,2504,0,R2,3
40,0,banking77_open,38,declined_card_payment,known_intent,40,2504,0,R2,2
40,0,banking77_open,38,exchange_charge,known_intent,40,2504,0,R2,2
40,0,banking77_open,38,extra_charge_on_statement,known_intent,40,2504,0,R2,2
40,0,banking77_open,38,getting_virtual_card,known_intent,40,2504,0,R2,2
40,0,banking77_open,39,lost_or_stolen_phone,known_intent,40,2504,0,R2,1
40,0,banking77_open,40,passcode_forgotten,known_intent,40,2504,0,R2,0
40,0,banking77_open,31,pending_top_up,known_intent,40,2504,0,R2,9
40,0,banking77_open,27,pending_transfer,known_intent,40,2504,0,R2,13
40,0,banking77_open,37,pin_blocked,known_intent,40,2504,0,R2,3
40,0,banking77_open,38,receiving_money,known_intent,40,2504,0,R2,2
40,0,banking77_open,36,request_refund,known_intent,40,2504,0,R2,4
40,0,banking77_open,36,reverted_card_payment?,known_intent,40,2504,0,R2,4
40,0,banking77_open,37,supported_cards_and_currencies,known_intent,40,2504,0,R2,3
40,0,banking77_open,40,terminate_account,known_intent,40,2504,0,R2,0
40,0,banking77_open,35,top_up_failed,known_intent,40,2504,0,R2,5
40,0,banking77_open,39,top_up_limits,known_intent,40,2504,0,R2,1
40,0,banking77_open,39,transaction_charged_twice,known_intent,40,2504,0,R2,1
40,0,banking77_open,39,transfer_fee_charged,known_intent,40,2504,0,R2,1
40,0,banking77_open,39,transfer_timing,known_intent,40,2504,0,R2,1
40,0,banking77_open,36,unable_to_verify_identity,known_intent,40,2504,0,R2,4
40,0,banking77_open,40,verify_my_identity,known_intent,40,2504,0,R2,0
40,0,banking77_open,40,verify_source_of_funds,known_intent,40,2504,0,R2,0
40,0,banking77_open,40,verify_top_up,known_intent,40,2504,0,R2,0
40,0,banking77_open,39,virtual_card_not_working,known_intent,40,2504,0,R2,1
40,0,banking77_open,38,visa_or_mastercard,known_intent,40,2504,0,R2,2
40,0,banking77_open,33,wrong_amount_of_cash_received,known_intent,40,2504,0,R2,7
40,0,banking77_open,27,wrong_exchange_rate_for_cash_withdrawal,known_intent,40,2504,0,R2,13
760,0,banking77_open,0,test_only_oos_intent,unknown_kind,760,2504,0,R2,0
34,0,banking77_open,34,age_limit,known_intent,40,2504,6,MAX_THRESHOLD,0
34,0,banking77_open,34,atm_support,known_intent,40,2504,6,MAX_THRESHOLD,0
33,0,banking77_open,29,automatic_top_up,known_intent,40,2504,7,MAX_THRESHOLD,4
35,0,banking77_open,20,balance_not_updated_after_bank_transfer,known_intent,40,2504,5,MAX_THRESHOLD,15
27,0,banking77_open,23,beneficiary_not_allowed,known_intent,40,2504,13,MAX_THRESHOLD,4
31,0,banking77_open,31,cancel_transfer,known_intent,40,2504,9,MAX_THRESHOLD,0
40,0,banking77_open,40,card_about_to_expire,known_intent,40,2504,0,MAX_THRESHOLD,0
30,0,banking77_open,29,card_delivery_estimate,known_intent,40,2504,10,MAX_THRESHOLD,1
33,0,banking77_open,30,card_payment_fee_charged,known_intent,40,2504,7,MAX_THRESHOLD,3
37,0,banking77_open,36,card_payment_wrong_exchange_rate,known_intent,40,2504,3,MAX_THRESHOLD,1
36,0,banking77_open,33,cash_withdrawal_charge,known_intent,40,2504,4,MAX_THRESHOLD,3
28,0,banking77_open,27,cash_withdrawal_not_recognised,known_intent,40,2504,12,MAX_THRESHOLD,1
36,0,banking77_open,34,declined_card_payment,known_intent,40,2504,4,MAX_THRESHOLD,2
35,0,banking77_open,35,exchange_charge,known_intent,40,2504,5,MAX_THRESHOLD,0
27,0,banking77_open,27,extra_charge_on_statement,known_intent,40,2504,13,MAX_THRESHOLD,0
39,0,banking77_open,38,getting_virtual_card,known_intent,40,2504,1,MAX_THRESHOLD,1
25,0,banking77_open,25,lost_or_stolen_phone,known_intent,40,2504,15,MAX_THRESHOLD,0
33,0,banking77_open,33,passcode_forgotten,known_intent,40,2504,7,MAX_THRESHOLD,0
25,0,banking77_open,23,pending_top_up,known_intent,40,2504,15,MAX_THRESHOLD,2
37,0,banking77_open,26,pending_transfer,known_intent,40,2504,3,MAX_THRESHOLD,11
31,0,banking77_open,31,pin_blocked,known_intent,40,2504,9,MAX_THRESHOLD,0
23,0,banking77_open,23,receiving_money,known_intent,40,2504,17,MAX_THRESHOLD,0
33,0,banking77_open,32,request_refund,known_intent,40,2504,7,MAX_THRESHOLD,1
28,0,banking77_open,27,reverted_card_payment?,known_intent,40,2504,12,MAX_THRESHOLD,1
23,0,banking77_open,23,supported_cards_and_currencies,known_intent,40,2504,17,MAX_THRESHOLD,0
38,0,banking77_open,38,terminate_account,known_intent,40,2504,2,MAX_THRESHOLD,0
38,0,banking77_open,34,top_up_failed,known_intent,40,2504,2,MAX_THRESHOLD,4
39,0,banking77_open,38,top_up_limits,known_intent,40,2504,1,MAX_THRESHOLD,1
25,0,banking77_open,25,transaction_charged_twice,known_intent,40,2504,15,MAX_THRESHOLD,0
31,0,banking77_open,31,transfer_fee_charged,known_intent,40,2504,9,MAX_THRESHOLD,0
39,0,banking77_open,39,transfer_timing,known_intent,40,2504,1,MAX_THRESHOLD,0
36,0,banking77_open,33,unable_to_verify_identity,known_intent,40,2504,4,MAX_THRESHOLD,3
38,0,banking77_open,38,verify_my_identity,known_intent,40,2504,2,MAX_THRESHOLD,0
37,0,banking77_open,37,verify_source_of_funds,known_intent,40,2504,3,MAX_THRESHOLD,0
40,0,banking77_open,40,verify_top_up,known_intent,40,2504,0,MAX_THRESHOLD,0
39,0,banking77_open,38,virtual_card_not_working,known_intent,40,2504,1,MAX_THRESHOLD,1
33,0,banking77_open,32,visa_or_mastercard,known_intent,40,2504,7,MAX_THRESHOLD,1
30,0,banking77_open,26,wrong_amount_of_cash_received,known_intent,40,2504,10,MAX_THRESHOLD,4
30,0,banking77_open,25,wrong_exchange_rate_for_cash_withdrawal,known_intent,40,2504,10,MAX_THRESHOLD,5
170,0,banking77_open,0,test_only_oos_intent,unknown_kind,760,2504,590,MAX_THRESHOLD,0
11,0,banking77_open,11,age_limit,known_intent,40,2504,29,R3,0
12,0,banking77_open,12,atm_support,known_intent,40,2504,28,R3,0
10,0,banking77_open,10,automatic_top_up,known_intent,40,2504,30,R3,0
2,0,banking77_open,1,balance_not_updated_after_bank_transfer,known_intent,40,2504,38,R3,1
4,0,banking77_open,4,beneficiary_not_allowed,known_intent,40,2504,36,R3,0
3,0,banking77_open,3,cancel_transfer,known_intent,40,2504,37,R3,0
10,0,banking77_open,10,card_about_to_expire,known_intent,40,2504,30,R3,0
6,0,banking77_open,6,card_delivery_estimate,known_intent,40,2504,34,R3,0
8,0,banking77_open,8,card_payment_fee_charged,known_intent,40,2504,32,R3,0
16,0,banking77_open,16,card_payment_wrong_exchange_rate,known_intent,40,2504,24,R3,0
6,0,banking77_open,6,cash_withdrawal_charge,known_intent,40,2504,34,R3,0
4,0,banking77_open,4,cash_withdrawal_not_recognised,known_intent,40,2504,36,R3,0
5,0,banking77_open,5,declined_card_payment,known_intent,40,2504,35,R3,0
4,0,banking77_open,4,exchange_charge,known_intent,40,2504,36,R3,0
8,0,banking77_open,8,extra_charge_on_statement,known_intent,40,2504,32,R3,0
26,0,banking77_open,26,getting_virtual_card,known_intent,40,2504,14,R3,0
2,0,banking77_open,2,lost_or_stolen_phone,known_intent,40,2504,38,R3,0
2,0,banking77_open,2,passcode_forgotten,known_intent,40,2504,38,R3,0
6,0,banking77_open,5,pending_top_up,known_intent,40,2504,34,R3,1
10,0,banking77_open,10,pending_transfer,known_intent,40,2504,30,R3,0
9,0,banking77_open,9,pin_blocked,known_intent,40,2504,31,R3,0
3,0,banking77_open,3,receiving_money,known_intent,40,2504,37,R3,0
5,0,banking77_open,5,request_refund,known_intent,40,2504,35,R3,0
6,0,banking77_open,6,reverted_card_payment?,known_intent,40,2504,34,R3,0
2,0,banking77_open,2,supported_cards_and_currencies,known_intent,40,2504,38,R3,0
7,0,banking77_open,7,terminate_account,known_intent,40,2504,33,R3,0
15,0,banking77_open,15,top_up_failed,known_intent,40,2504,25,R3,0
26,0,banking77_open,26,top_up_limits,known_intent,40,2504,14,R3,0
5,0,banking77_open,5,transaction_charged_twice,known_intent,40,2504,35,R3,0
11,0,banking77_open,11,transfer_fee_charged,known_intent,40,2504,29,R3,0
6,0,banking77_open,6,transfer_timing,known_intent,40,2504,34,R3,0
15,0,banking77_open,14,unable_to_verify_identity,known_intent,40,2504,25,R3,1
17,0,banking77_open,17,verify_my_identity,known_intent,40,2504,23,R3,0
9,0,banking77_open,9,verify_source_of_funds,known_intent,40,2504,31,R3,0
18,0,banking77_open,18,verify_top_up,known_intent,40,2504,22,R3,0
18,0,banking77_open,18,virtual_card_not_working,known_intent,40,2504,22,R3,0
10,0,banking77_open,10,visa_or_mastercard,known_intent,40,2504,30,R3,0
4,0,banking77_open,4,wrong_amount_of_cash_received,known_intent,40,2504,36,R3,0
8,0,banking77_open,7,wrong_exchange_rate_for_cash_withdrawal,known_intent,40,2504,32,R3,1
2,0,banking77_open,0,test_only_oos_intent,unknown_kind,760,2504,758,R3,0
40,0,banking77_closed,39,Refund_not_showing_up,known_intent,40,2504,0,R0,1
40,0,banking77_closed,38,activate_my_card,known_intent,40,2504,0,R0,2
40,0,banking77_closed,40,age_limit,known_intent,40,2504,0,R0,0
40,0,banking77_closed,40,apple_pay_or_google_pay,known_intent,40,2504,0,R0,0
40,0,banking77_closed,38,atm_support,known_intent,40,2504,0,R0,2
40,0,banking77_closed,37,automatic_top_up,known_intent,40,2504,0,R0,3
40,0,banking77_closed,30,balance_not_updated_after_bank_transfer,known_intent,40,2504,0,R0,10
40,0,banking77_closed,38,balance_not_updated_after_cheque_or_cash_deposit,known_intent,40,2504,0,R0,2
40,0,banking77_closed,35,beneficiary_not_allowed,known_intent,40,2504,0,R0,5
40,0,banking77_closed,39,cancel_transfer,known_intent,40,2504,0,R0,1
40,0,banking77_closed,39,card_about_to_expire,known_intent,40,2504,0,R0,1
40,0,banking77_closed,28,card_acceptance,known_intent,40,2504,0,R0,12
40,0,banking77_closed,34,card_arrival,known_intent,40,2504,0,R0,6
40,0,banking77_closed,35,card_delivery_estimate,known_intent,40,2504,0,R0,5
40,0,banking77_closed,39,card_linking,known_intent,40,2504,0,R0,1
40,0,banking77_closed,38,card_not_working,known_intent,40,2504,0,R0,2
40,0,banking77_closed,36,card_payment_fee_charged,known_intent,40,2504,0,R0,4
40,0,banking77_closed,36,card_payment_not_recognised,known_intent,40,2504,0,R0,4
40,0,banking77_closed,37,card_payment_wrong_exchange_rate,known_intent,40,2504,0,R0,3
40,0,banking77_closed,34,card_swallowed,known_intent,40,2504,0,R0,6
40,0,banking77_closed,38,cash_withdrawal_charge,known_intent,40,2504,0,R0,2
40,0,banking77_closed,37,cash_withdrawal_not_recognised,known_intent,40,2504,0,R0,3
40,0,banking77_closed,39,change_pin,known_intent,40,2504,0,R0,1
40,0,banking77_closed,32,compromised_card,known_intent,40,2504,0,R0,8
40,0,banking77_closed,35,contactless_not_working,known_intent,40,2504,0,R0,5
40,0,banking77_closed,39,country_support,known_intent,40,2504,0,R0,1
40,0,banking77_closed,38,declined_card_payment,known_intent,40,2504,0,R0,2
40,0,banking77_closed,37,declined_cash_withdrawal,known_intent,40,2504,0,R0,3
40,0,banking77_closed,31,declined_transfer,known_intent,40,2504,0,R0,9
40,0,banking77_closed,33,direct_debit_payment_not_recognised,known_intent,40,2504,0,R0,7
40,0,banking77_closed,34,disposable_card_limits,known_intent,40,2504,0,R0,6
40,0,banking77_closed,40,edit_personal_details,known_intent,40,2504,0,R0,0
40,0,banking77_closed,36,exchange_charge,known_intent,40,2504,0,R0,4
40,0,banking77_closed,39,exchange_rate,known_intent,40,2504,0,R0,1
40,0,banking77_closed,37,exchange_via_app,known_intent,40,2504,0,R0,3
40,0,banking77_closed,36,extra_charge_on_statement,known_intent,40,2504,0,R0,4
40,0,banking77_closed,38,failed_transfer,known_intent,40,2504,0,R0,2
40,0,banking77_closed,29,fiat_currency_support,known_intent,40,2504,0,R0,11
40,0,banking77_closed,34,get_disposable_virtual_card,known_intent,40,2504,0,R0,6
40,0,banking77_closed,40,get_physical_card,known_intent,40,2504,0,R0,0
40,0,banking77_closed,32,getting_spare_card,known_intent,40,2504,0,R0,8
40,0,banking77_closed,39,getting_virtual_card,known_intent,40,2504,0,R0,1
40,0,banking77_closed,35,lost_or_stolen_card,known_intent,40,2504,0,R0,5
40,0,banking77_closed,39,lost_or_stolen_phone,known_intent,40,2504,0,R0,1
40,0,banking77_closed,35,order_physical_card,known_intent,40,2504,0,R0,5
40,0,banking77_closed,40,passcode_forgotten,known_intent,40,2504,0,R0,0
40,0,banking77_closed,35,pending_card_payment,known_intent,40,2504,0,R0,5
40,0,banking77_closed,33,pending_cash_withdrawal,known_intent,40,2504,0,R0,7
40,0,banking77_closed,34,pending_top_up,known_intent,40,2504,0,R0,6
40,0,banking77_closed,29,pending_transfer,known_intent,40,2504,0,R0,11
40,0,banking77_closed,35,pin_blocked,known_intent,40,2504,0,R0,5
40,0,banking77_closed,39,receiving_money,known_intent,40,2504,0,R0,1
40,0,banking77_closed,36,request_refund,known_intent,40,2504,0,R0,4
40,0,banking77_closed,38,reverted_card_payment?,known_intent,40,2504,0,R0,2
40,0,banking77_closed,36,supported_cards_and_currencies,known_intent,40,2504,0,R0,4
40,0,banking77_closed,40,terminate_account,known_intent,40,2504,0,R0,0
40,0,banking77_closed,31,top_up_by_bank_transfer_charge,known_intent,40,2504,0,R0,9
40,0,banking77_closed,37,top_up_by_card_charge,known_intent,40,2504,0,R0,3
40,0,banking77_closed,33,top_up_by_cash_or_cheque,known_intent,40,2504,0,R0,7
40,0,banking77_closed,36,top_up_failed,known_intent,40,2504,0,R0,4
40,0,banking77_closed,40,top_up_limits,known_intent,40,2504,0,R0,0
40,0,banking77_closed,34,top_up_reverted,known_intent,40,2504,0,R0,6
40,0,banking77_closed,29,topping_up_by_card,known_intent,40,2504,0,R0,11
40,0,banking77_closed,40,transaction_charged_twice,known_intent,40,2504,0,R0,0
40,0,banking77_closed,37,transfer_fee_charged,known_intent,40,2504,0,R0,3
40,0,banking77_closed,36,transfer_into_account,known_intent,40,2504,0,R0,4
40,0,banking77_closed,34,transfer_not_received_by_recipient,known_intent,40,2504,0,R0,6
40,0,banking77_closed,36,transfer_timing,known_intent,40,2504,0,R0,4
40,0,banking77_closed,37,unable_to_verify_identity,known_intent,40,2504,0,R0,3
40,0,banking77_closed,35,verify_my_identity,known_intent,40,2504,0,R0,5
40,0,banking77_closed,40,verify_source_of_funds,known_intent,40,2504,0,R0,0
40,0,banking77_closed,40,verify_top_up,known_intent,40,2504,0,R0,0
40,0,banking77_closed,10,virtual_card_not_working,known_intent,40,2504,0,R0,30
40,0,banking77_closed,37,visa_or_mastercard,known_intent,40,2504,0,R0,3
40,0,banking77_closed,38,why_verify_identity,known_intent,40,2504,0,R0,2
40,0,banking77_closed,35,wrong_amount_of_cash_received,known_intent,40,2504,0,R0,5
40,0,banking77_closed,32,wrong_exchange_rate_for_cash_withdrawal,known_intent,40,2504,0,R0,8
40,0,banking77_closed,35,Refund_not_showing_up,known_intent,40,2504,0,R2,5
40,0,banking77_closed,36,activate_my_card,known_intent,40,2504,0,R2,4
40,0,banking77_closed,40,age_limit,known_intent,40,2504,0,R2,0
40,0,banking77_closed,40,apple_pay_or_google_pay,known_intent,40,2504,0,R2,0
40,0,banking77_closed,39,atm_support,known_intent,40,2504,0,R2,1
40,0,banking77_closed,33,automatic_top_up,known_intent,40,2504,0,R2,7
40,0,banking77_closed,19,balance_not_updated_after_bank_transfer,known_intent,40,2504,0,R2,21
40,0,banking77_closed,36,balance_not_updated_after_cheque_or_cash_deposit,known_intent,40,2504,0,R2,4
40,0,banking77_closed,31,beneficiary_not_allowed,known_intent,40,2504,0,R2,9
40,0,banking77_closed,37,cancel_transfer,known_intent,40,2504,0,R2,3
40,0,banking77_closed,40,card_about_to_expire,known_intent,40,2504,0,R2,0
40,0,banking77_closed,35,card_acceptance,known_intent,40,2504,0,R2,5
40,0,banking77_closed,31,card_arrival,known_intent,40,2504,0,R2,9
40,0,banking77_closed,36,card_delivery_estimate,known_intent,40,2504,0,R2,4
40,0,banking77_closed,37,card_linking,known_intent,40,2504,0,R2,3
40,0,banking77_closed,36,card_not_working,known_intent,40,2504,0,R2,4
40,0,banking77_closed,32,card_payment_fee_charged,known_intent,40,2504,0,R2,8
40,0,banking77_closed,30,card_payment_not_recognised,known_intent,40,2504,0,R2,10
40,0,banking77_closed,36,card_payment_wrong_exchange_rate,known_intent,40,2504,0,R2,4
40,0,banking77_closed,37,card_swallowed,known_intent,40,2504,0,R2,3
40,0,banking77_closed,37,cash_withdrawal_charge,known_intent,40,2504,0,R2,3
40,0,banking77_closed,31,cash_withdrawal_not_recognised,known_intent,40,2504,0,R2,9
40,0,banking77_closed,40,change_pin,known_intent,40,2504,0,R2,0
40,0,banking77_closed,25,compromised_card,known_intent,40,2504,0,R2,15
40,0,banking77_closed,38,contactless_not_working,known_intent,40,2504,0,R2,2
40,0,banking77_closed,39,country_support,known_intent,40,2504,0,R2,1
40,0,banking77_closed,37,declined_card_payment,known_intent,40,2504,0,R2,3
40,0,banking77_closed,24,declined_cash_withdrawal,known_intent,40,2504,0,R2,16
40,0,banking77_closed,29,declined_transfer,known_intent,40,2504,0,R2,11
40,0,banking77_closed,31,direct_debit_payment_not_recognised,known_intent,40,2504,0,R2,9
40,0,banking77_closed,32,disposable_card_limits,known_intent,40,2504,0,R2,8
40,0,banking77_closed,39,edit_personal_details,known_intent,40,2504,0,R2,1
40,0,banking77_closed,37,exchange_charge,known_intent,40,2504,0,R2,3
40,0,banking77_closed,38,exchange_rate,known_intent,40,2504,0,R2,2
40,0,banking77_closed,34,exchange_via_app,known_intent,40,2504,0,R2,6
40,0,banking77_closed,37,extra_charge_on_statement,known_intent,40,2504,0,R2,3
40,0,banking77_closed,26,failed_transfer,known_intent,40,2504,0,R2,14
40,0,banking77_closed,30,fiat_currency_support,known_intent,40,2504,0,R2,10
40,0,banking77_closed,35,get_disposable_virtual_card,known_intent,40,2504,0,R2,5
40,0,banking77_closed,35,get_physical_card,known_intent,40,2504,0,R2,5
40,0,banking77_closed,37,getting_spare_card,known_intent,40,2504,0,R2,3
40,0,banking77_closed,38,getting_virtual_card,known_intent,40,2504,0,R2,2
40,0,banking77_closed,37,lost_or_stolen_card,known_intent,40,2504,0,R2,3
40,0,banking77_closed,39,lost_or_stolen_phone,known_intent,40,2504,0,R2,1
40,0,banking77_closed,29,order_physical_card,known_intent,40,2504,0,R2,11
40,0,banking77_closed,40,passcode_forgotten,known_intent,40,2504,0,R2,0
40,0,banking77_closed,39,pending_card_payment,known_intent,40,2504,0,R2,1
40,0,banking77_closed,34,pending_cash_withdrawal,known_intent,40,2504,0,R2,6
40,0,banking77_closed,27,pending_top_up,known_intent,40,2504,0,R2,13
40,0,banking77_closed,26,pending_transfer,known_intent,40,2504,0,R2,14
40,0,banking77_closed,30,pin_blocked,known_intent,40,2504,0,R2,10
40,0,banking77_closed,33,receiving_money,known_intent,40,2504,0,R2,7
40,0,banking77_closed,35,request_refund,known_intent,40,2504,0,R2,5
40,0,banking77_closed,34,reverted_card_payment?,known_intent,40,2504,0,R2,6
40,0,banking77_closed,24,supported_cards_and_currencies,known_intent,40,2504,0,R2,16
40,0,banking77_closed,40,terminate_account,known_intent,40,2504,0,R2,0
40,0,banking77_closed,36,top_up_by_bank_transfer_charge,known_intent,40,2504,0,R2,4
40,0,banking77_closed,36,top_up_by_card_charge,known_intent,40,2504,0,R2,4
40,0,banking77_closed,35,top_up_by_cash_or_cheque,known_intent,40,2504,0,R2,5
40,0,banking77_closed,35,top_up_failed,known_intent,40,2504,0,R2,5
40,0,banking77_closed,38,top_up_limits,known_intent,40,2504,0,R2,2
40,0,banking77_closed,25,top_up_reverted,known_intent,40,2504,0,R2,15
40,0,banking77_closed,15,topping_up_by_card,known_intent,40,2504,0,R2,25
40,0,banking77_closed,39,transaction_charged_twice,known_intent,40,2504,0,R2,1
40,0,banking77_closed,36,transfer_fee_charged,known_intent,40,2504,0,R2,4
40,0,banking77_closed,34,transfer_into_account,known_intent,40,2504,0,R2,6
40,0,banking77_closed,21,transfer_not_received_by_recipient,known_intent,40,2504,0,R2,19
40,0,banking77_closed,38,transfer_timing,known_intent,40,2504,0,R2,2
40,0,banking77_closed,35,unable_to_verify_identity,known_intent,40,2504,0,R2,5
40,0,banking77_closed,39,verify_my_identity,known_intent,40,2504,0,R2,1
40,0,banking77_closed,40,verify_source_of_funds,known_intent,40,2504,0,R2,0
40,0,banking77_closed,40,verify_top_up,known_intent,40,2504,0,R2,0
40,0,banking77_closed,33,virtual_card_not_working,known_intent,40,2504,0,R2,7
40,0,banking77_closed,38,visa_or_mastercard,known_intent,40,2504,0,R2,2
40,0,banking77_closed,33,why_verify_identity,known_intent,40,2504,0,R2,7
40,0,banking77_closed,27,wrong_amount_of_cash_received,known_intent,40,2504,0,R2,13
40,0,banking77_closed,27,wrong_exchange_rate_for_cash_withdrawal,known_intent,40,2504,0,R2,13
30,0,clinc150,30,apr,known_intent,30,2505,0,R0,0
30,0,clinc150,30,are_you_a_bot,known_intent,30,2505,0,R0,0
30,0,clinc150,30,bill_due,known_intent,30,2505,0,R0,0
30,0,clinc150,30,book_flight,known_intent,30,2505,0,R0,0
30,0,clinc150,30,calendar,known_intent,30,2505,0,R0,0
30,0,clinc150,30,cancel_reservation,known_intent,30,2505,0,R0,0
30,0,clinc150,30,car_rental,known_intent,30,2505,0,R0,0
30,0,clinc150,30,carry_on,known_intent,30,2505,0,R0,0
30,0,clinc150,30,change_accent,known_intent,30,2505,0,R0,0
30,0,clinc150,29,change_volume,known_intent,30,2505,0,R0,1
30,0,clinc150,30,credit_limit_change,known_intent,30,2505,0,R0,0
30,0,clinc150,29,date,known_intent,30,2505,0,R0,1
30,0,clinc150,30,definition,known_intent,30,2505,0,R0,0
30,0,clinc150,30,direct_deposit,known_intent,30,2505,0,R0,0
30,0,clinc150,30,do_you_have_pets,known_intent,30,2505,0,R0,0
30,0,clinc150,30,find_phone,known_intent,30,2505,0,R0,0
30,0,clinc150,30,food_last,known_intent,30,2505,0,R0,0
30,0,clinc150,30,freeze_account,known_intent,30,2505,0,R0,0
30,0,clinc150,30,improve_credit_score,known_intent,30,2505,0,R0,0
30,0,clinc150,30,international_fees,known_intent,30,2505,0,R0,0
30,0,clinc150,30,lost_luggage,known_intent,30,2505,0,R0,0
30,0,clinc150,30,meaning_of_life,known_intent,30,2505,0,R0,0
30,0,clinc150,30,min_payment,known_intent,30,2505,0,R0,0
30,0,clinc150,30,mpg,known_intent,30,2505,0,R0,0
30,0,clinc150,30,next_song,known_intent,30,2505,0,R0,0
30,0,clinc150,30,nutrition_info,known_intent,30,2505,0,R0,0
30,0,clinc150,30,oil_change_how,known_intent,30,2505,0,R0,0
30,0,clinc150,29,pay_bill,known_intent,30,2505,0,R0,1
30,0,clinc150,30,pto_request,known_intent,30,2505,0,R0,0
30,0,clinc150,30,pto_used,known_intent,30,2505,0,R0,0
30,0,clinc150,30,reminder,known_intent,30,2505,0,R0,0
30,0,clinc150,30,repeat,known_intent,30,2505,0,R0,0
30,0,clinc150,30,report_lost_card,known_intent,30,2505,0,R0,0
30,0,clinc150,30,reset_settings,known_intent,30,2505,0,R0,0
30,0,clinc150,30,restaurant_reservation,known_intent,30,2505,0,R0,0
30,0,clinc150,28,restaurant_reviews,known_intent,30,2505,0,R0,2
30,0,clinc150,30,rollover_401k,known_intent,30,2505,0,R0,0
30,0,clinc150,29,shopping_list,known_intent,30,2505,0,R0,1
30,0,clinc150,30,sync_device,known_intent,30,2505,0,R0,0
30,0,clinc150,28,text,known_intent,30,2505,0,R0,2
30,0,clinc150,29,timer,known_intent,30,2505,0,R0,1
30,0,clinc150,30,tire_pressure,known_intent,30,2505,0,R0,0
30,0,clinc150,30,todo_list,known_intent,30,2505,0,R0,0
30,0,clinc150,30,traffic,known_intent,30,2505,0,R0,0
30,0,clinc150,27,transactions,known_intent,30,2505,0,R0,3
30,0,clinc150,30,travel_notification,known_intent,30,2505,0,R0,0
30,0,clinc150,30,uber,known_intent,30,2505,0,R0,0
30,0,clinc150,30,w2,known_intent,30,2505,0,R0,0
30,0,clinc150,30,what_are_your_hobbies,known_intent,30,2505,0,R0,0
30,0,clinc150,30,who_made_you,known_intent,30,2505,0,R0,0
3000,0,clinc150,0,heldout_intent,unknown_kind,3000,2505,0,R0,0
1000,0,clinc150,0,official_oos,unknown_kind,1000,2505,0,R0,0
30,0,clinc150,30,apr,known_intent,30,2505,0,R2,0
30,0,clinc150,30,are_you_a_bot,known_intent,30,2505,0,R2,0
30,0,clinc150,30,bill_due,known_intent,30,2505,0,R2,0
30,0,clinc150,30,book_flight,known_intent,30,2505,0,R2,0
30,0,clinc150,30,calendar,known_intent,30,2505,0,R2,0
30,0,clinc150,30,cancel_reservation,known_intent,30,2505,0,R2,0
30,0,clinc150,29,car_rental,known_intent,30,2505,0,R2,1
30,0,clinc150,30,carry_on,known_intent,30,2505,0,R2,0
30,0,clinc150,30,change_accent,known_intent,30,2505,0,R2,0
30,0,clinc150,30,change_volume,known_intent,30,2505,0,R2,0
30,0,clinc150,29,credit_limit_change,known_intent,30,2505,0,R2,1
30,0,clinc150,29,date,known_intent,30,2505,0,R2,1
30,0,clinc150,30,definition,known_intent,30,2505,0,R2,0
30,0,clinc150,30,direct_deposit,known_intent,30,2505,0,R2,0
30,0,clinc150,30,do_you_have_pets,known_intent,30,2505,0,R2,0
30,0,clinc150,30,find_phone,known_intent,30,2505,0,R2,0
30,0,clinc150,30,food_last,known_intent,30,2505,0,R2,0
30,0,clinc150,30,freeze_account,known_intent,30,2505,0,R2,0
30,0,clinc150,30,improve_credit_score,known_intent,30,2505,0,R2,0
30,0,clinc150,30,international_fees,known_intent,30,2505,0,R2,0
30,0,clinc150,30,lost_luggage,known_intent,30,2505,0,R2,0
30,0,clinc150,30,meaning_of_life,known_intent,30,2505,0,R2,0
30,0,clinc150,30,min_payment,known_intent,30,2505,0,R2,0
30,0,clinc150,30,mpg,known_intent,30,2505,0,R2,0
30,0,clinc150,30,next_song,known_intent,30,2505,0,R2,0
30,0,clinc150,30,nutrition_info,known_intent,30,2505,0,R2,0
30,0,clinc150,30,oil_change_how,known_intent,30,2505,0,R2,0
30,0,clinc150,29,pay_bill,known_intent,30,2505,0,R2,1
30,0,clinc150,30,pto_request,known_intent,30,2505,0,R2,0
30,0,clinc150,30,pto_used,known_intent,30,2505,0,R2,0
30,0,clinc150,30,reminder,known_intent,30,2505,0,R2,0
30,0,clinc150,30,repeat,known_intent,30,2505,0,R2,0
30,0,clinc150,30,report_lost_card,known_intent,30,2505,0,R2,0
30,0,clinc150,30,reset_settings,known_intent,30,2505,0,R2,0
30,0,clinc150,30,restaurant_reservation,known_intent,30,2505,0,R2,0
30,0,clinc150,29,restaurant_reviews,known_intent,30,2505,0,R2,1
30,0,clinc150,30,rollover_401k,known_intent,30,2505,0,R2,0
30,0,clinc150,29,shopping_list,known_intent,30,2505,0,R2,1
30,0,clinc150,30,sync_device,known_intent,30,2505,0,R2,0
30,0,clinc150,27,text,known_intent,30,2505,0,R2,3
30,0,clinc150,29,timer,known_intent,30,2505,0,R2,1
30,0,clinc150,30,tire_pressure,known_intent,30,2505,0,R2,0
30,0,clinc150,30,todo_list,known_intent,30,2505,0,R2,0
30,0,clinc150,30,traffic,known_intent,30,2505,0,R2,0
30,0,clinc150,26,transactions,known_intent,30,2505,0,R2,4
30,0,clinc150,30,travel_notification,known_intent,30,2505,0,R2,0
30,0,clinc150,29,uber,known_intent,30,2505,0,R2,1
30,0,clinc150,30,w2,known_intent,30,2505,0,R2,0
30,0,clinc150,30,what_are_your_hobbies,known_intent,30,2505,0,R2,0
30,0,clinc150,30,who_made_you,known_intent,30,2505,0,R2,0
3000,0,clinc150,0,heldout_intent,unknown_kind,3000,2505,0,R2,0
1000,0,clinc150,0,official_oos,unknown_kind,1000,2505,0,R2,0
30,0,clinc150,30,apr,known_intent,30,2505,0,MAX_THRESHOLD,0
29,0,clinc150,29,are_you_a_bot,known_intent,30,2505,1,MAX_THRESHOLD,0
28,0,clinc150,28,bill_due,known_intent,30,2505,2,MAX_THRESHOLD,0
8,0,clinc150,8,book_flight,known_intent,30,2505,22,MAX_THRESHOLD,0
17,0,clinc150,17,calendar,known_intent,30,2505,13,MAX_THRESHOLD,0
30,0,clinc150,30,cancel_reservation,known_intent,30,2505,0,MAX_THRESHOLD,0
17,0,clinc150,17,car_rental,known_intent,30,2505,13,MAX_THRESHOLD,0
23,0,clinc150,23,carry_on,known_intent,30,2505,7,MAX_THRESHOLD,0
29,0,clinc150,29,change_accent,known_intent,30,2505,1,MAX_THRESHOLD,0
22,0,clinc150,22,change_volume,known_intent,30,2505,8,MAX_THRESHOLD,0
29,0,clinc150,29,credit_limit_change,known_intent,30,2505,1,MAX_THRESHOLD,0
30,0,clinc150,29,date,known_intent,30,2505,0,MAX_THRESHOLD,1
0,0,clinc150,0,definition,known_intent,30,2505,30,MAX_THRESHOLD,0
30,0,clinc150,30,direct_deposit,known_intent,30,2505,0,MAX_THRESHOLD,0
30,0,clinc150,30,do_you_have_pets,known_intent,30,2505,0,MAX_THRESHOLD,0
29,0,clinc150,29,find_phone,known_intent,30,2505,1,MAX_THRESHOLD,0
23,0,clinc150,23,food_last,known_intent,30,2505,7,MAX_THRESHOLD,0
29,0,clinc150,29,freeze_account,known_intent,30,2505,1,MAX_THRESHOLD,0
27,0,clinc150,27,improve_credit_score,known_intent,30,2505,3,MAX_THRESHOLD,0
28,0,clinc150,28,international_fees,known_intent,30,2505,2,MAX_THRESHOLD,0
29,0,clinc150,29,lost_luggage,known_intent,30,2505,1,MAX_THRESHOLD,0
28,0,clinc150,28,meaning_of_life,known_intent,30,2505,2,MAX_THRESHOLD,0
30,0,clinc150,30,min_payment,known_intent,30,2505,0,MAX_THRESHOLD,0
30,0,clinc150,30,mpg,known_intent,30,2505,0,MAX_THRESHOLD,0
27,0,clinc150,27,next_song,known_intent,30,2505,3,MAX_THRESHOLD,0
27,0,clinc150,27,nutrition_info,known_intent,30,2505,3,MAX_THRESHOLD,0
30,0,clinc150,30,oil_change_how,known_intent,30,2505,0,MAX_THRESHOLD,0
26,0,clinc150,26,pay_bill,known_intent,30,2505,4,MAX_THRESHOLD,0
29,0,clinc150,29,pto_request,known_intent,30,2505,1,MAX_THRESHOLD,0
30,0,clinc150,30,pto_used,known_intent,30,2505,0,MAX_THRESHOLD,0
26,0,clinc150,26,reminder,known_intent,30,2505,4,MAX_THRESHOLD,0
25,0,clinc150,25,repeat,known_intent,30,2505,5,MAX_THRESHOLD,0
28,0,clinc150,28,report_lost_card,known_intent,30,2505,2,MAX_THRESHOLD,0
29,0,clinc150,29,reset_settings,known_intent,30,2505,1,MAX_THRESHOLD,0
20,0,clinc150,20,restaurant_reservation,known_intent,30,2505,10,MAX_THRESHOLD,0
12,0,clinc150,12,restaurant_reviews,known_intent,30,2505,18,MAX_THRESHOLD,0
30,0,clinc150,30,rollover_401k,known_intent,30,2505,0,MAX_THRESHOLD,0
26,0,clinc150,26,shopping_list,known_intent,30,2505,4,MAX_THRESHOLD,0
29,0,clinc150,29,sync_device,known_intent,30,2505,1,MAX_THRESHOLD,0
9,0,clinc150,9,text,known_intent,30,2505,21,MAX_THRESHOLD,0
29,0,clinc150,29,timer,known_intent,30,2505,1,MAX_THRESHOLD,0
30,0,clinc150,30,tire_pressure,known_intent,30,2505,0,MAX_THRESHOLD,0
29,0,clinc150,29,todo_list,known_intent,30,2505,1,MAX_THRESHOLD,0
22,0,clinc150,22,traffic,known_intent,30,2505,8,MAX_THRESHOLD,0
23,0,clinc150,20,transactions,known_intent,30,2505,7,MAX_THRESHOLD,3
27,0,clinc150,27,travel_notification,known_intent,30,2505,3,MAX_THRESHOLD,0
27,0,clinc150,26,uber,known_intent,30,2505,3,MAX_THRESHOLD,1
30,0,clinc150,30,w2,known_intent,30,2505,0,MAX_THRESHOLD,0
28,0,clinc150,28,what_are_your_hobbies,known_intent,30,2505,2,MAX_THRESHOLD,0
24,0,clinc150,24,who_made_you,known_intent,30,2505,6,MAX_THRESHOLD,0
460,0,clinc150,0,heldout_intent,unknown_kind,3000,2505,2540,MAX_THRESHOLD,0
24,0,clinc150,0,official_oos,unknown_kind,1000,2505,976,MAX_THRESHOLD,0
27,3,clinc150,27,apr,known_intent,30,2505,0,R3,0
25,4,clinc150,25,are_you_a_bot,known_intent,30,2505,1,R3,0
13,15,clinc150,13,bill_due,known_intent,30,2505,2,R3,0
8,0,clinc150,8,book_flight,known_intent,30,2505,22,R3,0
16,1,clinc150,16,calendar,known_intent,30,2505,13,R3,0
26,4,clinc150,26,cancel_reservation,known_intent,30,2505,0,R3,0
16,1,clinc150,16,car_rental,known_intent,30,2505,13,R3,0
23,0,clinc150,23,carry_on,known_intent,30,2505,7,R3,0
29,0,clinc150,29,change_accent,known_intent,30,2505,1,R3,0
21,1,clinc150,21,change_volume,known_intent,30,2505,8,R3,0
18,11,clinc150,18,credit_limit_change,known_intent,30,2505,1,R3,0
29,1,clinc150,29,date,known_intent,30,2505,0,R3,0
0,0,clinc150,0,definition,known_intent,30,2505,30,R3,0
29,1,clinc150,29,direct_deposit,known_intent,30,2505,0,R3,0
30,0,clinc150,30,do_you_have_pets,known_intent,30,2505,0,R3,0
16,13,clinc150,16,find_phone,known_intent,30,2505,1,R3,0
23,0,clinc150,23,food_last,known_intent,30,2505,7,R3,0
27,2,clinc150,27,freeze_account,known_intent,30,2505,1,R3,0
21,6,clinc150,21,improve_credit_score,known_intent,30,2505,3,R3,0
28,0,clinc150,28,international_fees,known_intent,30,2505,2,R3,0
28,1,clinc150,28,lost_luggage,known_intent,30,2505,1,R3,0
28,0,clinc150,28,meaning_of_life,known_intent,30,2505,2,R3,0
15,15,clinc150,15,min_payment,known_intent,30,2505,0,R3,0
30,0,clinc150,30,mpg,known_intent,30,2505,0,R3,0
27,0,clinc150,27,next_song,known_intent,30,2505,3,R3,0
27,0,clinc150,27,nutrition_info,known_intent,30,2505,3,R3,0
30,0,clinc150,30,oil_change_how,known_intent,30,2505,0,R3,0
7,19,clinc150,7,pay_bill,known_intent,30,2505,4,R3,0
29,0,clinc150,29,pto_request,known_intent,30,2505,1,R3,0
29,1,clinc150,29,pto_used,known_intent,30,2505,0,R3,0
12,14,clinc150,12,reminder,known_intent,30,2505,4,R3,0
25,0,clinc150,25,repeat,known_intent,30,2505,5,R3,0
28,0,clinc150,28,report_lost_card,known_intent,30,2505,2,R3,0
29,0,clinc150,29,reset_settings,known_intent,30,2505,1,R3,0
18,2,clinc150,18,restaurant_reservation,known_intent,30,2505,10,R3,0
12,0,clinc150,12,restaurant_reviews,known_intent,30,2505,18,R3,0
30,0,clinc150,30,rollover_401k,known_intent,30,2505,0,R3,0
18,8,clinc150,18,shopping_list,known_intent,30,2505,4,R3,0
29,0,clinc150,29,sync_device,known_intent,30,2505,1,R3,0
9,0,clinc150,9,text,known_intent,30,2505,21,R3,0
29,0,clinc150,29,timer,known_intent,30,2505,1,R3,0
30,0,clinc150,30,tire_pressure,known_intent,30,2505,0,R3,0
15,14,clinc150,15,todo_list,known_intent,30,2505,1,R3,0
22,0,clinc150,22,traffic,known_intent,30,2505,8,R3,0
17,6,clinc150,17,transactions,known_intent,30,2505,7,R3,0
27,0,clinc150,27,travel_notification,known_intent,30,2505,3,R3,0
26,1,clinc150,26,uber,known_intent,30,2505,3,R3,0
30,0,clinc150,30,w2,known_intent,30,2505,0,R3,0
28,0,clinc150,28,what_are_your_hobbies,known_intent,30,2505,2,R3,0
24,0,clinc150,24,who_made_you,known_intent,30,2505,6,R3,0
328,132,clinc150,0,heldout_intent,unknown_kind,3000,2505,2540,R3,0
18,6,clinc150,0,official_oos,unknown_kind,1000,2505,976,R3,0
40,0,banking77_open,40,Refund_not_showing_up,known_intent,40,2505,0,R0,0
40,0,banking77_open,40,apple_pay_or_google_pay,known_intent,40,2505,0,R0,0
40,0,banking77_open,39,atm_support,known_intent,40,2505,0,R0,1
40,0,banking77_open,37,automatic_top_up,known_intent,40,2505,0,R0,3
40,0,banking77_open,39,balance_not_updated_after_cheque_or_cash_deposit,known_intent,40,2505,0,R0,1
40,0,banking77_open,39,beneficiary_not_allowed,known_intent,40,2505,0,R0,1
40,0,banking77_open,39,card_about_to_expire,known_intent,40,2505,0,R0,1
40,0,banking77_open,34,card_acceptance,known_intent,40,2505,0,R0,6
40,0,banking77_open,40,card_linking,known_intent,40,2505,0,R0,0
40,0,banking77_open,38,card_payment_fee_charged,known_intent,40,2505,0,R0,2
40,0,banking77_open,35,card_payment_not_recognised,known_intent,40,2505,0,R0,5
40,0,banking77_open,39,card_payment_wrong_exchange_rate,known_intent,40,2505,0,R0,1
40,0,banking77_open,39,change_pin,known_intent,40,2505,0,R0,1
40,0,banking77_open,34,compromised_card,known_intent,40,2505,0,R0,6
40,0,banking77_open,36,contactless_not_working,known_intent,40,2505,0,R0,4
40,0,banking77_open,39,country_support,known_intent,40,2505,0,R0,1
40,0,banking77_open,40,declined_cash_withdrawal,known_intent,40,2505,0,R0,0
40,0,banking77_open,34,direct_debit_payment_not_recognised,known_intent,40,2505,0,R0,6
40,0,banking77_open,40,edit_personal_details,known_intent,40,2505,0,R0,0
40,0,banking77_open,39,fiat_currency_support,known_intent,40,2505,0,R0,1
40,0,banking77_open,39,get_disposable_virtual_card,known_intent,40,2505,0,R0,1
40,0,banking77_open,39,get_physical_card,known_intent,40,2505,0,R0,1
40,0,banking77_open,40,getting_spare_card,known_intent,40,2505,0,R0,0
40,0,banking77_open,36,lost_or_stolen_card,known_intent,40,2505,0,R0,4
40,0,banking77_open,39,lost_or_stolen_phone,known_intent,40,2505,0,R0,1
40,0,banking77_open,36,order_physical_card,known_intent,40,2505,0,R0,4
40,0,banking77_open,40,passcode_forgotten,known_intent,40,2505,0,R0,0
40,0,banking77_open,39,pending_card_payment,known_intent,40,2505,0,R0,1
40,0,banking77_open,34,pending_transfer,known_intent,40,2505,0,R0,6
40,0,banking77_open,34,supported_cards_and_currencies,known_intent,40,2505,0,R0,6
40,0,banking77_open,40,top_up_by_card_charge,known_intent,40,2505,0,R0,0
40,0,banking77_open,40,top_up_limits,known_intent,40,2505,0,R0,0
40,0,banking77_open,39,top_up_reverted,known_intent,40,2505,0,R0,1
40,0,banking77_open,39,transaction_charged_twice,known_intent,40,2505,0,R0,1
40,0,banking77_open,38,transfer_timing,known_intent,40,2505,0,R0,2
40,0,banking77_open,39,unable_to_verify_identity,known_intent,40,2505,0,R0,1
40,0,banking77_open,40,verify_source_of_funds,known_intent,40,2505,0,R0,0
40,0,banking77_open,40,verify_top_up,known_intent,40,2505,0,R0,0
40,0,banking77_open,37,visa_or_mastercard,known_intent,40,2505,0,R0,3
760,0,banking77_open,0,test_only_oos_intent,unknown_kind,760,2505,0,R0,0
40,0,banking77_open,39,Refund_not_showing_up,known_intent,40,2505,0,R2,1
40,0,banking77_open,40,apple_pay_or_google_pay,known_intent,40,2505,0,R2,0
40,0,banking77_open,38,atm_support,known_intent,40,2505,0,R2,2
40,0,banking77_open,35,automatic_top_up,known_intent,40,2505,0,R2,5
40,0,banking77_open,38,balance_not_updated_after_cheque_or_cash_deposit,known_intent,40,2505,0,R2,2
40,0,banking77_open,37,beneficiary_not_allowed,known_intent,40,2505,0,R2,3
40,0,banking77_open,40,card_about_to_expire,known_intent,40,2505,0,R2,0
40,0,banking77_open,38,card_acceptance,known_intent,40,2505,0,R2,2
40,0,banking77_open,39,card_linking,known_intent,40,2505,0,R2,1
40,0,banking77_open,37,card_payment_fee_charged,known_intent,40,2505,0,R2,3
40,0,banking77_open,31,card_payment_not_recognised,known_intent,40,2505,0,R2,9
40,0,banking77_open,38,card_payment_wrong_exchange_rate,known_intent,40,2505,0,R2,2
40,0,banking77_open,40,change_pin,known_intent,40,2505,0,R2,0
40,0,banking77_open,34,compromised_card,known_intent,40,2505,0,R2,6
40,0,banking77_open,38,contactless_not_working,known_intent,40,2505,0,R2,2
40,0,banking77_open,38,country_support,known_intent,40,2505,0,R2,2
40,0,banking77_open,40,declined_cash_withdrawal,known_intent,40,2505,0,R2,0
40,0,banking77_open,33,direct_debit_payment_not_recognised,known_intent,40,2505,0,R2,7
40,0,banking77_open,40,edit_personal_details,known_intent,40,2505,0,R2,0
40,0,banking77_open,37,fiat_currency_support,known_intent,40,2505,0,R2,3
40,0,banking77_open,39,get_disposable_virtual_card,known_intent,40,2505,0,R2,1
40,0,banking77_open,39,get_physical_card,known_intent,40,2505,0,R2,1
40,0,banking77_open,40,getting_spare_card,known_intent,40,2505,0,R2,0
40,0,banking77_open,38,lost_or_stolen_card,known_intent,40,2505,0,R2,2
40,0,banking77_open,39,lost_or_stolen_phone,known_intent,40,2505,0,R2,1
40,0,banking77_open,26,order_physical_card,known_intent,40,2505,0,R2,14
40,0,banking77_open,40,passcode_forgotten,known_intent,40,2505,0,R2,0
40,0,banking77_open,39,pending_card_payment,known_intent,40,2505,0,R2,1
40,0,banking77_open,28,pending_transfer,known_intent,40,2505,0,R2,12
40,0,banking77_open,28,supported_cards_and_currencies,known_intent,40,2505,0,R2,12
40,0,banking77_open,36,top_up_by_card_charge,known_intent,40,2505,0,R2,4
40,0,banking77_open,38,top_up_limits,known_intent,40,2505,0,R2,2
40,0,banking77_open,38,top_up_reverted,known_intent,40,2505,0,R2,2
40,0,banking77_open,40,transaction_charged_twice,known_intent,40,2505,0,R2,0
40,0,banking77_open,40,transfer_timing,known_intent,40,2505,0,R2,0
40,0,banking77_open,38,unable_to_verify_identity,known_intent,40,2505,0,R2,2
40,0,banking77_open,40,verify_source_of_funds,known_intent,40,2505,0,R2,0
40,0,banking77_open,40,verify_top_up,known_intent,40,2505,0,R2,0
40,0,banking77_open,37,visa_or_mastercard,known_intent,40,2505,0,R2,3
760,0,banking77_open,0,test_only_oos_intent,unknown_kind,760,2505,0,R2,0
33,0,banking77_open,32,Refund_not_showing_up,known_intent,40,2505,7,MAX_THRESHOLD,1
33,0,banking77_open,33,apple_pay_or_google_pay,known_intent,40,2505,7,MAX_THRESHOLD,0
36,0,banking77_open,34,atm_support,known_intent,40,2505,4,MAX_THRESHOLD,2
37,0,banking77_open,34,automatic_top_up,known_intent,40,2505,3,MAX_THRESHOLD,3
35,0,banking77_open,34,balance_not_updated_after_cheque_or_cash_deposit,known_intent,40,2505,5,MAX_THRESHOLD,1
29,0,banking77_open,27,beneficiary_not_allowed,known_intent,40,2505,11,MAX_THRESHOLD,2
39,0,banking77_open,39,card_about_to_expire,known_intent,40,2505,1,MAX_THRESHOLD,0
38,0,banking77_open,37,card_acceptance,known_intent,40,2505,2,MAX_THRESHOLD,1
38,0,banking77_open,37,card_linking,known_intent,40,2505,2,MAX_THRESHOLD,1
31,0,banking77_open,31,card_payment_fee_charged,known_intent,40,2505,9,MAX_THRESHOLD,0
22,0,banking77_open,20,card_payment_not_recognised,known_intent,40,2505,18,MAX_THRESHOLD,2
37,0,banking77_open,35,card_payment_wrong_exchange_rate,known_intent,40,2505,3,MAX_THRESHOLD,2
39,0,banking77_open,39,change_pin,known_intent,40,2505,1,MAX_THRESHOLD,0
25,0,banking77_open,22,compromised_card,known_intent,40,2505,15,MAX_THRESHOLD,3
32,0,banking77_open,31,contactless_not_working,known_intent,40,2505,8,MAX_THRESHOLD,1
22,0,banking77_open,22,country_support,known_intent,40,2505,18,MAX_THRESHOLD,0
31,0,banking77_open,31,declined_cash_withdrawal,known_intent,40,2505,9,MAX_THRESHOLD,0
28,0,banking77_open,25,direct_debit_payment_not_recognised,known_intent,40,2505,12,MAX_THRESHOLD,3
34,0,banking77_open,34,edit_personal_details,known_intent,40,2505,6,MAX_THRESHOLD,0
31,0,banking77_open,29,fiat_currency_support,known_intent,40,2505,9,MAX_THRESHOLD,2
36,0,banking77_open,36,get_disposable_virtual_card,known_intent,40,2505,4,MAX_THRESHOLD,0
39,0,banking77_open,38,get_physical_card,known_intent,40,2505,1,MAX_THRESHOLD,1
36,0,banking77_open,36,getting_spare_card,known_intent,40,2505,4,MAX_THRESHOLD,0
33,0,banking77_open,33,lost_or_stolen_card,known_intent,40,2505,7,MAX_THRESHOLD,0
24,0,banking77_open,23,lost_or_stolen_phone,known_intent,40,2505,16,MAX_THRESHOLD,1
37,0,banking77_open,25,order_physical_card,known_intent,40,2505,3,MAX_THRESHOLD,12
33,0,banking77_open,33,passcode_forgotten,known_intent,40,2505,7,MAX_THRESHOLD,0
33,0,banking77_open,33,pending_card_payment,known_intent,40,2505,7,MAX_THRESHOLD,0
35,0,banking77_open,27,pending_transfer,known_intent,40,2505,5,MAX_THRESHOLD,8
30,0,banking77_open,21,supported_cards_and_currencies,known_intent,40,2505,10,MAX_THRESHOLD,9
39,0,banking77_open,36,top_up_by_card_charge,known_intent,40,2505,1,MAX_THRESHOLD,3
39,0,banking77_open,38,top_up_limits,known_intent,40,2505,1,MAX_THRESHOLD,1
28,0,banking77_open,28,top_up_reverted,known_intent,40,2505,12,MAX_THRESHOLD,0
26,0,banking77_open,26,transaction_charged_twice,known_intent,40,2505,14,MAX_THRESHOLD,0
38,0,banking77_open,38,transfer_timing,known_intent,40,2505,2,MAX_THRESHOLD,0
36,0,banking77_open,35,unable_to_verify_identity,known_intent,40,2505,4,MAX_THRESHOLD,1
40,0,banking77_open,40,verify_source_of_funds,known_intent,40,2505,0,MAX_THRESHOLD,0
40,0,banking77_open,40,verify_top_up,known_intent,40,2505,0,MAX_THRESHOLD,0
37,0,banking77_open,35,visa_or_mastercard,known_intent,40,2505,3,MAX_THRESHOLD,2
205,0,banking77_open,0,test_only_oos_intent,unknown_kind,760,2505,555,MAX_THRESHOLD,0
4,0,banking77_open,4,Refund_not_showing_up,known_intent,40,2505,36,R3,0
8,0,banking77_open,8,apple_pay_or_google_pay,known_intent,40,2505,32,R3,0
11,0,banking77_open,11,atm_support,known_intent,40,2505,29,R3,0
15,0,banking77_open,15,automatic_top_up,known_intent,40,2505,25,R3,0
4,0,banking77_open,4,balance_not_updated_after_cheque_or_cash_deposit,known_intent,40,2505,36,R3,0
5,0,banking77_open,5,beneficiary_not_allowed,known_intent,40,2505,35,R3,0
8,0,banking77_open,8,card_about_to_expire,known_intent,40,2505,32,R3,0
4,0,banking77_open,4,card_acceptance,known_intent,40,2505,36,R3,0
5,0,banking77_open,5,card_linking,known_intent,40,2505,35,R3,0
11,0,banking77_open,11,card_payment_fee_charged,known_intent,40,2505,29,R3,0
3,0,banking77_open,3,card_payment_not_recognised,known_intent,40,2505,37,R3,0
18,0,banking77_open,18,card_payment_wrong_exchange_rate,known_intent,40,2505,22,R3,0
7,0,banking77_open,7,change_pin,known_intent,40,2505,33,R3,0
8,0,banking77_open,8,compromised_card,known_intent,40,2505,32,R3,0
5,0,banking77_open,5,contactless_not_working,known_intent,40,2505,35,R3,0
11,0,banking77_open,11,country_support,known_intent,40,2505,29,R3,0
8,0,banking77_open,8,declined_cash_withdrawal,known_intent,40,2505,32,R3,0
7,0,banking77_open,7,direct_debit_payment_not_recognised,known_intent,40,2505,33,R3,0
5,0,banking77_open,5,edit_personal_details,known_intent,40,2505,35,R3,0
3,0,banking77_open,3,fiat_currency_support,known_intent,40,2505,37,R3,0
25,0,banking77_open,25,get_disposable_virtual_card,known_intent,40,2505,15,R3,0
8,0,banking77_open,8,get_physical_card,known_intent,40,2505,32,R3,0
6,0,banking77_open,6,getting_spare_card,known_intent,40,2505,34,R3,0
12,0,banking77_open,12,lost_or_stolen_card,known_intent,40,2505,28,R3,0
3,0,banking77_open,3,lost_or_stolen_phone,known_intent,40,2505,37,R3,0
5,3,banking77_open,4,order_physical_card,known_intent,40,2505,32,R3,1
2,0,banking77_open,2,passcode_forgotten,known_intent,40,2505,38,R3,0
8,0,banking77_open,8,pending_card_payment,known_intent,40,2505,32,R3,0
9,0,banking77_open,9,pending_transfer,known_intent,40,2505,31,R3,0
2,0,banking77_open,2,supported_cards_and_currencies,known_intent,40,2505,38,R3,0
15,0,banking77_open,15,top_up_by_card_charge,known_intent,40,2505,25,R3,0
26,0,banking77_open,26,top_up_limits,known_intent,40,2505,14,R3,0
5,0,banking77_open,5,top_up_reverted,known_intent,40,2505,35,R3,0
6,0,banking77_open,6,transaction_charged_twice,known_intent,40,2505,34,R3,0
11,0,banking77_open,11,transfer_timing,known_intent,40,2505,29,R3,0
16,0,banking77_open,16,unable_to_verify_identity,known_intent,40,2505,24,R3,0
14,0,banking77_open,14,verify_source_of_funds,known_intent,40,2505,26,R3,0
22,0,banking77_open,22,verify_top_up,known_intent,40,2505,18,R3,0
12,0,banking77_open,12,visa_or_mastercard,known_intent,40,2505,28,R3,0
7,0,banking77_open,0,test_only_oos_intent,unknown_kind,760,2505,753,R3,0
40,0,banking77_closed,39,Refund_not_showing_up,known_intent,40,2505,0,R0,1
40,0,banking77_closed,38,activate_my_card,known_intent,40,2505,0,R0,2
40,0,banking77_closed,40,age_limit,known_intent,40,2505,0,R0,0
40,0,banking77_closed,40,apple_pay_or_google_pay,known_intent,40,2505,0,R0,0
40,0,banking77_closed,38,atm_support,known_intent,40,2505,0,R0,2
40,0,banking77_closed,37,automatic_top_up,known_intent,40,2505,0,R0,3
40,0,banking77_closed,31,balance_not_updated_after_bank_transfer,known_intent,40,2505,0,R0,9
40,0,banking77_closed,37,balance_not_updated_after_cheque_or_cash_deposit,known_intent,40,2505,0,R0,3
40,0,banking77_closed,36,beneficiary_not_allowed,known_intent,40,2505,0,R0,4
40,0,banking77_closed,39,cancel_transfer,known_intent,40,2505,0,R0,1
40,0,banking77_closed,38,card_about_to_expire,known_intent,40,2505,0,R0,2
40,0,banking77_closed,30,card_acceptance,known_intent,40,2505,0,R0,10
40,0,banking77_closed,34,card_arrival,known_intent,40,2505,0,R0,6
40,0,banking77_closed,35,card_delivery_estimate,known_intent,40,2505,0,R0,5
40,0,banking77_closed,39,card_linking,known_intent,40,2505,0,R0,1
40,0,banking77_closed,38,card_not_working,known_intent,40,2505,0,R0,2
40,0,banking77_closed,36,card_payment_fee_charged,known_intent,40,2505,0,R0,4
40,0,banking77_closed,35,card_payment_not_recognised,known_intent,40,2505,0,R0,5
40,0,banking77_closed,37,card_payment_wrong_exchange_rate,known_intent,40,2505,0,R0,3
40,0,banking77_closed,35,card_swallowed,known_intent,40,2505,0,R0,5
40,0,banking77_closed,37,cash_withdrawal_charge,known_intent,40,2505,0,R0,3
40,0,banking77_closed,37,cash_withdrawal_not_recognised,known_intent,40,2505,0,R0,3
40,0,banking77_closed,38,change_pin,known_intent,40,2505,0,R0,2
40,0,banking77_closed,33,compromised_card,known_intent,40,2505,0,R0,7
40,0,banking77_closed,36,contactless_not_working,known_intent,40,2505,0,R0,4
40,0,banking77_closed,39,country_support,known_intent,40,2505,0,R0,1
40,0,banking77_closed,37,declined_card_payment,known_intent,40,2505,0,R0,3
40,0,banking77_closed,34,declined_cash_withdrawal,known_intent,40,2505,0,R0,6
40,0,banking77_closed,31,declined_transfer,known_intent,40,2505,0,R0,9
40,0,banking77_closed,32,direct_debit_payment_not_recognised,known_intent,40,2505,0,R0,8
40,0,banking77_closed,34,disposable_card_limits,known_intent,40,2505,0,R0,6
40,0,banking77_closed,40,edit_personal_details,known_intent,40,2505,0,R0,0
40,0,banking77_closed,36,exchange_charge,known_intent,40,2505,0,R0,4
40,0,banking77_closed,39,exchange_rate,known_intent,40,2505,0,R0,1
40,0,banking77_closed,37,exchange_via_app,known_intent,40,2505,0,R0,3
40,0,banking77_closed,36,extra_charge_on_statement,known_intent,40,2505,0,R0,4
40,0,banking77_closed,38,failed_transfer,known_intent,40,2505,0,R0,2
40,0,banking77_closed,31,fiat_currency_support,known_intent,40,2505,0,R0,9
40,0,banking77_closed,34,get_disposable_virtual_card,known_intent,40,2505,0,R0,6
40,0,banking77_closed,39,get_physical_card,known_intent,40,2505,0,R0,1
40,0,banking77_closed,32,getting_spare_card,known_intent,40,2505,0,R0,8
40,0,banking77_closed,39,getting_virtual_card,known_intent,40,2505,0,R0,1
40,0,banking77_closed,35,lost_or_stolen_card,known_intent,40,2505,0,R0,5
40,0,banking77_closed,39,lost_or_stolen_phone,known_intent,40,2505,0,R0,1
40,0,banking77_closed,36,order_physical_card,known_intent,40,2505,0,R0,4
40,0,banking77_closed,40,passcode_forgotten,known_intent,40,2505,0,R0,0
40,0,banking77_closed,34,pending_card_payment,known_intent,40,2505,0,R0,6
40,0,banking77_closed,34,pending_cash_withdrawal,known_intent,40,2505,0,R0,6
40,0,banking77_closed,34,pending_top_up,known_intent,40,2505,0,R0,6
40,0,banking77_closed,26,pending_transfer,known_intent,40,2505,0,R0,14
40,0,banking77_closed,34,pin_blocked,known_intent,40,2505,0,R0,6
40,0,banking77_closed,39,receiving_money,known_intent,40,2505,0,R0,1
40,0,banking77_closed,35,request_refund,known_intent,40,2505,0,R0,5
40,0,banking77_closed,35,reverted_card_payment?,known_intent,40,2505,0,R0,5
40,0,banking77_closed,34,supported_cards_and_currencies,known_intent,40,2505,0,R0,6
40,0,banking77_closed,40,terminate_account,known_intent,40,2505,0,R0,0
40,0,banking77_closed,31,top_up_by_bank_transfer_charge,known_intent,40,2505,0,R0,9
40,0,banking77_closed,37,top_up_by_card_charge,known_intent,40,2505,0,R0,3
40,0,banking77_closed,33,top_up_by_cash_or_cheque,known_intent,40,2505,0,R0,7
40,0,banking77_closed,35,top_up_failed,known_intent,40,2505,0,R0,5
40,0,banking77_closed,40,top_up_limits,known_intent,40,2505,0,R0,0
40,0,banking77_closed,35,top_up_reverted,known_intent,40,2505,0,R0,5
40,0,banking77_closed,29,topping_up_by_card,known_intent,40,2505,0,R0,11
40,0,banking77_closed,40,transaction_charged_twice,known_intent,40,2505,0,R0,0
40,0,banking77_closed,36,transfer_fee_charged,known_intent,40,2505,0,R0,4
40,0,banking77_closed,37,transfer_into_account,known_intent,40,2505,0,R0,3
40,0,banking77_closed,34,transfer_not_received_by_recipient,known_intent,40,2505,0,R0,6
40,0,banking77_closed,38,transfer_timing,known_intent,40,2505,0,R0,2
40,0,banking77_closed,37,unable_to_verify_identity,known_intent,40,2505,0,R0,3
40,0,banking77_closed,35,verify_my_identity,known_intent,40,2505,0,R0,5
40,0,banking77_closed,40,verify_source_of_funds,known_intent,40,2505,0,R0,0
40,0,banking77_closed,40,verify_top_up,known_intent,40,2505,0,R0,0
40,0,banking77_closed,12,virtual_card_not_working,known_intent,40,2505,0,R0,28
40,0,banking77_closed,37,visa_or_mastercard,known_intent,40,2505,0,R0,3
40,0,banking77_closed,38,why_verify_identity,known_intent,40,2505,0,R0,2
40,0,banking77_closed,35,wrong_amount_of_cash_received,known_intent,40,2505,0,R0,5
40,0,banking77_closed,33,wrong_exchange_rate_for_cash_withdrawal,known_intent,40,2505,0,R0,7
40,0,banking77_closed,37,Refund_not_showing_up,known_intent,40,2505,0,R2,3
40,0,banking77_closed,36,activate_my_card,known_intent,40,2505,0,R2,4
40,0,banking77_closed,40,age_limit,known_intent,40,2505,0,R2,0
40,0,banking77_closed,39,apple_pay_or_google_pay,known_intent,40,2505,0,R2,1
40,0,banking77_closed,38,atm_support,known_intent,40,2505,0,R2,2
40,0,banking77_closed,36,automatic_top_up,known_intent,40,2505,0,R2,4
40,0,banking77_closed,25,balance_not_updated_after_bank_transfer,known_intent,40,2505,0,R2,15
40,0,banking77_closed,36,balance_not_updated_after_cheque_or_cash_deposit,known_intent,40,2505,0,R2,4
40,0,banking77_closed,29,beneficiary_not_allowed,known_intent,40,2505,0,R2,11
40,0,banking77_closed,37,cancel_transfer,known_intent,40,2505,0,R2,3
40,0,banking77_closed,39,card_about_to_expire,known_intent,40,2505,0,R2,1
40,0,banking77_closed,38,card_acceptance,known_intent,40,2505,0,R2,2
40,0,banking77_closed,32,card_arrival,known_intent,40,2505,0,R2,8
40,0,banking77_closed,37,card_delivery_estimate,known_intent,40,2505,0,R2,3
40,0,banking77_closed,39,card_linking,known_intent,40,2505,0,R2,1
40,0,banking77_closed,32,card_not_working,known_intent,40,2505,0,R2,8
40,0,banking77_closed,31,card_payment_fee_charged,known_intent,40,2505,0,R2,9
40,0,banking77_closed,28,card_payment_not_recognised,known_intent,40,2505,0,R2,12
40,0,banking77_closed,34,card_payment_wrong_exchange_rate,known_intent,40,2505,0,R2,6
40,0,banking77_closed,36,card_swallowed,known_intent,40,2505,0,R2,4
40,0,banking77_closed,36,cash_withdrawal_charge,known_intent,40,2505,0,R2,4
40,0,banking77_closed,34,cash_withdrawal_not_recognised,known_intent,40,2505,0,R2,6
40,0,banking77_closed,40,change_pin,known_intent,40,2505,0,R2,0
40,0,banking77_closed,33,compromised_card,known_intent,40,2505,0,R2,7
40,0,banking77_closed,37,contactless_not_working,known_intent,40,2505,0,R2,3
40,0,banking77_closed,37,country_support,known_intent,40,2505,0,R2,3
40,0,banking77_closed,32,declined_card_payment,known_intent,40,2505,0,R2,8
40,0,banking77_closed,29,declined_cash_withdrawal,known_intent,40,2505,0,R2,11
40,0,banking77_closed,30,declined_transfer,known_intent,40,2505,0,R2,10
40,0,banking77_closed,33,direct_debit_payment_not_recognised,known_intent,40,2505,0,R2,7
40,0,banking77_closed,33,disposable_card_limits,known_intent,40,2505,0,R2,7
40,0,banking77_closed,39,edit_personal_details,known_intent,40,2505,0,R2,1
40,0,banking77_closed,37,exchange_charge,known_intent,40,2505,0,R2,3
40,0,banking77_closed,37,exchange_rate,known_intent,40,2505,0,R2,3
40,0,banking77_closed,34,exchange_via_app,known_intent,40,2505,0,R2,6
40,0,banking77_closed,35,extra_charge_on_statement,known_intent,40,2505,0,R2,5
40,0,banking77_closed,35,failed_transfer,known_intent,40,2505,0,R2,5
40,0,banking77_closed,33,fiat_currency_support,known_intent,40,2505,0,R2,7
40,0,banking77_closed,35,get_disposable_virtual_card,known_intent,40,2505,0,R2,5
40,0,banking77_closed,39,get_physical_card,known_intent,40,2505,0,R2,1
40,0,banking77_closed,38,getting_spare_card,known_intent,40,2505,0,R2,2
40,0,banking77_closed,38,getting_virtual_card,known_intent,40,2505,0,R2,2
40,0,banking77_closed,36,lost_or_stolen_card,known_intent,40,2505,0,R2,4
40,0,banking77_closed,39,lost_or_stolen_phone,known_intent,40,2505,0,R2,1
40,0,banking77_closed,28,order_physical_card,known_intent,40,2505,0,R2,12
40,0,banking77_closed,40,passcode_forgotten,known_intent,40,2505,0,R2,0
40,0,banking77_closed,36,pending_card_payment,known_intent,40,2505,0,R2,4
40,0,banking77_closed,35,pending_cash_withdrawal,known_intent,40,2505,0,R2,5
40,0,banking77_closed,30,pending_top_up,known_intent,40,2505,0,R2,10
40,0,banking77_closed,24,pending_transfer,known_intent,40,2505,0,R2,16
40,0,banking77_closed,31,pin_blocked,known_intent,40,2505,0,R2,9
40,0,banking77_closed,32,receiving_money,known_intent,40,2505,0,R2,8
40,0,banking77_closed,37,request_refund,known_intent,40,2505,0,R2,3
40,0,banking77_closed,36,reverted_card_payment?,known_intent,40,2505,0,R2,4
40,0,banking77_closed,25,supported_cards_and_currencies,known_intent,40,2505,0,R2,15
40,0,banking77_closed,40,terminate_account,known_intent,40,2505,0,R2,0
40,0,banking77_closed,37,top_up_by_bank_transfer_charge,known_intent,40,2505,0,R2,3
40,0,banking77_closed,33,top_up_by_card_charge,known_intent,40,2505,0,R2,7
40,0,banking77_closed,35,top_up_by_cash_or_cheque,known_intent,40,2505,0,R2,5
40,0,banking77_closed,32,top_up_failed,known_intent,40,2505,0,R2,8
40,0,banking77_closed,38,top_up_limits,known_intent,40,2505,0,R2,2
40,0,banking77_closed,29,top_up_reverted,known_intent,40,2505,0,R2,11
40,0,banking77_closed,22,topping_up_by_card,known_intent,40,2505,0,R2,18
40,0,banking77_closed,39,transaction_charged_twice,known_intent,40,2505,0,R2,1
40,0,banking77_closed,35,transfer_fee_charged,known_intent,40,2505,0,R2,5
40,0,banking77_closed,34,transfer_into_account,known_intent,40,2505,0,R2,6
40,0,banking77_closed,17,transfer_not_received_by_recipient,known_intent,40,2505,0,R2,23
40,0,banking77_closed,39,transfer_timing,known_intent,40,2505,0,R2,1
40,0,banking77_closed,35,unable_to_verify_identity,known_intent,40,2505,0,R2,5
40,0,banking77_closed,38,verify_my_identity,known_intent,40,2505,0,R2,2
40,0,banking77_closed,40,verify_source_of_funds,known_intent,40,2505,0,R2,0
40,0,banking77_closed,40,verify_top_up,known_intent,40,2505,0,R2,0
40,0,banking77_closed,32,virtual_card_not_working,known_intent,40,2505,0,R2,8
40,0,banking77_closed,37,visa_or_mastercard,known_intent,40,2505,0,R2,3
40,0,banking77_closed,32,why_verify_identity,known_intent,40,2505,0,R2,8
40,0,banking77_closed,30,wrong_amount_of_cash_received,known_intent,40,2505,0,R2,10
40,0,banking77_closed,32,wrong_exchange_rate_for_cash_withdrawal,known_intent,40,2505,0,R2,8
30,0,clinc150,30,balance,known_intent,30,2506,0,R0,0
30,0,clinc150,27,bill_balance,known_intent,30,2506,0,R0,3
30,0,clinc150,30,bill_due,known_intent,30,2506,0,R0,0
30,0,clinc150,30,book_hotel,known_intent,30,2506,0,R0,0
30,0,clinc150,28,calculator,known_intent,30,2506,0,R0,2
30,0,clinc150,30,cancel_reservation,known_intent,30,2506,0,R0,0
30,0,clinc150,29,change_user_name,known_intent,30,2506,0,R0,1
30,0,clinc150,30,change_volume,known_intent,30,2506,0,R0,0
30,0,clinc150,28,credit_limit,known_intent,30,2506,0,R0,2
30,0,clinc150,29,credit_limit_change,known_intent,30,2506,0,R0,1
30,0,clinc150,30,damaged_card,known_intent,30,2506,0,R0,0
30,0,clinc150,30,definition,known_intent,30,2506,0,R0,0
30,0,clinc150,30,food_last,known_intent,30,2506,0,R0,0
30,0,clinc150,30,gas_type,known_intent,30,2506,0,R0,0
30,0,clinc150,30,improve_credit_score,known_intent,30,2506,0,R0,0
30,0,clinc150,30,income,known_intent,30,2506,0,R0,0
30,0,clinc150,30,international_visa,known_intent,30,2506,0,R0,0
30,0,clinc150,29,last_maintenance,known_intent,30,2506,0,R0,1
30,0,clinc150,30,lost_luggage,known_intent,30,2506,0,R0,0
30,0,clinc150,30,maybe,known_intent,30,2506,0,R0,0
30,0,clinc150,29,meal_suggestion,known_intent,30,2506,0,R0,1
30,0,clinc150,30,min_payment,known_intent,30,2506,0,R0,0
30,0,clinc150,30,next_holiday,known_intent,30,2506,0,R0,0
30,0,clinc150,30,next_song,known_intent,30,2506,0,R0,0
30,0,clinc150,30,oil_change_when,known_intent,30,2506,0,R0,0
30,0,clinc150,30,order_status,known_intent,30,2506,0,R0,0
30,0,clinc150,28,payday,known_intent,30,2506,0,R0,2
30,0,clinc150,25,pin_change,known_intent,30,2506,0,R0,5
30,0,clinc150,29,plug_type,known_intent,30,2506,0,R0,1
30,0,clinc150,29,pto_balance,known_intent,30,2506,0,R0,1
30,0,clinc150,29,pto_used,known_intent,30,2506,0,R0,1
30,0,clinc150,30,repeat,known_intent,30,2506,0,R0,0
30,0,clinc150,30,report_lost_card,known_intent,30,2506,0,R0,0
30,0,clinc150,30,restaurant_reservation,known_intent,30,2506,0,R0,0
30,0,clinc150,29,restaurant_suggestion,known_intent,30,2506,0,R0,1
30,0,clinc150,30,share_location,known_intent,30,2506,0,R0,0
30,0,clinc150,29,shopping_list,known_intent,30,2506,0,R0,1
30,0,clinc150,30,smart_home,known_intent,30,2506,0,R0,0
30,0,clinc150,30,sync_device,known_intent,30,2506,0,R0,0
30,0,clinc150,30,tell_joke,known_intent,30,2506,0,R0,0
30,0,clinc150,28,text,known_intent,30,2506,0,R0,2
30,0,clinc150,30,thank_you,known_intent,30,2506,0,R0,0
30,0,clinc150,29,timer,known_intent,30,2506,0,R0,1
30,0,clinc150,30,tire_pressure,known_intent,30,2506,0,R0,0
30,0,clinc150,30,todo_list_update,known_intent,30,2506,0,R0,0
30,0,clinc150,30,traffic,known_intent,30,2506,0,R0,0
30,0,clinc150,30,travel_alert,known_intent,30,2506,0,R0,0
30,0,clinc150,29,what_are_your_hobbies,known_intent,30,2506,0,R0,1
30,0,clinc150,28,what_is_your_name,known_intent,30,2506,0,R0,2
30,0,clinc150,30,who_made_you,known_intent,30,2506,0,R0,0
3000,0,clinc150,0,heldout_intent,unknown_kind,3000,2506,0,R0,0
1000,0,clinc150,0,official_oos,unknown_kind,1000,2506,0,R0,0
30,0,clinc150,30,balance,known_intent,30,2506,0,R2,0
30,0,clinc150,26,bill_balance,known_intent,30,2506,0,R2,4
30,0,clinc150,29,bill_due,known_intent,30,2506,0,R2,1
30,0,clinc150,30,book_hotel,known_intent,30,2506,0,R2,0
30,0,clinc150,27,calculator,known_intent,30,2506,0,R2,3
30,0,clinc150,30,cancel_reservation,known_intent,30,2506,0,R2,0
30,0,clinc150,20,change_user_name,known_intent,30,2506,0,R2,10
30,0,clinc150,30,change_volume,known_intent,30,2506,0,R2,0
30,0,clinc150,29,credit_limit,known_intent,30,2506,0,R2,1
30,0,clinc150,29,credit_limit_change,known_intent,30,2506,0,R2,1
30,0,clinc150,29,damaged_card,known_intent,30,2506,0,R2,1
30,0,clinc150,29,definition,known_intent,30,2506,0,R2,1
30,0,clinc150,30,food_last,known_intent,30,2506,0,R2,0
30,0,clinc150,30,gas_type,known_intent,30,2506,0,R2,0
30,0,clinc150,28,improve_credit_score,known_intent,30,2506,0,R2,2
30,0,clinc150,27,income,known_intent,30,2506,0,R2,3
30,0,clinc150,30,international_visa,known_intent,30,2506,0,R2,0
30,0,clinc150,26,last_maintenance,known_intent,30,2506,0,R2,4
30,0,clinc150,30,lost_luggage,known_intent,30,2506,0,R2,0
30,0,clinc150,30,maybe,known_intent,30,2506,0,R2,0
30,0,clinc150,27,meal_suggestion,known_intent,30,2506,0,R2,3
30,0,clinc150,27,min_payment,known_intent,30,2506,0,R2,3
30,0,clinc150,30,next_holiday,known_intent,30,2506,0,R2,0
30,0,clinc150,30,next_song,known_intent,30,2506,0,R2,0
30,0,clinc150,30,oil_change_when,known_intent,30,2506,0,R2,0
30,0,clinc150,29,order_status,known_intent,30,2506,0,R2,1
30,0,clinc150,29,payday,known_intent,30,2506,0,R2,1
30,0,clinc150,30,pin_change,known_intent,30,2506,0,R2,0
30,0,clinc150,30,plug_type,known_intent,30,2506,0,R2,0
30,0,clinc150,24,pto_balance,known_intent,30,2506,0,R2,6
30,0,clinc150,28,pto_used,known_intent,30,2506,0,R2,2
30,0,clinc150,28,repeat,known_intent,30,2506,0,R2,2
30,0,clinc150,29,report_lost_card,known_intent,30,2506,0,R2,1
30,0,clinc150,30,restaurant_reservation,known_intent,30,2506,0,R2,0
30,0,clinc150,29,restaurant_suggestion,known_intent,30,2506,0,R2,1
30,0,clinc150,30,share_location,known_intent,30,2506,0,R2,0
30,0,clinc150,29,shopping_list,known_intent,30,2506,0,R2,1
30,0,clinc150,29,smart_home,known_intent,30,2506,0,R2,1
30,0,clinc150,30,sync_device,known_intent,30,2506,0,R2,0
30,0,clinc150,30,tell_joke,known_intent,30,2506,0,R2,0
30,0,clinc150,27,text,known_intent,30,2506,0,R2,3
30,0,clinc150,29,thank_you,known_intent,30,2506,0,R2,1
30,0,clinc150,29,timer,known_intent,30,2506,0,R2,1
30,0,clinc150,30,tire_pressure,known_intent,30,2506,0,R2,0
30,0,clinc150,30,todo_list_update,known_intent,30,2506,0,R2,0
30,0,clinc150,30,traffic,known_intent,30,2506,0,R2,0
30,0,clinc150,30,travel_alert,known_intent,30,2506,0,R2,0
30,0,clinc150,29,what_are_your_hobbies,known_intent,30,2506,0,R2,1
30,0,clinc150,27,what_is_your_name,known_intent,30,2506,0,R2,3
30,0,clinc150,30,who_made_you,known_intent,30,2506,0,R2,0
3000,0,clinc150,0,heldout_intent,unknown_kind,3000,2506,0,R2,0
1000,0,clinc150,0,official_oos,unknown_kind,1000,2506,0,R2,0
24,0,clinc150,24,balance,known_intent,30,2506,6,MAX_THRESHOLD,0
28,0,clinc150,24,bill_balance,known_intent,30,2506,2,MAX_THRESHOLD,4
28,0,clinc150,27,bill_due,known_intent,30,2506,2,MAX_THRESHOLD,1
23,0,clinc150,23,book_hotel,known_intent,30,2506,7,MAX_THRESHOLD,0
9,0,clinc150,9,calculator,known_intent,30,2506,21,MAX_THRESHOLD,0
30,0,clinc150,30,cancel_reservation,known_intent,30,2506,0,MAX_THRESHOLD,0
22,0,clinc150,15,change_user_name,known_intent,30,2506,8,MAX_THRESHOLD,7
23,0,clinc150,23,change_volume,known_intent,30,2506,7,MAX_THRESHOLD,0
29,0,clinc150,28,credit_limit,known_intent,30,2506,1,MAX_THRESHOLD,1
29,0,clinc150,29,credit_limit_change,known_intent,30,2506,1,MAX_THRESHOLD,0
30,0,clinc150,29,damaged_card,known_intent,30,2506,0,MAX_THRESHOLD,1
0,0,clinc150,0,definition,known_intent,30,2506,30,MAX_THRESHOLD,0
23,0,clinc150,23,food_last,known_intent,30,2506,7,MAX_THRESHOLD,0
29,0,clinc150,29,gas_type,known_intent,30,2506,1,MAX_THRESHOLD,0
26,0,clinc150,26,improve_credit_score,known_intent,30,2506,4,MAX_THRESHOLD,0
28,0,clinc150,26,income,known_intent,30,2506,2,MAX_THRESHOLD,2
29,0,clinc150,29,international_visa,known_intent,30,2506,1,MAX_THRESHOLD,0
30,0,clinc150,26,last_maintenance,known_intent,30,2506,0,MAX_THRESHOLD,4
30,0,clinc150,30,lost_luggage,known_intent,30,2506,0,MAX_THRESHOLD,0
25,0,clinc150,25,maybe,known_intent,30,2506,5,MAX_THRESHOLD,0
22,0,clinc150,21,meal_suggestion,known_intent,30,2506,8,MAX_THRESHOLD,1
30,0,clinc150,27,min_payment,known_intent,30,2506,0,MAX_THRESHOLD,3
30,0,clinc150,30,next_holiday,known_intent,30,2506,0,MAX_THRESHOLD,0
27,0,clinc150,27,next_song,known_intent,30,2506,3,MAX_THRESHOLD,0
30,0,clinc150,30,oil_change_when,known_intent,30,2506,0,MAX_THRESHOLD,0
28,0,clinc150,28,order_status,known_intent,30,2506,2,MAX_THRESHOLD,0
30,0,clinc150,29,payday,known_intent,30,2506,0,MAX_THRESHOLD,1
28,0,clinc150,28,pin_change,known_intent,30,2506,2,MAX_THRESHOLD,0
27,0,clinc150,27,plug_type,known_intent,30,2506,3,MAX_THRESHOLD,0
29,0,clinc150,23,pto_balance,known_intent,30,2506,1,MAX_THRESHOLD,6
30,0,clinc150,28,pto_used,known_intent,30,2506,0,MAX_THRESHOLD,2
25,0,clinc150,25,repeat,known_intent,30,2506,5,MAX_THRESHOLD,0
28,0,clinc150,28,report_lost_card,known_intent,30,2506,2,MAX_THRESHOLD,0
22,0,clinc150,22,restaurant_reservation,known_intent,30,2506,8,MAX_THRESHOLD,0
17,0,clinc150,17,restaurant_suggestion,known_intent,30,2506,13,MAX_THRESHOLD,0
28,0,clinc150,28,share_location,known_intent,30,2506,2,MAX_THRESHOLD,0
26,0,clinc150,26,shopping_list,known_intent,30,2506,4,MAX_THRESHOLD,0
17,0,clinc150,17,smart_home,known_intent,30,2506,13,MAX_THRESHOLD,0
29,0,clinc150,29,sync_device,known_intent,30,2506,1,MAX_THRESHOLD,0
30,0,clinc150,30,tell_joke,known_intent,30,2506,0,MAX_THRESHOLD,0
12,0,clinc150,12,text,known_intent,30,2506,18,MAX_THRESHOLD,0
28,0,clinc150,28,thank_you,known_intent,30,2506,2,MAX_THRESHOLD,0
28,0,clinc150,28,timer,known_intent,30,2506,2,MAX_THRESHOLD,0
30,0,clinc150,30,tire_pressure,known_intent,30,2506,0,MAX_THRESHOLD,0
25,0,clinc150,25,todo_list_update,known_intent,30,2506,5,MAX_THRESHOLD,0
24,0,clinc150,24,traffic,known_intent,30,2506,6,MAX_THRESHOLD,0
16,0,clinc150,16,travel_alert,known_intent,30,2506,14,MAX_THRESHOLD,0
29,0,clinc150,28,what_are_your_hobbies,known_intent,30,2506,1,MAX_THRESHOLD,1
27,0,clinc150,25,what_is_your_name,known_intent,30,2506,3,MAX_THRESHOLD,2
24,0,clinc150,24,who_made_you,known_intent,30,2506,6,MAX_THRESHOLD,0
548,0,clinc150,0,heldout_intent,unknown_kind,3000,2506,2452,MAX_THRESHOLD,0
19,0,clinc150,0,official_oos,unknown_kind,1000,2506,981,MAX_THRESHOLD,0
7,0,clinc150,7,balance,known_intent,30,2506,23,R3,0
2,0,clinc150,2,bill_balance,known_intent,30,2506,28,R3,0
0,0,clinc150,0,bill_due,known_intent,30,2506,30,R3,0
0,0,clinc150,0,book_hotel,known_intent,30,2506,30,R3,0
0,0,clinc150,0,calculator,known_intent,30,2506,30,R3,0
11,0,clinc150,11,cancel_reservation,known_intent,30,2506,19,R3,0
0,0,clinc150,0,change_user_name,known_intent,30,2506,30,R3,0
5,0,clinc150,5,change_volume,known_intent,30,2506,25,R3,0
4,0,clinc150,4,credit_limit,known_intent,30,2506,26,R3,0
4,0,clinc150,4,credit_limit_change,known_intent,30,2506,26,R3,0
6,0,clinc150,6,damaged_card,known_intent,30,2506,24,R3,0
0,0,clinc150,0,definition,known_intent,30,2506,30,R3,0
0,0,clinc150,0,food_last,known_intent,30,2506,30,R3,0
14,0,clinc150,14,gas_type,known_intent,30,2506,16,R3,0
9,0,clinc150,9,improve_credit_score,known_intent,30,2506,21,R3,0
6,0,clinc150,6,income,known_intent,30,2506,24,R3,0
1,0,clinc150,1,international_visa,known_intent,30,2506,29,R3,0
2,0,clinc150,2,last_maintenance,known_intent,30,2506,28,R3,0
17,0,clinc150,17,lost_luggage,known_intent,30,2506,13,R3,0
10,0,clinc150,10,maybe,known_intent,30,2506,20,R3,0
2,0,clinc150,2,meal_suggestion,known_intent,30,2506,28,R3,0
6,0,clinc150,6,min_payment,known_intent,30,2506,24,R3,0
10,0,clinc150,10,next_holiday,known_intent,30,2506,20,R3,0
6,0,clinc150,6,next_song,known_intent,30,2506,24,R3,0
18,0,clinc150,18,oil_change_when,known_intent,30,2506,12,R3,0
1,0,clinc150,1,order_status,known_intent,30,2506,29,R3,0
6,0,clinc150,6,payday,known_intent,30,2506,24,R3,0
2,0,clinc150,2,pin_change,known_intent,30,2506,28,R3,0
0,0,clinc150,0,plug_type,known_intent,30,2506,30,R3,0
6,3,clinc150,6,pto_balance,known_intent,30,2506,21,R3,0
1,1,clinc150,1,pto_used,known_intent,30,2506,28,R3,0
14,0,clinc150,14,repeat,known_intent,30,2506,16,R3,0
11,1,clinc150,11,report_lost_card,known_intent,30,2506,18,R3,0
0,0,clinc150,0,restaurant_reservation,known_intent,30,2506,30,R3,0
2,0,clinc150,2,restaurant_suggestion,known_intent,30,2506,28,R3,0
1,0,clinc150,1,share_location,known_intent,30,2506,29,R3,0
12,0,clinc150,12,shopping_list,known_intent,30,2506,18,R3,0
0,0,clinc150,0,smart_home,known_intent,30,2506,30,R3,0
1,0,clinc150,1,sync_device,known_intent,30,2506,29,R3,0
5,0,clinc150,5,tell_joke,known_intent,30,2506,25,R3,0
0,0,clinc150,0,text,known_intent,30,2506,30,R3,0
12,0,clinc150,12,thank_you,known_intent,30,2506,18,R3,0
12,0,clinc150,12,timer,known_intent,30,2506,18,R3,0
6,0,clinc150,6,tire_pressure,known_intent,30,2506,24,R3,0
1,0,clinc150,1,todo_list_update,known_intent,30,2506,29,R3,0
4,0,clinc150,4,traffic,known_intent,30,2506,26,R3,0
7,0,clinc150,7,travel_alert,known_intent,30,2506,23,R3,0
10,0,clinc150,10,what_are_your_hobbies,known_intent,30,2506,20,R3,0
7,0,clinc150,7,what_is_your_name,known_intent,30,2506,23,R3,0
3,0,clinc150,3,who_made_you,known_intent,30,2506,27,R3,0
4,0,clinc150,0,heldout_intent,unknown_kind,3000,2506,2996,R3,0
0,0,clinc150,0,official_oos,unknown_kind,1000,2506,1000,R3,0
40,0,banking77_open,40,Refund_not_showing_up,known_intent,40,2506,0,R0,0
40,0,banking77_open,40,age_limit,known_intent,40,2506,0,R0,0
40,0,banking77_open,40,apple_pay_or_google_pay,known_intent,40,2506,0,R0,0
40,0,banking77_open,34,balance_not_updated_after_bank_transfer,known_intent,40,2506,0,R0,6
40,0,banking77_open,39,card_about_to_expire,known_intent,40,2506,0,R0,1
40,0,banking77_open,35,card_acceptance,known_intent,40,2506,0,R0,5
40,0,banking77_open,37,card_delivery_estimate,known_intent,40,2506,0,R0,3
40,0,banking77_open,38,card_payment_fee_charged,known_intent,40,2506,0,R0,2
40,0,banking77_open,39,cash_withdrawal_not_recognised,known_intent,40,2506,0,R0,1
40,0,banking77_open,33,compromised_card,known_intent,40,2506,0,R0,7
40,0,banking77_open,39,country_support,known_intent,40,2506,0,R0,1
40,0,banking77_open,40,declined_card_payment,known_intent,40,2506,0,R0,0
40,0,banking77_open,31,declined_transfer,known_intent,40,2506,0,R0,9
40,0,banking77_open,36,exchange_charge,known_intent,40,2506,0,R0,4
40,0,banking77_open,39,exchange_rate,known_intent,40,2506,0,R0,1
40,0,banking77_open,38,exchange_via_app,known_intent,40,2506,0,R0,2
40,0,banking77_open,38,extra_charge_on_statement,known_intent,40,2506,0,R0,2
40,0,banking77_open,39,failed_transfer,known_intent,40,2506,0,R0,1
40,0,banking77_open,34,fiat_currency_support,known_intent,40,2506,0,R0,6
40,0,banking77_open,37,lost_or_stolen_card,known_intent,40,2506,0,R0,3
40,0,banking77_open,36,order_physical_card,known_intent,40,2506,0,R0,4
40,0,banking77_open,29,pending_transfer,known_intent,40,2506,0,R0,11
40,0,banking77_open,39,pin_blocked,known_intent,40,2506,0,R0,1
40,0,banking77_open,40,receiving_money,known_intent,40,2506,0,R0,0
40,0,banking77_open,40,terminate_account,known_intent,40,2506,0,R0,0
40,0,banking77_open,40,top_up_by_card_charge,known_intent,40,2506,0,R0,0
40,0,banking77_open,38,top_up_failed,known_intent,40,2506,0,R0,2
40,0,banking77_open,40,top_up_limits,known_intent,40,2506,0,R0,0
40,0,banking77_open,36,top_up_reverted,known_intent,40,2506,0,R0,4
40,0,banking77_open,40,transaction_charged_twice,known_intent,40,2506,0,R0,0
40,0,banking77_open,37,transfer_fee_charged,known_intent,40,2506,0,R0,3
40,0,banking77_open,35,transfer_not_received_by_recipient,known_intent,40,2506,0,R0,5
40,0,banking77_open,37,unable_to_verify_identity,known_intent,40,2506,0,R0,3
40,0,banking77_open,36,verify_my_identity,known_intent,40,2506,0,R0,4
40,0,banking77_open,40,verify_top_up,known_intent,40,2506,0,R0,0
40,0,banking77_open,38,virtual_card_not_working,known_intent,40,2506,0,R0,2
40,0,banking77_open,37,visa_or_mastercard,known_intent,40,2506,0,R0,3
40,0,banking77_open,38,why_verify_identity,known_intent,40,2506,0,R0,2
40,0,banking77_open,37,wrong_exchange_rate_for_cash_withdrawal,known_intent,40,2506,0,R0,3
760,0,banking77_open,0,test_only_oos_intent,unknown_kind,760,2506,0,R0,0
40,0,banking77_open,40,Refund_not_showing_up,known_intent,40,2506,0,R2,0
40,0,banking77_open,40,age_limit,known_intent,40,2506,0,R2,0
40,0,banking77_open,40,apple_pay_or_google_pay,known_intent,40,2506,0,R2,0
40,0,banking77_open,28,balance_not_updated_after_bank_transfer,known_intent,40,2506,0,R2,12
40,0,banking77_open,39,card_about_to_expire,known_intent,40,2506,0,R2,1
40,0,banking77_open,39,card_acceptance,known_intent,40,2506,0,R2,1
40,0,banking77_open,38,card_delivery_estimate,known_intent,40,2506,0,R2,2
40,0,banking77_open,34,card_payment_fee_charged,known_intent,40,2506,0,R2,6
40,0,banking77_open,33,cash_withdrawal_not_recognised,known_intent,40,2506,0,R2,7
40,0,banking77_open,29,compromised_card,known_intent,40,2506,0,R2,11
40,0,banking77_open,39,country_support,known_intent,40,2506,0,R2,1
40,0,banking77_open,39,declined_card_payment,known_intent,40,2506,0,R2,1
40,0,banking77_open,30,declined_transfer,known_intent,40,2506,0,R2,10
40,0,banking77_open,37,exchange_charge,known_intent,40,2506,0,R2,3
40,0,banking77_open,39,exchange_rate,known_intent,40,2506,0,R2,1
40,0,banking77_open,32,exchange_via_app,known_intent,40,2506,0,R2,8
40,0,banking77_open,36,extra_charge_on_statement,known_intent,40,2506,0,R2,4
40,0,banking77_open,37,failed_transfer,known_intent,40,2506,0,R2,3
40,0,banking77_open,35,fiat_currency_support,known_intent,40,2506,0,R2,5
40,0,banking77_open,39,lost_or_stolen_card,known_intent,40,2506,0,R2,1
40,0,banking77_open,31,order_physical_card,known_intent,40,2506,0,R2,9
40,0,banking77_open,31,pending_transfer,known_intent,40,2506,0,R2,9
40,0,banking77_open,36,pin_blocked,known_intent,40,2506,0,R2,4
40,0,banking77_open,38,receiving_money,known_intent,40,2506,0,R2,2
40,0,banking77_open,40,terminate_account,known_intent,40,2506,0,R2,0
40,0,banking77_open,38,top_up_by_card_charge,known_intent,40,2506,0,R2,2
40,0,banking77_open,37,top_up_failed,known_intent,40,2506,0,R2,3
40,0,banking77_open,39,top_up_limits,known_intent,40,2506,0,R2,1
40,0,banking77_open,28,top_up_reverted,known_intent,40,2506,0,R2,12
40,0,banking77_open,39,transaction_charged_twice,known_intent,40,2506,0,R2,1
40,0,banking77_open,38,transfer_fee_charged,known_intent,40,2506,0,R2,2
40,0,banking77_open,23,transfer_not_received_by_recipient,known_intent,40,2506,0,R2,17
40,0,banking77_open,35,unable_to_verify_identity,known_intent,40,2506,0,R2,5
40,0,banking77_open,37,verify_my_identity,known_intent,40,2506,0,R2,3
40,0,banking77_open,40,verify_top_up,known_intent,40,2506,0,R2,0
40,0,banking77_open,39,virtual_card_not_working,known_intent,40,2506,0,R2,1
40,0,banking77_open,38,visa_or_mastercard,known_intent,40,2506,0,R2,2
40,0,banking77_open,32,why_verify_identity,known_intent,40,2506,0,R2,8
40,0,banking77_open,38,wrong_exchange_rate_for_cash_withdrawal,known_intent,40,2506,0,R2,2
760,0,banking77_open,0,test_only_oos_intent,unknown_kind,760,2506,0,R2,0
39,0,banking77_open,39,Refund_not_showing_up,known_intent,40,2506,1,MAX_THRESHOLD,0
37,0,banking77_open,37,age_limit,known_intent,40,2506,3,MAX_THRESHOLD,0
37,0,banking77_open,37,apple_pay_or_google_pay,known_intent,40,2506,3,MAX_THRESHOLD,0
36,0,banking77_open,26,balance_not_updated_after_bank_transfer,known_intent,40,2506,4,MAX_THRESHOLD,10
40,0,banking77_open,39,card_about_to_expire,known_intent,40,2506,0,MAX_THRESHOLD,1
37,0,banking77_open,37,card_acceptance,known_intent,40,2506,3,MAX_THRESHOLD,0
33,0,banking77_open,31,card_delivery_estimate,known_intent,40,2506,7,MAX_THRESHOLD,2
31,0,banking77_open,30,card_payment_fee_charged,known_intent,40,2506,9,MAX_THRESHOLD,1
36,0,banking77_open,31,cash_withdrawal_not_recognised,known_intent,40,2506,4,MAX_THRESHOLD,5
26,0,banking77_open,21,compromised_card,known_intent,40,2506,14,MAX_THRESHOLD,5
32,0,banking77_open,31,country_support,known_intent,40,2506,8,MAX_THRESHOLD,1
38,0,banking77_open,37,declined_card_payment,known_intent,40,2506,2,MAX_THRESHOLD,1
33,0,banking77_open,27,declined_transfer,known_intent,40,2506,7,MAX_THRESHOLD,6
38,0,banking77_open,36,exchange_charge,known_intent,40,2506,2,MAX_THRESHOLD,2
36,0,banking77_open,36,exchange_rate,known_intent,40,2506,4,MAX_THRESHOLD,0
36,0,banking77_open,29,exchange_via_app,known_intent,40,2506,4,MAX_THRESHOLD,7
31,0,banking77_open,30,extra_charge_on_statement,known_intent,40,2506,9,MAX_THRESHOLD,1
38,0,banking77_open,36,failed_transfer,known_intent,40,2506,2,MAX_THRESHOLD,2
34,0,banking77_open,30,fiat_currency_support,known_intent,40,2506,6,MAX_THRESHOLD,4
37,0,banking77_open,37,lost_or_stolen_card,known_intent,40,2506,3,MAX_THRESHOLD,0
37,0,banking77_open,31,order_physical_card,known_intent,40,2506,3,MAX_THRESHOLD,6
34,0,banking77_open,29,pending_transfer,known_intent,40,2506,6,MAX_THRESHOLD,5
34,0,banking77_open,32,pin_blocked,known_intent,40,2506,6,MAX_THRESHOLD,2
31,0,banking77_open,31,receiving_money,known_intent,40,2506,9,MAX_THRESHOLD,0
39,0,banking77_open,39,terminate_account,known_intent,40,2506,1,MAX_THRESHOLD,0
40,0,banking77_open,38,top_up_by_card_charge,known_intent,40,2506,0,MAX_THRESHOLD,2
38,0,banking77_open,36,top_up_failed,known_intent,40,2506,2,MAX_THRESHOLD,2
40,0,banking77_open,39,top_up_limits,known_intent,40,2506,0,MAX_THRESHOLD,1
32,0,banking77_open,26,top_up_reverted,known_intent,40,2506,8,MAX_THRESHOLD,6
31,0,banking77_open,31,transaction_charged_twice,known_intent,40,2506,9,MAX_THRESHOLD,0
34,0,banking77_open,33,transfer_fee_charged,known_intent,40,2506,6,MAX_THRESHOLD,1
29,0,banking77_open,17,transfer_not_received_by_recipient,known_intent,40,2506,11,MAX_THRESHOLD,12
38,0,banking77_open,34,unable_to_verify_identity,known_intent,40,2506,2,MAX_THRESHOLD,4
38,0,banking77_open,36,verify_my_identity,known_intent,40,2506,2,MAX_THRESHOLD,2
40,0,banking77_open,40,verify_top_up,known_intent,40,2506,0,MAX_THRESHOLD,0
40,0,banking77_open,39,virtual_card_not_working,known_intent,40,2506,0,MAX_THRESHOLD,1
37,0,banking77_open,35,visa_or_mastercard,known_intent,40,2506,3,MAX_THRESHOLD,2
36,0,banking77_open,30,why_verify_identity,known_intent,40,2506,4,MAX_THRESHOLD,6
35,0,banking77_open,33,wrong_exchange_rate_for_cash_withdrawal,known_intent,40,2506,5,MAX_THRESHOLD,2
254,0,banking77_open,0,test_only_oos_intent,unknown_kind,760,2506,506,MAX_THRESHOLD,0
0,0,banking77_open,0,Refund_not_showing_up,known_intent,40,2506,40,R3,0
6,0,banking77_open,6,age_limit,known_intent,40,2506,34,R3,0
6,0,banking77_open,6,apple_pay_or_google_pay,known_intent,40,2506,34,R3,0
1,0,banking77_open,1,balance_not_updated_after_bank_transfer,known_intent,40,2506,39,R3,0
5,0,banking77_open,5,card_about_to_expire,known_intent,40,2506,35,R3,0
3,0,banking77_open,3,card_acceptance,known_intent,40,2506,37,R3,0
5,0,banking77_open,5,card_delivery_estimate,known_intent,40,2506,35,R3,0
8,0,banking77_open,8,card_payment_fee_charged,known_intent,40,2506,32,R3,0
3,0,banking77_open,3,cash_withdrawal_not_recognised,known_intent,40,2506,37,R3,0
0,0,banking77_open,0,compromised_card,known_intent,40,2506,40,R3,0
7,0,banking77_open,7,country_support,known_intent,40,2506,33,R3,0
7,0,banking77_open,7,declined_card_payment,known_intent,40,2506,33,R3,0
9,0,banking77_open,9,declined_transfer,known_intent,40,2506,31,R3,0
3,0,banking77_open,3,exchange_charge,known_intent,40,2506,37,R3,0
4,0,banking77_open,4,exchange_rate,known_intent,40,2506,36,R3,0
2,0,banking77_open,2,exchange_via_app,known_intent,40,2506,38,R3,0
2,0,banking77_open,2,extra_charge_on_statement,known_intent,40,2506,38,R3,0
7,0,banking77_open,7,failed_transfer,known_intent,40,2506,33,R3,0
1,0,banking77_open,1,fiat_currency_support,known_intent,40,2506,39,R3,0
4,0,banking77_open,4,lost_or_stolen_card,known_intent,40,2506,36,R3,0
4,0,banking77_open,4,order_physical_card,known_intent,40,2506,36,R3,0
5,0,banking77_open,5,pending_transfer,known_intent,40,2506,35,R3,0
1,0,banking77_open,1,pin_blocked,known_intent,40,2506,39,R3,0
2,0,banking77_open,2,receiving_money,known_intent,40,2506,38,R3,0
4,0,banking77_open,4,terminate_account,known_intent,40,2506,36,R3,0
0,0,banking77_open,0,top_up_by_card_charge,known_intent,40,2506,40,R3,0
8,0,banking77_open,8,top_up_failed,known_intent,40,2506,32,R3,0
16,0,banking77_open,16,top_up_limits,known_intent,40,2506,24,R3,0
3,0,banking77_open,3,top_up_reverted,known_intent,40,2506,37,R3,0
3,0,banking77_open,3,transaction_charged_twice,known_intent,40,2506,37,R3,0
9,0,banking77_open,9,transfer_fee_charged,known_intent,40,2506,31,R3,0
0,0,banking77_open,0,transfer_not_received_by_recipient,known_intent,40,2506,40,R3,0
11,0,banking77_open,11,unable_to_verify_identity,known_intent,40,2506,29,R3,0
14,0,banking77_open,14,verify_my_identity,known_intent,40,2506,26,R3,0
9,0,banking77_open,9,verify_top_up,known_intent,40,2506,31,R3,0
14,0,banking77_open,14,virtual_card_not_working,known_intent,40,2506,26,R3,0
8,0,banking77_open,8,visa_or_mastercard,known_intent,40,2506,32,R3,0
7,1,banking77_open,6,why_verify_identity,known_intent,40,2506,32,R3,1
7,0,banking77_open,7,wrong_exchange_rate_for_cash_withdrawal,known_intent,40,2506,33,R3,0
0,0,banking77_open,0,test_only_oos_intent,unknown_kind,760,2506,760,R3,0
40,0,banking77_closed,39,Refund_not_showing_up,known_intent,40,2506,0,R0,1
40,0,banking77_closed,38,activate_my_card,known_intent,40,2506,0,R0,2
40,0,banking77_closed,40,age_limit,known_intent,40,2506,0,R0,0
40,0,banking77_closed,40,apple_pay_or_google_pay,known_intent,40,2506,0,R0,0
40,0,banking77_closed,38,atm_support,known_intent,40,2506,0,R0,2
40,0,banking77_closed,36,automatic_top_up,known_intent,40,2506,0,R0,4
40,0,banking77_closed,30,balance_not_updated_after_bank_transfer,known_intent,40,2506,0,R0,10
40,0,banking77_closed,38,balance_not_updated_after_cheque_or_cash_deposit,known_intent,40,2506,0,R0,2
40,0,banking77_closed,35,beneficiary_not_allowed,known_intent,40,2506,0,R0,5
40,0,banking77_closed,39,cancel_transfer,known_intent,40,2506,0,R0,1
40,0,banking77_closed,38,card_about_to_expire,known_intent,40,2506,0,R0,2
40,0,banking77_closed,31,card_acceptance,known_intent,40,2506,0,R0,9
40,0,banking77_closed,35,card_arrival,known_intent,40,2506,0,R0,5
40,0,banking77_closed,36,card_delivery_estimate,known_intent,40,2506,0,R0,4
40,0,banking77_closed,39,card_linking,known_intent,40,2506,0,R0,1
40,0,banking77_closed,38,card_not_working,known_intent,40,2506,0,R0,2
40,0,banking77_closed,38,card_payment_fee_charged,known_intent,40,2506,0,R0,2
40,0,banking77_closed,35,card_payment_not_recognised,known_intent,40,2506,0,R0,5
40,0,banking77_closed,37,card_payment_wrong_exchange_rate,known_intent,40,2506,0,R0,3
40,0,banking77_closed,35,card_swallowed,known_intent,40,2506,0,R0,5
40,0,banking77_closed,38,cash_withdrawal_charge,known_intent,40,2506,0,R0,2
40,0,banking77_closed,37,cash_withdrawal_not_recognised,known_intent,40,2506,0,R0,3
40,0,banking77_closed,39,change_pin,known_intent,40,2506,0,R0,1
40,0,banking77_closed,31,compromised_card,known_intent,40,2506,0,R0,9
40,0,banking77_closed,35,contactless_not_working,known_intent,40,2506,0,R0,5
40,0,banking77_closed,39,country_support,known_intent,40,2506,0,R0,1
40,0,banking77_closed,37,declined_card_payment,known_intent,40,2506,0,R0,3
40,0,banking77_closed,33,declined_cash_withdrawal,known_intent,40,2506,0,R0,7
40,0,banking77_closed,31,declined_transfer,known_intent,40,2506,0,R0,9
40,0,banking77_closed,33,direct_debit_payment_not_recognised,known_intent,40,2506,0,R0,7
40,0,banking77_closed,35,disposable_card_limits,known_intent,40,2506,0,R0,5
40,0,banking77_closed,40,edit_personal_details,known_intent,40,2506,0,R0,0
40,0,banking77_closed,36,exchange_charge,known_intent,40,2506,0,R0,4
40,0,banking77_closed,39,exchange_rate,known_intent,40,2506,0,R0,1
40,0,banking77_closed,37,exchange_via_app,known_intent,40,2506,0,R0,3
40,0,banking77_closed,37,extra_charge_on_statement,known_intent,40,2506,0,R0,3
40,0,banking77_closed,38,failed_transfer,known_intent,40,2506,0,R0,2
40,0,banking77_closed,30,fiat_currency_support,known_intent,40,2506,0,R0,10
40,0,banking77_closed,34,get_disposable_virtual_card,known_intent,40,2506,0,R0,6
40,0,banking77_closed,40,get_physical_card,known_intent,40,2506,0,R0,0
40,0,banking77_closed,34,getting_spare_card,known_intent,40,2506,0,R0,6
40,0,banking77_closed,39,getting_virtual_card,known_intent,40,2506,0,R0,1
40,0,banking77_closed,34,lost_or_stolen_card,known_intent,40,2506,0,R0,6
40,0,banking77_closed,39,lost_or_stolen_phone,known_intent,40,2506,0,R0,1
40,0,banking77_closed,35,order_physical_card,known_intent,40,2506,0,R0,5
40,0,banking77_closed,40,passcode_forgotten,known_intent,40,2506,0,R0,0
40,0,banking77_closed,35,pending_card_payment,known_intent,40,2506,0,R0,5
40,0,banking77_closed,34,pending_cash_withdrawal,known_intent,40,2506,0,R0,6
40,0,banking77_closed,34,pending_top_up,known_intent,40,2506,0,R0,6
40,0,banking77_closed,26,pending_transfer,known_intent,40,2506,0,R0,14
40,0,banking77_closed,35,pin_blocked,known_intent,40,2506,0,R0,5
40,0,banking77_closed,39,receiving_money,known_intent,40,2506,0,R0,1
40,0,banking77_closed,34,request_refund,known_intent,40,2506,0,R0,6
40,0,banking77_closed,34,reverted_card_payment?,known_intent,40,2506,0,R0,6
40,0,banking77_closed,35,supported_cards_and_currencies,known_intent,40,2506,0,R0,5
40,0,banking77_closed,40,terminate_account,known_intent,40,2506,0,R0,0
40,0,banking77_closed,31,top_up_by_bank_transfer_charge,known_intent,40,2506,0,R0,9
40,0,banking77_closed,38,top_up_by_card_charge,known_intent,40,2506,0,R0,2
40,0,banking77_closed,35,top_up_by_cash_or_cheque,known_intent,40,2506,0,R0,5
40,0,banking77_closed,36,top_up_failed,known_intent,40,2506,0,R0,4
40,0,banking77_closed,40,top_up_limits,known_intent,40,2506,0,R0,0
40,0,banking77_closed,35,top_up_reverted,known_intent,40,2506,0,R0,5
40,0,banking77_closed,31,topping_up_by_card,known_intent,40,2506,0,R0,9
40,0,banking77_closed,40,transaction_charged_twice,known_intent,40,2506,0,R0,0
40,0,banking77_closed,38,transfer_fee_charged,known_intent,40,2506,0,R0,2
40,0,banking77_closed,37,transfer_into_account,known_intent,40,2506,0,R0,3
40,0,banking77_closed,34,transfer_not_received_by_recipient,known_intent,40,2506,0,R0,6
40,0,banking77_closed,36,transfer_timing,known_intent,40,2506,0,R0,4
40,0,banking77_closed,37,unable_to_verify_identity,known_intent,40,2506,0,R0,3
40,0,banking77_closed,36,verify_my_identity,known_intent,40,2506,0,R0,4
40,0,banking77_closed,40,verify_source_of_funds,known_intent,40,2506,0,R0,0
40,0,banking77_closed,40,verify_top_up,known_intent,40,2506,0,R0,0
40,0,banking77_closed,15,virtual_card_not_working,known_intent,40,2506,0,R0,25
40,0,banking77_closed,37,visa_or_mastercard,known_intent,40,2506,0,R0,3
40,0,banking77_closed,38,why_verify_identity,known_intent,40,2506,0,R0,2
40,0,banking77_closed,35,wrong_amount_of_cash_received,known_intent,40,2506,0,R0,5
40,0,banking77_closed,32,wrong_exchange_rate_for_cash_withdrawal,known_intent,40,2506,0,R0,8
40,0,banking77_closed,39,Refund_not_showing_up,known_intent,40,2506,0,R2,1
40,0,banking77_closed,36,activate_my_card,known_intent,40,2506,0,R2,4
40,0,banking77_closed,40,age_limit,known_intent,40,2506,0,R2,0
40,0,banking77_closed,40,apple_pay_or_google_pay,known_intent,40,2506,0,R2,0
40,0,banking77_closed,38,atm_support,known_intent,40,2506,0,R2,2
40,0,banking77_closed,36,automatic_top_up,known_intent,40,2506,0,R2,4
40,0,banking77_closed,20,balance_not_updated_after_bank_transfer,known_intent,40,2506,0,R2,20
40,0,banking77_closed,38,balance_not_updated_after_cheque_or_cash_deposit,known_intent,40,2506,0,R2,2
40,0,banking77_closed,25,beneficiary_not_allowed,known_intent,40,2506,0,R2,15
40,0,banking77_closed,34,cancel_transfer,known_intent,40,2506,0,R2,6
40,0,banking77_closed,39,card_about_to_expire,known_intent,40,2506,0,R2,1
40,0,banking77_closed,37,card_acceptance,known_intent,40,2506,0,R2,3
40,0,banking77_closed,30,card_arrival,known_intent,40,2506,0,R2,10
40,0,banking77_closed,36,card_delivery_estimate,known_intent,40,2506,0,R2,4
40,0,banking77_closed,38,card_linking,known_intent,40,2506,0,R2,2
40,0,banking77_closed,34,card_not_working,known_intent,40,2506,0,R2,6
40,0,banking77_closed,33,card_payment_fee_charged,known_intent,40,2506,0,R2,7
40,0,banking77_closed,28,card_payment_not_recognised,known_intent,40,2506,0,R2,12
40,0,banking77_closed,37,card_payment_wrong_exchange_rate,known_intent,40,2506,0,R2,3
40,0,banking77_closed,37,card_swallowed,known_intent,40,2506,0,R2,3
40,0,banking77_closed,36,cash_withdrawal_charge,known_intent,40,2506,0,R2,4
40,0,banking77_closed,32,cash_withdrawal_not_recognised,known_intent,40,2506,0,R2,8
40,0,banking77_closed,40,change_pin,known_intent,40,2506,0,R2,0
40,0,banking77_closed,28,compromised_card,known_intent,40,2506,0,R2,12
40,0,banking77_closed,39,contactless_not_working,known_intent,40,2506,0,R2,1
40,0,banking77_closed,39,country_support,known_intent,40,2506,0,R2,1
40,0,banking77_closed,34,declined_card_payment,known_intent,40,2506,0,R2,6
40,0,banking77_closed,25,declined_cash_withdrawal,known_intent,40,2506,0,R2,15
40,0,banking77_closed,29,declined_transfer,known_intent,40,2506,0,R2,11
40,0,banking77_closed,28,direct_debit_payment_not_recognised,known_intent,40,2506,0,R2,12
40,0,banking77_closed,33,disposable_card_limits,known_intent,40,2506,0,R2,7
40,0,banking77_closed,40,edit_personal_details,known_intent,40,2506,0,R2,0
40,0,banking77_closed,37,exchange_charge,known_intent,40,2506,0,R2,3
40,0,banking77_closed,39,exchange_rate,known_intent,40,2506,0,R2,1
40,0,banking77_closed,32,exchange_via_app,known_intent,40,2506,0,R2,8
40,0,banking77_closed,35,extra_charge_on_statement,known_intent,40,2506,0,R2,5
40,0,banking77_closed,36,failed_transfer,known_intent,40,2506,0,R2,4
40,0,banking77_closed,34,fiat_currency_support,known_intent,40,2506,0,R2,6
40,0,banking77_closed,34,get_disposable_virtual_card,known_intent,40,2506,0,R2,6
40,0,banking77_closed,38,get_physical_card,known_intent,40,2506,0,R2,2
40,0,banking77_closed,35,getting_spare_card,known_intent,40,2506,0,R2,5
40,0,banking77_closed,38,getting_virtual_card,known_intent,40,2506,0,R2,2
40,0,banking77_closed,38,lost_or_stolen_card,known_intent,40,2506,0,R2,2
40,0,banking77_closed,40,lost_or_stolen_phone,known_intent,40,2506,0,R2,0
40,0,banking77_closed,29,order_physical_card,known_intent,40,2506,0,R2,11
40,0,banking77_closed,40,passcode_forgotten,known_intent,40,2506,0,R2,0
40,0,banking77_closed,39,pending_card_payment,known_intent,40,2506,0,R2,1
40,0,banking77_closed,35,pending_cash_withdrawal,known_intent,40,2506,0,R2,5
40,0,banking77_closed,30,pending_top_up,known_intent,40,2506,0,R2,10
40,0,banking77_closed,26,pending_transfer,known_intent,40,2506,0,R2,14
40,0,banking77_closed,31,pin_blocked,known_intent,40,2506,0,R2,9
40,0,banking77_closed,32,receiving_money,known_intent,40,2506,0,R2,8
40,0,banking77_closed,32,request_refund,known_intent,40,2506,0,R2,8
40,0,banking77_closed,33,reverted_card_payment?,known_intent,40,2506,0,R2,7
40,0,banking77_closed,26,supported_cards_and_currencies,known_intent,40,2506,0,R2,14
40,0,banking77_closed,40,terminate_account,known_intent,40,2506,0,R2,0
40,0,banking77_closed,36,top_up_by_bank_transfer_charge,known_intent,40,2506,0,R2,4
40,0,banking77_closed,35,top_up_by_card_charge,known_intent,40,2506,0,R2,5
40,0,banking77_closed,35,top_up_by_cash_or_cheque,known_intent,40,2506,0,R2,5
40,0,banking77_closed,35,top_up_failed,known_intent,40,2506,0,R2,5
40,0,banking77_closed,38,top_up_limits,known_intent,40,2506,0,R2,2
40,0,banking77_closed,24,top_up_reverted,known_intent,40,2506,0,R2,16
40,0,banking77_closed,24,topping_up_by_card,known_intent,40,2506,0,R2,16
40,0,banking77_closed,39,transaction_charged_twice,known_intent,40,2506,0,R2,1
40,0,banking77_closed,32,transfer_fee_charged,known_intent,40,2506,0,R2,8
40,0,banking77_closed,34,transfer_into_account,known_intent,40,2506,0,R2,6
40,0,banking77_closed,21,transfer_not_received_by_recipient,known_intent,40,2506,0,R2,19
40,0,banking77_closed,38,transfer_timing,known_intent,40,2506,0,R2,2
40,0,banking77_closed,34,unable_to_verify_identity,known_intent,40,2506,0,R2,6
40,0,banking77_closed,37,verify_my_identity,known_intent,40,2506,0,R2,3
40,0,banking77_closed,40,verify_source_of_funds,known_intent,40,2506,0,R2,0
40,0,banking77_closed,40,verify_top_up,known_intent,40,2506,0,R2,0
40,0,banking77_closed,34,virtual_card_not_working,known_intent,40,2506,0,R2,6
40,0,banking77_closed,38,visa_or_mastercard,known_intent,40,2506,0,R2,2
40,0,banking77_closed,32,why_verify_identity,known_intent,40,2506,0,R2,8
40,0,banking77_closed,28,wrong_amount_of_cash_received,known_intent,40,2506,0,R2,12
40,0,banking77_closed,35,wrong_exchange_rate_for_cash_withdrawal,known_intent,40,2506,0,R2,5
30,0,clinc150,29,account_blocked,known_intent,30,2507,0,R0,1
30,0,clinc150,30,alarm,known_intent,30,2507,0,R0,0
30,0,clinc150,30,balance,known_intent,30,2507,0,R0,0
30,0,clinc150,30,book_hotel,known_intent,30,2507,0,R0,0
30,0,clinc150,29,calories,known_intent,30,2507,0,R0,1
30,0,clinc150,30,cancel,known_intent,30,2507,0,R0,0
30,0,clinc150,30,cancel_reservation,known_intent,30,2507,0,R0,0
30,0,clinc150,24,card_declined,known_intent,30,2507,0,R0,6
30,0,clinc150,29,change_ai_name,known_intent,30,2507,0,R0,1
30,0,clinc150,27,change_volume,known_intent,30,2507,0,R0,3
30,0,clinc150,30,current_location,known_intent,30,2507,0,R0,0
30,0,clinc150,30,damaged_card,known_intent,30,2507,0,R0,0
30,0,clinc150,30,directions,known_intent,30,2507,0,R0,0
30,0,clinc150,30,do_you_have_pets,known_intent,30,2507,0,R0,0
30,0,clinc150,30,expiration_date,known_intent,30,2507,0,R0,0
30,0,clinc150,30,find_phone,known_intent,30,2507,0,R0,0
30,0,clinc150,30,flight_status,known_intent,30,2507,0,R0,0
30,0,clinc150,27,how_busy,known_intent,30,2507,0,R0,3
30,0,clinc150,30,how_old_are_you,known_intent,30,2507,0,R0,0
30,0,clinc150,30,improve_credit_score,known_intent,30,2507,0,R0,0
30,0,clinc150,30,ingredient_substitution,known_intent,30,2507,0,R0,0
30,0,clinc150,30,jump_start,known_intent,30,2507,0,R0,0
30,0,clinc150,30,lost_luggage,known_intent,30,2507,0,R0,0
30,0,clinc150,30,make_call,known_intent,30,2507,0,R0,0
30,0,clinc150,30,min_payment,known_intent,30,2507,0,R0,0
30,0,clinc150,30,next_song,known_intent,30,2507,0,R0,0
30,0,clinc150,30,oil_change_how,known_intent,30,2507,0,R0,0
30,0,clinc150,28,order,known_intent,30,2507,0,R0,2
30,0,clinc150,28,pto_request,known_intent,30,2507,0,R0,2
30,0,clinc150,28,pto_request_status,known_intent,30,2507,0,R0,2
30,0,clinc150,30,pto_used,known_intent,30,2507,0,R0,0
30,0,clinc150,30,redeem_rewards,known_intent,30,2507,0,R0,0
30,0,clinc150,30,repeat,known_intent,30,2507,0,R0,0
30,0,clinc150,30,restaurant_reservation,known_intent,30,2507,0,R0,0
30,0,clinc150,30,rollover_401k,known_intent,30,2507,0,R0,0
30,0,clinc150,29,schedule_maintenance,known_intent,30,2507,0,R0,1
30,0,clinc150,30,schedule_meeting,known_intent,30,2507,0,R0,0
30,0,clinc150,29,share_location,known_intent,30,2507,0,R0,1
30,0,clinc150,25,shopping_list,known_intent,30,2507,0,R0,5
30,0,clinc150,30,spending_history,known_intent,30,2507,0,R0,0
30,0,clinc150,27,todo_list,known_intent,30,2507,0,R0,3
30,0,clinc150,29,todo_list_update,known_intent,30,2507,0,R0,1
30,0,clinc150,28,transfer,known_intent,30,2507,0,R0,2
30,0,clinc150,30,travel_notification,known_intent,30,2507,0,R0,0
30,0,clinc150,30,travel_suggestion,known_intent,30,2507,0,R0,0
30,0,clinc150,29,user_name,known_intent,30,2507,0,R0,1
30,0,clinc150,30,weather,known_intent,30,2507,0,R0,0
30,0,clinc150,30,what_are_your_hobbies,known_intent,30,2507,0,R0,0
30,0,clinc150,29,where_are_you_from,known_intent,30,2507,0,R0,1
30,0,clinc150,30,who_made_you,known_intent,30,2507,0,R0,0
3000,0,clinc150,0,heldout_intent,unknown_kind,3000,2507,0,R0,0
1000,0,clinc150,0,official_oos,unknown_kind,1000,2507,0,R0,0
30,0,clinc150,29,account_blocked,known_intent,30,2507,0,R2,1
30,0,clinc150,30,alarm,known_intent,30,2507,0,R2,0
30,0,clinc150,30,balance,known_intent,30,2507,0,R2,0
30,0,clinc150,30,book_hotel,known_intent,30,2507,0,R2,0
30,0,clinc150,30,calories,known_intent,30,2507,0,R2,0
30,0,clinc150,30,cancel,known_intent,30,2507,0,R2,0
30,0,clinc150,30,cancel_reservation,known_intent,30,2507,0,R2,0
30,0,clinc150,29,card_declined,known_intent,30,2507,0,R2,1
30,0,clinc150,28,change_ai_name,known_intent,30,2507,0,R2,2
30,0,clinc150,27,change_volume,known_intent,30,2507,0,R2,3
30,0,clinc150,29,current_location,known_intent,30,2507,0,R2,1
30,0,clinc150,30,damaged_card,known_intent,30,2507,0,R2,0
30,0,clinc150,30,directions,known_intent,30,2507,0,R2,0
30,0,clinc150,30,do_you_have_pets,known_intent,30,2507,0,R2,0
30,0,clinc150,30,expiration_date,known_intent,30,2507,0,R2,0
30,0,clinc150,30,find_phone,known_intent,30,2507,0,R2,0
30,0,clinc150,30,flight_status,known_intent,30,2507,0,R2,0
30,0,clinc150,29,how_busy,known_intent,30,2507,0,R2,1
30,0,clinc150,29,how_old_are_you,known_intent,30,2507,0,R2,1
30,0,clinc150,30,improve_credit_score,known_intent,30,2507,0,R2,0
30,0,clinc150,30,ingredient_substitution,known_intent,30,2507,0,R2,0
30,0,clinc150,30,jump_start,known_intent,30,2507,0,R2,0
30,0,clinc150,30,lost_luggage,known_intent,30,2507,0,R2,0
30,0,clinc150,30,make_call,known_intent,30,2507,0,R2,0
30,0,clinc150,30,min_payment,known_intent,30,2507,0,R2,0
30,0,clinc150,30,next_song,known_intent,30,2507,0,R2,0
30,0,clinc150,30,oil_change_how,known_intent,30,2507,0,R2,0
30,0,clinc150,27,order,known_intent,30,2507,0,R2,3
30,0,clinc150,27,pto_request,known_intent,30,2507,0,R2,3
30,0,clinc150,29,pto_request_status,known_intent,30,2507,0,R2,1
30,0,clinc150,30,pto_used,known_intent,30,2507,0,R2,0
30,0,clinc150,30,redeem_rewards,known_intent,30,2507,0,R2,0
30,0,clinc150,30,repeat,known_intent,30,2507,0,R2,0
30,0,clinc150,30,restaurant_reservation,known_intent,30,2507,0,R2,0
30,0,clinc150,30,rollover_401k,known_intent,30,2507,0,R2,0
30,0,clinc150,30,schedule_maintenance,known_intent,30,2507,0,R2,0
30,0,clinc150,30,schedule_meeting,known_intent,30,2507,0,R2,0
30,0,clinc150,27,share_location,known_intent,30,2507,0,R2,3
30,0,clinc150,29,shopping_list,known_intent,30,2507,0,R2,1
30,0,clinc150,30,spending_history,known_intent,30,2507,0,R2,0
30,0,clinc150,26,todo_list,known_intent,30,2507,0,R2,4
30,0,clinc150,28,todo_list_update,known_intent,30,2507,0,R2,2
30,0,clinc150,29,transfer,known_intent,30,2507,0,R2,1
30,0,clinc150,30,travel_notification,known_intent,30,2507,0,R2,0
30,0,clinc150,28,travel_suggestion,known_intent,30,2507,0,R2,2
30,0,clinc150,30,user_name,known_intent,30,2507,0,R2,0
30,0,clinc150,30,weather,known_intent,30,2507,0,R2,0
30,0,clinc150,30,what_are_your_hobbies,known_intent,30,2507,0,R2,0
30,0,clinc150,29,where_are_you_from,known_intent,30,2507,0,R2,1
30,0,clinc150,30,who_made_you,known_intent,30,2507,0,R2,0
3000,0,clinc150,0,heldout_intent,unknown_kind,3000,2507,0,R2,0
1000,0,clinc150,0,official_oos,unknown_kind,1000,2507,0,R2,0
27,0,clinc150,26,account_blocked,known_intent,30,2507,3,MAX_THRESHOLD,1
28,0,clinc150,28,alarm,known_intent,30,2507,2,MAX_THRESHOLD,0
24,0,clinc150,24,balance,known_intent,30,2507,6,MAX_THRESHOLD,0
14,0,clinc150,14,book_hotel,known_intent,30,2507,16,MAX_THRESHOLD,0
24,0,clinc150,24,calories,known_intent,30,2507,6,MAX_THRESHOLD,0
19,0,clinc150,19,cancel,known_intent,30,2507,11,MAX_THRESHOLD,0
29,0,clinc150,29,cancel_reservation,known_intent,30,2507,1,MAX_THRESHOLD,0
28,0,clinc150,27,card_declined,known_intent,30,2507,2,MAX_THRESHOLD,1
19,0,clinc150,19,change_ai_name,known_intent,30,2507,11,MAX_THRESHOLD,0
22,0,clinc150,22,change_volume,known_intent,30,2507,8,MAX_THRESHOLD,0
29,0,clinc150,29,current_location,known_intent,30,2507,1,MAX_THRESHOLD,0
30,0,clinc150,30,damaged_card,known_intent,30,2507,0,MAX_THRESHOLD,0
3,0,clinc150,3,directions,known_intent,30,2507,27,MAX_THRESHOLD,0
30,0,clinc150,30,do_you_have_pets,known_intent,30,2507,0,MAX_THRESHOLD,0
29,0,clinc150,29,expiration_date,known_intent,30,2507,1,MAX_THRESHOLD,0
29,0,clinc150,29,find_phone,known_intent,30,2507,1,MAX_THRESHOLD,0
30,0,clinc150,30,flight_status,known_intent,30,2507,0,MAX_THRESHOLD,0
16,0,clinc150,15,how_busy,known_intent,30,2507,14,MAX_THRESHOLD,1
30,0,clinc150,29,how_old_are_you,known_intent,30,2507,0,MAX_THRESHOLD,1
26,0,clinc150,26,improve_credit_score,known_intent,30,2507,4,MAX_THRESHOLD,0
15,0,clinc150,15,ingredient_substitution,known_intent,30,2507,15,MAX_THRESHOLD,0
30,0,clinc150,30,jump_start,known_intent,30,2507,0,MAX_THRESHOLD,0
29,0,clinc150,29,lost_luggage,known_intent,30,2507,1,MAX_THRESHOLD,0
16,0,clinc150,16,make_call,known_intent,30,2507,14,MAX_THRESHOLD,0
30,0,clinc150,30,min_payment,known_intent,30,2507,0,MAX_THRESHOLD,0
26,0,clinc150,26,next_song,known_intent,30,2507,4,MAX_THRESHOLD,0
30,0,clinc150,30,oil_change_how,known_intent,30,2507,0,MAX_THRESHOLD,0
9,0,clinc150,9,order,known_intent,30,2507,21,MAX_THRESHOLD,0
29,0,clinc150,26,pto_request,known_intent,30,2507,1,MAX_THRESHOLD,3
28,0,clinc150,27,pto_request_status,known_intent,30,2507,2,MAX_THRESHOLD,1
30,0,clinc150,30,pto_used,known_intent,30,2507,0,MAX_THRESHOLD,0
28,0,clinc150,28,redeem_rewards,known_intent,30,2507,2,MAX_THRESHOLD,0
24,0,clinc150,24,repeat,known_intent,30,2507,6,MAX_THRESHOLD,0
18,0,clinc150,18,restaurant_reservation,known_intent,30,2507,12,MAX_THRESHOLD,0
30,0,clinc150,30,rollover_401k,known_intent,30,2507,0,MAX_THRESHOLD,0
28,0,clinc150,28,schedule_maintenance,known_intent,30,2507,2,MAX_THRESHOLD,0
27,0,clinc150,27,schedule_meeting,known_intent,30,2507,3,MAX_THRESHOLD,0
24,0,clinc150,22,share_location,known_intent,30,2507,6,MAX_THRESHOLD,2
26,0,clinc150,26,shopping_list,known_intent,30,2507,4,MAX_THRESHOLD,0
26,0,clinc150,26,spending_history,known_intent,30,2507,4,MAX_THRESHOLD,0
30,0,clinc150,26,todo_list,known_intent,30,2507,0,MAX_THRESHOLD,4
24,0,clinc150,23,todo_list_update,known_intent,30,2507,6,MAX_THRESHOLD,1
26,0,clinc150,25,transfer,known_intent,30,2507,4,MAX_THRESHOLD,1
26,0,clinc150,26,travel_notification,known_intent,30,2507,4,MAX_THRESHOLD,0
9,0,clinc150,8,travel_suggestion,known_intent,30,2507,21,MAX_THRESHOLD,1
27,0,clinc150,27,user_name,known_intent,30,2507,3,MAX_THRESHOLD,0
19,0,clinc150,19,weather,known_intent,30,2507,11,MAX_THRESHOLD,0
28,0,clinc150,28,what_are_your_hobbies,known_intent,30,2507,2,MAX_THRESHOLD,0
23,0,clinc150,23,where_are_you_from,known_intent,30,2507,7,MAX_THRESHOLD,0
24,0,clinc150,24,who_made_you,known_intent,30,2507,6,MAX_THRESHOLD,0
424,0,clinc150,0,heldout_intent,unknown_kind,3000,2507,2576,MAX_THRESHOLD,0
17,0,clinc150,0,official_oos,unknown_kind,1000,2507,983,MAX_THRESHOLD,0
2,0,clinc150,2,account_blocked,known_intent,30,2507,28,R3,0
6,0,clinc150,6,alarm,known_intent,30,2507,24,R3,0
10,0,clinc150,10,balance,known_intent,30,2507,20,R3,0
0,0,clinc150,0,book_hotel,known_intent,30,2507,30,R3,0
0,0,clinc150,0,calories,known_intent,30,2507,30,R3,0
0,0,clinc150,0,cancel,known_intent,30,2507,30,R3,0
11,0,clinc150,11,cancel_reservation,known_intent,30,2507,19,R3,0
5,0,clinc150,5,card_declined,known_intent,30,2507,25,R3,0
0,0,clinc150,0,change_ai_name,known_intent,30,2507,30,R3,0
7,0,clinc150,7,change_volume,known_intent,30,2507,23,R3,0
10,2,clinc150,10,current_location,known_intent,30,2507,18,R3,0
7,0,clinc150,7,damaged_card,known_intent,30,2507,23,R3,0
0,0,clinc150,0,directions,known_intent,30,2507,30,R3,0
19,0,clinc150,19,do_you_have_pets,known_intent,30,2507,11,R3,0
20,0,clinc150,20,expiration_date,known_intent,30,2507,10,R3,0
13,0,clinc150,13,find_phone,known_intent,30,2507,17,R3,0
0,0,clinc150,0,flight_status,known_intent,30,2507,30,R3,0
0,0,clinc150,0,how_busy,known_intent,30,2507,30,R3,0
13,0,clinc150,13,how_old_are_you,known_intent,30,2507,17,R3,0
15,0,clinc150,15,improve_credit_score,known_intent,30,2507,15,R3,0
0,0,clinc150,0,ingredient_substitution,known_intent,30,2507,30,R3,0
12,0,clinc150,12,jump_start,known_intent,30,2507,18,R3,0
18,0,clinc150,18,lost_luggage,known_intent,30,2507,12,R3,0
0,0,clinc150,0,make_call,known_intent,30,2507,30,R3,0
11,0,clinc150,11,min_payment,known_intent,30,2507,19,R3,0
7,0,clinc150,7,next_song,known_intent,30,2507,23,R3,0
22,0,clinc150,22,oil_change_how,known_intent,30,2507,8,R3,0
2,2,clinc150,2,order,known_intent,30,2507,26,R3,0
1,0,clinc150,1,pto_request,known_intent,30,2507,29,R3,0
11,0,clinc150,11,pto_request_status,known_intent,30,2507,19,R3,0
9,0,clinc150,9,pto_used,known_intent,30,2507,21,R3,0
2,0,clinc150,2,redeem_rewards,known_intent,30,2507,28,R3,0
14,0,clinc150,14,repeat,known_intent,30,2507,16,R3,0
0,0,clinc150,0,restaurant_reservation,known_intent,30,2507,30,R3,0
20,0,clinc150,20,rollover_401k,known_intent,30,2507,10,R3,0
2,0,clinc150,2,schedule_maintenance,known_intent,30,2507,28,R3,0
2,0,clinc150,2,schedule_meeting,known_intent,30,2507,28,R3,0
2,0,clinc150,1,share_location,known_intent,30,2507,28,R3,1
12,0,clinc150,12,shopping_list,known_intent,30,2507,18,R3,0
8,0,clinc150,8,spending_history,known_intent,30,2507,22,R3,0
5,0,clinc150,5,todo_list,known_intent,30,2507,25,R3,0
2,0,clinc150,2,todo_list_update,known_intent,30,2507,28,R3,0
2,0,clinc150,2,transfer,known_intent,30,2507,28,R3,0
0,0,clinc150,0,travel_notification,known_intent,30,2507,30,R3,0
0,0,clinc150,0,travel_suggestion,known_intent,30,2507,30,R3,0
9,0,clinc150,9,user_name,known_intent,30,2507,21,R3,0
3,0,clinc150,3,weather,known_intent,30,2507,27,R3,0
12,0,clinc150,12,what_are_your_hobbies,known_intent,30,2507,18,R3,0
9,1,clinc150,9,where_are_you_from,known_intent,30,2507,20,R3,0
3,0,clinc150,3,who_made_you,known_intent,30,2507,27,R3,0
17,0,clinc150,0,heldout_intent,unknown_kind,3000,2507,2983,R3,0
0,0,clinc150,0,official_oos,unknown_kind,1000,2507,1000,R3,0
40,0,banking77_open,38,activate_my_card,known_intent,40,2507,0,R0,2
40,0,banking77_open,40,age_limit,known_intent,40,2507,0,R0,0
40,0,banking77_open,38,atm_support,known_intent,40,2507,0,R0,2
40,0,banking77_open,38,automatic_top_up,known_intent,40,2507,0,R0,2
40,0,banking77_open,38,beneficiary_not_allowed,known_intent,40,2507,0,R0,2
40,0,banking77_open,39,card_about_to_expire,known_intent,40,2507,0,R0,1
40,0,banking77_open,35,card_acceptance,known_intent,40,2507,0,R0,5
40,0,banking77_open,38,card_delivery_estimate,known_intent,40,2507,0,R0,2
40,0,banking77_open,36,card_payment_not_recognised,known_intent,40,2507,0,R0,4
40,0,banking77_open,38,card_swallowed,known_intent,40,2507,0,R0,2
40,0,banking77_open,38,cash_withdrawal_charge,known_intent,40,2507,0,R0,2
40,0,banking77_open,37,cash_withdrawal_not_recognised,known_intent,40,2507,0,R0,3
40,0,banking77_open,38,change_pin,known_intent,40,2507,0,R0,2
40,0,banking77_open,32,compromised_card,known_intent,40,2507,0,R0,8
40,0,banking77_open,39,country_support,known_intent,40,2507,0,R0,1
40,0,banking77_open,39,declined_cash_withdrawal,known_intent,40,2507,0,R0,1
40,0,banking77_open,34,declined_transfer,known_intent,40,2507,0,R0,6
40,0,banking77_open,37,disposable_card_limits,known_intent,40,2507,0,R0,3
40,0,banking77_open,40,edit_personal_details,known_intent,40,2507,0,R0,0
40,0,banking77_open,39,exchange_rate,known_intent,40,2507,0,R0,1
40,0,banking77_open,39,exchange_via_app,known_intent,40,2507,0,R0,1
40,0,banking77_open,37,extra_charge_on_statement,known_intent,40,2507,0,R0,3
40,0,banking77_open,38,get_disposable_virtual_card,known_intent,40,2507,0,R0,2
40,0,banking77_open,40,get_physical_card,known_intent,40,2507,0,R0,0
40,0,banking77_open,37,lost_or_stolen_card,known_intent,40,2507,0,R0,3
40,0,banking77_open,37,order_physical_card,known_intent,40,2507,0,R0,3
40,0,banking77_open,40,passcode_forgotten,known_intent,40,2507,0,R0,0
40,0,banking77_open,40,pending_card_payment,known_intent,40,2507,0,R0,0
40,0,banking77_open,36,pending_transfer,known_intent,40,2507,0,R0,4
40,0,banking77_open,35,pin_blocked,known_intent,40,2507,0,R0,5
40,0,banking77_open,37,receiving_money,known_intent,40,2507,0,R0,3
40,0,banking77_open,40,top_up_by_card_charge,known_intent,40,2507,0,R0,0
40,0,banking77_open,39,top_up_by_cash_or_cheque,known_intent,40,2507,0,R0,1
40,0,banking77_open,36,transfer_not_received_by_recipient,known_intent,40,2507,0,R0,4
40,0,banking77_open,39,verify_my_identity,known_intent,40,2507,0,R0,1
40,0,banking77_open,40,verify_source_of_funds,known_intent,40,2507,0,R0,0
40,0,banking77_open,27,virtual_card_not_working,known_intent,40,2507,0,R0,13
40,0,banking77_open,38,visa_or_mastercard,known_intent,40,2507,0,R0,2
40,0,banking77_open,35,wrong_exchange_rate_for_cash_withdrawal,known_intent,40,2507,0,R0,5
760,0,banking77_open,0,test_only_oos_intent,unknown_kind,760,2507,0,R0,0
40,0,banking77_open,36,activate_my_card,known_intent,40,2507,0,R2,4
40,0,banking77_open,40,age_limit,known_intent,40,2507,0,R2,0
40,0,banking77_open,37,atm_support,known_intent,40,2507,0,R2,3
40,0,banking77_open,39,automatic_top_up,known_intent,40,2507,0,R2,1
40,0,banking77_open,32,beneficiary_not_allowed,known_intent,40,2507,0,R2,8
40,0,banking77_open,39,card_about_to_expire,known_intent,40,2507,0,R2,1
40,0,banking77_open,39,card_acceptance,known_intent,40,2507,0,R2,1
40,0,banking77_open,38,card_delivery_estimate,known_intent,40,2507,0,R2,2
40,0,banking77_open,33,card_payment_not_recognised,known_intent,40,2507,0,R2,7
40,0,banking77_open,36,card_swallowed,known_intent,40,2507,0,R2,4
40,0,banking77_open,38,cash_withdrawal_charge,known_intent,40,2507,0,R2,2
40,0,banking77_open,33,cash_withdrawal_not_recognised,known_intent,40,2507,0,R2,7
40,0,banking77_open,40,change_pin,known_intent,40,2507,0,R2,0
40,0,banking77_open,29,compromised_card,known_intent,40,2507,0,R2,11
40,0,banking77_open,40,country_support,known_intent,40,2507,0,R2,0
40,0,banking77_open,36,declined_cash_withdrawal,known_intent,40,2507,0,R2,4
40,0,banking77_open,32,declined_transfer,known_intent,40,2507,0,R2,8
40,0,banking77_open,37,disposable_card_limits,known_intent,40,2507,0,R2,3
40,0,banking77_open,40,edit_personal_details,known_intent,40,2507,0,R2,0
40,0,banking77_open,38,exchange_rate,known_intent,40,2507,0,R2,2
40,0,banking77_open,34,exchange_via_app,known_intent,40,2507,0,R2,6
40,0,banking77_open,38,extra_charge_on_statement,known_intent,40,2507,0,R2,2
40,0,banking77_open,36,get_disposable_virtual_card,known_intent,40,2507,0,R2,4
40,0,banking77_open,39,get_physical_card,known_intent,40,2507,0,R2,1
40,0,banking77_open,38,lost_or_stolen_card,known_intent,40,2507,0,R2,2
40,0,banking77_open,31,order_physical_card,known_intent,40,2507,0,R2,9
40,0,banking77_open,40,passcode_forgotten,known_intent,40,2507,0,R2,0
40,0,banking77_open,37,pending_card_payment,known_intent,40,2507,0,R2,3
40,0,banking77_open,35,pending_transfer,known_intent,40,2507,0,R2,5
40,0,banking77_open,29,pin_blocked,known_intent,40,2507,0,R2,11
40,0,banking77_open,37,receiving_money,known_intent,40,2507,0,R2,3
40,0,banking77_open,40,top_up_by_card_charge,known_intent,40,2507,0,R2,0
40,0,banking77_open,35,top_up_by_cash_or_cheque,known_intent,40,2507,0,R2,5
40,0,banking77_open,25,transfer_not_received_by_recipient,known_intent,40,2507,0,R2,15
40,0,banking77_open,40,verify_my_identity,known_intent,40,2507,0,R2,0
40,0,banking77_open,40,verify_source_of_funds,known_intent,40,2507,0,R2,0
40,0,banking77_open,36,virtual_card_not_working,known_intent,40,2507,0,R2,4
40,0,banking77_open,37,visa_or_mastercard,known_intent,40,2507,0,R2,3
40,0,banking77_open,37,wrong_exchange_rate_for_cash_withdrawal,known_intent,40,2507,0,R2,3
760,0,banking77_open,0,test_only_oos_intent,unknown_kind,760,2507,0,R2,0
39,0,banking77_open,36,activate_my_card,known_intent,40,2507,1,MAX_THRESHOLD,3
32,0,banking77_open,32,age_limit,known_intent,40,2507,8,MAX_THRESHOLD,0
36,0,banking77_open,33,atm_support,known_intent,40,2507,4,MAX_THRESHOLD,3
30,0,banking77_open,29,automatic_top_up,known_intent,40,2507,10,MAX_THRESHOLD,1
27,0,banking77_open,24,beneficiary_not_allowed,known_intent,40,2507,13,MAX_THRESHOLD,3
38,0,banking77_open,37,card_about_to_expire,known_intent,40,2507,2,MAX_THRESHOLD,1
35,0,banking77_open,35,card_acceptance,known_intent,40,2507,5,MAX_THRESHOLD,0
29,0,banking77_open,28,card_delivery_estimate,known_intent,40,2507,11,MAX_THRESHOLD,1
21,0,banking77_open,19,card_payment_not_recognised,known_intent,40,2507,19,MAX_THRESHOLD,2
36,0,banking77_open,32,card_swallowed,known_intent,40,2507,4,MAX_THRESHOLD,4
36,0,banking77_open,35,cash_withdrawal_charge,known_intent,40,2507,4,MAX_THRESHOLD,1
31,0,banking77_open,27,cash_withdrawal_not_recognised,known_intent,40,2507,9,MAX_THRESHOLD,4
38,0,banking77_open,38,change_pin,known_intent,40,2507,2,MAX_THRESHOLD,0
23,0,banking77_open,19,compromised_card,known_intent,40,2507,17,MAX_THRESHOLD,4
30,0,banking77_open,30,country_support,known_intent,40,2507,10,MAX_THRESHOLD,0
30,0,banking77_open,27,declined_cash_withdrawal,known_intent,40,2507,10,MAX_THRESHOLD,3
27,0,banking77_open,26,declined_transfer,known_intent,40,2507,13,MAX_THRESHOLD,1
38,0,banking77_open,35,disposable_card_limits,known_intent,40,2507,2,MAX_THRESHOLD,3
32,0,banking77_open,32,edit_personal_details,known_intent,40,2507,8,MAX_THRESHOLD,0
34,0,banking77_open,33,exchange_rate,known_intent,40,2507,6,MAX_THRESHOLD,1
32,0,banking77_open,27,exchange_via_app,known_intent,40,2507,8,MAX_THRESHOLD,5
31,0,banking77_open,30,extra_charge_on_statement,known_intent,40,2507,9,MAX_THRESHOLD,1
35,0,banking77_open,33,get_disposable_virtual_card,known_intent,40,2507,5,MAX_THRESHOLD,2
34,0,banking77_open,34,get_physical_card,known_intent,40,2507,6,MAX_THRESHOLD,0
33,0,banking77_open,33,lost_or_stolen_card,known_intent,40,2507,7,MAX_THRESHOLD,0
38,0,banking77_open,31,order_physical_card,known_intent,40,2507,2,MAX_THRESHOLD,7
29,0,banking77_open,29,passcode_forgotten,known_intent,40,2507,11,MAX_THRESHOLD,0
34,0,banking77_open,33,pending_card_payment,known_intent,40,2507,6,MAX_THRESHOLD,1
33,0,banking77_open,30,pending_transfer,known_intent,40,2507,7,MAX_THRESHOLD,3
33,0,banking77_open,24,pin_blocked,known_intent,40,2507,7,MAX_THRESHOLD,9
22,0,banking77_open,21,receiving_money,known_intent,40,2507,18,MAX_THRESHOLD,1
35,0,banking77_open,35,top_up_by_card_charge,known_intent,40,2507,5,MAX_THRESHOLD,0
32,0,banking77_open,31,top_up_by_cash_or_cheque,known_intent,40,2507,8,MAX_THRESHOLD,1
21,0,banking77_open,15,transfer_not_received_by_recipient,known_intent,40,2507,19,MAX_THRESHOLD,6
38,0,banking77_open,38,verify_my_identity,known_intent,40,2507,2,MAX_THRESHOLD,0
40,0,banking77_open,40,verify_source_of_funds,known_intent,40,2507,0,MAX_THRESHOLD,0
38,0,banking77_open,35,virtual_card_not_working,known_intent,40,2507,2,MAX_THRESHOLD,3
34,0,banking77_open,32,visa_or_mastercard,known_intent,40,2507,6,MAX_THRESHOLD,2
32,0,banking77_open,31,wrong_exchange_rate_for_cash_withdrawal,known_intent,40,2507,8,MAX_THRESHOLD,1
180,0,banking77_open,0,test_only_oos_intent,unknown_kind,760,2507,580,MAX_THRESHOLD,0
17,0,banking77_open,17,activate_my_card,known_intent,40,2507,23,R3,0
11,0,banking77_open,11,age_limit,known_intent,40,2507,29,R3,0
10,0,banking77_open,10,atm_support,known_intent,40,2507,30,R3,0
11,0,banking77_open,11,automatic_top_up,known_intent,40,2507,29,R3,0
5,0,banking77_open,5,beneficiary_not_allowed,known_intent,40,2507,35,R3,0
7,0,banking77_open,7,card_about_to_expire,known_intent,40,2507,33,R3,0
11,0,banking77_open,11,card_acceptance,known_intent,40,2507,29,R3,0
8,0,banking77_open,8,card_delivery_estimate,known_intent,40,2507,32,R3,0
3,0,banking77_open,3,card_payment_not_recognised,known_intent,40,2507,37,R3,0
1,0,banking77_open,1,card_swallowed,known_intent,40,2507,39,R3,0
8,0,banking77_open,8,cash_withdrawal_charge,known_intent,40,2507,32,R3,0
5,0,banking77_open,5,cash_withdrawal_not_recognised,known_intent,40,2507,35,R3,0
5,0,banking77_open,5,change_pin,known_intent,40,2507,35,R3,0
3,0,banking77_open,3,compromised_card,known_intent,40,2507,37,R3,0
10,0,banking77_open,10,country_support,known_intent,40,2507,30,R3,0
4,0,banking77_open,4,declined_cash_withdrawal,known_intent,40,2507,36,R3,0
12,0,banking77_open,12,declined_transfer,known_intent,40,2507,28,R3,0
13,0,banking77_open,12,disposable_card_limits,known_intent,40,2507,27,R3,1
2,0,banking77_open,2,edit_personal_details,known_intent,40,2507,38,R3,0
6,0,banking77_open,6,exchange_rate,known_intent,40,2507,34,R3,0
6,0,banking77_open,6,exchange_via_app,known_intent,40,2507,34,R3,0
9,0,banking77_open,9,extra_charge_on_statement,known_intent,40,2507,31,R3,0
20,0,banking77_open,20,get_disposable_virtual_card,known_intent,40,2507,20,R3,0
5,0,banking77_open,5,get_physical_card,known_intent,40,2507,35,R3,0
8,0,banking77_open,8,lost_or_stolen_card,known_intent,40,2507,32,R3,0
4,0,banking77_open,4,order_physical_card,known_intent,40,2507,36,R3,0
2,0,banking77_open,2,passcode_forgotten,known_intent,40,2507,38,R3,0
6,0,banking77_open,6,pending_card_payment,known_intent,40,2507,34,R3,0
10,0,banking77_open,10,pending_transfer,known_intent,40,2507,30,R3,0
9,0,banking77_open,8,pin_blocked,known_intent,40,2507,31,R3,1
6,0,banking77_open,6,receiving_money,known_intent,40,2507,34,R3,0
1,0,banking77_open,1,top_up_by_card_charge,known_intent,40,2507,39,R3,0
11,0,banking77_open,11,top_up_by_cash_or_cheque,known_intent,40,2507,29,R3,0
1,0,banking77_open,1,transfer_not_received_by_recipient,known_intent,40,2507,39,R3,0
14,0,banking77_open,14,verify_my_identity,known_intent,40,2507,26,R3,0
12,0,banking77_open,12,verify_source_of_funds,known_intent,40,2507,28,R3,0
16,0,banking77_open,15,virtual_card_not_working,known_intent,40,2507,24,R3,1
11,0,banking77_open,11,visa_or_mastercard,known_intent,40,2507,29,R3,0
7,0,banking77_open,7,wrong_exchange_rate_for_cash_withdrawal,known_intent,40,2507,33,R3,0
3,0,banking77_open,0,test_only_oos_intent,unknown_kind,760,2507,757,R3,0
40,0,banking77_closed,39,Refund_not_showing_up,known_intent,40,2507,0,R0,1
40,0,banking77_closed,38,activate_my_card,known_intent,40,2507,0,R0,2
40,0,banking77_closed,40,age_limit,known_intent,40,2507,0,R0,0
40,0,banking77_closed,40,apple_pay_or_google_pay,known_intent,40,2507,0,R0,0
40,0,banking77_closed,38,atm_support,known_intent,40,2507,0,R0,2
40,0,banking77_closed,36,automatic_top_up,known_intent,40,2507,0,R0,4
40,0,banking77_closed,29,balance_not_updated_after_bank_transfer,known_intent,40,2507,0,R0,11
40,0,banking77_closed,38,balance_not_updated_after_cheque_or_cash_deposit,known_intent,40,2507,0,R0,2
40,0,banking77_closed,34,beneficiary_not_allowed,known_intent,40,2507,0,R0,6
40,0,banking77_closed,39,cancel_transfer,known_intent,40,2507,0,R0,1
40,0,banking77_closed,39,card_about_to_expire,known_intent,40,2507,0,R0,1
40,0,banking77_closed,31,card_acceptance,known_intent,40,2507,0,R0,9
40,0,banking77_closed,34,card_arrival,known_intent,40,2507,0,R0,6
40,0,banking77_closed,36,card_delivery_estimate,known_intent,40,2507,0,R0,4
40,0,banking77_closed,39,card_linking,known_intent,40,2507,0,R0,1
40,0,banking77_closed,37,card_not_working,known_intent,40,2507,0,R0,3
40,0,banking77_closed,37,card_payment_fee_charged,known_intent,40,2507,0,R0,3
40,0,banking77_closed,35,card_payment_not_recognised,known_intent,40,2507,0,R0,5
40,0,banking77_closed,38,card_payment_wrong_exchange_rate,known_intent,40,2507,0,R0,2
40,0,banking77_closed,37,card_swallowed,known_intent,40,2507,0,R0,3
40,0,banking77_closed,37,cash_withdrawal_charge,known_intent,40,2507,0,R0,3
40,0,banking77_closed,37,cash_withdrawal_not_recognised,known_intent,40,2507,0,R0,3
40,0,banking77_closed,36,change_pin,known_intent,40,2507,0,R0,4
40,0,banking77_closed,30,compromised_card,known_intent,40,2507,0,R0,10
40,0,banking77_closed,36,contactless_not_working,known_intent,40,2507,0,R0,4
40,0,banking77_closed,39,country_support,known_intent,40,2507,0,R0,1
40,0,banking77_closed,38,declined_card_payment,known_intent,40,2507,0,R0,2
40,0,banking77_closed,36,declined_cash_withdrawal,known_intent,40,2507,0,R0,4
40,0,banking77_closed,31,declined_transfer,known_intent,40,2507,0,R0,9
40,0,banking77_closed,33,direct_debit_payment_not_recognised,known_intent,40,2507,0,R0,7
40,0,banking77_closed,34,disposable_card_limits,known_intent,40,2507,0,R0,6
40,0,banking77_closed,40,edit_personal_details,known_intent,40,2507,0,R0,0
40,0,banking77_closed,36,exchange_charge,known_intent,40,2507,0,R0,4
40,0,banking77_closed,39,exchange_rate,known_intent,40,2507,0,R0,1
40,0,banking77_closed,38,exchange_via_app,known_intent,40,2507,0,R0,2
40,0,banking77_closed,37,extra_charge_on_statement,known_intent,40,2507,0,R0,3
40,0,banking77_closed,37,failed_transfer,known_intent,40,2507,0,R0,3
40,0,banking77_closed,31,fiat_currency_support,known_intent,40,2507,0,R0,9
40,0,banking77_closed,34,get_disposable_virtual_card,known_intent,40,2507,0,R0,6
40,0,banking77_closed,40,get_physical_card,known_intent,40,2507,0,R0,0
40,0,banking77_closed,32,getting_spare_card,known_intent,40,2507,0,R0,8
40,0,banking77_closed,39,getting_virtual_card,known_intent,40,2507,0,R0,1
40,0,banking77_closed,35,lost_or_stolen_card,known_intent,40,2507,0,R0,5
40,0,banking77_closed,39,lost_or_stolen_phone,known_intent,40,2507,0,R0,1
40,0,banking77_closed,37,order_physical_card,known_intent,40,2507,0,R0,3
40,0,banking77_closed,40,passcode_forgotten,known_intent,40,2507,0,R0,0
40,0,banking77_closed,34,pending_card_payment,known_intent,40,2507,0,R0,6
40,0,banking77_closed,33,pending_cash_withdrawal,known_intent,40,2507,0,R0,7
40,0,banking77_closed,34,pending_top_up,known_intent,40,2507,0,R0,6
40,0,banking77_closed,27,pending_transfer,known_intent,40,2507,0,R0,13
40,0,banking77_closed,36,pin_blocked,known_intent,40,2507,0,R0,4
40,0,banking77_closed,36,receiving_money,known_intent,40,2507,0,R0,4
40,0,banking77_closed,36,request_refund,known_intent,40,2507,0,R0,4
40,0,banking77_closed,37,reverted_card_payment?,known_intent,40,2507,0,R0,3
40,0,banking77_closed,34,supported_cards_and_currencies,known_intent,40,2507,0,R0,6
40,0,banking77_closed,40,terminate_account,known_intent,40,2507,0,R0,0
40,0,banking77_closed,31,top_up_by_bank_transfer_charge,known_intent,40,2507,0,R0,9
40,0,banking77_closed,39,top_up_by_card_charge,known_intent,40,2507,0,R0,1
40,0,banking77_closed,35,top_up_by_cash_or_cheque,known_intent,40,2507,0,R0,5
40,0,banking77_closed,35,top_up_failed,known_intent,40,2507,0,R0,5
40,0,banking77_closed,40,top_up_limits,known_intent,40,2507,0,R0,0
40,0,banking77_closed,34,top_up_reverted,known_intent,40,2507,0,R0,6
40,0,banking77_closed,27,topping_up_by_card,known_intent,40,2507,0,R0,13
40,0,banking77_closed,40,transaction_charged_twice,known_intent,40,2507,0,R0,0
40,0,banking77_closed,38,transfer_fee_charged,known_intent,40,2507,0,R0,2
40,0,banking77_closed,35,transfer_into_account,known_intent,40,2507,0,R0,5
40,0,banking77_closed,33,transfer_not_received_by_recipient,known_intent,40,2507,0,R0,7
40,0,banking77_closed,37,transfer_timing,known_intent,40,2507,0,R0,3
40,0,banking77_closed,38,unable_to_verify_identity,known_intent,40,2507,0,R0,2
40,0,banking77_closed,34,verify_my_identity,known_intent,40,2507,0,R0,6
40,0,banking77_closed,40,verify_source_of_funds,known_intent,40,2507,0,R0,0
40,0,banking77_closed,40,verify_top_up,known_intent,40,2507,0,R0,0
40,0,banking77_closed,13,virtual_card_not_working,known_intent,40,2507,0,R0,27
40,0,banking77_closed,37,visa_or_mastercard,known_intent,40,2507,0,R0,3
40,0,banking77_closed,37,why_verify_identity,known_intent,40,2507,0,R0,3
40,0,banking77_closed,35,wrong_amount_of_cash_received,known_intent,40,2507,0,R0,5
40,0,banking77_closed,31,wrong_exchange_rate_for_cash_withdrawal,known_intent,40,2507,0,R0,9
40,0,banking77_closed,37,Refund_not_showing_up,known_intent,40,2507,0,R2,3
40,0,banking77_closed,36,activate_my_card,known_intent,40,2507,0,R2,4
40,0,banking77_closed,40,age_limit,known_intent,40,2507,0,R2,0
40,0,banking77_closed,40,apple_pay_or_google_pay,known_intent,40,2507,0,R2,0
40,0,banking77_closed,37,atm_support,known_intent,40,2507,0,R2,3
40,0,banking77_closed,36,automatic_top_up,known_intent,40,2507,0,R2,4
40,0,banking77_closed,19,balance_not_updated_after_bank_transfer,known_intent,40,2507,0,R2,21
40,0,banking77_closed,35,balance_not_updated_after_cheque_or_cash_deposit,known_intent,40,2507,0,R2,5
40,0,banking77_closed,25,beneficiary_not_allowed,known_intent,40,2507,0,R2,15
40,0,banking77_closed,36,cancel_transfer,known_intent,40,2507,0,R2,4
40,0,banking77_closed,39,card_about_to_expire,known_intent,40,2507,0,R2,1
40,0,banking77_closed,38,card_acceptance,known_intent,40,2507,0,R2,2
40,0,banking77_closed,32,card_arrival,known_intent,40,2507,0,R2,8
40,0,banking77_closed,37,card_delivery_estimate,known_intent,40,2507,0,R2,3
40,0,banking77_closed,38,card_linking,known_intent,40,2507,0,R2,2
40,0,banking77_closed,34,card_not_working,known_intent,40,2507,0,R2,6
40,0,banking77_closed,35,card_payment_fee_charged,known_intent,40,2507,0,R2,5
40,0,banking77_closed,27,card_payment_not_recognised,known_intent,40,2507,0,R2,13
40,0,banking77_closed,34,card_payment_wrong_exchange_rate,known_intent,40,2507,0,R2,6
40,0,banking77_closed,37,card_swallowed,known_intent,40,2507,0,R2,3
40,0,banking77_closed,35,cash_withdrawal_charge,known_intent,40,2507,0,R2,5
40,0,banking77_closed,32,cash_withdrawal_not_recognised,known_intent,40,2507,0,R2,8
40,0,banking77_closed,40,change_pin,known_intent,40,2507,0,R2,0
40,0,banking77_closed,28,compromised_card,known_intent,40,2507,0,R2,12
40,0,banking77_closed,37,contactless_not_working,known_intent,40,2507,0,R2,3
40,0,banking77_closed,39,country_support,known_intent,40,2507,0,R2,1
40,0,banking77_closed,36,declined_card_payment,known_intent,40,2507,0,R2,4
40,0,banking77_closed,26,declined_cash_withdrawal,known_intent,40,2507,0,R2,14
40,0,banking77_closed,30,declined_transfer,known_intent,40,2507,0,R2,10
40,0,banking77_closed,34,direct_debit_payment_not_recognised,known_intent,40,2507,0,R2,6
40,0,banking77_closed,35,disposable_card_limits,known_intent,40,2507,0,R2,5
40,0,banking77_closed,40,edit_personal_details,known_intent,40,2507,0,R2,0
40,0,banking77_closed,37,exchange_charge,known_intent,40,2507,0,R2,3
40,0,banking77_closed,37,exchange_rate,known_intent,40,2507,0,R2,3
40,0,banking77_closed,37,exchange_via_app,known_intent,40,2507,0,R2,3
40,0,banking77_closed,37,extra_charge_on_statement,known_intent,40,2507,0,R2,3
40,0,banking77_closed,34,failed_transfer,known_intent,40,2507,0,R2,6
40,0,banking77_closed,35,fiat_currency_support,known_intent,40,2507,0,R2,5
40,0,banking77_closed,35,get_disposable_virtual_card,known_intent,40,2507,0,R2,5
40,0,banking77_closed,38,get_physical_card,known_intent,40,2507,0,R2,2
40,0,banking77_closed,38,getting_spare_card,known_intent,40,2507,0,R2,2
40,0,banking77_closed,38,getting_virtual_card,known_intent,40,2507,0,R2,2
40,0,banking77_closed,38,lost_or_stolen_card,known_intent,40,2507,0,R2,2
40,0,banking77_closed,38,lost_or_stolen_phone,known_intent,40,2507,0,R2,2
40,0,banking77_closed,32,order_physical_card,known_intent,40,2507,0,R2,8
40,0,banking77_closed,40,passcode_forgotten,known_intent,40,2507,0,R2,0
40,0,banking77_closed,37,pending_card_payment,known_intent,40,2507,0,R2,3
40,0,banking77_closed,34,pending_cash_withdrawal,known_intent,40,2507,0,R2,6
40,0,banking77_closed,28,pending_top_up,known_intent,40,2507,0,R2,12
40,0,banking77_closed,27,pending_transfer,known_intent,40,2507,0,R2,13
40,0,banking77_closed,28,pin_blocked,known_intent,40,2507,0,R2,12
40,0,banking77_closed,31,receiving_money,known_intent,40,2507,0,R2,9
40,0,banking77_closed,37,request_refund,known_intent,40,2507,0,R2,3
40,0,banking77_closed,32,reverted_card_payment?,known_intent,40,2507,0,R2,8
40,0,banking77_closed,28,supported_cards_and_currencies,known_intent,40,2507,0,R2,12
40,0,banking77_closed,40,terminate_account,known_intent,40,2507,0,R2,0
40,0,banking77_closed,36,top_up_by_bank_transfer_charge,known_intent,40,2507,0,R2,4
40,0,banking77_closed,35,top_up_by_card_charge,known_intent,40,2507,0,R2,5
40,0,banking77_closed,34,top_up_by_cash_or_cheque,known_intent,40,2507,0,R2,6
40,0,banking77_closed,34,top_up_failed,known_intent,40,2507,0,R2,6
40,0,banking77_closed,38,top_up_limits,known_intent,40,2507,0,R2,2
40,0,banking77_closed,24,top_up_reverted,known_intent,40,2507,0,R2,16
40,0,banking77_closed,22,topping_up_by_card,known_intent,40,2507,0,R2,18
40,0,banking77_closed,40,transaction_charged_twice,known_intent,40,2507,0,R2,0
40,0,banking77_closed,36,transfer_fee_charged,known_intent,40,2507,0,R2,4
40,0,banking77_closed,34,transfer_into_account,known_intent,40,2507,0,R2,6
40,0,banking77_closed,22,transfer_not_received_by_recipient,known_intent,40,2507,0,R2,18
40,0,banking77_closed,39,transfer_timing,known_intent,40,2507,0,R2,1
40,0,banking77_closed,35,unable_to_verify_identity,known_intent,40,2507,0,R2,5
40,0,banking77_closed,33,verify_my_identity,known_intent,40,2507,0,R2,7
40,0,banking77_closed,40,verify_source_of_funds,known_intent,40,2507,0,R2,0
40,0,banking77_closed,40,verify_top_up,known_intent,40,2507,0,R2,0
40,0,banking77_closed,34,virtual_card_not_working,known_intent,40,2507,0,R2,6
40,0,banking77_closed,36,visa_or_mastercard,known_intent,40,2507,0,R2,4
40,0,banking77_closed,24,why_verify_identity,known_intent,40,2507,0,R2,16
40,0,banking77_closed,28,wrong_amount_of_cash_received,known_intent,40,2507,0,R2,12
40,0,banking77_closed,34,wrong_exchange_rate_for_cash_withdrawal,known_intent,40,2507,0,R2,6
30,0,clinc150,30,application_status,known_intent,30,2508,0,R0,0
30,0,clinc150,30,book_flight,known_intent,30,2508,0,R0,0
30,0,clinc150,29,calories,known_intent,30,2508,0,R0,1
30,0,clinc150,30,cancel_reservation,known_intent,30,2508,0,R0,0
30,0,clinc150,30,change_accent,known_intent,30,2508,0,R0,0
30,0,clinc150,30,change_ai_name,known_intent,30,2508,0,R0,0
30,0,clinc150,30,credit_limit,known_intent,30,2508,0,R0,0
30,0,clinc150,30,credit_score,known_intent,30,2508,0,R0,0
30,0,clinc150,29,definition,known_intent,30,2508,0,R0,1
30,0,clinc150,30,directions,known_intent,30,2508,0,R0,0
30,0,clinc150,30,freeze_account,known_intent,30,2508,0,R0,0
30,0,clinc150,30,greeting,known_intent,30,2508,0,R0,0
30,0,clinc150,29,income,known_intent,30,2508,0,R0,1
30,0,clinc150,30,ingredient_substitution,known_intent,30,2508,0,R0,0
30,0,clinc150,30,insurance_change,known_intent,30,2508,0,R0,0
30,0,clinc150,30,interest_rate,known_intent,30,2508,0,R0,0
30,0,clinc150,30,international_fees,known_intent,30,2508,0,R0,0
30,0,clinc150,30,international_visa,known_intent,30,2508,0,R0,0
30,0,clinc150,29,last_maintenance,known_intent,30,2508,0,R0,1
30,0,clinc150,30,maybe,known_intent,30,2508,0,R0,0
30,0,clinc150,27,meal_suggestion,known_intent,30,2508,0,R0,3
30,0,clinc150,30,next_song,known_intent,30,2508,0,R0,0
30,0,clinc150,30,oil_change_when,known_intent,30,2508,0,R0,0
30,0,clinc150,28,order,known_intent,30,2508,0,R0,2
30,0,clinc150,29,plug_type,known_intent,30,2508,0,R0,1
30,0,clinc150,30,pto_request,known_intent,30,2508,0,R0,0
30,0,clinc150,30,pto_used,known_intent,30,2508,0,R0,0
30,0,clinc150,30,redeem_rewards,known_intent,30,2508,0,R0,0
30,0,clinc150,29,reminder_update,known_intent,30,2508,0,R0,1
30,0,clinc150,29,restaurant_suggestion,known_intent,30,2508,0,R0,1
30,0,clinc150,30,roll_dice,known_intent,30,2508,0,R0,0
30,0,clinc150,30,rollover_401k,known_intent,30,2508,0,R0,0
30,0,clinc150,28,schedule_maintenance,known_intent,30,2508,0,R0,2
30,0,clinc150,29,spelling,known_intent,30,2508,0,R0,1
30,0,clinc150,29,spending_history,known_intent,30,2508,0,R0,1
30,0,clinc150,30,sync_device,known_intent,30,2508,0,R0,0
30,0,clinc150,28,text,known_intent,30,2508,0,R0,2
30,0,clinc150,30,thank_you,known_intent,30,2508,0,R0,0
30,0,clinc150,30,tire_pressure,known_intent,30,2508,0,R0,0
30,0,clinc150,30,todo_list,known_intent,30,2508,0,R0,0
30,0,clinc150,22,transactions,known_intent,30,2508,0,R0,8
30,0,clinc150,29,transfer,known_intent,30,2508,0,R0,1
30,0,clinc150,30,translate,known_intent,30,2508,0,R0,0
30,0,clinc150,30,travel_suggestion,known_intent,30,2508,0,R0,0
30,0,clinc150,30,weather,known_intent,30,2508,0,R0,0
30,0,clinc150,28,what_is_your_name,known_intent,30,2508,0,R0,2
30,0,clinc150,30,what_song,known_intent,30,2508,0,R0,0
30,0,clinc150,28,who_do_you_work_for,known_intent,30,2508,0,R0,2
30,0,clinc150,30,who_made_you,known_intent,30,2508,0,R0,0
30,0,clinc150,28,yes,known_intent,30,2508,0,R0,2
3000,0,clinc150,0,heldout_intent,unknown_kind,3000,2508,0,R0,0
1000,0,clinc150,0,official_oos,unknown_kind,1000,2508,0,R0,0
30,0,clinc150,30,application_status,known_intent,30,2508,0,R2,0
30,0,clinc150,30,book_flight,known_intent,30,2508,0,R2,0
30,0,clinc150,30,calories,known_intent,30,2508,0,R2,0
30,0,clinc150,30,cancel_reservation,known_intent,30,2508,0,R2,0
30,0,clinc150,28,change_accent,known_intent,30,2508,0,R2,2
30,0,clinc150,27,change_ai_name,known_intent,30,2508,0,R2,3
30,0,clinc150,30,credit_limit,known_intent,30,2508,0,R2,0
30,0,clinc150,30,credit_score,known_intent,30,2508,0,R2,0
30,0,clinc150,30,definition,known_intent,30,2508,0,R2,0
30,0,clinc150,30,directions,known_intent,30,2508,0,R2,0
30,0,clinc150,30,freeze_account,known_intent,30,2508,0,R2,0
30,0,clinc150,30,greeting,known_intent,30,2508,0,R2,0
30,0,clinc150,29,income,known_intent,30,2508,0,R2,1
30,0,clinc150,30,ingredient_substitution,known_intent,30,2508,0,R2,0
30,0,clinc150,30,insurance_change,known_intent,30,2508,0,R2,0
30,0,clinc150,30,interest_rate,known_intent,30,2508,0,R2,0
30,0,clinc150,30,international_fees,known_intent,30,2508,0,R2,0
30,0,clinc150,30,international_visa,known_intent,30,2508,0,R2,0
30,0,clinc150,28,last_maintenance,known_intent,30,2508,0,R2,2
30,0,clinc150,30,maybe,known_intent,30,2508,0,R2,0
30,0,clinc150,28,meal_suggestion,known_intent,30,2508,0,R2,2
30,0,clinc150,28,next_song,known_intent,30,2508,0,R2,2
30,0,clinc150,30,oil_change_when,known_intent,30,2508,0,R2,0
30,0,clinc150,29,order,known_intent,30,2508,0,R2,1
30,0,clinc150,29,plug_type,known_intent,30,2508,0,R2,1
30,0,clinc150,29,pto_request,known_intent,30,2508,0,R2,1
30,0,clinc150,30,pto_used,known_intent,30,2508,0,R2,0
30,0,clinc150,30,redeem_rewards,known_intent,30,2508,0,R2,0
30,0,clinc150,28,reminder_update,known_intent,30,2508,0,R2,2
30,0,clinc150,29,restaurant_suggestion,known_intent,30,2508,0,R2,1
30,0,clinc150,30,roll_dice,known_intent,30,2508,0,R2,0
30,0,clinc150,30,rollover_401k,known_intent,30,2508,0,R2,0
30,0,clinc150,29,schedule_maintenance,known_intent,30,2508,0,R2,1
30,0,clinc150,29,spelling,known_intent,30,2508,0,R2,1
30,0,clinc150,29,spending_history,known_intent,30,2508,0,R2,1
30,0,clinc150,30,sync_device,known_intent,30,2508,0,R2,0
30,0,clinc150,28,text,known_intent,30,2508,0,R2,2
30,0,clinc150,28,thank_you,known_intent,30,2508,0,R2,2
30,0,clinc150,30,tire_pressure,known_intent,30,2508,0,R2,0
30,0,clinc150,30,todo_list,known_intent,30,2508,0,R2,0
30,0,clinc150,21,transactions,known_intent,30,2508,0,R2,9
30,0,clinc150,29,transfer,known_intent,30,2508,0,R2,1
30,0,clinc150,27,translate,known_intent,30,2508,0,R2,3
30,0,clinc150,28,travel_suggestion,known_intent,30,2508,0,R2,2
30,0,clinc150,30,weather,known_intent,30,2508,0,R2,0
30,0,clinc150,23,what_is_your_name,known_intent,30,2508,0,R2,7
30,0,clinc150,30,what_song,known_intent,30,2508,0,R2,0
30,0,clinc150,25,who_do_you_work_for,known_intent,30,2508,0,R2,5
30,0,clinc150,30,who_made_you,known_intent,30,2508,0,R2,0
30,0,clinc150,23,yes,known_intent,30,2508,0,R2,7
3000,0,clinc150,0,heldout_intent,unknown_kind,3000,2508,0,R2,0
1000,0,clinc150,0,official_oos,unknown_kind,1000,2508,0,R2,0
29,0,clinc150,29,application_status,known_intent,30,2508,1,MAX_THRESHOLD,0
11,0,clinc150,11,book_flight,known_intent,30,2508,19,MAX_THRESHOLD,0
24,0,clinc150,24,calories,known_intent,30,2508,6,MAX_THRESHOLD,0
28,0,clinc150,28,cancel_reservation,known_intent,30,2508,2,MAX_THRESHOLD,0
26,0,clinc150,24,change_accent,known_intent,30,2508,4,MAX_THRESHOLD,2
23,0,clinc150,22,change_ai_name,known_intent,30,2508,7,MAX_THRESHOLD,1
28,0,clinc150,28,credit_limit,known_intent,30,2508,2,MAX_THRESHOLD,0
30,0,clinc150,30,credit_score,known_intent,30,2508,0,MAX_THRESHOLD,0
0,0,clinc150,0,definition,known_intent,30,2508,30,MAX_THRESHOLD,0
10,0,clinc150,10,directions,known_intent,30,2508,20,MAX_THRESHOLD,0
28,0,clinc150,28,freeze_account,known_intent,30,2508,2,MAX_THRESHOLD,0
24,0,clinc150,24,greeting,known_intent,30,2508,6,MAX_THRESHOLD,0
26,0,clinc150,26,income,known_intent,30,2508,4,MAX_THRESHOLD,0
21,0,clinc150,21,ingredient_substitution,known_intent,30,2508,9,MAX_THRESHOLD,0
27,0,clinc150,27,insurance_change,known_intent,30,2508,3,MAX_THRESHOLD,0
28,0,clinc150,28,interest_rate,known_intent,30,2508,2,MAX_THRESHOLD,0
27,0,clinc150,27,international_fees,known_intent,30,2508,3,MAX_THRESHOLD,0
29,0,clinc150,29,international_visa,known_intent,30,2508,1,MAX_THRESHOLD,0
30,0,clinc150,28,last_maintenance,known_intent,30,2508,0,MAX_THRESHOLD,2
24,0,clinc150,24,maybe,known_intent,30,2508,6,MAX_THRESHOLD,0
20,0,clinc150,20,meal_suggestion,known_intent,30,2508,10,MAX_THRESHOLD,0
26,0,clinc150,25,next_song,known_intent,30,2508,4,MAX_THRESHOLD,1
30,0,clinc150,30,oil_change_when,known_intent,30,2508,0,MAX_THRESHOLD,0
9,0,clinc150,9,order,known_intent,30,2508,21,MAX_THRESHOLD,0
25,0,clinc150,25,plug_type,known_intent,30,2508,5,MAX_THRESHOLD,0
25,0,clinc150,25,pto_request,known_intent,30,2508,5,MAX_THRESHOLD,0
29,0,clinc150,29,pto_used,known_intent,30,2508,1,MAX_THRESHOLD,0
28,0,clinc150,28,redeem_rewards,known_intent,30,2508,2,MAX_THRESHOLD,0
20,0,clinc150,20,reminder_update,known_intent,30,2508,10,MAX_THRESHOLD,0
17,0,clinc150,17,restaurant_suggestion,known_intent,30,2508,13,MAX_THRESHOLD,0
24,0,clinc150,24,roll_dice,known_intent,30,2508,6,MAX_THRESHOLD,0
28,0,clinc150,28,rollover_401k,known_intent,30,2508,2,MAX_THRESHOLD,0
28,0,clinc150,27,schedule_maintenance,known_intent,30,2508,2,MAX_THRESHOLD,1
25,0,clinc150,25,spelling,known_intent,30,2508,5,MAX_THRESHOLD,0
27,0,clinc150,26,spending_history,known_intent,30,2508,3,MAX_THRESHOLD,1
29,0,clinc150,29,sync_device,known_intent,30,2508,1,MAX_THRESHOLD,0
14,0,clinc150,14,text,known_intent,30,2508,16,MAX_THRESHOLD,0
28,0,clinc150,28,thank_you,known_intent,30,2508,2,MAX_THRESHOLD,0
30,0,clinc150,30,tire_pressure,known_intent,30,2508,0,MAX_THRESHOLD,0
27,0,clinc150,27,todo_list,known_intent,30,2508,3,MAX_THRESHOLD,0
24,0,clinc150,18,transactions,known_intent,30,2508,6,MAX_THRESHOLD,6
27,0,clinc150,26,transfer,known_intent,30,2508,3,MAX_THRESHOLD,1
10,0,clinc150,10,translate,known_intent,30,2508,20,MAX_THRESHOLD,0
21,0,clinc150,20,travel_suggestion,known_intent,30,2508,9,MAX_THRESHOLD,1
26,0,clinc150,26,weather,known_intent,30,2508,4,MAX_THRESHOLD,0
27,0,clinc150,22,what_is_your_name,known_intent,30,2508,3,MAX_THRESHOLD,5
29,0,clinc150,29,what_song,known_intent,30,2508,1,MAX_THRESHOLD,0
20,0,clinc150,19,who_do_you_work_for,known_intent,30,2508,10,MAX_THRESHOLD,1
24,0,clinc150,24,who_made_you,known_intent,30,2508,6,MAX_THRESHOLD,0
17,0,clinc150,17,yes,known_intent,30,2508,13,MAX_THRESHOLD,0
439,0,clinc150,0,heldout_intent,unknown_kind,3000,2508,2561,MAX_THRESHOLD,0
25,0,clinc150,0,official_oos,unknown_kind,1000,2508,975,MAX_THRESHOLD,0
14,0,clinc150,14,application_status,known_intent,30,2508,16,R3,0
0,0,clinc150,0,book_flight,known_intent,30,2508,30,R3,0
0,0,clinc150,0,calories,known_intent,30,2508,30,R3,0
15,0,clinc150,15,cancel_reservation,known_intent,30,2508,15,R3,0
6,0,clinc150,6,change_accent,known_intent,30,2508,24,R3,0
1,0,clinc150,1,change_ai_name,known_intent,30,2508,29,R3,0
9,0,clinc150,9,credit_limit,known_intent,30,2508,21,R3,0
19,0,clinc150,19,credit_score,known_intent,30,2508,11,R3,0
0,0,clinc150,0,definition,known_intent,30,2508,30,R3,0
0,0,clinc150,0,directions,known_intent,30,2508,30,R3,0
15,0,clinc150,15,freeze_account,known_intent,30,2508,15,R3,0
16,0,clinc150,16,greeting,known_intent,30,2508,14,R3,0
13,0,clinc150,13,income,known_intent,30,2508,17,R3,0
0,0,clinc150,0,ingredient_substitution,known_intent,30,2508,30,R3,0
9,0,clinc150,9,insurance_change,known_intent,30,2508,21,R3,0
8,0,clinc150,8,interest_rate,known_intent,30,2508,22,R3,0
5,0,clinc150,5,international_fees,known_intent,30,2508,25,R3,0
7,0,clinc150,7,international_visa,known_intent,30,2508,23,R3,0
11,2,clinc150,11,last_maintenance,known_intent,30,2508,17,R3,0
13,0,clinc150,13,maybe,known_intent,30,2508,17,R3,0
2,0,clinc150,2,meal_suggestion,known_intent,30,2508,28,R3,0
9,0,clinc150,9,next_song,known_intent,30,2508,21,R3,0
20,0,clinc150,20,oil_change_when,known_intent,30,2508,10,R3,0
5,0,clinc150,5,order,known_intent,30,2508,25,R3,0
8,0,clinc150,8,plug_type,known_intent,30,2508,22,R3,0
0,0,clinc150,0,pto_request,known_intent,30,2508,30,R3,0
10,0,clinc150,10,pto_used,known_intent,30,2508,20,R3,0
6,0,clinc150,6,redeem_rewards,known_intent,30,2508,24,R3,0
4,0,clinc150,4,reminder_update,known_intent,30,2508,26,R3,0
6,0,clinc150,6,restaurant_suggestion,known_intent,30,2508,24,R3,0
3,0,clinc150,3,roll_dice,known_intent,30,2508,27,R3,0
10,0,clinc150,10,rollover_401k,known_intent,30,2508,20,R3,0
4,1,clinc150,4,schedule_maintenance,known_intent,30,2508,25,R3,0
1,0,clinc150,1,spelling,known_intent,30,2508,29,R3,0
13,0,clinc150,13,spending_history,known_intent,30,2508,17,R3,0
6,0,clinc150,6,sync_device,known_intent,30,2508,24,R3,0
1,0,clinc150,1,text,known_intent,30,2508,29,R3,0
23,0,clinc150,23,thank_you,known_intent,30,2508,7,R3,0
14,0,clinc150,14,tire_pressure,known_intent,30,2508,16,R3,0
5,0,clinc150,5,todo_list,known_intent,30,2508,25,R3,0
10,1,clinc150,10,transactions,known_intent,30,2508,19,R3,0
4,0,clinc150,4,transfer,known_intent,30,2508,26,R3,0
2,0,clinc150,2,translate,known_intent,30,2508,28,R3,0
1,0,clinc150,1,travel_suggestion,known_intent,30,2508,29,R3,0
10,0,clinc150,10,weather,known_intent,30,2508,20,R3,0
14,1,clinc150,14,what_is_your_name,known_intent,30,2508,15,R3,0
17,0,clinc150,17,what_song,known_intent,30,2508,13,R3,0
6,0,clinc150,6,who_do_you_work_for,known_intent,30,2508,24,R3,0
8,0,clinc150,8,who_made_you,known_intent,30,2508,22,R3,0
7,0,clinc150,7,yes,known_intent,30,2508,23,R3,0
54,2,clinc150,0,heldout_intent,unknown_kind,3000,2508,2944,R3,0
1,0,clinc150,0,official_oos,unknown_kind,1000,2508,999,R3,0
40,0,banking77_open,39,activate_my_card,known_intent,40,2508,0,R0,1
40,0,banking77_open,39,atm_support,known_intent,40,2508,0,R0,1
40,0,banking77_open,39,balance_not_updated_after_cheque_or_cash_deposit,known_intent,40,2508,0,R0,1
40,0,banking77_open,39,card_acceptance,known_intent,40,2508,0,R0,1
40,0,banking77_open,35,card_arrival,known_intent,40,2508,0,R0,5
40,0,banking77_open,37,card_delivery_estimate,known_intent,40,2508,0,R0,3
40,0,banking77_open,39,card_not_working,known_intent,40,2508,0,R0,1
40,0,banking77_open,38,card_payment_wrong_exchange_rate,known_intent,40,2508,0,R0,2
40,0,banking77_open,38,card_swallowed,known_intent,40,2508,0,R0,2
40,0,banking77_open,39,cash_withdrawal_charge,known_intent,40,2508,0,R0,1
40,0,banking77_open,39,change_pin,known_intent,40,2508,0,R0,1
40,0,banking77_open,38,country_support,known_intent,40,2508,0,R0,2
40,0,banking77_open,39,declined_cash_withdrawal,known_intent,40,2508,0,R0,1
40,0,banking77_open,34,declined_transfer,known_intent,40,2508,0,R0,6
40,0,banking77_open,37,disposable_card_limits,known_intent,40,2508,0,R0,3
40,0,banking77_open,37,exchange_charge,known_intent,40,2508,0,R0,3
40,0,banking77_open,39,extra_charge_on_statement,known_intent,40,2508,0,R0,1
40,0,banking77_open,40,getting_spare_card,known_intent,40,2508,0,R0,0
40,0,banking77_open,38,lost_or_stolen_card,known_intent,40,2508,0,R0,2
40,0,banking77_open,39,lost_or_stolen_phone,known_intent,40,2508,0,R0,1
40,0,banking77_open,40,passcode_forgotten,known_intent,40,2508,0,R0,0
40,0,banking77_open,36,pending_top_up,known_intent,40,2508,0,R0,4
40,0,banking77_open,33,pending_transfer,known_intent,40,2508,0,R0,7
40,0,banking77_open,37,pin_blocked,known_intent,40,2508,0,R0,3
40,0,banking77_open,40,receiving_money,known_intent,40,2508,0,R0,0
40,0,banking77_open,38,top_up_by_bank_transfer_charge,known_intent,40,2508,0,R0,2
40,0,banking77_open,39,top_up_by_card_charge,known_intent,40,2508,0,R0,1
40,0,banking77_open,35,top_up_by_cash_or_cheque,known_intent,40,2508,0,R0,5
40,0,banking77_open,35,top_up_failed,known_intent,40,2508,0,R0,5
40,0,banking77_open,34,top_up_reverted,known_intent,40,2508,0,R0,6
40,0,banking77_open,34,topping_up_by_card,known_intent,40,2508,0,R0,6
40,0,banking77_open,40,transaction_charged_twice,known_intent,40,2508,0,R0,0
40,0,banking77_open,36,transfer_not_received_by_recipient,known_intent,40,2508,0,R0,4
40,0,banking77_open,38,unable_to_verify_identity,known_intent,40,2508,0,R0,2
40,0,banking77_open,40,verify_top_up,known_intent,40,2508,0,R0,0
40,0,banking77_open,36,virtual_card_not_working,known_intent,40,2508,0,R0,4
40,0,banking77_open,37,visa_or_mastercard,known_intent,40,2508,0,R0,3
40,0,banking77_open,38,why_verify_identity,known_intent,40,2508,0,R0,2
40,0,banking77_open,37,wrong_exchange_rate_for_cash_withdrawal,known_intent,40,2508,0,R0,3
760,0,banking77_open,0,test_only_oos_intent,unknown_kind,760,2508,0,R0,0
40,0,banking77_open,38,activate_my_card,known_intent,40,2508,0,R2,2
40,0,banking77_open,38,atm_support,known_intent,40,2508,0,R2,2
40,0,banking77_open,40,balance_not_updated_after_cheque_or_cash_deposit,known_intent,40,2508,0,R2,0
40,0,banking77_open,40,card_acceptance,known_intent,40,2508,0,R2,0
40,0,banking77_open,33,card_arrival,known_intent,40,2508,0,R2,7
40,0,banking77_open,37,card_delivery_estimate,known_intent,40,2508,0,R2,3
40,0,banking77_open,36,card_not_working,known_intent,40,2508,0,R2,4
40,0,banking77_open,38,card_payment_wrong_exchange_rate,known_intent,40,2508,0,R2,2
40,0,banking77_open,39,card_swallowed,known_intent,40,2508,0,R2,1
40,0,banking77_open,38,cash_withdrawal_charge,known_intent,40,2508,0,R2,2
40,0,banking77_open,40,change_pin,known_intent,40,2508,0,R2,0
40,0,banking77_open,38,country_support,known_intent,40,2508,0,R2,2
40,0,banking77_open,36,declined_cash_withdrawal,known_intent,40,2508,0,R2,4
40,0,banking77_open,31,declined_transfer,known_intent,40,2508,0,R2,9
40,0,banking77_open,40,disposable_card_limits,known_intent,40,2508,0,R2,0
40,0,banking77_open,39,exchange_charge,known_intent,40,2508,0,R2,1
40,0,banking77_open,37,extra_charge_on_statement,known_intent,40,2508,0,R2,3
40,0,banking77_open,39,getting_spare_card,known_intent,40,2508,0,R2,1
40,0,banking77_open,38,lost_or_stolen_card,known_intent,40,2508,0,R2,2
40,0,banking77_open,39,lost_or_stolen_phone,known_intent,40,2508,0,R2,1
40,0,banking77_open,40,passcode_forgotten,known_intent,40,2508,0,R2,0
40,0,banking77_open,31,pending_top_up,known_intent,40,2508,0,R2,9
40,0,banking77_open,33,pending_transfer,known_intent,40,2508,0,R2,7
40,0,banking77_open,33,pin_blocked,known_intent,40,2508,0,R2,7
40,0,banking77_open,37,receiving_money,known_intent,40,2508,0,R2,3
40,0,banking77_open,38,top_up_by_bank_transfer_charge,known_intent,40,2508,0,R2,2
40,0,banking77_open,36,top_up_by_card_charge,known_intent,40,2508,0,R2,4
40,0,banking77_open,36,top_up_by_cash_or_cheque,known_intent,40,2508,0,R2,4
40,0,banking77_open,36,top_up_failed,known_intent,40,2508,0,R2,4
40,0,banking77_open,29,top_up_reverted,known_intent,40,2508,0,R2,11
40,0,banking77_open,28,topping_up_by_card,known_intent,40,2508,0,R2,12
40,0,banking77_open,40,transaction_charged_twice,known_intent,40,2508,0,R2,0
40,0,banking77_open,31,transfer_not_received_by_recipient,known_intent,40,2508,0,R2,9
40,0,banking77_open,37,unable_to_verify_identity,known_intent,40,2508,0,R2,3
40,0,banking77_open,40,verify_top_up,known_intent,40,2508,0,R2,0
40,0,banking77_open,36,virtual_card_not_working,known_intent,40,2508,0,R2,4
40,0,banking77_open,38,visa_or_mastercard,known_intent,40,2508,0,R2,2
40,0,banking77_open,37,why_verify_identity,known_intent,40,2508,0,R2,3
40,0,banking77_open,34,wrong_exchange_rate_for_cash_withdrawal,known_intent,40,2508,0,R2,6
760,0,banking77_open,0,test_only_oos_intent,unknown_kind,760,2508,0,R2,0
38,0,banking77_open,38,activate_my_card,known_intent,40,2508,2,MAX_THRESHOLD,0
35,0,banking77_open,33,atm_support,known_intent,40,2508,5,MAX_THRESHOLD,2
36,0,banking77_open,36,balance_not_updated_after_cheque_or_cash_deposit,known_intent,40,2508,4,MAX_THRESHOLD,0
38,0,banking77_open,38,card_acceptance,known_intent,40,2508,2,MAX_THRESHOLD,0
39,0,banking77_open,32,card_arrival,known_intent,40,2508,1,MAX_THRESHOLD,7
33,0,banking77_open,31,card_delivery_estimate,known_intent,40,2508,7,MAX_THRESHOLD,2
35,0,banking77_open,33,card_not_working,known_intent,40,2508,5,MAX_THRESHOLD,2
37,0,banking77_open,36,card_payment_wrong_exchange_rate,known_intent,40,2508,3,MAX_THRESHOLD,1
38,0,banking77_open,37,card_swallowed,known_intent,40,2508,2,MAX_THRESHOLD,1
37,0,banking77_open,37,cash_withdrawal_charge,known_intent,40,2508,3,MAX_THRESHOLD,0
39,0,banking77_open,39,change_pin,known_intent,40,2508,1,MAX_THRESHOLD,0
19,0,banking77_open,19,country_support,known_intent,40,2508,21,MAX_THRESHOLD,0
30,0,banking77_open,29,declined_cash_withdrawal,known_intent,40,2508,10,MAX_THRESHOLD,1
28,0,banking77_open,26,declined_transfer,known_intent,40,2508,12,MAX_THRESHOLD,2
39,0,banking77_open,39,disposable_card_limits,known_intent,40,2508,1,MAX_THRESHOLD,0
38,0,banking77_open,38,exchange_charge,known_intent,40,2508,2,MAX_THRESHOLD,0
26,0,banking77_open,26,extra_charge_on_statement,known_intent,40,2508,14,MAX_THRESHOLD,0
37,0,banking77_open,37,getting_spare_card,known_intent,40,2508,3,MAX_THRESHOLD,0
33,0,banking77_open,33,lost_or_stolen_card,known_intent,40,2508,7,MAX_THRESHOLD,0
25,0,banking77_open,24,lost_or_stolen_phone,known_intent,40,2508,15,MAX_THRESHOLD,1
35,0,banking77_open,35,passcode_forgotten,known_intent,40,2508,5,MAX_THRESHOLD,0
24,0,banking77_open,22,pending_top_up,known_intent,40,2508,16,MAX_THRESHOLD,2
29,0,banking77_open,28,pending_transfer,known_intent,40,2508,11,MAX_THRESHOLD,1
34,0,banking77_open,30,pin_blocked,known_intent,40,2508,6,MAX_THRESHOLD,4
20,0,banking77_open,20,receiving_money,known_intent,40,2508,20,MAX_THRESHOLD,0
34,0,banking77_open,33,top_up_by_bank_transfer_charge,known_intent,40,2508,6,MAX_THRESHOLD,1
37,0,banking77_open,34,top_up_by_card_charge,known_intent,40,2508,3,MAX_THRESHOLD,3
31,0,banking77_open,30,top_up_by_cash_or_cheque,known_intent,40,2508,9,MAX_THRESHOLD,1
38,0,banking77_open,35,top_up_failed,known_intent,40,2508,2,MAX_THRESHOLD,3
27,0,banking77_open,24,top_up_reverted,known_intent,40,2508,13,MAX_THRESHOLD,3
22,0,banking77_open,16,topping_up_by_card,known_intent,40,2508,18,MAX_THRESHOLD,6
26,0,banking77_open,26,transaction_charged_twice,known_intent,40,2508,14,MAX_THRESHOLD,0
16,0,banking77_open,14,transfer_not_received_by_recipient,known_intent,40,2508,24,MAX_THRESHOLD,2
36,0,banking77_open,33,unable_to_verify_identity,known_intent,40,2508,4,MAX_THRESHOLD,3
40,0,banking77_open,40,verify_top_up,known_intent,40,2508,0,MAX_THRESHOLD,0
40,0,banking77_open,36,virtual_card_not_working,known_intent,40,2508,0,MAX_THRESHOLD,4
31,0,banking77_open,29,visa_or_mastercard,known_intent,40,2508,9,MAX_THRESHOLD,2
32,0,banking77_open,29,why_verify_identity,known_intent,40,2508,8,MAX_THRESHOLD,3
33,0,banking77_open,29,wrong_exchange_rate_for_cash_withdrawal,known_intent,40,2508,7,MAX_THRESHOLD,4
147,0,banking77_open,0,test_only_oos_intent,unknown_kind,760,2508,613,MAX_THRESHOLD,0
16,0,banking77_open,16,activate_my_card,known_intent,40,2508,24,R3,0
10,0,banking77_open,10,atm_support,known_intent,40,2508,30,R3,0
3,0,banking77_open,3,balance_not_updated_after_cheque_or_cash_deposit,known_intent,40,2508,37,R3,0
5,0,banking77_open,5,card_acceptance,known_intent,40,2508,35,R3,0
5,0,banking77_open,2,card_arrival,known_intent,40,2508,35,R3,3
6,0,banking77_open,6,card_delivery_estimate,known_intent,40,2508,34,R3,0
13,0,banking77_open,13,card_not_working,known_intent,40,2508,27,R3,0
15,0,banking77_open,15,card_payment_wrong_exchange_rate,known_intent,40,2508,25,R3,0
9,0,banking77_open,9,card_swallowed,known_intent,40,2508,31,R3,0
6,0,banking77_open,6,cash_withdrawal_charge,known_intent,40,2508,34,R3,0
6,0,banking77_open,6,change_pin,known_intent,40,2508,34,R3,0
0,0,banking77_open,0,country_support,known_intent,40,2508,40,R3,0
2,0,banking77_open,2,declined_cash_withdrawal,known_intent,40,2508,38,R3,0
12,0,banking77_open,12,declined_transfer,known_intent,40,2508,28,R3,0
16,0,banking77_open,16,disposable_card_limits,known_intent,40,2508,24,R3,0
8,0,banking77_open,8,exchange_charge,known_intent,40,2508,32,R3,0
3,0,banking77_open,3,extra_charge_on_statement,known_intent,40,2508,37,R3,0
6,0,banking77_open,6,getting_spare_card,known_intent,40,2508,34,R3,0
5,0,banking77_open,5,lost_or_stolen_card,known_intent,40,2508,35,R3,0
3,0,banking77_open,3,lost_or_stolen_phone,known_intent,40,2508,37,R3,0
2,0,banking77_open,2,passcode_forgotten,known_intent,40,2508,38,R3,0
4,0,banking77_open,4,pending_top_up,known_intent,40,2508,36,R3,0
6,0,banking77_open,6,pending_transfer,known_intent,40,2508,34,R3,0
8,0,banking77_open,8,pin_blocked,known_intent,40,2508,32,R3,0
1,0,banking77_open,1,receiving_money,known_intent,40,2508,39,R3,0
0,0,banking77_open,0,top_up_by_bank_transfer_charge,known_intent,40,2508,40,R3,0
1,0,banking77_open,1,top_up_by_card_charge,known_intent,40,2508,39,R3,0
12,0,banking77_open,11,top_up_by_cash_or_cheque,known_intent,40,2508,28,R3,1
8,0,banking77_open,8,top_up_failed,known_intent,40,2508,32,R3,0
3,0,banking77_open,3,top_up_reverted,known_intent,40,2508,37,R3,0
2,0,banking77_open,2,topping_up_by_card,known_intent,40,2508,38,R3,0
4,0,banking77_open,4,transaction_charged_twice,known_intent,40,2508,36,R3,0
0,0,banking77_open,0,transfer_not_received_by_recipient,known_intent,40,2508,40,R3,0
12,1,banking77_open,12,unable_to_verify_identity,known_intent,40,2508,27,R3,0
19,0,banking77_open,19,verify_top_up,known_intent,40,2508,21,R3,0
21,0,banking77_open,20,virtual_card_not_working,known_intent,40,2508,19,R3,1
8,0,banking77_open,8,visa_or_mastercard,known_intent,40,2508,32,R3,0
9,0,banking77_open,8,why_verify_identity,known_intent,40,2508,31,R3,1
5,0,banking77_open,3,wrong_exchange_rate_for_cash_withdrawal,known_intent,40,2508,35,R3,2
1,0,banking77_open,0,test_only_oos_intent,unknown_kind,760,2508,759,R3,0
40,0,banking77_closed,39,Refund_not_showing_up,known_intent,40,2508,0,R0,1
40,0,banking77_closed,38,activate_my_card,known_intent,40,2508,0,R0,2
40,0,banking77_closed,40,age_limit,known_intent,40,2508,0,R0,0
40,0,banking77_closed,40,apple_pay_or_google_pay,known_intent,40,2508,0,R0,0
40,0,banking77_closed,38,atm_support,known_intent,40,2508,0,R0,2
40,0,banking77_closed,35,automatic_top_up,known_intent,40,2508,0,R0,5
40,0,banking77_closed,30,balance_not_updated_after_bank_transfer,known_intent,40,2508,0,R0,10
40,0,banking77_closed,38,balance_not_updated_after_cheque_or_cash_deposit,known_intent,40,2508,0,R0,2
40,0,banking77_closed,35,beneficiary_not_allowed,known_intent,40,2508,0,R0,5
40,0,banking77_closed,39,cancel_transfer,known_intent,40,2508,0,R0,1
40,0,banking77_closed,39,card_about_to_expire,known_intent,40,2508,0,R0,1
40,0,banking77_closed,31,card_acceptance,known_intent,40,2508,0,R0,9
40,0,banking77_closed,35,card_arrival,known_intent,40,2508,0,R0,5
40,0,banking77_closed,35,card_delivery_estimate,known_intent,40,2508,0,R0,5
40,0,banking77_closed,39,card_linking,known_intent,40,2508,0,R0,1
40,0,banking77_closed,38,card_not_working,known_intent,40,2508,0,R0,2
40,0,banking77_closed,38,card_payment_fee_charged,known_intent,40,2508,0,R0,2
40,0,banking77_closed,35,card_payment_not_recognised,known_intent,40,2508,0,R0,5
40,0,banking77_closed,38,card_payment_wrong_exchange_rate,known_intent,40,2508,0,R0,2
40,0,banking77_closed,33,card_swallowed,known_intent,40,2508,0,R0,7
40,0,banking77_closed,37,cash_withdrawal_charge,known_intent,40,2508,0,R0,3
40,0,banking77_closed,37,cash_withdrawal_not_recognised,known_intent,40,2508,0,R0,3
40,0,banking77_closed,36,change_pin,known_intent,40,2508,0,R0,4
40,0,banking77_closed,30,compromised_card,known_intent,40,2508,0,R0,10
40,0,banking77_closed,35,contactless_not_working,known_intent,40,2508,0,R0,5
40,0,banking77_closed,39,country_support,known_intent,40,2508,0,R0,1
40,0,banking77_closed,38,declined_card_payment,known_intent,40,2508,0,R0,2
40,0,banking77_closed,36,declined_cash_withdrawal,known_intent,40,2508,0,R0,4
40,0,banking77_closed,31,declined_transfer,known_intent,40,2508,0,R0,9
40,0,banking77_closed,33,direct_debit_payment_not_recognised,known_intent,40,2508,0,R0,7
40,0,banking77_closed,35,disposable_card_limits,known_intent,40,2508,0,R0,5
40,0,banking77_closed,40,edit_personal_details,known_intent,40,2508,0,R0,0
40,0,banking77_closed,36,exchange_charge,known_intent,40,2508,0,R0,4
40,0,banking77_closed,39,exchange_rate,known_intent,40,2508,0,R0,1
40,0,banking77_closed,38,exchange_via_app,known_intent,40,2508,0,R0,2
40,0,banking77_closed,36,extra_charge_on_statement,known_intent,40,2508,0,R0,4
40,0,banking77_closed,37,failed_transfer,known_intent,40,2508,0,R0,3
40,0,banking77_closed,29,fiat_currency_support,known_intent,40,2508,0,R0,11
40,0,banking77_closed,34,get_disposable_virtual_card,known_intent,40,2508,0,R0,6
40,0,banking77_closed,40,get_physical_card,known_intent,40,2508,0,R0,0
40,0,banking77_closed,33,getting_spare_card,known_intent,40,2508,0,R0,7
40,0,banking77_closed,39,getting_virtual_card,known_intent,40,2508,0,R0,1
40,0,banking77_closed,35,lost_or_stolen_card,known_intent,40,2508,0,R0,5
40,0,banking77_closed,39,lost_or_stolen_phone,known_intent,40,2508,0,R0,1
40,0,banking77_closed,35,order_physical_card,known_intent,40,2508,0,R0,5
40,0,banking77_closed,40,passcode_forgotten,known_intent,40,2508,0,R0,0
40,0,banking77_closed,35,pending_card_payment,known_intent,40,2508,0,R0,5
40,0,banking77_closed,35,pending_cash_withdrawal,known_intent,40,2508,0,R0,5
40,0,banking77_closed,35,pending_top_up,known_intent,40,2508,0,R0,5
40,0,banking77_closed,27,pending_transfer,known_intent,40,2508,0,R0,13
40,0,banking77_closed,34,pin_blocked,known_intent,40,2508,0,R0,6
40,0,banking77_closed,40,receiving_money,known_intent,40,2508,0,R0,0
40,0,banking77_closed,33,request_refund,known_intent,40,2508,0,R0,7
40,0,banking77_closed,37,reverted_card_payment?,known_intent,40,2508,0,R0,3
40,0,banking77_closed,34,supported_cards_and_currencies,known_intent,40,2508,0,R0,6
40,0,banking77_closed,40,terminate_account,known_intent,40,2508,0,R0,0
40,0,banking77_closed,32,top_up_by_bank_transfer_charge,known_intent,40,2508,0,R0,8
40,0,banking77_closed,36,top_up_by_card_charge,known_intent,40,2508,0,R0,4
40,0,banking77_closed,32,top_up_by_cash_or_cheque,known_intent,40,2508,0,R0,8
40,0,banking77_closed,36,top_up_failed,known_intent,40,2508,0,R0,4
40,0,banking77_closed,40,top_up_limits,known_intent,40,2508,0,R0,0
40,0,banking77_closed,35,top_up_reverted,known_intent,40,2508,0,R0,5
40,0,banking77_closed,28,topping_up_by_card,known_intent,40,2508,0,R0,12
40,0,banking77_closed,40,transaction_charged_twice,known_intent,40,2508,0,R0,0
40,0,banking77_closed,37,transfer_fee_charged,known_intent,40,2508,0,R0,3
40,0,banking77_closed,36,transfer_into_account,known_intent,40,2508,0,R0,4
40,0,banking77_closed,34,transfer_not_received_by_recipient,known_intent,40,2508,0,R0,6
40,0,banking77_closed,36,transfer_timing,known_intent,40,2508,0,R0,4
40,0,banking77_closed,38,unable_to_verify_identity,known_intent,40,2508,0,R0,2
40,0,banking77_closed,36,verify_my_identity,known_intent,40,2508,0,R0,4
40,0,banking77_closed,40,verify_source_of_funds,known_intent,40,2508,0,R0,0
40,0,banking77_closed,40,verify_top_up,known_intent,40,2508,0,R0,0
40,0,banking77_closed,15,virtual_card_not_working,known_intent,40,2508,0,R0,25
40,0,banking77_closed,37,visa_or_mastercard,known_intent,40,2508,0,R0,3
40,0,banking77_closed,38,why_verify_identity,known_intent,40,2508,0,R0,2
40,0,banking77_closed,35,wrong_amount_of_cash_received,known_intent,40,2508,0,R0,5
40,0,banking77_closed,32,wrong_exchange_rate_for_cash_withdrawal,known_intent,40,2508,0,R0,8
40,0,banking77_closed,37,Refund_not_showing_up,known_intent,40,2508,0,R2,3
40,0,banking77_closed,37,activate_my_card,known_intent,40,2508,0,R2,3
40,0,banking77_closed,40,age_limit,known_intent,40,2508,0,R2,0
40,0,banking77_closed,40,apple_pay_or_google_pay,known_intent,40,2508,0,R2,0
40,0,banking77_closed,38,atm_support,known_intent,40,2508,0,R2,2
40,0,banking77_closed,34,automatic_top_up,known_intent,40,2508,0,R2,6
40,0,banking77_closed,26,balance_not_updated_after_bank_transfer,known_intent,40,2508,0,R2,14
40,0,banking77_closed,38,balance_not_updated_after_cheque_or_cash_deposit,known_intent,40,2508,0,R2,2
40,0,banking77_closed,27,beneficiary_not_allowed,known_intent,40,2508,0,R2,13
40,0,banking77_closed,37,cancel_transfer,known_intent,40,2508,0,R2,3
40,0,banking77_closed,40,card_about_to_expire,known_intent,40,2508,0,R2,0
40,0,banking77_closed,37,card_acceptance,known_intent,40,2508,0,R2,3
40,0,banking77_closed,31,card_arrival,known_intent,40,2508,0,R2,9
40,0,banking77_closed,37,card_delivery_estimate,known_intent,40,2508,0,R2,3
40,0,banking77_closed,35,card_linking,known_intent,40,2508,0,R2,5
40,0,banking77_closed,34,card_not_working,known_intent,40,2508,0,R2,6
40,0,banking77_closed,30,card_payment_fee_charged,known_intent,40,2508,0,R2,10
40,0,banking77_closed,22,card_payment_not_recognised,known_intent,40,2508,0,R2,18
40,0,banking77_closed,38,card_payment_wrong_exchange_rate,known_intent,40,2508,0,R2,2
40,0,banking77_closed,37,card_swallowed,known_intent,40,2508,0,R2,3
40,0,banking77_closed,36,cash_withdrawal_charge,known_intent,40,2508,0,R2,4
40,0,banking77_closed,30,cash_withdrawal_not_recognised,known_intent,40,2508,0,R2,10
40,0,banking77_closed,40,change_pin,known_intent,40,2508,0,R2,0
40,0,banking77_closed,28,compromised_card,known_intent,40,2508,0,R2,12
40,0,banking77_closed,39,contactless_not_working,known_intent,40,2508,0,R2,1
40,0,banking77_closed,35,country_support,known_intent,40,2508,0,R2,5
40,0,banking77_closed,34,declined_card_payment,known_intent,40,2508,0,R2,6
40,0,banking77_closed,24,declined_cash_withdrawal,known_intent,40,2508,0,R2,16
40,0,banking77_closed,28,declined_transfer,known_intent,40,2508,0,R2,12
40,0,banking77_closed,31,direct_debit_payment_not_recognised,known_intent,40,2508,0,R2,9
40,0,banking77_closed,35,disposable_card_limits,known_intent,40,2508,0,R2,5
40,0,banking77_closed,39,edit_personal_details,known_intent,40,2508,0,R2,1
40,0,banking77_closed,37,exchange_charge,known_intent,40,2508,0,R2,3
40,0,banking77_closed,38,exchange_rate,known_intent,40,2508,0,R2,2
40,0,banking77_closed,34,exchange_via_app,known_intent,40,2508,0,R2,6
40,0,banking77_closed,37,extra_charge_on_statement,known_intent,40,2508,0,R2,3
40,0,banking77_closed,37,failed_transfer,known_intent,40,2508,0,R2,3
40,0,banking77_closed,32,fiat_currency_support,known_intent,40,2508,0,R2,8
40,0,banking77_closed,34,get_disposable_virtual_card,known_intent,40,2508,0,R2,6
40,0,banking77_closed,39,get_physical_card,known_intent,40,2508,0,R2,1
40,0,banking77_closed,37,getting_spare_card,known_intent,40,2508,0,R2,3
40,0,banking77_closed,38,getting_virtual_card,known_intent,40,2508,0,R2,2
40,0,banking77_closed,38,lost_or_stolen_card,known_intent,40,2508,0,R2,2
40,0,banking77_closed,39,lost_or_stolen_phone,known_intent,40,2508,0,R2,1
40,0,banking77_closed,29,order_physical_card,known_intent,40,2508,0,R2,11
40,0,banking77_closed,40,passcode_forgotten,known_intent,40,2508,0,R2,0
40,0,banking77_closed,39,pending_card_payment,known_intent,40,2508,0,R2,1
40,0,banking77_closed,34,pending_cash_withdrawal,known_intent,40,2508,0,R2,6
40,0,banking77_closed,30,pending_top_up,known_intent,40,2508,0,R2,10
40,0,banking77_closed,25,pending_transfer,known_intent,40,2508,0,R2,15
40,0,banking77_closed,30,pin_blocked,known_intent,40,2508,0,R2,10
40,0,banking77_closed,30,receiving_money,known_intent,40,2508,0,R2,10
40,0,banking77_closed,35,request_refund,known_intent,40,2508,0,R2,5
40,0,banking77_closed,32,reverted_card_payment?,known_intent,40,2508,0,R2,8
40,0,banking77_closed,23,supported_cards_and_currencies,known_intent,40,2508,0,R2,17
40,0,banking77_closed,40,terminate_account,known_intent,40,2508,0,R2,0
40,0,banking77_closed,37,top_up_by_bank_transfer_charge,known_intent,40,2508,0,R2,3
40,0,banking77_closed,34,top_up_by_card_charge,known_intent,40,2508,0,R2,6
40,0,banking77_closed,33,top_up_by_cash_or_cheque,known_intent,40,2508,0,R2,7
40,0,banking77_closed,35,top_up_failed,known_intent,40,2508,0,R2,5
40,0,banking77_closed,39,top_up_limits,known_intent,40,2508,0,R2,1
40,0,banking77_closed,24,top_up_reverted,known_intent,40,2508,0,R2,16
40,0,banking77_closed,21,topping_up_by_card,known_intent,40,2508,0,R2,19
40,0,banking77_closed,39,transaction_charged_twice,known_intent,40,2508,0,R2,1
40,0,banking77_closed,34,transfer_fee_charged,known_intent,40,2508,0,R2,6
40,0,banking77_closed,35,transfer_into_account,known_intent,40,2508,0,R2,5
40,0,banking77_closed,23,transfer_not_received_by_recipient,known_intent,40,2508,0,R2,17
40,0,banking77_closed,39,transfer_timing,known_intent,40,2508,0,R2,1
40,0,banking77_closed,35,unable_to_verify_identity,known_intent,40,2508,0,R2,5
40,0,banking77_closed,39,verify_my_identity,known_intent,40,2508,0,R2,1
40,0,banking77_closed,40,verify_source_of_funds,known_intent,40,2508,0,R2,0
40,0,banking77_closed,40,verify_top_up,known_intent,40,2508,0,R2,0
40,0,banking77_closed,34,virtual_card_not_working,known_intent,40,2508,0,R2,6
40,0,banking77_closed,38,visa_or_mastercard,known_intent,40,2508,0,R2,2
40,0,banking77_closed,34,why_verify_identity,known_intent,40,2508,0,R2,6
40,0,banking77_closed,31,wrong_amount_of_cash_received,known_intent,40,2508,0,R2,9
40,0,banking77_closed,33,wrong_exchange_rate_for_cash_withdrawal,known_intent,40,2508,0,R2,7
30,0,clinc150,29,accept_reservations,known_intent,30,2509,0,R0,1
30,0,clinc150,28,bill_balance,known_intent,30,2509,0,R0,2
30,0,clinc150,28,calculator,known_intent,30,2509,0,R0,2
30,0,clinc150,30,cancel,known_intent,30,2509,0,R0,0
30,0,clinc150,30,change_language,known_intent,30,2509,0,R0,0
30,0,clinc150,29,confirm_reservation,known_intent,30,2509,0,R0,1
30,0,clinc150,30,credit_limit,known_intent,30,2509,0,R0,0
30,0,clinc150,29,credit_score,known_intent,30,2509,0,R0,1
30,0,clinc150,30,current_location,known_intent,30,2509,0,R0,0
30,0,clinc150,30,date,known_intent,30,2509,0,R0,0
30,0,clinc150,30,directions,known_intent,30,2509,0,R0,0
30,0,clinc150,30,find_phone,known_intent,30,2509,0,R0,0
30,0,clinc150,30,flight_status,known_intent,30,2509,0,R0,0
30,0,clinc150,29,food_last,known_intent,30,2509,0,R0,1
30,0,clinc150,30,freeze_account,known_intent,30,2509,0,R0,0
30,0,clinc150,30,how_old_are_you,known_intent,30,2509,0,R0,0
30,0,clinc150,30,improve_credit_score,known_intent,30,2509,0,R0,0
30,0,clinc150,28,income,known_intent,30,2509,0,R0,2
30,0,clinc150,30,ingredients_list,known_intent,30,2509,0,R0,0
30,0,clinc150,30,interest_rate,known_intent,30,2509,0,R0,0
30,0,clinc150,30,maybe,known_intent,30,2509,0,R0,0
30,0,clinc150,30,mpg,known_intent,30,2509,0,R0,0
30,0,clinc150,30,new_card,known_intent,30,2509,0,R0,0
30,0,clinc150,30,next_holiday,known_intent,30,2509,0,R0,0
30,0,clinc150,30,no,known_intent,30,2509,0,R0,0
30,0,clinc150,30,order_checks,known_intent,30,2509,0,R0,0
30,0,clinc150,28,pay_bill,known_intent,30,2509,0,R0,2
30,0,clinc150,30,play_music,known_intent,30,2509,0,R0,0
30,0,clinc150,30,plug_type,known_intent,30,2509,0,R0,0
30,0,clinc150,29,pto_balance,known_intent,30,2509,0,R0,1
30,0,clinc150,28,pto_request_status,known_intent,30,2509,0,R0,2
30,0,clinc150,30,restaurant_reviews,known_intent,30,2509,0,R0,0
30,0,clinc150,30,rewards_balance,known_intent,30,2509,0,R0,0
30,0,clinc150,30,schedule_maintenance,known_intent,30,2509,0,R0,0
30,0,clinc150,21,shopping_list,known_intent,30,2509,0,R0,9
30,0,clinc150,29,shopping_list_update,known_intent,30,2509,0,R0,1
30,0,clinc150,30,smart_home,known_intent,30,2509,0,R0,0
30,0,clinc150,29,spelling,known_intent,30,2509,0,R0,1
30,0,clinc150,30,sync_device,known_intent,30,2509,0,R0,0
30,0,clinc150,29,timer,known_intent,30,2509,0,R0,1
30,0,clinc150,30,timezone,known_intent,30,2509,0,R0,0
30,0,clinc150,30,tire_pressure,known_intent,30,2509,0,R0,0
30,0,clinc150,30,todo_list_update,known_intent,30,2509,0,R0,0
30,0,clinc150,29,translate,known_intent,30,2509,0,R0,1
30,0,clinc150,30,vaccines,known_intent,30,2509,0,R0,0
30,0,clinc150,30,w2,known_intent,30,2509,0,R0,0
30,0,clinc150,30,what_are_your_hobbies,known_intent,30,2509,0,R0,0
30,0,clinc150,28,what_is_your_name,known_intent,30,2509,0,R0,2
30,0,clinc150,29,who_do_you_work_for,known_intent,30,2509,0,R0,1
30,0,clinc150,30,who_made_you,known_intent,30,2509,0,R0,0
3000,0,clinc150,0,heldout_intent,unknown_kind,3000,2509,0,R0,0
1000,0,clinc150,0,official_oos,unknown_kind,1000,2509,0,R0,0
30,0,clinc150,30,accept_reservations,known_intent,30,2509,0,R2,0
30,0,clinc150,27,bill_balance,known_intent,30,2509,0,R2,3
30,0,clinc150,27,calculator,known_intent,30,2509,0,R2,3
30,0,clinc150,28,cancel,known_intent,30,2509,0,R2,2
30,0,clinc150,30,change_language,known_intent,30,2509,0,R2,0
30,0,clinc150,26,confirm_reservation,known_intent,30,2509,0,R2,4
30,0,clinc150,27,credit_limit,known_intent,30,2509,0,R2,3
30,0,clinc150,30,credit_score,known_intent,30,2509,0,R2,0
30,0,clinc150,29,current_location,known_intent,30,2509,0,R2,1
30,0,clinc150,30,date,known_intent,30,2509,0,R2,0
30,0,clinc150,30,directions,known_intent,30,2509,0,R2,0
30,0,clinc150,28,find_phone,known_intent,30,2509,0,R2,2
30,0,clinc150,30,flight_status,known_intent,30,2509,0,R2,0
30,0,clinc150,30,food_last,known_intent,30,2509,0,R2,0
30,0,clinc150,29,freeze_account,known_intent,30,2509,0,R2,1
30,0,clinc150,29,how_old_are_you,known_intent,30,2509,0,R2,1
30,0,clinc150,30,improve_credit_score,known_intent,30,2509,0,R2,0
30,0,clinc150,27,income,known_intent,30,2509,0,R2,3
30,0,clinc150,30,ingredients_list,known_intent,30,2509,0,R2,0
30,0,clinc150,30,interest_rate,known_intent,30,2509,0,R2,0
30,0,clinc150,30,maybe,known_intent,30,2509,0,R2,0
30,0,clinc150,30,mpg,known_intent,30,2509,0,R2,0
30,0,clinc150,30,new_card,known_intent,30,2509,0,R2,0
30,0,clinc150,30,next_holiday,known_intent,30,2509,0,R2,0
30,0,clinc150,30,no,known_intent,30,2509,0,R2,0
30,0,clinc150,30,order_checks,known_intent,30,2509,0,R2,0
30,0,clinc150,26,pay_bill,known_intent,30,2509,0,R2,4
30,0,clinc150,29,play_music,known_intent,30,2509,0,R2,1
30,0,clinc150,30,plug_type,known_intent,30,2509,0,R2,0
30,0,clinc150,29,pto_balance,known_intent,30,2509,0,R2,1
30,0,clinc150,27,pto_request_status,known_intent,30,2509,0,R2,3
30,0,clinc150,30,restaurant_reviews,known_intent,30,2509,0,R2,0
30,0,clinc150,26,rewards_balance,known_intent,30,2509,0,R2,4
30,0,clinc150,30,schedule_maintenance,known_intent,30,2509,0,R2,0
30,0,clinc150,21,shopping_list,known_intent,30,2509,0,R2,9
30,0,clinc150,28,shopping_list_update,known_intent,30,2509,0,R2,2
30,0,clinc150,30,smart_home,known_intent,30,2509,0,R2,0
30,0,clinc150,29,spelling,known_intent,30,2509,0,R2,1
30,0,clinc150,30,sync_device,known_intent,30,2509,0,R2,0
30,0,clinc150,29,timer,known_intent,30,2509,0,R2,1
30,0,clinc150,30,timezone,known_intent,30,2509,0,R2,0
30,0,clinc150,30,tire_pressure,known_intent,30,2509,0,R2,0
30,0,clinc150,26,todo_list_update,known_intent,30,2509,0,R2,4
30,0,clinc150,24,translate,known_intent,30,2509,0,R2,6
30,0,clinc150,30,vaccines,known_intent,30,2509,0,R2,0
30,0,clinc150,30,w2,known_intent,30,2509,0,R2,0
30,0,clinc150,29,what_are_your_hobbies,known_intent,30,2509,0,R2,1
30,0,clinc150,27,what_is_your_name,known_intent,30,2509,0,R2,3
30,0,clinc150,28,who_do_you_work_for,known_intent,30,2509,0,R2,2
30,0,clinc150,29,who_made_you,known_intent,30,2509,0,R2,1
3000,0,clinc150,0,heldout_intent,unknown_kind,3000,2509,0,R2,0
1000,0,clinc150,0,official_oos,unknown_kind,1000,2509,0,R2,0
25,0,clinc150,25,accept_reservations,known_intent,30,2509,5,MAX_THRESHOLD,0
26,0,clinc150,24,bill_balance,known_intent,30,2509,4,MAX_THRESHOLD,2
9,0,clinc150,9,calculator,known_intent,30,2509,21,MAX_THRESHOLD,0
21,0,clinc150,21,cancel,known_intent,30,2509,9,MAX_THRESHOLD,0
20,0,clinc150,20,change_language,known_intent,30,2509,10,MAX_THRESHOLD,0
14,0,clinc150,14,confirm_reservation,known_intent,30,2509,16,MAX_THRESHOLD,0
28,0,clinc150,25,credit_limit,known_intent,30,2509,2,MAX_THRESHOLD,3
30,0,clinc150,30,credit_score,known_intent,30,2509,0,MAX_THRESHOLD,0
29,0,clinc150,29,current_location,known_intent,30,2509,1,MAX_THRESHOLD,0
29,0,clinc150,29,date,known_intent,30,2509,1,MAX_THRESHOLD,0
10,0,clinc150,10,directions,known_intent,30,2509,20,MAX_THRESHOLD,0
29,0,clinc150,27,find_phone,known_intent,30,2509,1,MAX_THRESHOLD,2
29,0,clinc150,29,flight_status,known_intent,30,2509,1,MAX_THRESHOLD,0
24,0,clinc150,24,food_last,known_intent,30,2509,6,MAX_THRESHOLD,0
27,0,clinc150,26,freeze_account,known_intent,30,2509,3,MAX_THRESHOLD,1
28,0,clinc150,27,how_old_are_you,known_intent,30,2509,2,MAX_THRESHOLD,1
26,0,clinc150,26,improve_credit_score,known_intent,30,2509,4,MAX_THRESHOLD,0
27,0,clinc150,26,income,known_intent,30,2509,3,MAX_THRESHOLD,1
23,0,clinc150,23,ingredients_list,known_intent,30,2509,7,MAX_THRESHOLD,0
27,0,clinc150,27,interest_rate,known_intent,30,2509,3,MAX_THRESHOLD,0
25,0,clinc150,25,maybe,known_intent,30,2509,5,MAX_THRESHOLD,0
30,0,clinc150,30,mpg,known_intent,30,2509,0,MAX_THRESHOLD,0
28,0,clinc150,28,new_card,known_intent,30,2509,2,MAX_THRESHOLD,0
30,0,clinc150,30,next_holiday,known_intent,30,2509,0,MAX_THRESHOLD,0
28,0,clinc150,28,no,known_intent,30,2509,2,MAX_THRESHOLD,0
29,0,clinc150,29,order_checks,known_intent,30,2509,1,MAX_THRESHOLD,0
24,0,clinc150,22,pay_bill,known_intent,30,2509,6,MAX_THRESHOLD,2
11,0,clinc150,11,play_music,known_intent,30,2509,19,MAX_THRESHOLD,0
25,0,clinc150,25,plug_type,known_intent,30,2509,5,MAX_THRESHOLD,0
30,0,clinc150,29,pto_balance,known_intent,30,2509,0,MAX_THRESHOLD,1
28,0,clinc150,25,pto_request_status,known_intent,30,2509,2,MAX_THRESHOLD,3
12,0,clinc150,12,restaurant_reviews,known_intent,30,2509,18,MAX_THRESHOLD,0
29,0,clinc150,25,rewards_balance,known_intent,30,2509,1,MAX_THRESHOLD,4
27,0,clinc150,27,schedule_maintenance,known_intent,30,2509,3,MAX_THRESHOLD,0
25,0,clinc150,20,shopping_list,known_intent,30,2509,5,MAX_THRESHOLD,5
24,0,clinc150,22,shopping_list_update,known_intent,30,2509,6,MAX_THRESHOLD,2
18,0,clinc150,18,smart_home,known_intent,30,2509,12,MAX_THRESHOLD,0
20,0,clinc150,20,spelling,known_intent,30,2509,10,MAX_THRESHOLD,0
29,0,clinc150,29,sync_device,known_intent,30,2509,1,MAX_THRESHOLD,0
28,0,clinc150,28,timer,known_intent,30,2509,2,MAX_THRESHOLD,0
19,0,clinc150,19,timezone,known_intent,30,2509,11,MAX_THRESHOLD,0
30,0,clinc150,30,tire_pressure,known_intent,30,2509,0,MAX_THRESHOLD,0
24,0,clinc150,22,todo_list_update,known_intent,30,2509,6,MAX_THRESHOLD,2
8,0,clinc150,8,translate,known_intent,30,2509,22,MAX_THRESHOLD,0
27,0,clinc150,27,vaccines,known_intent,30,2509,3,MAX_THRESHOLD,0
30,0,clinc150,30,w2,known_intent,30,2509,0,MAX_THRESHOLD,0
29,0,clinc150,28,what_are_your_hobbies,known_intent,30,2509,1,MAX_THRESHOLD,1
26,0,clinc150,24,what_is_your_name,known_intent,30,2509,4,MAX_THRESHOLD,2
19,0,clinc150,19,who_do_you_work_for,known_intent,30,2509,11,MAX_THRESHOLD,0
23,0,clinc150,23,who_made_you,known_intent,30,2509,7,MAX_THRESHOLD,0
563,0,clinc150,0,heldout_intent,unknown_kind,3000,2509,2437,MAX_THRESHOLD,0
22,0,clinc150,0,official_oos,unknown_kind,1000,2509,978,MAX_THRESHOLD,0
0,0,clinc150,0,accept_reservations,known_intent,30,2509,30,R3,0
3,0,clinc150,3,bill_balance,known_intent,30,2509,27,R3,0
0,0,clinc150,0,calculator,known_intent,30,2509,30,R3,0
1,0,clinc150,1,cancel,known_intent,30,2509,29,R3,0
0,0,clinc150,0,change_language,known_intent,30,2509,30,R3,0
5,0,clinc150,5,confirm_reservation,known_intent,30,2509,25,R3,0
5,0,clinc150,5,credit_limit,known_intent,30,2509,25,R3,0
13,0,clinc150,13,credit_score,known_intent,30,2509,17,R3,0
10,0,clinc150,10,current_location,known_intent,30,2509,20,R3,0
15,0,clinc150,15,date,known_intent,30,2509,15,R3,0
0,0,clinc150,0,directions,known_intent,30,2509,30,R3,0
13,0,clinc150,13,find_phone,known_intent,30,2509,17,R3,0
0,0,clinc150,0,flight_status,known_intent,30,2509,30,R3,0
0,0,clinc150,0,food_last,known_intent,30,2509,30,R3,0
13,0,clinc150,13,freeze_account,known_intent,30,2509,17,R3,0
8,0,clinc150,8,how_old_are_you,known_intent,30,2509,22,R3,0
9,0,clinc150,9,improve_credit_score,known_intent,30,2509,21,R3,0
10,0,clinc150,10,income,known_intent,30,2509,20,R3,0
2,0,clinc150,2,ingredients_list,known_intent,30,2509,28,R3,0
5,0,clinc150,5,interest_rate,known_intent,30,2509,25,R3,0
12,0,clinc150,12,maybe,known_intent,30,2509,18,R3,0
14,0,clinc150,14,mpg,known_intent,30,2509,16,R3,0
11,0,clinc150,11,new_card,known_intent,30,2509,19,R3,0
12,0,clinc150,12,next_holiday,known_intent,30,2509,18,R3,0
14,0,clinc150,14,no,known_intent,30,2509,16,R3,0
3,0,clinc150,3,order_checks,known_intent,30,2509,27,R3,0
6,0,clinc150,6,pay_bill,known_intent,30,2509,24,R3,0
0,0,clinc150,0,play_music,known_intent,30,2509,30,R3,0
3,0,clinc150,3,plug_type,known_intent,30,2509,27,R3,0
15,0,clinc150,15,pto_balance,known_intent,30,2509,15,R3,0
6,0,clinc150,6,pto_request_status,known_intent,30,2509,24,R3,0
0,0,clinc150,0,restaurant_reviews,known_intent,30,2509,30,R3,0
4,0,clinc150,4,rewards_balance,known_intent,30,2509,26,R3,0
3,0,clinc150,3,schedule_maintenance,known_intent,30,2509,27,R3,0
12,0,clinc150,12,shopping_list,known_intent,30,2509,18,R3,0
1,0,clinc150,1,shopping_list_update,known_intent,30,2509,29,R3,0
1,0,clinc150,1,smart_home,known_intent,30,2509,29,R3,0
0,0,clinc150,0,spelling,known_intent,30,2509,30,R3,0
5,0,clinc150,5,sync_device,known_intent,30,2509,25,R3,0
15,0,clinc150,15,timer,known_intent,30,2509,15,R3,0
0,0,clinc150,0,timezone,known_intent,30,2509,30,R3,0
6,0,clinc150,6,tire_pressure,known_intent,30,2509,24,R3,0
2,0,clinc150,2,todo_list_update,known_intent,30,2509,28,R3,0
2,0,clinc150,2,translate,known_intent,30,2509,28,R3,0
2,0,clinc150,2,vaccines,known_intent,30,2509,28,R3,0
12,0,clinc150,12,w2,known_intent,30,2509,18,R3,0
7,0,clinc150,7,what_are_your_hobbies,known_intent,30,2509,23,R3,0
8,0,clinc150,8,what_is_your_name,known_intent,30,2509,22,R3,0
4,0,clinc150,4,who_do_you_work_for,known_intent,30,2509,26,R3,0
1,0,clinc150,1,who_made_you,known_intent,30,2509,29,R3,0
12,0,clinc150,0,heldout_intent,unknown_kind,3000,2509,2988,R3,0
0,0,clinc150,0,official_oos,unknown_kind,1000,2509,1000,R3,0
40,0,banking77_open,39,Refund_not_showing_up,known_intent,40,2509,0,R0,1
40,0,banking77_open,39,activate_my_card,known_intent,40,2509,0,R0,1
40,0,banking77_open,40,age_limit,known_intent,40,2509,0,R0,0
40,0,banking77_open,38,automatic_top_up,known_intent,40,2509,0,R0,2
40,0,banking77_open,38,balance_not_updated_after_bank_transfer,known_intent,40,2509,0,R0,2
40,0,banking77_open,37,balance_not_updated_after_cheque_or_cash_deposit,known_intent,40,2509,0,R0,3
40,0,banking77_open,36,beneficiary_not_allowed,known_intent,40,2509,0,R0,4
40,0,banking77_open,38,card_arrival,known_intent,40,2509,0,R0,2
40,0,banking77_open,39,card_not_working,known_intent,40,2509,0,R0,1
40,0,banking77_open,37,card_payment_fee_charged,known_intent,40,2509,0,R0,3
40,0,banking77_open,38,card_swallowed,known_intent,40,2509,0,R0,2
40,0,banking77_open,32,compromised_card,known_intent,40,2509,0,R0,8
40,0,banking77_open,40,country_support,known_intent,40,2509,0,R0,0
40,0,banking77_open,39,declined_cash_withdrawal,known_intent,40,2509,0,R0,1
40,0,banking77_open,33,declined_transfer,known_intent,40,2509,0,R0,7
40,0,banking77_open,40,edit_personal_details,known_intent,40,2509,0,R0,0
40,0,banking77_open,37,exchange_charge,known_intent,40,2509,0,R0,3
40,0,banking77_open,38,exchange_via_app,known_intent,40,2509,0,R0,2
40,0,banking77_open,37,failed_transfer,known_intent,40,2509,0,R0,3
40,0,banking77_open,32,fiat_currency_support,known_intent,40,2509,0,R0,8
40,0,banking77_open,34,get_disposable_virtual_card,known_intent,40,2509,0,R0,6
40,0,banking77_open,39,getting_virtual_card,known_intent,40,2509,0,R0,1
40,0,banking77_open,35,lost_or_stolen_card,known_intent,40,2509,0,R0,5
40,0,banking77_open,39,lost_or_stolen_phone,known_intent,40,2509,0,R0,1
40,0,banking77_open,39,pin_blocked,known_intent,40,2509,0,R0,1
40,0,banking77_open,39,receiving_money,known_intent,40,2509,0,R0,1
40,0,banking77_open,38,reverted_card_payment?,known_intent,40,2509,0,R0,2
40,0,banking77_open,38,supported_cards_and_currencies,known_intent,40,2509,0,R0,2
40,0,banking77_open,34,top_up_by_bank_transfer_charge,known_intent,40,2509,0,R0,6
40,0,banking77_open,35,top_up_by_cash_or_cheque,known_intent,40,2509,0,R0,5
40,0,banking77_open,40,top_up_failed,known_intent,40,2509,0,R0,0
40,0,banking77_open,34,topping_up_by_card,known_intent,40,2509,0,R0,6
40,0,banking77_open,40,transaction_charged_twice,known_intent,40,2509,0,R0,0
40,0,banking77_open,36,transfer_fee_charged,known_intent,40,2509,0,R0,4
40,0,banking77_open,33,transfer_not_received_by_recipient,known_intent,40,2509,0,R0,7
40,0,banking77_open,39,verify_my_identity,known_intent,40,2509,0,R0,1
40,0,banking77_open,40,verify_source_of_funds,known_intent,40,2509,0,R0,0
40,0,banking77_open,38,visa_or_mastercard,known_intent,40,2509,0,R0,2
40,0,banking77_open,37,wrong_exchange_rate_for_cash_withdrawal,known_intent,40,2509,0,R0,3
760,0,banking77_open,0,test_only_oos_intent,unknown_kind,760,2509,0,R0,0
40,0,banking77_open,39,Refund_not_showing_up,known_intent,40,2509,0,R2,1
40,0,banking77_open,37,activate_my_card,known_intent,40,2509,0,R2,3
40,0,banking77_open,40,age_limit,known_intent,40,2509,0,R2,0
40,0,banking77_open,38,automatic_top_up,known_intent,40,2509,0,R2,2
40,0,banking77_open,30,balance_not_updated_after_bank_transfer,known_intent,40,2509,0,R2,10
40,0,banking77_open,39,balance_not_updated_after_cheque_or_cash_deposit,known_intent,40,2509,0,R2,1
40,0,banking77_open,25,beneficiary_not_allowed,known_intent,40,2509,0,R2,15
40,0,banking77_open,38,card_arrival,known_intent,40,2509,0,R2,2
40,0,banking77_open,37,card_not_working,known_intent,40,2509,0,R2,3
40,0,banking77_open,36,card_payment_fee_charged,known_intent,40,2509,0,R2,4
40,0,banking77_open,38,card_swallowed,known_intent,40,2509,0,R2,2
40,0,banking77_open,30,compromised_card,known_intent,40,2509,0,R2,10
40,0,banking77_open,39,country_support,known_intent,40,2509,0,R2,1
40,0,banking77_open,37,declined_cash_withdrawal,known_intent,40,2509,0,R2,3
40,0,banking77_open,30,declined_transfer,known_intent,40,2509,0,R2,10
40,0,banking77_open,40,edit_personal_details,known_intent,40,2509,0,R2,0
40,0,banking77_open,38,exchange_charge,known_intent,40,2509,0,R2,2
40,0,banking77_open,35,exchange_via_app,known_intent,40,2509,0,R2,5
40,0,banking77_open,37,failed_transfer,known_intent,40,2509,0,R2,3
40,0,banking77_open,31,fiat_currency_support,known_intent,40,2509,0,R2,9
40,0,banking77_open,36,get_disposable_virtual_card,known_intent,40,2509,0,R2,4
40,0,banking77_open,39,getting_virtual_card,known_intent,40,2509,0,R2,1
40,0,banking77_open,36,lost_or_stolen_card,known_intent,40,2509,0,R2,4
40,0,banking77_open,39,lost_or_stolen_phone,known_intent,40,2509,0,R2,1
40,0,banking77_open,36,pin_blocked,known_intent,40,2509,0,R2,4
40,0,banking77_open,36,receiving_money,known_intent,40,2509,0,R2,4
40,0,banking77_open,38,reverted_card_payment?,known_intent,40,2509,0,R2,2
40,0,banking77_open,31,supported_cards_and_currencies,known_intent,40,2509,0,R2,9
40,0,banking77_open,37,top_up_by_bank_transfer_charge,known_intent,40,2509,0,R2,3
40,0,banking77_open,36,top_up_by_cash_or_cheque,known_intent,40,2509,0,R2,4
40,0,banking77_open,37,top_up_failed,known_intent,40,2509,0,R2,3
40,0,banking77_open,24,topping_up_by_card,known_intent,40,2509,0,R2,16
40,0,banking77_open,39,transaction_charged_twice,known_intent,40,2509,0,R2,1
40,0,banking77_open,32,transfer_fee_charged,known_intent,40,2509,0,R2,8
40,0,banking77_open,25,transfer_not_received_by_recipient,known_intent,40,2509,0,R2,15
40,0,banking77_open,40,verify_my_identity,known_intent,40,2509,0,R2,0
40,0,banking77_open,40,verify_source_of_funds,known_intent,40,2509,0,R2,0
40,0,banking77_open,37,visa_or_mastercard,known_intent,40,2509,0,R2,3
40,0,banking77_open,38,wrong_exchange_rate_for_cash_withdrawal,known_intent,40,2509,0,R2,2
760,0,banking77_open,0,test_only_oos_intent,unknown_kind,760,2509,0,R2,0
40,0,banking77_open,39,Refund_not_showing_up,known_intent,40,2509,0,MAX_THRESHOLD,1
39,0,banking77_open,37,activate_my_card,known_intent,40,2509,1,MAX_THRESHOLD,2
35,0,banking77_open,35,age_limit,known_intent,40,2509,5,MAX_THRESHOLD,0
36,0,banking77_open,36,automatic_top_up,known_intent,40,2509,4,MAX_THRESHOLD,0
34,0,banking77_open,27,balance_not_updated_after_bank_transfer,known_intent,40,2509,6,MAX_THRESHOLD,7
37,0,banking77_open,36,balance_not_updated_after_cheque_or_cash_deposit,known_intent,40,2509,3,MAX_THRESHOLD,1
31,0,banking77_open,22,beneficiary_not_allowed,known_intent,40,2509,9,MAX_THRESHOLD,9
39,0,banking77_open,37,card_arrival,known_intent,40,2509,1,MAX_THRESHOLD,2
39,0,banking77_open,37,card_not_working,known_intent,40,2509,1,MAX_THRESHOLD,2
32,0,banking77_open,30,card_payment_fee_charged,known_intent,40,2509,8,MAX_THRESHOLD,2
40,0,banking77_open,38,card_swallowed,known_intent,40,2509,0,MAX_THRESHOLD,2
24,0,banking77_open,20,compromised_card,known_intent,40,2509,16,MAX_THRESHOLD,4
24,0,banking77_open,24,country_support,known_intent,40,2509,16,MAX_THRESHOLD,0
35,0,banking77_open,33,declined_cash_withdrawal,known_intent,40,2509,5,MAX_THRESHOLD,2
31,0,banking77_open,27,declined_transfer,known_intent,40,2509,9,MAX_THRESHOLD,4
37,0,banking77_open,37,edit_personal_details,known_intent,40,2509,3,MAX_THRESHOLD,0
35,0,banking77_open,35,exchange_charge,known_intent,40,2509,5,MAX_THRESHOLD,0
37,0,banking77_open,33,exchange_via_app,known_intent,40,2509,3,MAX_THRESHOLD,4
38,0,banking77_open,36,failed_transfer,known_intent,40,2509,2,MAX_THRESHOLD,2
37,0,banking77_open,30,fiat_currency_support,known_intent,40,2509,3,MAX_THRESHOLD,7
38,0,banking77_open,35,get_disposable_virtual_card,known_intent,40,2509,2,MAX_THRESHOLD,3
39,0,banking77_open,39,getting_virtual_card,known_intent,40,2509,1,MAX_THRESHOLD,0
36,0,banking77_open,35,lost_or_stolen_card,known_intent,40,2509,4,MAX_THRESHOLD,1
28,0,banking77_open,27,lost_or_stolen_phone,known_intent,40,2509,12,MAX_THRESHOLD,1
35,0,banking77_open,32,pin_blocked,known_intent,40,2509,5,MAX_THRESHOLD,3
30,0,banking77_open,29,receiving_money,known_intent,40,2509,10,MAX_THRESHOLD,1
34,0,banking77_open,33,reverted_card_payment?,known_intent,40,2509,6,MAX_THRESHOLD,1
31,0,banking77_open,26,supported_cards_and_currencies,known_intent,40,2509,9,MAX_THRESHOLD,5
36,0,banking77_open,34,top_up_by_bank_transfer_charge,known_intent,40,2509,4,MAX_THRESHOLD,2
38,0,banking77_open,35,top_up_by_cash_or_cheque,known_intent,40,2509,2,MAX_THRESHOLD,3
38,0,banking77_open,36,top_up_failed,known_intent,40,2509,2,MAX_THRESHOLD,2
27,0,banking77_open,18,topping_up_by_card,known_intent,40,2509,13,MAX_THRESHOLD,9
30,0,banking77_open,30,transaction_charged_twice,known_intent,40,2509,10,MAX_THRESHOLD,0
35,0,banking77_open,28,transfer_fee_charged,known_intent,40,2509,5,MAX_THRESHOLD,7
27,0,banking77_open,17,transfer_not_received_by_recipient,known_intent,40,2509,13,MAX_THRESHOLD,10
38,0,banking77_open,38,verify_my_identity,known_intent,40,2509,2,MAX_THRESHOLD,0
38,0,banking77_open,38,verify_source_of_funds,known_intent,40,2509,2,MAX_THRESHOLD,0
33,0,banking77_open,32,visa_or_mastercard,known_intent,40,2509,7,MAX_THRESHOLD,1
34,0,banking77_open,33,wrong_exchange_rate_for_cash_withdrawal,known_intent,40,2509,6,MAX_THRESHOLD,1
255,0,banking77_open,0,test_only_oos_intent,unknown_kind,760,2509,505,MAX_THRESHOLD,0
2,0,banking77_open,2,Refund_not_showing_up,known_intent,40,2509,38,R3,0
19,0,banking77_open,19,activate_my_card,known_intent,40,2509,21,R3,0
12,0,banking77_open,12,age_limit,known_intent,40,2509,28,R3,0
12,0,banking77_open,12,automatic_top_up,known_intent,40,2509,28,R3,0
2,0,banking77_open,2,balance_not_updated_after_bank_transfer,known_intent,40,2509,38,R3,0
3,0,banking77_open,3,balance_not_updated_after_cheque_or_cash_deposit,known_intent,40,2509,37,R3,0
4,0,banking77_open,4,beneficiary_not_allowed,known_intent,40,2509,36,R3,0
2,0,banking77_open,2,card_arrival,known_intent,40,2509,38,R3,0
15,0,banking77_open,15,card_not_working,known_intent,40,2509,25,R3,0
9,0,banking77_open,9,card_payment_fee_charged,known_intent,40,2509,31,R3,0
4,0,banking77_open,4,card_swallowed,known_intent,40,2509,36,R3,0
3,0,banking77_open,3,compromised_card,known_intent,40,2509,37,R3,0
8,0,banking77_open,8,country_support,known_intent,40,2509,32,R3,0
1,0,banking77_open,1,declined_cash_withdrawal,known_intent,40,2509,39,R3,0
12,0,banking77_open,11,declined_transfer,known_intent,40,2509,28,R3,1
2,0,banking77_open,2,edit_personal_details,known_intent,40,2509,38,R3,0
3,0,banking77_open,3,exchange_charge,known_intent,40,2509,37,R3,0
5,0,banking77_open,5,exchange_via_app,known_intent,40,2509,35,R3,0
10,0,banking77_open,10,failed_transfer,known_intent,40,2509,30,R3,0
2,0,banking77_open,2,fiat_currency_support,known_intent,40,2509,38,R3,0
20,1,banking77_open,20,get_disposable_virtual_card,known_intent,40,2509,19,R3,0
21,0,banking77_open,21,getting_virtual_card,known_intent,40,2509,19,R3,0
6,0,banking77_open,6,lost_or_stolen_card,known_intent,40,2509,34,R3,0
2,0,banking77_open,2,lost_or_stolen_phone,known_intent,40,2509,38,R3,0
8,0,banking77_open,8,pin_blocked,known_intent,40,2509,32,R3,0
3,0,banking77_open,3,receiving_money,known_intent,40,2509,37,R3,0
6,0,banking77_open,6,reverted_card_payment?,known_intent,40,2509,34,R3,0
0,0,banking77_open,0,supported_cards_and_currencies,known_intent,40,2509,40,R3,0
2,0,banking77_open,2,top_up_by_bank_transfer_charge,known_intent,40,2509,38,R3,0
13,0,banking77_open,12,top_up_by_cash_or_cheque,known_intent,40,2509,27,R3,1
8,0,banking77_open,8,top_up_failed,known_intent,40,2509,32,R3,0
3,0,banking77_open,3,topping_up_by_card,known_intent,40,2509,37,R3,0
5,0,banking77_open,5,transaction_charged_twice,known_intent,40,2509,35,R3,0
10,0,banking77_open,10,transfer_fee_charged,known_intent,40,2509,30,R3,0
0,0,banking77_open,0,transfer_not_received_by_recipient,known_intent,40,2509,40,R3,0
19,0,banking77_open,19,verify_my_identity,known_intent,40,2509,21,R3,0
12,0,banking77_open,12,verify_source_of_funds,known_intent,40,2509,28,R3,0
9,0,banking77_open,9,visa_or_mastercard,known_intent,40,2509,31,R3,0
10,0,banking77_open,10,wrong_exchange_rate_for_cash_withdrawal,known_intent,40,2509,30,R3,0
4,0,banking77_open,0,test_only_oos_intent,unknown_kind,760,2509,756,R3,0
40,0,banking77_closed,39,Refund_not_showing_up,known_intent,40,2509,0,R0,1
40,0,banking77_closed,38,activate_my_card,known_intent,40,2509,0,R0,2
40,0,banking77_closed,40,age_limit,known_intent,40,2509,0,R0,0
40,0,banking77_closed,40,apple_pay_or_google_pay,known_intent,40,2509,0,R0,0
40,0,banking77_closed,38,atm_support,known_intent,40,2509,0,R0,2
40,0,banking77_closed,37,automatic_top_up,known_intent,40,2509,0,R0,3
40,0,banking77_closed,31,balance_not_updated_after_bank_transfer,known_intent,40,2509,0,R0,9
40,0,banking77_closed,37,balance_not_updated_after_cheque_or_cash_deposit,known_intent,40,2509,0,R0,3
40,0,banking77_closed,35,beneficiary_not_allowed,known_intent,40,2509,0,R0,5
40,0,banking77_closed,39,cancel_transfer,known_intent,40,2509,0,R0,1
40,0,banking77_closed,38,card_about_to_expire,known_intent,40,2509,0,R0,2
40,0,banking77_closed,32,card_acceptance,known_intent,40,2509,0,R0,8
40,0,banking77_closed,35,card_arrival,known_intent,40,2509,0,R0,5
40,0,banking77_closed,36,card_delivery_estimate,known_intent,40,2509,0,R0,4
40,0,banking77_closed,39,card_linking,known_intent,40,2509,0,R0,1
40,0,banking77_closed,38,card_not_working,known_intent,40,2509,0,R0,2
40,0,banking77_closed,38,card_payment_fee_charged,known_intent,40,2509,0,R0,2
40,0,banking77_closed,36,card_payment_not_recognised,known_intent,40,2509,0,R0,4
40,0,banking77_closed,36,card_payment_wrong_exchange_rate,known_intent,40,2509,0,R0,4
40,0,banking77_closed,36,card_swallowed,known_intent,40,2509,0,R0,4
40,0,banking77_closed,38,cash_withdrawal_charge,known_intent,40,2509,0,R0,2
40,0,banking77_closed,37,cash_withdrawal_not_recognised,known_intent,40,2509,0,R0,3
40,0,banking77_closed,36,change_pin,known_intent,40,2509,0,R0,4
40,0,banking77_closed,30,compromised_card,known_intent,40,2509,0,R0,10
40,0,banking77_closed,35,contactless_not_working,known_intent,40,2509,0,R0,5
40,0,banking77_closed,39,country_support,known_intent,40,2509,0,R0,1
40,0,banking77_closed,36,declined_card_payment,known_intent,40,2509,0,R0,4
40,0,banking77_closed,34,declined_cash_withdrawal,known_intent,40,2509,0,R0,6
40,0,banking77_closed,30,declined_transfer,known_intent,40,2509,0,R0,10
40,0,banking77_closed,32,direct_debit_payment_not_recognised,known_intent,40,2509,0,R0,8
40,0,banking77_closed,34,disposable_card_limits,known_intent,40,2509,0,R0,6
40,0,banking77_closed,40,edit_personal_details,known_intent,40,2509,0,R0,0
40,0,banking77_closed,36,exchange_charge,known_intent,40,2509,0,R0,4
40,0,banking77_closed,39,exchange_rate,known_intent,40,2509,0,R0,1
40,0,banking77_closed,37,exchange_via_app,known_intent,40,2509,0,R0,3
40,0,banking77_closed,36,extra_charge_on_statement,known_intent,40,2509,0,R0,4
40,0,banking77_closed,36,failed_transfer,known_intent,40,2509,0,R0,4
40,0,banking77_closed,30,fiat_currency_support,known_intent,40,2509,0,R0,10
40,0,banking77_closed,34,get_disposable_virtual_card,known_intent,40,2509,0,R0,6
40,0,banking77_closed,40,get_physical_card,known_intent,40,2509,0,R0,0
40,0,banking77_closed,32,getting_spare_card,known_intent,40,2509,0,R0,8
40,0,banking77_closed,39,getting_virtual_card,known_intent,40,2509,0,R0,1
40,0,banking77_closed,34,lost_or_stolen_card,known_intent,40,2509,0,R0,6
40,0,banking77_closed,39,lost_or_stolen_phone,known_intent,40,2509,0,R0,1
40,0,banking77_closed,36,order_physical_card,known_intent,40,2509,0,R0,4
40,0,banking77_closed,40,passcode_forgotten,known_intent,40,2509,0,R0,0
40,0,banking77_closed,35,pending_card_payment,known_intent,40,2509,0,R0,5
40,0,banking77_closed,35,pending_cash_withdrawal,known_intent,40,2509,0,R0,5
40,0,banking77_closed,33,pending_top_up,known_intent,40,2509,0,R0,7
40,0,banking77_closed,25,pending_transfer,known_intent,40,2509,0,R0,15
40,0,banking77_closed,35,pin_blocked,known_intent,40,2509,0,R0,5
40,0,banking77_closed,37,receiving_money,known_intent,40,2509,0,R0,3
40,0,banking77_closed,32,request_refund,known_intent,40,2509,0,R0,8
40,0,banking77_closed,37,reverted_card_payment?,known_intent,40,2509,0,R0,3
40,0,banking77_closed,35,supported_cards_and_currencies,known_intent,40,2509,0,R0,5
40,0,banking77_closed,40,terminate_account,known_intent,40,2509,0,R0,0
40,0,banking77_closed,32,top_up_by_bank_transfer_charge,known_intent,40,2509,0,R0,8
40,0,banking77_closed,38,top_up_by_card_charge,known_intent,40,2509,0,R0,2
40,0,banking77_closed,32,top_up_by_cash_or_cheque,known_intent,40,2509,0,R0,8
40,0,banking77_closed,36,top_up_failed,known_intent,40,2509,0,R0,4
40,0,banking77_closed,40,top_up_limits,known_intent,40,2509,0,R0,0
40,0,banking77_closed,35,top_up_reverted,known_intent,40,2509,0,R0,5
40,0,banking77_closed,32,topping_up_by_card,known_intent,40,2509,0,R0,8
40,0,banking77_closed,40,transaction_charged_twice,known_intent,40,2509,0,R0,0
40,0,banking77_closed,37,transfer_fee_charged,known_intent,40,2509,0,R0,3
40,0,banking77_closed,36,transfer_into_account,known_intent,40,2509,0,R0,4
40,0,banking77_closed,32,transfer_not_received_by_recipient,known_intent,40,2509,0,R0,8
40,0,banking77_closed,36,transfer_timing,known_intent,40,2509,0,R0,4
40,0,banking77_closed,37,unable_to_verify_identity,known_intent,40,2509,0,R0,3
40,0,banking77_closed,34,verify_my_identity,known_intent,40,2509,0,R0,6
40,0,banking77_closed,40,verify_source_of_funds,known_intent,40,2509,0,R0,0
40,0,banking77_closed,40,verify_top_up,known_intent,40,2509,0,R0,0
40,0,banking77_closed,11,virtual_card_not_working,known_intent,40,2509,0,R0,29
40,0,banking77_closed,37,visa_or_mastercard,known_intent,40,2509,0,R0,3
40,0,banking77_closed,37,why_verify_identity,known_intent,40,2509,0,R0,3
40,0,banking77_closed,36,wrong_amount_of_cash_received,known_intent,40,2509,0,R0,4
40,0,banking77_closed,32,wrong_exchange_rate_for_cash_withdrawal,known_intent,40,2509,0,R0,8
40,0,banking77_closed,38,Refund_not_showing_up,known_intent,40,2509,0,R2,2
40,0,banking77_closed,36,activate_my_card,known_intent,40,2509,0,R2,4
40,0,banking77_closed,40,age_limit,known_intent,40,2509,0,R2,0
40,0,banking77_closed,40,apple_pay_or_google_pay,known_intent,40,2509,0,R2,0
40,0,banking77_closed,38,atm_support,known_intent,40,2509,0,R2,2
40,0,banking77_closed,36,automatic_top_up,known_intent,40,2509,0,R2,4
40,0,banking77_closed,21,balance_not_updated_after_bank_transfer,known_intent,40,2509,0,R2,19
40,0,banking77_closed,35,balance_not_updated_after_cheque_or_cash_deposit,known_intent,40,2509,0,R2,5
40,0,banking77_closed,28,beneficiary_not_allowed,known_intent,40,2509,0,R2,12
40,0,banking77_closed,36,cancel_transfer,known_intent,40,2509,0,R2,4
40,0,banking77_closed,40,card_about_to_expire,known_intent,40,2509,0,R2,0
40,0,banking77_closed,37,card_acceptance,known_intent,40,2509,0,R2,3
40,0,banking77_closed,30,card_arrival,known_intent,40,2509,0,R2,10
40,0,banking77_closed,36,card_delivery_estimate,known_intent,40,2509,0,R2,4
40,0,banking77_closed,38,card_linking,known_intent,40,2509,0,R2,2
40,0,banking77_closed,34,card_not_working,known_intent,40,2509,0,R2,6
40,0,banking77_closed,31,card_payment_fee_charged,known_intent,40,2509,0,R2,9
40,0,banking77_closed,29,card_payment_not_recognised,known_intent,40,2509,0,R2,11
40,0,banking77_closed,36,card_payment_wrong_exchange_rate,known_intent,40,2509,0,R2,4
40,0,banking77_closed,37,card_swallowed,known_intent,40,2509,0,R2,3
40,0,banking77_closed,36,cash_withdrawal_charge,known_intent,40,2509,0,R2,4
40,0,banking77_closed,32,cash_withdrawal_not_recognised,known_intent,40,2509,0,R2,8
40,0,banking77_closed,40,change_pin,known_intent,40,2509,0,R2,0
40,0,banking77_closed,23,compromised_card,known_intent,40,2509,0,R2,17
40,0,banking77_closed,39,contactless_not_working,known_intent,40,2509,0,R2,1
40,0,banking77_closed,39,country_support,known_intent,40,2509,0,R2,1
40,0,banking77_closed,32,declined_card_payment,known_intent,40,2509,0,R2,8
40,0,banking77_closed,25,declined_cash_withdrawal,known_intent,40,2509,0,R2,15
40,0,banking77_closed,29,declined_transfer,known_intent,40,2509,0,R2,11
40,0,banking77_closed,31,direct_debit_payment_not_recognised,known_intent,40,2509,0,R2,9
40,0,banking77_closed,35,disposable_card_limits,known_intent,40,2509,0,R2,5
40,0,banking77_closed,40,edit_personal_details,known_intent,40,2509,0,R2,0
40,0,banking77_closed,37,exchange_charge,known_intent,40,2509,0,R2,3
40,0,banking77_closed,38,exchange_rate,known_intent,40,2509,0,R2,2
40,0,banking77_closed,35,exchange_via_app,known_intent,40,2509,0,R2,5
40,0,banking77_closed,35,extra_charge_on_statement,known_intent,40,2509,0,R2,5
40,0,banking77_closed,35,failed_transfer,known_intent,40,2509,0,R2,5
40,0,banking77_closed,31,fiat_currency_support,known_intent,40,2509,0,R2,9
40,0,banking77_closed,35,get_disposable_virtual_card,known_intent,40,2509,0,R2,5
40,0,banking77_closed,36,get_physical_card,known_intent,40,2509,0,R2,4
40,0,banking77_closed,39,getting_spare_card,known_intent,40,2509,0,R2,1
40,0,banking77_closed,38,getting_virtual_card,known_intent,40,2509,0,R2,2
40,0,banking77_closed,36,lost_or_stolen_card,known_intent,40,2509,0,R2,4
40,0,banking77_closed,38,lost_or_stolen_phone,known_intent,40,2509,0,R2,2
40,0,banking77_closed,27,order_physical_card,known_intent,40,2509,0,R2,13
40,0,banking77_closed,40,passcode_forgotten,known_intent,40,2509,0,R2,0
40,0,banking77_closed,36,pending_card_payment,known_intent,40,2509,0,R2,4
40,0,banking77_closed,33,pending_cash_withdrawal,known_intent,40,2509,0,R2,7
40,0,banking77_closed,28,pending_top_up,known_intent,40,2509,0,R2,12
40,0,banking77_closed,26,pending_transfer,known_intent,40,2509,0,R2,14
40,0,banking77_closed,31,pin_blocked,known_intent,40,2509,0,R2,9
40,0,banking77_closed,33,receiving_money,known_intent,40,2509,0,R2,7
40,0,banking77_closed,31,request_refund,known_intent,40,2509,0,R2,9
40,0,banking77_closed,35,reverted_card_payment?,known_intent,40,2509,0,R2,5
40,0,banking77_closed,26,supported_cards_and_currencies,known_intent,40,2509,0,R2,14
40,0,banking77_closed,40,terminate_account,known_intent,40,2509,0,R2,0
40,0,banking77_closed,33,top_up_by_bank_transfer_charge,known_intent,40,2509,0,R2,7
40,0,banking77_closed,36,top_up_by_card_charge,known_intent,40,2509,0,R2,4
40,0,banking77_closed,35,top_up_by_cash_or_cheque,known_intent,40,2509,0,R2,5
40,0,banking77_closed,35,top_up_failed,known_intent,40,2509,0,R2,5
40,0,banking77_closed,38,top_up_limits,known_intent,40,2509,0,R2,2
40,0,banking77_closed,29,top_up_reverted,known_intent,40,2509,0,R2,11
40,0,banking77_closed,19,topping_up_by_card,known_intent,40,2509,0,R2,21
40,0,banking77_closed,39,transaction_charged_twice,known_intent,40,2509,0,R2,1
40,0,banking77_closed,31,transfer_fee_charged,known_intent,40,2509,0,R2,9
40,0,banking77_closed,35,transfer_into_account,known_intent,40,2509,0,R2,5
40,0,banking77_closed,19,transfer_not_received_by_recipient,known_intent,40,2509,0,R2,21
40,0,banking77_closed,39,transfer_timing,known_intent,40,2509,0,R2,1
40,0,banking77_closed,36,unable_to_verify_identity,known_intent,40,2509,0,R2,4
40,0,banking77_closed,38,verify_my_identity,known_intent,40,2509,0,R2,2
40,0,banking77_closed,40,verify_source_of_funds,known_intent,40,2509,0,R2,0
40,0,banking77_closed,40,verify_top_up,known_intent,40,2509,0,R2,0
40,0,banking77_closed,33,virtual_card_not_working,known_intent,40,2509,0,R2,7
40,0,banking77_closed,37,visa_or_mastercard,known_intent,40,2509,0,R2,3
40,0,banking77_closed,34,why_verify_identity,known_intent,40,2509,0,R2,6
40,0,banking77_closed,30,wrong_amount_of_cash_received,known_intent,40,2509,0,R2,10
40,0,banking77_closed,34,wrong_exchange_rate_for_cash_withdrawal,known_intent,40,2509,0,R2,6
30,0,clinc150,28,account_blocked,known_intent,30,2510,0,R0,2
30,0,clinc150,30,alarm,known_intent,30,2510,0,R0,0
30,0,clinc150,30,balance,known_intent,30,2510,0,R0,0
30,0,clinc150,30,book_hotel,known_intent,30,2510,0,R0,0
30,0,clinc150,29,calendar_update,known_intent,30,2510,0,R0,1
30,0,clinc150,29,calories,known_intent,30,2510,0,R0,1
30,0,clinc150,30,cancel,known_intent,30,2510,0,R0,0
30,0,clinc150,30,car_rental,known_intent,30,2510,0,R0,0
30,0,clinc150,30,change_language,known_intent,30,2510,0,R0,0
30,0,clinc150,28,change_user_name,known_intent,30,2510,0,R0,2
30,0,clinc150,30,confirm_reservation,known_intent,30,2510,0,R0,0
30,0,clinc150,29,credit_limit,known_intent,30,2510,0,R0,1
30,0,clinc150,30,current_location,known_intent,30,2510,0,R0,0
30,0,clinc150,30,damaged_card,known_intent,30,2510,0,R0,0
30,0,clinc150,30,definition,known_intent,30,2510,0,R0,0
30,0,clinc150,30,direct_deposit,known_intent,30,2510,0,R0,0
30,0,clinc150,30,directions,known_intent,30,2510,0,R0,0
30,0,clinc150,26,distance,known_intent,30,2510,0,R0,4
30,0,clinc150,30,expiration_date,known_intent,30,2510,0,R0,0
30,0,clinc150,30,flight_status,known_intent,30,2510,0,R0,0
30,0,clinc150,29,food_last,known_intent,30,2510,0,R0,1
30,0,clinc150,29,gas,known_intent,30,2510,0,R0,1
30,0,clinc150,30,how_busy,known_intent,30,2510,0,R0,0
30,0,clinc150,30,improve_credit_score,known_intent,30,2510,0,R0,0
30,0,clinc150,29,income,known_intent,30,2510,0,R0,1
30,0,clinc150,30,insurance,known_intent,30,2510,0,R0,0
30,0,clinc150,30,interest_rate,known_intent,30,2510,0,R0,0
30,0,clinc150,30,mpg,known_intent,30,2510,0,R0,0
30,0,clinc150,30,next_song,known_intent,30,2510,0,R0,0
30,0,clinc150,30,no,known_intent,30,2510,0,R0,0
30,0,clinc150,29,pay_bill,known_intent,30,2510,0,R0,1
30,0,clinc150,30,play_music,known_intent,30,2510,0,R0,0
30,0,clinc150,30,pto_request_status,known_intent,30,2510,0,R0,0
30,0,clinc150,30,recipe,known_intent,30,2510,0,R0,0
30,0,clinc150,27,reminder_update,known_intent,30,2510,0,R0,3
30,0,clinc150,30,report_fraud,known_intent,30,2510,0,R0,0
30,0,clinc150,30,rewards_balance,known_intent,30,2510,0,R0,0
30,0,clinc150,30,schedule_meeting,known_intent,30,2510,0,R0,0
30,0,clinc150,29,share_location,known_intent,30,2510,0,R0,1
30,0,clinc150,29,shopping_list,known_intent,30,2510,0,R0,1
30,0,clinc150,30,sync_device,known_intent,30,2510,0,R0,0
30,0,clinc150,30,tell_joke,known_intent,30,2510,0,R0,0
30,0,clinc150,30,thank_you,known_intent,30,2510,0,R0,0
30,0,clinc150,29,timer,known_intent,30,2510,0,R0,1
30,0,clinc150,30,travel_notification,known_intent,30,2510,0,R0,0
30,0,clinc150,30,travel_suggestion,known_intent,30,2510,0,R0,0
30,0,clinc150,30,weather,known_intent,30,2510,0,R0,0
30,0,clinc150,28,what_is_your_name,known_intent,30,2510,0,R0,2
30,0,clinc150,30,who_do_you_work_for,known_intent,30,2510,0,R0,0
30,0,clinc150,30,who_made_you,known_intent,30,2510,0,R0,0
3000,0,clinc150,0,heldout_intent,unknown_kind,3000,2510,0,R0,0
1000,0,clinc150,0,official_oos,unknown_kind,1000,2510,0,R0,0
30,0,clinc150,28,account_blocked,known_intent,30,2510,0,R2,2
30,0,clinc150,30,alarm,known_intent,30,2510,0,R2,0
30,0,clinc150,30,balance,known_intent,30,2510,0,R2,0
30,0,clinc150,29,book_hotel,known_intent,30,2510,0,R2,1
30,0,clinc150,30,calendar_update,known_intent,30,2510,0,R2,0
30,0,clinc150,30,calories,known_intent,30,2510,0,R2,0
30,0,clinc150,30,cancel,known_intent,30,2510,0,R2,0
30,0,clinc150,30,car_rental,known_intent,30,2510,0,R2,0
30,0,clinc150,30,change_language,known_intent,30,2510,0,R2,0
30,0,clinc150,20,change_user_name,known_intent,30,2510,0,R2,10
30,0,clinc150,30,confirm_reservation,known_intent,30,2510,0,R2,0
30,0,clinc150,29,credit_limit,known_intent,30,2510,0,R2,1
30,0,clinc150,28,current_location,known_intent,30,2510,0,R2,2
30,0,clinc150,30,damaged_card,known_intent,30,2510,0,R2,0
30,0,clinc150,30,definition,known_intent,30,2510,0,R2,0
30,0,clinc150,30,direct_deposit,known_intent,30,2510,0,R2,0
30,0,clinc150,29,directions,known_intent,30,2510,0,R2,1
30,0,clinc150,22,distance,known_intent,30,2510,0,R2,8
30,0,clinc150,30,expiration_date,known_intent,30,2510,0,R2,0
30,0,clinc150,30,flight_status,known_intent,30,2510,0,R2,0
30,0,clinc150,29,food_last,known_intent,30,2510,0,R2,1
30,0,clinc150,29,gas,known_intent,30,2510,0,R2,1
30,0,clinc150,30,how_busy,known_intent,30,2510,0,R2,0
30,0,clinc150,30,improve_credit_score,known_intent,30,2510,0,R2,0
30,0,clinc150,28,income,known_intent,30,2510,0,R2,2
30,0,clinc150,30,insurance,known_intent,30,2510,0,R2,0
30,0,clinc150,29,interest_rate,known_intent,30,2510,0,R2,1
30,0,clinc150,30,mpg,known_intent,30,2510,0,R2,0
30,0,clinc150,29,next_song,known_intent,30,2510,0,R2,1
30,0,clinc150,29,no,known_intent,30,2510,0,R2,1
30,0,clinc150,29,pay_bill,known_intent,30,2510,0,R2,1
30,0,clinc150,29,play_music,known_intent,30,2510,0,R2,1
30,0,clinc150,30,pto_request_status,known_intent,30,2510,0,R2,0
30,0,clinc150,30,recipe,known_intent,30,2510,0,R2,0
30,0,clinc150,25,reminder_update,known_intent,30,2510,0,R2,5
30,0,clinc150,26,report_fraud,known_intent,30,2510,0,R2,4
30,0,clinc150,30,rewards_balance,known_intent,30,2510,0,R2,0
30,0,clinc150,30,schedule_meeting,known_intent,30,2510,0,R2,0
30,0,clinc150,27,share_location,known_intent,30,2510,0,R2,3
30,0,clinc150,29,shopping_list,known_intent,30,2510,0,R2,1
30,0,clinc150,30,sync_device,known_intent,30,2510,0,R2,0
30,0,clinc150,30,tell_joke,known_intent,30,2510,0,R2,0
30,0,clinc150,29,thank_you,known_intent,30,2510,0,R2,1
30,0,clinc150,29,timer,known_intent,30,2510,0,R2,1
30,0,clinc150,30,travel_notification,known_intent,30,2510,0,R2,0
30,0,clinc150,28,travel_suggestion,known_intent,30,2510,0,R2,2
30,0,clinc150,30,weather,known_intent,30,2510,0,R2,0
30,0,clinc150,27,what_is_your_name,known_intent,30,2510,0,R2,3
30,0,clinc150,28,who_do_you_work_for,known_intent,30,2510,0,R2,2
30,0,clinc150,30,who_made_you,known_intent,30,2510,0,R2,0
3000,0,clinc150,0,heldout_intent,unknown_kind,3000,2510,0,R2,0
1000,0,clinc150,0,official_oos,unknown_kind,1000,2510,0,R2,0
29,0,clinc150,28,account_blocked,known_intent,30,2510,1,MAX_THRESHOLD,1
28,0,clinc150,28,alarm,known_intent,30,2510,2,MAX_THRESHOLD,0
25,0,clinc150,25,balance,known_intent,30,2510,5,MAX_THRESHOLD,0
24,0,clinc150,23,book_hotel,known_intent,30,2510,6,MAX_THRESHOLD,1
26,0,clinc150,26,calendar_update,known_intent,30,2510,4,MAX_THRESHOLD,0
27,0,clinc150,27,calories,known_intent,30,2510,3,MAX_THRESHOLD,0
25,0,clinc150,25,cancel,known_intent,30,2510,5,MAX_THRESHOLD,0
19,0,clinc150,19,car_rental,known_intent,30,2510,11,MAX_THRESHOLD,0
26,0,clinc150,26,change_language,known_intent,30,2510,4,MAX_THRESHOLD,0
25,0,clinc150,17,change_user_name,known_intent,30,2510,5,MAX_THRESHOLD,8
22,0,clinc150,22,confirm_reservation,known_intent,30,2510,8,MAX_THRESHOLD,0
29,0,clinc150,28,credit_limit,known_intent,30,2510,1,MAX_THRESHOLD,1
29,0,clinc150,27,current_location,known_intent,30,2510,1,MAX_THRESHOLD,2
30,0,clinc150,30,damaged_card,known_intent,30,2510,0,MAX_THRESHOLD,0
0,0,clinc150,0,definition,known_intent,30,2510,30,MAX_THRESHOLD,0
30,0,clinc150,30,direct_deposit,known_intent,30,2510,0,MAX_THRESHOLD,0
9,0,clinc150,9,directions,known_intent,30,2510,21,MAX_THRESHOLD,0
14,0,clinc150,12,distance,known_intent,30,2510,16,MAX_THRESHOLD,2
30,0,clinc150,30,expiration_date,known_intent,30,2510,0,MAX_THRESHOLD,0
30,0,clinc150,30,flight_status,known_intent,30,2510,0,MAX_THRESHOLD,0
26,0,clinc150,25,food_last,known_intent,30,2510,4,MAX_THRESHOLD,1
25,0,clinc150,24,gas,known_intent,30,2510,5,MAX_THRESHOLD,1
22,0,clinc150,22,how_busy,known_intent,30,2510,8,MAX_THRESHOLD,0
28,0,clinc150,28,improve_credit_score,known_intent,30,2510,2,MAX_THRESHOLD,0
27,0,clinc150,26,income,known_intent,30,2510,3,MAX_THRESHOLD,1
30,0,clinc150,30,insurance,known_intent,30,2510,0,MAX_THRESHOLD,0
30,0,clinc150,29,interest_rate,known_intent,30,2510,0,MAX_THRESHOLD,1
30,0,clinc150,30,mpg,known_intent,30,2510,0,MAX_THRESHOLD,0
28,0,clinc150,27,next_song,known_intent,30,2510,2,MAX_THRESHOLD,1
24,0,clinc150,24,no,known_intent,30,2510,6,MAX_THRESHOLD,0
28,0,clinc150,28,pay_bill,known_intent,30,2510,2,MAX_THRESHOLD,0
16,0,clinc150,16,play_music,known_intent,30,2510,14,MAX_THRESHOLD,0
28,0,clinc150,28,pto_request_status,known_intent,30,2510,2,MAX_THRESHOLD,0
26,0,clinc150,26,recipe,known_intent,30,2510,4,MAX_THRESHOLD,0
24,0,clinc150,21,reminder_update,known_intent,30,2510,6,MAX_THRESHOLD,3
22,0,clinc150,21,report_fraud,known_intent,30,2510,8,MAX_THRESHOLD,1
29,0,clinc150,29,rewards_balance,known_intent,30,2510,1,MAX_THRESHOLD,0
30,0,clinc150,30,schedule_meeting,known_intent,30,2510,0,MAX_THRESHOLD,0
29,0,clinc150,27,share_location,known_intent,30,2510,1,MAX_THRESHOLD,2
26,0,clinc150,26,shopping_list,known_intent,30,2510,4,MAX_THRESHOLD,0
29,0,clinc150,29,sync_device,known_intent,30,2510,1,MAX_THRESHOLD,0
30,0,clinc150,30,tell_joke,known_intent,30,2510,0,MAX_THRESHOLD,0
28,0,clinc150,28,thank_you,known_intent,30,2510,2,MAX_THRESHOLD,0
29,0,clinc150,29,timer,known_intent,30,2510,1,MAX_THRESHOLD,0
27,0,clinc150,27,travel_notification,known_intent,30,2510,3,MAX_THRESHOLD,0
20,0,clinc150,19,travel_suggestion,known_intent,30,2510,10,MAX_THRESHOLD,1
28,0,clinc150,28,weather,known_intent,30,2510,2,MAX_THRESHOLD,0
27,0,clinc150,26,what_is_your_name,known_intent,30,2510,3,MAX_THRESHOLD,1
21,0,clinc150,20,who_do_you_work_for,known_intent,30,2510,9,MAX_THRESHOLD,1
25,0,clinc150,25,who_made_you,known_intent,30,2510,5,MAX_THRESHOLD,0
758,0,clinc150,0,heldout_intent,unknown_kind,3000,2510,2242,MAX_THRESHOLD,0
41,0,clinc150,0,official_oos,unknown_kind,1000,2510,959,MAX_THRESHOLD,0
2,0,clinc150,2,account_blocked,known_intent,30,2510,28,R3,0
6,0,clinc150,6,alarm,known_intent,30,2510,24,R3,0
13,0,clinc150,13,balance,known_intent,30,2510,17,R3,0
0,0,clinc150,0,book_hotel,known_intent,30,2510,30,R3,0
2,0,clinc150,2,calendar_update,known_intent,30,2510,28,R3,0
0,0,clinc150,0,calories,known_intent,30,2510,30,R3,0
0,0,clinc150,0,cancel,known_intent,30,2510,30,R3,0
1,0,clinc150,1,car_rental,known_intent,30,2510,29,R3,0
0,0,clinc150,0,change_language,known_intent,30,2510,30,R3,0
0,0,clinc150,0,change_user_name,known_intent,30,2510,30,R3,0
5,0,clinc150,5,confirm_reservation,known_intent,30,2510,25,R3,0
8,0,clinc150,8,credit_limit,known_intent,30,2510,22,R3,0
8,4,clinc150,8,current_location,known_intent,30,2510,18,R3,0
10,0,clinc150,10,damaged_card,known_intent,30,2510,20,R3,0
0,0,clinc150,0,definition,known_intent,30,2510,30,R3,0
16,0,clinc150,16,direct_deposit,known_intent,30,2510,14,R3,0
0,0,clinc150,0,directions,known_intent,30,2510,30,R3,0
1,0,clinc150,1,distance,known_intent,30,2510,29,R3,0
20,0,clinc150,20,expiration_date,known_intent,30,2510,10,R3,0
0,0,clinc150,0,flight_status,known_intent,30,2510,30,R3,0
0,0,clinc150,0,food_last,known_intent,30,2510,30,R3,0
8,0,clinc150,8,gas,known_intent,30,2510,22,R3,0
0,0,clinc150,0,how_busy,known_intent,30,2510,30,R3,0
16,0,clinc150,16,improve_credit_score,known_intent,30,2510,14,R3,0
12,0,clinc150,12,income,known_intent,30,2510,18,R3,0
4,0,clinc150,4,insurance,known_intent,30,2510,26,R3,0
8,0,clinc150,8,interest_rate,known_intent,30,2510,22,R3,0
22,2,clinc150,22,mpg,known_intent,30,2510,6,R3,0
8,0,clinc150,8,next_song,known_intent,30,2510,22,R3,0
7,0,clinc150,7,no,known_intent,30,2510,23,R3,0
7,0,clinc150,7,pay_bill,known_intent,30,2510,23,R3,0
0,0,clinc150,0,play_music,known_intent,30,2510,30,R3,0
9,0,clinc150,9,pto_request_status,known_intent,30,2510,21,R3,0
0,0,clinc150,0,recipe,known_intent,30,2510,30,R3,0
2,0,clinc150,2,reminder_update,known_intent,30,2510,28,R3,0
4,0,clinc150,4,report_fraud,known_intent,30,2510,26,R3,0
2,0,clinc150,2,rewards_balance,known_intent,30,2510,28,R3,0
4,0,clinc150,4,schedule_meeting,known_intent,30,2510,26,R3,0
2,0,clinc150,1,share_location,known_intent,30,2510,28,R3,1
12,0,clinc150,12,shopping_list,known_intent,30,2510,18,R3,0
2,0,clinc150,2,sync_device,known_intent,30,2510,28,R3,0
8,0,clinc150,8,tell_joke,known_intent,30,2510,22,R3,0
14,0,clinc150,14,thank_you,known_intent,30,2510,16,R3,0
20,0,clinc150,20,timer,known_intent,30,2510,10,R3,0
1,0,clinc150,1,travel_notification,known_intent,30,2510,29,R3,0
0,0,clinc150,0,travel_suggestion,known_intent,30,2510,30,R3,0
6,0,clinc150,6,weather,known_intent,30,2510,24,R3,0
11,0,clinc150,11,what_is_your_name,known_intent,30,2510,19,R3,0
5,0,clinc150,5,who_do_you_work_for,known_intent,30,2510,25,R3,0
5,0,clinc150,5,who_made_you,known_intent,30,2510,25,R3,0
16,0,clinc150,0,heldout_intent,unknown_kind,3000,2510,2984,R3,0
0,0,clinc150,0,official_oos,unknown_kind,1000,2510,1000,R3,0
40,0,banking77_open,40,apple_pay_or_google_pay,known_intent,40,2510,0,R0,0
40,0,banking77_open,38,atm_support,known_intent,40,2510,0,R0,2
40,0,banking77_open,36,automatic_top_up,known_intent,40,2510,0,R0,4
40,0,banking77_open,35,balance_not_updated_after_bank_transfer,known_intent,40,2510,0,R0,5
40,0,banking77_open,36,beneficiary_not_allowed,known_intent,40,2510,0,R0,4
40,0,banking77_open,39,cancel_transfer,known_intent,40,2510,0,R0,1
40,0,banking77_open,39,card_about_to_expire,known_intent,40,2510,0,R0,1
40,0,banking77_open,33,card_acceptance,known_intent,40,2510,0,R0,7
40,0,banking77_open,39,card_delivery_estimate,known_intent,40,2510,0,R0,1
40,0,banking77_open,40,card_not_working,known_intent,40,2510,0,R0,0
40,0,banking77_open,39,card_payment_fee_charged,known_intent,40,2510,0,R0,1
40,0,banking77_open,37,card_payment_not_recognised,known_intent,40,2510,0,R0,3
40,0,banking77_open,37,cash_withdrawal_charge,known_intent,40,2510,0,R0,3
40,0,banking77_open,39,cash_withdrawal_not_recognised,known_intent,40,2510,0,R0,1
40,0,banking77_open,36,contactless_not_working,known_intent,40,2510,0,R0,4
40,0,banking77_open,39,country_support,known_intent,40,2510,0,R0,1
40,0,banking77_open,35,declined_transfer,known_intent,40,2510,0,R0,5
40,0,banking77_open,33,direct_debit_payment_not_recognised,known_intent,40,2510,0,R0,7
40,0,banking77_open,40,edit_personal_details,known_intent,40,2510,0,R0,0
40,0,banking77_open,38,extra_charge_on_statement,known_intent,40,2510,0,R0,2
40,0,banking77_open,38,failed_transfer,known_intent,40,2510,0,R0,2
40,0,banking77_open,38,fiat_currency_support,known_intent,40,2510,0,R0,2
40,0,banking77_open,38,getting_spare_card,known_intent,40,2510,0,R0,2
40,0,banking77_open,40,lost_or_stolen_phone,known_intent,40,2510,0,R0,0
40,0,banking77_open,37,order_physical_card,known_intent,40,2510,0,R0,3
40,0,banking77_open,39,request_refund,known_intent,40,2510,0,R0,1
40,0,banking77_open,36,supported_cards_and_currencies,known_intent,40,2510,0,R0,4
40,0,banking77_open,40,terminate_account,known_intent,40,2510,0,R0,0
40,0,banking77_open,40,top_up_limits,known_intent,40,2510,0,R0,0
40,0,banking77_open,38,top_up_reverted,known_intent,40,2510,0,R0,2
40,0,banking77_open,33,topping_up_by_card,known_intent,40,2510,0,R0,7
40,0,banking77_open,38,transfer_fee_charged,known_intent,40,2510,0,R0,2
40,0,banking77_open,36,transfer_into_account,known_intent,40,2510,0,R0,4
40,0,banking77_open,39,transfer_timing,known_intent,40,2510,0,R0,1
40,0,banking77_open,38,unable_to_verify_identity,known_intent,40,2510,0,R0,2
40,0,banking77_open,40,verify_top_up,known_intent,40,2510,0,R0,0
40,0,banking77_open,36,virtual_card_not_working,known_intent,40,2510,0,R0,4
40,0,banking77_open,36,wrong_amount_of_cash_received,known_intent,40,2510,0,R0,4
40,0,banking77_open,36,wrong_exchange_rate_for_cash_withdrawal,known_intent,40,2510,0,R0,4
760,0,banking77_open,0,test_only_oos_intent,unknown_kind,760,2510,0,R0,0
40,0,banking77_open,39,apple_pay_or_google_pay,known_intent,40,2510,0,R2,1
40,0,banking77_open,39,atm_support,known_intent,40,2510,0,R2,1
40,0,banking77_open,35,automatic_top_up,known_intent,40,2510,0,R2,5
40,0,banking77_open,27,balance_not_updated_after_bank_transfer,known_intent,40,2510,0,R2,13
40,0,banking77_open,26,beneficiary_not_allowed,known_intent,40,2510,0,R2,14
40,0,banking77_open,37,cancel_transfer,known_intent,40,2510,0,R2,3
40,0,banking77_open,39,card_about_to_expire,known_intent,40,2510,0,R2,1
40,0,banking77_open,40,card_acceptance,known_intent,40,2510,0,R2,0
40,0,banking77_open,36,card_delivery_estimate,known_intent,40,2510,0,R2,4
40,0,banking77_open,37,card_not_working,known_intent,40,2510,0,R2,3
40,0,banking77_open,32,card_payment_fee_charged,known_intent,40,2510,0,R2,8
40,0,banking77_open,31,card_payment_not_recognised,known_intent,40,2510,0,R2,9
40,0,banking77_open,36,cash_withdrawal_charge,known_intent,40,2510,0,R2,4
40,0,banking77_open,34,cash_withdrawal_not_recognised,known_intent,40,2510,0,R2,6
40,0,banking77_open,40,contactless_not_working,known_intent,40,2510,0,R2,0
40,0,banking77_open,36,country_support,known_intent,40,2510,0,R2,4
40,0,banking77_open,33,declined_transfer,known_intent,40,2510,0,R2,7
40,0,banking77_open,33,direct_debit_payment_not_recognised,known_intent,40,2510,0,R2,7
40,0,banking77_open,39,edit_personal_details,known_intent,40,2510,0,R2,1
40,0,banking77_open,37,extra_charge_on_statement,known_intent,40,2510,0,R2,3
40,0,banking77_open,35,failed_transfer,known_intent,40,2510,0,R2,5
40,0,banking77_open,39,fiat_currency_support,known_intent,40,2510,0,R2,1
40,0,banking77_open,39,getting_spare_card,known_intent,40,2510,0,R2,1
40,0,banking77_open,39,lost_or_stolen_phone,known_intent,40,2510,0,R2,1
40,0,banking77_open,33,order_physical_card,known_intent,40,2510,0,R2,7
40,0,banking77_open,34,request_refund,known_intent,40,2510,0,R2,6
40,0,banking77_open,30,supported_cards_and_currencies,known_intent,40,2510,0,R2,10
40,0,banking77_open,40,terminate_account,known_intent,40,2510,0,R2,0
40,0,banking77_open,39,top_up_limits,known_intent,40,2510,0,R2,1
40,0,banking77_open,35,top_up_reverted,known_intent,40,2510,0,R2,5
40,0,banking77_open,19,topping_up_by_card,known_intent,40,2510,0,R2,21
40,0,banking77_open,38,transfer_fee_charged,known_intent,40,2510,0,R2,2
40,0,banking77_open,35,transfer_into_account,known_intent,40,2510,0,R2,5
40,0,banking77_open,39,transfer_timing,known_intent,40,2510,0,R2,1
40,0,banking77_open,39,unable_to_verify_identity,known_intent,40,2510,0,R2,1
40,0,banking77_open,40,verify_top_up,known_intent,40,2510,0,R2,0
40,0,banking77_open,36,virtual_card_not_working,known_intent,40,2510,0,R2,4
40,0,banking77_open,31,wrong_amount_of_cash_received,known_intent,40,2510,0,R2,9
40,0,banking77_open,38,wrong_exchange_rate_for_cash_withdrawal,known_intent,40,2510,0,R2,2
760,0,banking77_open,0,test_only_oos_intent,unknown_kind,760,2510,0,R2,0
37,0,banking77_open,37,apple_pay_or_google_pay,known_intent,40,2510,3,MAX_THRESHOLD,0
38,0,banking77_open,37,atm_support,known_intent,40,2510,2,MAX_THRESHOLD,1
36,0,banking77_open,32,automatic_top_up,known_intent,40,2510,4,MAX_THRESHOLD,4
35,0,banking77_open,23,balance_not_updated_after_bank_transfer,known_intent,40,2510,5,MAX_THRESHOLD,12
30,0,banking77_open,19,beneficiary_not_allowed,known_intent,40,2510,10,MAX_THRESHOLD,11
33,0,banking77_open,32,cancel_transfer,known_intent,40,2510,7,MAX_THRESHOLD,1
40,0,banking77_open,39,card_about_to_expire,known_intent,40,2510,0,MAX_THRESHOLD,1
38,0,banking77_open,38,card_acceptance,known_intent,40,2510,2,MAX_THRESHOLD,0
30,0,banking77_open,28,card_delivery_estimate,known_intent,40,2510,10,MAX_THRESHOLD,2
35,0,banking77_open,33,card_not_working,known_intent,40,2510,5,MAX_THRESHOLD,2
32,0,banking77_open,30,card_payment_fee_charged,known_intent,40,2510,8,MAX_THRESHOLD,2
21,0,banking77_open,18,card_payment_not_recognised,known_intent,40,2510,19,MAX_THRESHOLD,3
40,0,banking77_open,36,cash_withdrawal_charge,known_intent,40,2510,0,MAX_THRESHOLD,4
31,0,banking77_open,29,cash_withdrawal_not_recognised,known_intent,40,2510,9,MAX_THRESHOLD,2
33,0,banking77_open,33,contactless_not_working,known_intent,40,2510,7,MAX_THRESHOLD,0
26,0,banking77_open,24,country_support,known_intent,40,2510,14,MAX_THRESHOLD,2
32,0,banking77_open,27,declined_transfer,known_intent,40,2510,8,MAX_THRESHOLD,5
29,0,banking77_open,27,direct_debit_payment_not_recognised,known_intent,40,2510,11,MAX_THRESHOLD,2
34,0,banking77_open,34,edit_personal_details,known_intent,40,2510,6,MAX_THRESHOLD,0
32,0,banking77_open,30,extra_charge_on_statement,known_intent,40,2510,8,MAX_THRESHOLD,2
38,0,banking77_open,34,failed_transfer,known_intent,40,2510,2,MAX_THRESHOLD,4
36,0,banking77_open,36,fiat_currency_support,known_intent,40,2510,4,MAX_THRESHOLD,0
37,0,banking77_open,37,getting_spare_card,known_intent,40,2510,3,MAX_THRESHOLD,0
25,0,banking77_open,24,lost_or_stolen_phone,known_intent,40,2510,15,MAX_THRESHOLD,1
36,0,banking77_open,30,order_physical_card,known_intent,40,2510,4,MAX_THRESHOLD,6
35,0,banking77_open,29,request_refund,known_intent,40,2510,5,MAX_THRESHOLD,6
35,0,banking77_open,26,supported_cards_and_currencies,known_intent,40,2510,5,MAX_THRESHOLD,9
37,0,banking77_open,37,terminate_account,known_intent,40,2510,3,MAX_THRESHOLD,0
40,0,banking77_open,39,top_up_limits,known_intent,40,2510,0,MAX_THRESHOLD,1
27,0,banking77_open,27,top_up_reverted,known_intent,40,2510,13,MAX_THRESHOLD,0
27,0,banking77_open,11,topping_up_by_card,known_intent,40,2510,13,MAX_THRESHOLD,16
34,0,banking77_open,33,transfer_fee_charged,known_intent,40,2510,6,MAX_THRESHOLD,1
35,0,banking77_open,31,transfer_into_account,known_intent,40,2510,5,MAX_THRESHOLD,4
40,0,banking77_open,39,transfer_timing,known_intent,40,2510,0,MAX_THRESHOLD,1
36,0,banking77_open,36,unable_to_verify_identity,known_intent,40,2510,4,MAX_THRESHOLD,0
40,0,banking77_open,40,verify_top_up,known_intent,40,2510,0,MAX_THRESHOLD,0
40,0,banking77_open,36,virtual_card_not_working,known_intent,40,2510,0,MAX_THRESHOLD,4
36,0,banking77_open,29,wrong_amount_of_cash_received,known_intent,40,2510,4,MAX_THRESHOLD,7
34,0,banking77_open,34,wrong_exchange_rate_for_cash_withdrawal,known_intent,40,2510,6,MAX_THRESHOLD,0
237,0,banking77_open,0,test_only_oos_intent,unknown_kind,760,2510,523,MAX_THRESHOLD,0
5,0,banking77_open,5,apple_pay_or_google_pay,known_intent,40,2510,35,R3,0
6,0,banking77_open,6,atm_support,known_intent,40,2510,34,R3,0
8,0,banking77_open,8,automatic_top_up,known_intent,40,2510,32,R3,0
1,0,banking77_open,1,balance_not_updated_after_bank_transfer,known_intent,40,2510,39,R3,0
5,0,banking77_open,5,beneficiary_not_allowed,known_intent,40,2510,35,R3,0
6,0,banking77_open,6,cancel_transfer,known_intent,40,2510,34,R3,0
7,0,banking77_open,7,card_about_to_expire,known_intent,40,2510,33,R3,0
3,0,banking77_open,3,card_acceptance,known_intent,40,2510,37,R3,0
5,0,banking77_open,5,card_delivery_estimate,known_intent,40,2510,35,R3,0
14,0,banking77_open,14,card_not_working,known_intent,40,2510,26,R3,0
8,0,banking77_open,8,card_payment_fee_charged,known_intent,40,2510,32,R3,0
2,0,banking77_open,2,card_payment_not_recognised,known_intent,40,2510,38,R3,0
6,0,banking77_open,6,cash_withdrawal_charge,known_intent,40,2510,34,R3,0
4,0,banking77_open,4,cash_withdrawal_not_recognised,known_intent,40,2510,36,R3,0
1,0,banking77_open,1,contactless_not_working,known_intent,40,2510,39,R3,0
0,0,banking77_open,0,country_support,known_intent,40,2510,40,R3,0
12,0,banking77_open,11,declined_transfer,known_intent,40,2510,28,R3,1
4,0,banking77_open,4,direct_debit_payment_not_recognised,known_intent,40,2510,36,R3,0
2,0,banking77_open,2,edit_personal_details,known_intent,40,2510,38,R3,0
6,0,banking77_open,6,extra_charge_on_statement,known_intent,40,2510,34,R3,0
9,0,banking77_open,9,failed_transfer,known_intent,40,2510,31,R3,0
0,0,banking77_open,0,fiat_currency_support,known_intent,40,2510,40,R3,0
6,0,banking77_open,6,getting_spare_card,known_intent,40,2510,34,R3,0
2,0,banking77_open,2,lost_or_stolen_phone,known_intent,40,2510,38,R3,0
3,0,banking77_open,3,order_physical_card,known_intent,40,2510,37,R3,0
3,0,banking77_open,3,request_refund,known_intent,40,2510,37,R3,0
0,0,banking77_open,0,supported_cards_and_currencies,known_intent,40,2510,40,R3,0
5,0,banking77_open,5,terminate_account,known_intent,40,2510,35,R3,0
20,0,banking77_open,20,top_up_limits,known_intent,40,2510,20,R3,0
3,0,banking77_open,3,top_up_reverted,known_intent,40,2510,37,R3,0
3,0,banking77_open,3,topping_up_by_card,known_intent,40,2510,37,R3,0
11,0,banking77_open,11,transfer_fee_charged,known_intent,40,2510,29,R3,0
13,0,banking77_open,12,transfer_into_account,known_intent,40,2510,27,R3,1
5,0,banking77_open,5,transfer_timing,known_intent,40,2510,35,R3,0
14,0,banking77_open,14,unable_to_verify_identity,known_intent,40,2510,26,R3,0
14,0,banking77_open,14,verify_top_up,known_intent,40,2510,26,R3,0
16,0,banking77_open,15,virtual_card_not_working,known_intent,40,2510,24,R3,1
4,0,banking77_open,4,wrong_amount_of_cash_received,known_intent,40,2510,36,R3,0
10,0,banking77_open,10,wrong_exchange_rate_for_cash_withdrawal,known_intent,40,2510,30,R3,0
2,0,banking77_open,0,test_only_oos_intent,unknown_kind,760,2510,758,R3,0
40,0,banking77_closed,39,Refund_not_showing_up,known_intent,40,2510,0,R0,1
40,0,banking77_closed,37,activate_my_card,known_intent,40,2510,0,R0,3
40,0,banking77_closed,40,age_limit,known_intent,40,2510,0,R0,0
40,0,banking77_closed,40,apple_pay_or_google_pay,known_intent,40,2510,0,R0,0
40,0,banking77_closed,38,atm_support,known_intent,40,2510,0,R0,2
40,0,banking77_closed,36,automatic_top_up,known_intent,40,2510,0,R0,4
40,0,banking77_closed,30,balance_not_updated_after_bank_transfer,known_intent,40,2510,0,R0,10
40,0,banking77_closed,38,balance_not_updated_after_cheque_or_cash_deposit,known_intent,40,2510,0,R0,2
40,0,banking77_closed,35,beneficiary_not_allowed,known_intent,40,2510,0,R0,5
40,0,banking77_closed,39,cancel_transfer,known_intent,40,2510,0,R0,1
40,0,banking77_closed,38,card_about_to_expire,known_intent,40,2510,0,R0,2
40,0,banking77_closed,33,card_acceptance,known_intent,40,2510,0,R0,7
40,0,banking77_closed,35,card_arrival,known_intent,40,2510,0,R0,5
40,0,banking77_closed,36,card_delivery_estimate,known_intent,40,2510,0,R0,4
40,0,banking77_closed,39,card_linking,known_intent,40,2510,0,R0,1
40,0,banking77_closed,38,card_not_working,known_intent,40,2510,0,R0,2
40,0,banking77_closed,37,card_payment_fee_charged,known_intent,40,2510,0,R0,3
40,0,banking77_closed,35,card_payment_not_recognised,known_intent,40,2510,0,R0,5
40,0,banking77_closed,38,card_payment_wrong_exchange_rate,known_intent,40,2510,0,R0,2
40,0,banking77_closed,34,card_swallowed,known_intent,40,2510,0,R0,6
40,0,banking77_closed,36,cash_withdrawal_charge,known_intent,40,2510,0,R0,4
40,0,banking77_closed,37,cash_withdrawal_not_recognised,known_intent,40,2510,0,R0,3
40,0,banking77_closed,37,change_pin,known_intent,40,2510,0,R0,3
40,0,banking77_closed,30,compromised_card,known_intent,40,2510,0,R0,10
40,0,banking77_closed,35,contactless_not_working,known_intent,40,2510,0,R0,5
40,0,banking77_closed,39,country_support,known_intent,40,2510,0,R0,1
40,0,banking77_closed,38,declined_card_payment,known_intent,40,2510,0,R0,2
40,0,banking77_closed,33,declined_cash_withdrawal,known_intent,40,2510,0,R0,7
40,0,banking77_closed,31,declined_transfer,known_intent,40,2510,0,R0,9
40,0,banking77_closed,33,direct_debit_payment_not_recognised,known_intent,40,2510,0,R0,7
40,0,banking77_closed,35,disposable_card_limits,known_intent,40,2510,0,R0,5
40,0,banking77_closed,40,edit_personal_details,known_intent,40,2510,0,R0,0
40,0,banking77_closed,36,exchange_charge,known_intent,40,2510,0,R0,4
40,0,banking77_closed,39,exchange_rate,known_intent,40,2510,0,R0,1
40,0,banking77_closed,37,exchange_via_app,known_intent,40,2510,0,R0,3
40,0,banking77_closed,36,extra_charge_on_statement,known_intent,40,2510,0,R0,4
40,0,banking77_closed,38,failed_transfer,known_intent,40,2510,0,R0,2
40,0,banking77_closed,30,fiat_currency_support,known_intent,40,2510,0,R0,10
40,0,banking77_closed,34,get_disposable_virtual_card,known_intent,40,2510,0,R0,6
40,0,banking77_closed,40,get_physical_card,known_intent,40,2510,0,R0,0
40,0,banking77_closed,34,getting_spare_card,known_intent,40,2510,0,R0,6
40,0,banking77_closed,39,getting_virtual_card,known_intent,40,2510,0,R0,1
40,0,banking77_closed,35,lost_or_stolen_card,known_intent,40,2510,0,R0,5
40,0,banking77_closed,39,lost_or_stolen_phone,known_intent,40,2510,0,R0,1
40,0,banking77_closed,37,order_physical_card,known_intent,40,2510,0,R0,3
40,0,banking77_closed,40,passcode_forgotten,known_intent,40,2510,0,R0,0
40,0,banking77_closed,35,pending_card_payment,known_intent,40,2510,0,R0,5
40,0,banking77_closed,34,pending_cash_withdrawal,known_intent,40,2510,0,R0,6
40,0,banking77_closed,34,pending_top_up,known_intent,40,2510,0,R0,6
40,0,banking77_closed,28,pending_transfer,known_intent,40,2510,0,R0,12
40,0,banking77_closed,36,pin_blocked,known_intent,40,2510,0,R0,4
40,0,banking77_closed,39,receiving_money,known_intent,40,2510,0,R0,1
40,0,banking77_closed,35,request_refund,known_intent,40,2510,0,R0,5
40,0,banking77_closed,35,reverted_card_payment?,known_intent,40,2510,0,R0,5
40,0,banking77_closed,34,supported_cards_and_currencies,known_intent,40,2510,0,R0,6
40,0,banking77_closed,40,terminate_account,known_intent,40,2510,0,R0,0
40,0,banking77_closed,33,top_up_by_bank_transfer_charge,known_intent,40,2510,0,R0,7
40,0,banking77_closed,37,top_up_by_card_charge,known_intent,40,2510,0,R0,3
40,0,banking77_closed,32,top_up_by_cash_or_cheque,known_intent,40,2510,0,R0,8
40,0,banking77_closed,34,top_up_failed,known_intent,40,2510,0,R0,6
40,0,banking77_closed,40,top_up_limits,known_intent,40,2510,0,R0,0
40,0,banking77_closed,35,top_up_reverted,known_intent,40,2510,0,R0,5
40,0,banking77_closed,27,topping_up_by_card,known_intent,40,2510,0,R0,13
40,0,banking77_closed,40,transaction_charged_twice,known_intent,40,2510,0,R0,0
40,0,banking77_closed,37,transfer_fee_charged,known_intent,40,2510,0,R0,3
40,0,banking77_closed,36,transfer_into_account,known_intent,40,2510,0,R0,4
40,0,banking77_closed,34,transfer_not_received_by_recipient,known_intent,40,2510,0,R0,6
40,0,banking77_closed,36,transfer_timing,known_intent,40,2510,0,R0,4
40,0,banking77_closed,37,unable_to_verify_identity,known_intent,40,2510,0,R0,3
40,0,banking77_closed,35,verify_my_identity,known_intent,40,2510,0,R0,5
40,0,banking77_closed,40,verify_source_of_funds,known_intent,40,2510,0,R0,0
40,0,banking77_closed,40,verify_top_up,known_intent,40,2510,0,R0,0
40,0,banking77_closed,14,virtual_card_not_working,known_intent,40,2510,0,R0,26
40,0,banking77_closed,37,visa_or_mastercard,known_intent,40,2510,0,R0,3
40,0,banking77_closed,37,why_verify_identity,known_intent,40,2510,0,R0,3
40,0,banking77_closed,36,wrong_amount_of_cash_received,known_intent,40,2510,0,R0,4
40,0,banking77_closed,31,wrong_exchange_rate_for_cash_withdrawal,known_intent,40,2510,0,R0,9
40,0,banking77_closed,37,Refund_not_showing_up,known_intent,40,2510,0,R2,3
40,0,banking77_closed,38,activate_my_card,known_intent,40,2510,0,R2,2
40,0,banking77_closed,40,age_limit,known_intent,40,2510,0,R2,0
40,0,banking77_closed,40,apple_pay_or_google_pay,known_intent,40,2510,0,R2,0
40,0,banking77_closed,39,atm_support,known_intent,40,2510,0,R2,1
40,0,banking77_closed,35,automatic_top_up,known_intent,40,2510,0,R2,5
40,0,banking77_closed,23,balance_not_updated_after_bank_transfer,known_intent,40,2510,0,R2,17
40,0,banking77_closed,37,balance_not_updated_after_cheque_or_cash_deposit,known_intent,40,2510,0,R2,3
40,0,banking77_closed,29,beneficiary_not_allowed,known_intent,40,2510,0,R2,11
40,0,banking77_closed,37,cancel_transfer,known_intent,40,2510,0,R2,3
40,0,banking77_closed,39,card_about_to_expire,known_intent,40,2510,0,R2,1
40,0,banking77_closed,38,card_acceptance,known_intent,40,2510,0,R2,2
40,0,banking77_closed,30,card_arrival,known_intent,40,2510,0,R2,10
40,0,banking77_closed,36,card_delivery_estimate,known_intent,40,2510,0,R2,4
40,0,banking77_closed,39,card_linking,known_intent,40,2510,0,R2,1
40,0,banking77_closed,32,card_not_working,known_intent,40,2510,0,R2,8
40,0,banking77_closed,32,card_payment_fee_charged,known_intent,40,2510,0,R2,8
40,0,banking77_closed,26,card_payment_not_recognised,known_intent,40,2510,0,R2,14
40,0,banking77_closed,37,card_payment_wrong_exchange_rate,known_intent,40,2510,0,R2,3
40,0,banking77_closed,38,card_swallowed,known_intent,40,2510,0,R2,2
40,0,banking77_closed,36,cash_withdrawal_charge,known_intent,40,2510,0,R2,4
40,0,banking77_closed,33,cash_withdrawal_not_recognised,known_intent,40,2510,0,R2,7
40,0,banking77_closed,40,change_pin,known_intent,40,2510,0,R2,0
40,0,banking77_closed,29,compromised_card,known_intent,40,2510,0,R2,11
40,0,banking77_closed,39,contactless_not_working,known_intent,40,2510,0,R2,1
40,0,banking77_closed,37,country_support,known_intent,40,2510,0,R2,3
40,0,banking77_closed,37,declined_card_payment,known_intent,40,2510,0,R2,3
40,0,banking77_closed,24,declined_cash_withdrawal,known_intent,40,2510,0,R2,16
40,0,banking77_closed,30,declined_transfer,known_intent,40,2510,0,R2,10
40,0,banking77_closed,33,direct_debit_payment_not_recognised,known_intent,40,2510,0,R2,7
40,0,banking77_closed,35,disposable_card_limits,known_intent,40,2510,0,R2,5
40,0,banking77_closed,39,edit_personal_details,known_intent,40,2510,0,R2,1
40,0,banking77_closed,37,exchange_charge,known_intent,40,2510,0,R2,3
40,0,banking77_closed,37,exchange_rate,known_intent,40,2510,0,R2,3
40,0,banking77_closed,33,exchange_via_app,known_intent,40,2510,0,R2,7
40,0,banking77_closed,36,extra_charge_on_statement,known_intent,40,2510,0,R2,4
40,0,banking77_closed,34,failed_transfer,known_intent,40,2510,0,R2,6
40,0,banking77_closed,35,fiat_currency_support,known_intent,40,2510,0,R2,5
40,0,banking77_closed,34,get_disposable_virtual_card,known_intent,40,2510,0,R2,6
40,0,banking77_closed,36,get_physical_card,known_intent,40,2510,0,R2,4
40,0,banking77_closed,38,getting_spare_card,known_intent,40,2510,0,R2,2
40,0,banking77_closed,36,getting_virtual_card,known_intent,40,2510,0,R2,4
40,0,banking77_closed,38,lost_or_stolen_card,known_intent,40,2510,0,R2,2
40,0,banking77_closed,39,lost_or_stolen_phone,known_intent,40,2510,0,R2,1
40,0,banking77_closed,34,order_physical_card,known_intent,40,2510,0,R2,6
40,0,banking77_closed,40,passcode_forgotten,known_intent,40,2510,0,R2,0
40,0,banking77_closed,36,pending_card_payment,known_intent,40,2510,0,R2,4
40,0,banking77_closed,36,pending_cash_withdrawal,known_intent,40,2510,0,R2,4
40,0,banking77_closed,28,pending_top_up,known_intent,40,2510,0,R2,12
40,0,banking77_closed,26,pending_transfer,known_intent,40,2510,0,R2,14
40,0,banking77_closed,32,pin_blocked,known_intent,40,2510,0,R2,8
40,0,banking77_closed,31,receiving_money,known_intent,40,2510,0,R2,9
40,0,banking77_closed,34,request_refund,known_intent,40,2510,0,R2,6
40,0,banking77_closed,34,reverted_card_payment?,known_intent,40,2510,0,R2,6
40,0,banking77_closed,30,supported_cards_and_currencies,known_intent,40,2510,0,R2,10
40,0,banking77_closed,40,terminate_account,known_intent,40,2510,0,R2,0
40,0,banking77_closed,38,top_up_by_bank_transfer_charge,known_intent,40,2510,0,R2,2
40,0,banking77_closed,35,top_up_by_card_charge,known_intent,40,2510,0,R2,5
40,0,banking77_closed,35,top_up_by_cash_or_cheque,known_intent,40,2510,0,R2,5
40,0,banking77_closed,30,top_up_failed,known_intent,40,2510,0,R2,10
40,0,banking77_closed,38,top_up_limits,known_intent,40,2510,0,R2,2
40,0,banking77_closed,25,top_up_reverted,known_intent,40,2510,0,R2,15
40,0,banking77_closed,15,topping_up_by_card,known_intent,40,2510,0,R2,25
40,0,banking77_closed,39,transaction_charged_twice,known_intent,40,2510,0,R2,1
40,0,banking77_closed,35,transfer_fee_charged,known_intent,40,2510,0,R2,5
40,0,banking77_closed,34,transfer_into_account,known_intent,40,2510,0,R2,6
40,0,banking77_closed,16,transfer_not_received_by_recipient,known_intent,40,2510,0,R2,24
40,0,banking77_closed,39,transfer_timing,known_intent,40,2510,0,R2,1
40,0,banking77_closed,36,unable_to_verify_identity,known_intent,40,2510,0,R2,4
40,0,banking77_closed,38,verify_my_identity,known_intent,40,2510,0,R2,2
40,0,banking77_closed,40,verify_source_of_funds,known_intent,40,2510,0,R2,0
40,0,banking77_closed,40,verify_top_up,known_intent,40,2510,0,R2,0
40,0,banking77_closed,34,virtual_card_not_working,known_intent,40,2510,0,R2,6
40,0,banking77_closed,37,visa_or_mastercard,known_intent,40,2510,0,R2,3
40,0,banking77_closed,33,why_verify_identity,known_intent,40,2510,0,R2,7
40,0,banking77_closed,29,wrong_amount_of_cash_received,known_intent,40,2510,0,R2,11
40,0,banking77_closed,34,wrong_exchange_rate_for_cash_withdrawal,known_intent,40,2510,0,R2,6
