fact_id,entity,attribute,answer,template_id,row_1nn_prediction,row_1nn_correct,row_1nn_similarity,centroid_prediction,centroid_correct,centroid_rank,true_centroid_similarity,best_wrong_centroid_similarity,centroid_margin,variant,query_split
subject joked|registry_id,subject joked,registry_id,carved,validation-0,subject joked|registry_id,True,0.9561899900436401,subject joked|registry_id,True,1,0.953235924243927,0.6765737533569336,0.2766621708869934,P0,validation
subject joked|registry_id,subject joked,registry_id,carved,validation-1,subject joked|registry_id,True,0.9828011989593506,subject joked|registry_id,True,1,0.979529082775116,0.7252606749534607,0.2542684078216553,P0,validation
subject joked|city_code,subject joked,city_code,prize,validation-0,subject joked|access_code,False,0.9528234601020813,subject joked|access_code,False,4,0.6275147795677185,0.9381276965141296,-0.31061291694641113,P0,validation
subject joked|city_code,subject joked,city_code,prize,validation-1,subject joked|city_code,True,0.9814136624336243,subject joked|city_code,True,1,0.9781554341316223,0.6437190771102905,0.3344363570213318,P0,validation
subject joked|access_code,subject joked,access_code,train,validation-0,subject joked|access_code,True,0.9223523139953613,subject joked|access_code,True,1,0.8979294896125793,0.7558331489562988,0.14209634065628052,P0,validation
subject joked|access_code,subject joked,access_code,train,validation-1,subject joked|access_code,True,0.967864453792572,subject joked|access_code,True,1,0.9649061560630798,0.6678738594055176,0.29703229665756226,P0,validation
subject clut|registry_id,subject clut,registry_id,guide,validation-0,subject clut|registry_id,True,0.9603644013404846,subject clut|registry_id,True,1,0.9586261510848999,0.7595441341400146,0.19908201694488525,P0,validation
subject clut|registry_id,subject clut,registry_id,guide,validation-1,subject clut|registry_id,True,0.9853957295417786,subject clut|registry_id,True,1,0.9864411950111389,0.7579544186592102,0.2284867763519287,P0,validation
subject clut|city_code,subject clut,city_code,connecting,validation-0,subject clut|access_code,False,0.9437825679779053,subject clut|access_code,False,4,0.618709921836853,0.9405872225761414,-0.32187730073928833,P0,validation
subject clut|city_code,subject clut,city_code,connecting,validation-1,subject clut|city_code,True,0.9478474259376526,subject clut|city_code,True,1,0.9356529116630554,0.6659985780715942,0.2696543335914612,P0,validation
subject clut|access_code,subject clut,access_code,calm,validation-0,subject clut|access_code,True,0.9557747840881348,subject clut|access_code,True,1,0.9512505531311035,0.8090693950653076,0.1421811580657959,P0,validation
subject clut|access_code,subject clut,access_code,calm,validation-1,subject clut|access_code,True,0.9662261009216309,subject clut|access_code,True,1,0.9575307965278625,0.6861431002616882,0.2713876962661743,P0,validation
subject louder|registry_id,subject louder,registry_id,worries,validation-0,subject louder|registry_id,True,0.9282707571983337,subject louder|registry_id,True,1,0.9029517769813538,0.819176971912384,0.08377480506896973,P0,validation
subject louder|registry_id,subject louder,registry_id,worries,validation-1,subject louder|registry_id,True,0.971520721912384,subject louder|registry_id,True,1,0.9676860570907593,0.7796500325202942,0.1880360245704651,P0,validation
subject louder|city_code,subject louder,city_code,glow,validation-0,subject louder|access_code,False,0.8951677083969116,subject louder|access_code,False,6,0.5059935450553894,0.8845712542533875,-0.37857770919799805,P0,validation
subject louder|city_code,subject louder,city_code,glow,validation-1,subject louder|city_code,True,0.9535620808601379,subject louder|city_code,True,1,0.9461047053337097,0.8577526807785034,0.0883520245552063,P0,validation
subject louder|access_code,subject louder,access_code,glanc,validation-0,subject encour|access_code,False,0.8861505389213562,subject encour|access_code,False,2,0.8721590638160706,0.8808299899101257,-0.008670926094055176,P0,validation
subject louder|access_code,subject louder,access_code,glanc,validation-1,subject louder|access_code,True,0.9514110684394836,subject louder|access_code,True,1,0.9382721781730652,0.7285782694816589,0.20969390869140625,P0,validation
subject deer|registry_id,subject deer,registry_id,beep,validation-0,subject deer|registry_id,True,0.9613000750541687,subject deer|registry_id,True,1,0.9498558044433594,0.7382978200912476,0.21155798435211182,P0,validation
subject deer|registry_id,subject deer,registry_id,beep,validation-1,subject deer|registry_id,True,0.8644092082977295,subject deer|registry_id,True,1,0.8409879803657532,0.7967727184295654,0.044215261936187744,P0,validation
subject deer|city_code,subject deer,city_code,students,validation-0,subject deer|access_code,False,0.9539640545845032,subject deer|access_code,False,7,0.554161787033081,0.8892017602920532,-0.33503997325897217,P0,validation
subject deer|city_code,subject deer,city_code,students,validation-1,subject deer|city_code,True,0.823451578617096,subject deer|city_code,True,1,0.8057369589805603,0.7989188432693481,0.006818115711212158,P0,validation
subject deer|access_code,subject deer,access_code,bond,validation-0,subject deer|access_code,True,0.9370419979095459,subject deer|access_code,True,1,0.8834884762763977,0.8077053427696228,0.0757831335067749,P0,validation
subject deer|access_code,subject deer,access_code,bond,validation-1,subject deer|access_code,True,0.8271557688713074,subject deer|access_code,True,1,0.7782374024391174,0.6704270243644714,0.107810378074646,P0,validation
subject sent|registry_id,subject sent,registry_id,butterf,validation-0,subject sent|registry_id,True,0.9667951464653015,subject sent|registry_id,True,1,0.9647126793861389,0.8417612314224243,0.1229514479637146,P0,validation
subject sent|registry_id,subject sent,registry_id,butterf,validation-1,subject sent|registry_id,True,0.9754548072814941,subject sent|registry_id,True,1,0.9703835248947144,0.83763587474823,0.13274765014648438,P0,validation
subject sent|city_code,subject sent,city_code,clapped,validation-0,subject sent|access_code,False,0.9607043862342834,subject sent|access_code,False,4,0.6553031206130981,0.9350863695144653,-0.2797832489013672,P0,validation
subject sent|city_code,subject sent,city_code,clapped,validation-1,subject sent|city_code,True,0.9591183066368103,subject sent|city_code,True,1,0.9483880996704102,0.7140018939971924,0.23438620567321777,P0,validation
subject sent|access_code,subject sent,access_code,breathe,validation-0,subject sent|access_code,True,0.9677901864051819,subject sent|access_code,True,1,0.9590940475463867,0.7813746929168701,0.1777193546295166,P0,validation
subject sent|access_code,subject sent,access_code,breathe,validation-1,subject sent|access_code,True,0.9775601029396057,subject sent|access_code,True,1,0.9741466045379639,0.8476400971412659,0.126506507396698,P0,validation
subject shimmered|registry_id,subject shimmered,registry_id,shining,validation-0,subject shimmered|registry_id,True,0.9332166314125061,subject shimmered|registry_id,True,1,0.9309240579605103,0.6639716625213623,0.26695239543914795,P0,validation
subject shimmered|registry_id,subject shimmered,registry_id,shining,validation-1,subject shimmered|registry_id,True,0.9558274745941162,subject shimmered|registry_id,True,1,0.9457997679710388,0.692415714263916,0.2533840537071228,P0,validation
subject shimmered|city_code,subject shimmered,city_code,house,validation-0,subject shimmered|access_code,False,0.9591683745384216,subject shimmered|access_code,False,5,0.5129055380821228,0.9492702484130859,-0.43636471033096313,P0,validation
subject shimmered|city_code,subject shimmered,city_code,house,validation-1,subject shimmered|city_code,True,0.9573734998703003,subject shimmered|city_code,True,1,0.9406644701957703,0.6340304613113403,0.30663400888442993,P0,validation
subject shimmered|access_code,subject shimmered,access_code,inno,validation-0,subject shimmered|access_code,True,0.9189059138298035,subject shimmered|access_code,True,1,0.8772477507591248,0.7490946054458618,0.12815314531326294,P0,validation
subject shimmered|access_code,subject shimmered,access_code,inno,validation-1,subject shimmered|access_code,True,0.9373522996902466,subject shimmered|access_code,True,1,0.9248600602149963,0.6432042121887207,0.28165584802627563,P0,validation
subject solved|registry_id,subject solved,registry_id,bottle,validation-0,subject solved|registry_id,True,0.9593403339385986,subject solved|registry_id,True,1,0.9598270654678345,0.6462463736534119,0.3135806918144226,P0,validation
subject solved|registry_id,subject solved,registry_id,bottle,validation-1,subject solved|registry_id,True,0.9747136235237122,subject solved|registry_id,True,1,0.9752941131591797,0.649387001991272,0.3259071111679077,P0,validation
subject solved|city_code,subject solved,city_code,gloom,validation-0,subject solved|access_code,False,0.9575950503349304,subject solved|access_code,False,4,0.6385928392410278,0.9506275057792664,-0.3120346665382385,P0,validation
subject solved|city_code,subject solved,city_code,gloom,validation-1,subject solved|city_code,True,0.9747081995010376,subject solved|city_code,True,1,0.9739938974380493,0.6444572806358337,0.3295366168022156,P0,validation
subject solved|access_code,subject solved,access_code,huge,validation-0,subject solved|access_code,True,0.958294689655304,subject solved|access_code,True,1,0.9570357799530029,0.7419822812080383,0.2150534987449646,P0,validation
subject solved|access_code,subject solved,access_code,huge,validation-1,subject solved|access_code,True,0.9633158445358276,subject solved|access_code,True,1,0.9649996757507324,0.7067703604698181,0.2582293152809143,P0,validation
subject swim|registry_id,subject swim,registry_id,whatever,validation-0,subject swim|registry_id,True,0.9438463449478149,subject swim|registry_id,True,1,0.9316755533218384,0.6693301200866699,0.26234543323516846,P0,validation
subject swim|registry_id,subject swim,registry_id,whatever,validation-1,subject swim|registry_id,True,0.9528336524963379,subject swim|registry_id,True,1,0.9554197192192078,0.7447484731674194,0.21067124605178833,P0,validation
subject swim|city_code,subject swim,city_code,arms,validation-0,subject swim|access_code,False,0.9464246034622192,subject swim|access_code,False,4,0.6107215285301208,0.9067791104316711,-0.2960575819015503,P0,validation
subject swim|city_code,subject swim,city_code,arms,validation-1,subject swim|city_code,True,0.9622188806533813,subject swim|city_code,True,1,0.9603638648986816,0.7584701776504517,0.20189368724822998,P0,validation
subject swim|access_code,subject swim,access_code,gems,validation-0,subject swim|access_code,True,0.9342461824417114,subject swim|access_code,True,1,0.8922191858291626,0.7742745280265808,0.11794465780258179,P0,validation
subject swim|access_code,subject swim,access_code,gems,validation-1,subject swim|access_code,True,0.9812219738960266,subject swim|access_code,True,1,0.9657240509986877,0.7013943195343018,0.264329731464386,P0,validation
subject deter|registry_id,subject deter,registry_id,jumped,validation-0,subject deter|registry_id,True,0.9003598093986511,subject deter|registry_id,True,1,0.8850268721580505,0.6041060090065002,0.2809208631515503,P0,validation
subject deter|registry_id,subject deter,registry_id,jumped,validation-1,subject deter|registry_id,True,0.90728360414505,subject deter|registry_id,True,1,0.9022812247276306,0.7089533805847168,0.19332784414291382,P0,validation
subject deter|city_code,subject deter,city_code,snowman,validation-0,subject deter|access_code,False,0.9537298679351807,subject deter|access_code,False,6,0.43691712617874146,0.9432201385498047,-0.5063030123710632,P0,validation
subject deter|city_code,subject deter,city_code,snowman,validation-1,subject deter|city_code,True,0.9390296936035156,subject deter|city_code,True,1,0.9305264353752136,0.6917971968650818,0.23872923851013184,P0,validation
subject deter|access_code,subject deter,access_code,after,validation-0,subject deter|access_code,True,0.9209879636764526,subject deter|access_code,True,1,0.8993145823478699,0.6062191724777222,0.2930954098701477,P0,validation
subject deter|access_code,subject deter,access_code,after,validation-1,subject deter|access_code,True,0.9359046220779419,subject deter|access_code,True,1,0.9052724838256836,0.7210146188735962,0.1842578649520874,P0,validation
subject excited|registry_id,subject excited,registry_id,tricky,validation-0,subject excited|registry_id,True,0.9428104758262634,subject excited|registry_id,True,1,0.9409675598144531,0.6889660358428955,0.2520015239715576,P0,validation
subject excited|registry_id,subject excited,registry_id,tricky,validation-1,subject excited|registry_id,True,0.9102693796157837,subject excited|registry_id,True,1,0.8798311948776245,0.7582099437713623,0.12162125110626221,P0,validation
subject excited|city_code,subject excited,city_code,conqu,validation-0,subject excited|access_code,False,0.9480499625205994,subject excited|access_code,False,17,0.1596590131521225,0.9233629107475281,-0.7637038975954056,P0,validation
subject excited|city_code,subject excited,city_code,conqu,validation-1,subject excited|city_code,True,0.9674285054206848,subject excited|city_code,True,1,0.9409993886947632,0.5965590476989746,0.3444403409957886,P0,validation
subject excited|access_code,subject excited,access_code,imag,validation-0,subject excited|access_code,True,0.9002899527549744,subject excited|access_code,True,1,0.8522111177444458,0.7191553115844727,0.13305580615997314,P0,validation
subject excited|access_code,subject excited,access_code,imag,validation-1,subject excited|access_code,True,0.8666901588439941,subject excited|access_code,True,1,0.823658287525177,0.7091728448867798,0.11448544263839722,P0,validation
subject encour|registry_id,subject encour,registry_id,safely,validation-0,subject encour|registry_id,True,0.7921940088272095,subject dawn|registry_id,False,2,0.7082791328430176,0.7086203694343567,-0.00034123659133911133,P0,validation
subject encour|registry_id,subject encour,registry_id,safely,validation-1,subject encour|registry_id,True,0.8799591660499573,subject encour|registry_id,True,1,0.8483566045761108,0.8089461326599121,0.03941047191619873,P0,validation
subject encour|city_code,subject encour,city_code,snowf,validation-0,subject skills|access_code,False,0.859032928943634,subject skills|access_code,False,20,0.16979262232780457,0.8396303653717041,-0.6698377430438995,P0,validation
subject encour|city_code,subject encour,city_code,snowf,validation-1,subject encour|city_code,True,0.8571760654449463,subject encour|city_code,True,1,0.8642736077308655,0.708027184009552,0.15624642372131348,P0,validation
subject encour|access_code,subject encour,access_code,uncover,validation-0,subject encour|access_code,True,0.8633628487586975,subject encour|access_code,True,1,0.8647775650024414,0.7935643196105957,0.0712132453918457,P0,validation
subject encour|access_code,subject encour,access_code,uncover,validation-1,subject clut|access_code,False,0.7922797799110413,subject clut|access_code,False,3,0.663711428642273,0.7751289010047913,-0.11141747236251831,P0,validation
subject finds|registry_id,subject finds,registry_id,transform,validation-0,subject finds|registry_id,True,0.9502127170562744,subject finds|registry_id,True,1,0.943886399269104,0.6399089694023132,0.30397742986679077,P0,validation
subject finds|registry_id,subject finds,registry_id,transform,validation-1,subject finds|registry_id,True,0.9678558111190796,subject finds|registry_id,True,1,0.9378730058670044,0.7176972031593323,0.22017580270767212,P0,validation
subject finds|city_code,subject finds,city_code,spirit,validation-0,subject finds|access_code,False,0.9695882201194763,subject finds|access_code,False,4,0.61252361536026,0.9584113359451294,-0.3458877205848694,P0,validation
subject finds|city_code,subject finds,city_code,spirit,validation-1,subject finds|city_code,True,0.9559329748153687,subject finds|city_code,True,1,0.9649526476860046,0.696232259273529,0.2687203884124756,P0,validation
subject finds|access_code,subject finds,access_code,door,validation-0,subject finds|access_code,True,0.9552981853485107,subject finds|access_code,True,1,0.9364876747131348,0.7902655005455017,0.14622217416763306,P0,validation
subject finds|access_code,subject finds,access_code,door,validation-1,subject finds|access_code,True,0.9815019965171814,subject finds|access_code,True,1,0.9812037944793701,0.771254301071167,0.20994949340820312,P0,validation
subject skills|registry_id,subject skills,registry_id,seek,validation-0,subject skills|registry_id,True,0.9621774554252625,subject skills|registry_id,True,1,0.9586495757102966,0.6346327066421509,0.32401686906814575,P0,validation
subject skills|registry_id,subject skills,registry_id,seek,validation-1,subject skills|registry_id,True,0.9889776706695557,subject skills|registry_id,True,1,0.9791359901428223,0.65992671251297,0.3192092776298523,P0,validation
subject skills|city_code,subject skills,city_code,sank,validation-0,subject skills|access_code,False,0.9589505195617676,subject skills|access_code,False,3,0.7183719873428345,0.9497455358505249,-0.23137354850769043,P0,validation
subject skills|city_code,subject skills,city_code,sank,validation-1,subject skills|city_code,True,0.9708280563354492,subject skills|city_code,True,1,0.9658012986183167,0.6775100231170654,0.2882912755012512,P0,validation
subject skills|access_code,subject skills,access_code,whale,validation-0,subject skills|access_code,True,0.9634882807731628,subject skills|access_code,True,1,0.951286256313324,0.6806527376174927,0.2706335186958313,P0,validation
subject skills|access_code,subject skills,access_code,whale,validation-1,subject skills|access_code,True,0.9780462980270386,subject skills|access_code,True,1,0.9680642485618591,0.7468729019165039,0.22119134664535522,P0,validation
subject dawn|registry_id,subject dawn,registry_id,sneak,validation-0,subject dawn|registry_id,True,0.9508100748062134,subject dawn|registry_id,True,1,0.949842631816864,0.6228163242340088,0.3270263075828552,P0,validation
subject dawn|registry_id,subject dawn,registry_id,sneak,validation-1,subject dawn|registry_id,True,0.9789512157440186,subject dawn|registry_id,True,1,0.9627528190612793,0.6414679884910583,0.32128483057022095,P0,validation
subject dawn|city_code,subject dawn,city_code,shiny,validation-0,subject dawn|access_code,False,0.9281477928161621,subject dawn|access_code,False,4,0.582008421421051,0.9076907634735107,-0.3256823420524597,P0,validation
subject dawn|city_code,subject dawn,city_code,shiny,validation-1,subject dawn|city_code,True,0.9741086959838867,subject dawn|city_code,True,1,0.9629946947097778,0.5785408020019531,0.3844538927078247,P0,validation
subject dawn|access_code,subject dawn,access_code,pretending,validation-0,subject dawn|access_code,True,0.8936768770217896,subject dawn|access_code,True,1,0.8635730147361755,0.7884959578514099,0.07507705688476562,P0,validation
subject dawn|access_code,subject dawn,access_code,pretending,validation-1,subject dawn|access_code,True,0.9469224214553833,subject dawn|access_code,True,1,0.9418013095855713,0.6451594829559326,0.29664182662963867,P0,validation
subject swung|registry_id,subject swung,registry_id,outs,validation-0,subject swung|registry_id,True,0.9231500625610352,subject swung|registry_id,True,1,0.9140470623970032,0.7462310194969177,0.16781604290008545,P0,validation
subject swung|registry_id,subject swung,registry_id,outs,validation-1,subject swung|registry_id,True,0.9494667053222656,subject swung|registry_id,True,1,0.9330127239227295,0.7622001767158508,0.17081254720687866,P0,validation
subject swung|city_code,subject swung,city_code,loomed,validation-0,subject swung|access_code,False,0.9320573806762695,subject swung|access_code,False,4,0.4834555983543396,0.9138994216918945,-0.43044382333755493,P0,validation
subject swung|city_code,subject swung,city_code,loomed,validation-1,subject swung|city_code,True,0.9566184282302856,subject swung|city_code,True,1,0.945068895816803,0.7755246162414551,0.1695442795753479,P0,validation
subject swung|access_code,subject swung,access_code,heavy,validation-0,subject swung|access_code,True,0.8849247097969055,subject swung|access_code,True,1,0.8659253716468811,0.8006195425987244,0.06530582904815674,P0,validation
subject swung|access_code,subject swung,access_code,heavy,validation-1,subject swung|access_code,True,0.9334230422973633,subject swung|access_code,True,1,0.9210702776908875,0.599909782409668,0.3211604952812195,P0,validation
subject lovely|registry_id,subject lovely,registry_id,swayed,validation-0,subject lovely|registry_id,True,0.9644185304641724,subject lovely|registry_id,True,1,0.9564420580863953,0.717548131942749,0.23889392614364624,P0,validation
subject lovely|registry_id,subject lovely,registry_id,swayed,validation-1,subject lovely|registry_id,True,0.9665824770927429,subject lovely|registry_id,True,1,0.9605019688606262,0.7556319236755371,0.2048700451850891,P0,validation
subject lovely|city_code,subject lovely,city_code,favorite,validation-0,subject lovely|access_code,False,0.9618746042251587,subject lovely|access_code,False,3,0.6416233777999878,0.9503377676010132,-0.3087143898010254,P0,validation
subject lovely|city_code,subject lovely,city_code,favorite,validation-1,subject lovely|city_code,True,0.9786039590835571,subject lovely|city_code,True,1,0.9658000469207764,0.7482573390007019,0.21754270792007446,P0,validation
subject lovely|access_code,subject lovely,access_code,higher,validation-0,subject lovely|access_code,True,0.9262208938598633,subject lovely|access_code,True,1,0.9096091389656067,0.7621138095855713,0.1474953293800354,P0,validation
subject lovely|access_code,subject lovely,access_code,higher,validation-1,subject lovely|access_code,True,0.9643063545227051,subject lovely|access_code,True,1,0.9567278623580933,0.6972572207450867,0.2594706416130066,P0,validation
subject joked|registry_id,subject joked,registry_id,carved,test-0,subject joked|registry_id,True,0.9626256227493286,subject joked|registry_id,True,1,0.9540351033210754,0.655590295791626,0.29844480752944946,P0,development
subject joked|registry_id,subject joked,registry_id,carved,test-1,subject joked|access_code,False,0.8543185591697693,subject joked|access_code,False,2,0.8256291151046753,0.8384464383125305,-0.012817323207855225,P0,development
subject joked|registry_id,subject joked,registry_id,carved,test-2,subject joked|registry_id,True,0.9706409573554993,subject joked|registry_id,True,1,0.9606678485870361,0.6936305165290833,0.2670373320579529,P0,development
subject joked|registry_id,subject joked,registry_id,carved,test-3,subject joked|registry_id,True,0.9822489023208618,subject joked|registry_id,True,1,0.9800305366516113,0.6683621406555176,0.31166839599609375,P0,development
subject joked|city_code,subject joked,city_code,prize,test-0,subject joked|city_code,True,0.9422585964202881,subject joked|city_code,True,1,0.912406861782074,0.881486713886261,0.03092014789581299,P0,development
subject joked|city_code,subject joked,city_code,prize,test-1,subject joked|access_code,False,0.9523465633392334,subject joked|access_code,False,3,0.6785804629325867,0.9384381175041199,-0.2598576545715332,P0,development
subject joked|city_code,subject joked,city_code,prize,test-2,subject joked|access_code,False,0.9544748067855835,subject joked|access_code,False,2,0.8361842036247253,0.9464122653007507,-0.11022806167602539,P0,development
subject joked|city_code,subject joked,city_code,prize,test-3,subject joked|city_code,True,0.9296520352363586,subject joked|city_code,True,1,0.9153558611869812,0.6949940323829651,0.2203618288040161,P0,development
subject joked|access_code,subject joked,access_code,train,test-0,subject joked|city_code,False,0.9395478963851929,subject joked|city_code,False,2,0.8534764051437378,0.9129185080528259,-0.059442102909088135,P0,development
subject joked|access_code,subject joked,access_code,train,test-1,subject joked|access_code,True,0.9321237802505493,subject joked|access_code,True,1,0.9193494915962219,0.7778299450874329,0.14151954650878906,P0,development
subject joked|access_code,subject joked,access_code,train,test-2,subject joked|access_code,True,0.9727320671081543,subject joked|access_code,True,1,0.9701097011566162,0.6966573596000671,0.2734523415565491,P0,development
subject joked|access_code,subject joked,access_code,train,test-3,subject joked|access_code,True,0.9518215656280518,subject joked|access_code,True,1,0.9424590468406677,0.7043063044548035,0.23815274238586426,P0,development
subject clut|registry_id,subject clut,registry_id,guide,test-0,subject clut|registry_id,True,0.9759467244148254,subject clut|registry_id,True,1,0.9658157825469971,0.7832316756248474,0.18258410692214966,P0,development
subject clut|registry_id,subject clut,registry_id,guide,test-1,subject clut|access_code,False,0.840685248374939,subject clut|access_code,False,2,0.7876676917076111,0.8264658451080322,-0.03879815340042114,P0,development
subject clut|registry_id,subject clut,registry_id,guide,test-2,subject clut|registry_id,True,0.8910279870033264,subject clut|registry_id,True,1,0.8860366940498352,0.8174970149993896,0.06853967905044556,P0,development
subject clut|registry_id,subject clut,registry_id,guide,test-3,subject clut|registry_id,True,0.9797923564910889,subject clut|registry_id,True,1,0.977556049823761,0.7768460512161255,0.2007099986076355,P0,development
subject clut|city_code,subject clut,city_code,connecting,test-0,subject clut|city_code,True,0.8877332806587219,subject clut|city_code,True,1,0.8637512922286987,0.7982591390609741,0.06549215316772461,P0,development
subject clut|city_code,subject clut,city_code,connecting,test-1,subject clut|access_code,False,0.935529887676239,subject clut|access_code,False,5,0.5216403007507324,0.9252612590789795,-0.40362095832824707,P0,development
subject clut|city_code,subject clut,city_code,connecting,test-2,subject clut|access_code,False,0.8815365433692932,subject clut|access_code,False,5,0.5850143432617188,0.8598933219909668,-0.27487897872924805,P0,development
subject clut|city_code,subject clut,city_code,connecting,test-3,subject clut|city_code,True,0.8702826499938965,subject clut|city_code,True,1,0.8545657992362976,0.8472864627838135,0.007279336452484131,P0,development
subject clut|access_code,subject clut,access_code,calm,test-0,subject clut|city_code,False,0.7887017726898193,subject clut|city_code,False,2,0.6671491265296936,0.7555450797080994,-0.08839595317840576,P0,development
subject clut|access_code,subject clut,access_code,calm,test-1,subject clut|access_code,True,0.9335447549819946,subject clut|access_code,True,1,0.9245325922966003,0.6791461706161499,0.24538642168045044,P0,development
subject clut|access_code,subject clut,access_code,calm,test-2,subject clut|access_code,True,0.8872210383415222,subject clut|access_code,True,1,0.8765184283256531,0.8268190622329712,0.049699366092681885,P0,development
subject clut|access_code,subject clut,access_code,calm,test-3,subject clut|access_code,True,0.9448551535606384,subject clut|access_code,True,1,0.9397379159927368,0.7190783023834229,0.22065961360931396,P0,development
subject louder|registry_id,subject louder,registry_id,worries,test-0,subject louder|registry_id,True,0.9558066129684448,subject louder|registry_id,True,1,0.9275829792022705,0.8253340721130371,0.1022489070892334,P0,development
subject louder|registry_id,subject louder,registry_id,worries,test-1,subject louder|access_code,False,0.7147152423858643,subject louder|access_code,False,3,0.5738006830215454,0.6923611760139465,-0.11856049299240112,P0,development
subject louder|registry_id,subject louder,registry_id,worries,test-2,subject louder|registry_id,True,0.9079980850219727,subject louder|registry_id,True,1,0.8919464945793152,0.6205451488494873,0.2714013457298279,P0,development
subject louder|registry_id,subject louder,registry_id,worries,test-3,subject louder|registry_id,True,0.9491500854492188,subject louder|registry_id,True,1,0.9408977031707764,0.868535578250885,0.07236212491989136,P0,development
subject louder|city_code,subject louder,city_code,glow,test-0,subject louder|city_code,True,0.8886182904243469,subject louder|city_code,True,1,0.8774577975273132,0.7389104962348938,0.13854730129241943,P0,development
subject louder|city_code,subject louder,city_code,glow,test-1,subject louder|access_code,False,0.8289872407913208,subject louder|access_code,False,13,0.24923810362815857,0.7946311235427856,-0.5453930199146271,P0,development
subject louder|city_code,subject louder,city_code,glow,test-2,subject louder|access_code,False,0.9466053247451782,subject louder|access_code,False,2,0.7393996715545654,0.9444745779037476,-0.20507490634918213,P0,development
subject louder|city_code,subject louder,city_code,glow,test-3,subject louder|city_code,True,0.8345544934272766,subject louder|city_code,True,1,0.8059628009796143,0.6860541701316833,0.11990863084793091,P0,development
subject louder|access_code,subject louder,access_code,glanc,test-0,subject louder|city_code,False,0.8563917279243469,subject louder|city_code,False,2,0.7161793112754822,0.8346258997917175,-0.11844658851623535,P0,development
subject louder|access_code,subject louder,access_code,glanc,test-1,subject louder|access_code,True,0.8034332394599915,subject louder|access_code,True,1,0.7708101272583008,0.7456380128860474,0.025172114372253418,P0,development
subject louder|access_code,subject louder,access_code,glanc,test-2,subject louder|access_code,True,0.9720221161842346,subject louder|access_code,True,1,0.9593636989593506,0.8219923377037048,0.13737136125564575,P0,development
subject louder|access_code,subject louder,access_code,glanc,test-3,subject louder|access_code,True,0.8841069340705872,subject louder|access_code,True,1,0.8741229772567749,0.8014842867851257,0.07263869047164917,P0,development
subject deer|registry_id,subject deer,registry_id,beep,test-0,subject deer|registry_id,True,0.9581503868103027,subject deer|registry_id,True,1,0.9492220282554626,0.7466813921928406,0.20254063606262207,P0,development
subject deer|registry_id,subject deer,registry_id,beep,test-1,subject deer|access_code,False,0.7144250869750977,subject deer|access_code,False,2,0.6852098107337952,0.7020607590675354,-0.016850948333740234,P0,development
subject deer|registry_id,subject deer,registry_id,beep,test-2,subject deer|registry_id,True,0.9247341752052307,subject deer|registry_id,True,1,0.9189640283584595,0.6252458095550537,0.29371821880340576,P0,development
subject deer|registry_id,subject deer,registry_id,beep,test-3,subject deer|registry_id,True,0.9746174812316895,subject deer|registry_id,True,1,0.9555978775024414,0.7487319111824036,0.20686596632003784,P0,development
subject deer|city_code,subject deer,city_code,students,test-0,subject deer|city_code,True,0.882243812084198,subject deer|city_code,True,1,0.8698724508285522,0.8140838146209717,0.055788636207580566,P0,development
subject deer|city_code,subject deer,city_code,students,test-1,subject deer|access_code,False,0.8405669927597046,subject deer|access_code,False,4,0.4644157290458679,0.8261909484863281,-0.3617752194404602,P0,development
subject deer|city_code,subject deer,city_code,students,test-2,subject deer|city_code,True,0.9027125239372253,subject deer|city_code,True,1,0.8714756965637207,0.8346377611160278,0.03683793544769287,P0,development
subject deer|city_code,subject deer,city_code,students,test-3,subject deer|city_code,True,0.8674761056900024,subject deer|city_code,True,1,0.8138192892074585,0.7939751148223877,0.0198441743850708,P0,development
subject deer|access_code,subject deer,access_code,bond,test-0,subject deer|city_code,False,0.9138035178184509,subject deer|city_code,False,2,0.6938121318817139,0.9009812474250793,-0.20716911554336548,P0,development
subject deer|access_code,subject deer,access_code,bond,test-1,subject deer|access_code,True,0.8022453784942627,subject deer|access_code,True,1,0.7643747925758362,0.642946720123291,0.12142807245254517,P0,development
subject deer|access_code,subject deer,access_code,bond,test-2,subject deer|access_code,True,0.9502173066139221,subject deer|access_code,True,1,0.9368214011192322,0.6622945666313171,0.27452683448791504,P0,development
subject deer|access_code,subject deer,access_code,bond,test-3,subject deer|access_code,True,0.9383882880210876,subject deer|access_code,True,1,0.863154411315918,0.7628875374794006,0.10026687383651733,P0,development
subject sent|registry_id,subject sent,registry_id,butterf,test-0,subject sent|registry_id,True,0.9754590392112732,subject sent|registry_id,True,1,0.9588215351104736,0.7539685368537903,0.20485299825668335,P0,development
subject sent|registry_id,subject sent,registry_id,butterf,test-1,subject sent|access_code,False,0.8056322336196899,subject sent|registry_id,True,1,0.7918579578399658,0.790896475315094,0.0009614825248718262,P0,development
subject sent|registry_id,subject sent,registry_id,butterf,test-2,subject sent|registry_id,True,0.9497939944267273,subject sent|registry_id,True,1,0.9396542310714722,0.6796744465827942,0.259979784488678,P0,development
subject sent|registry_id,subject sent,registry_id,butterf,test-3,subject sent|registry_id,True,0.9840510487556458,subject sent|registry_id,True,1,0.9843167662620544,0.8224313855171204,0.16188538074493408,P0,development
subject sent|city_code,subject sent,city_code,clapped,test-0,subject sent|access_code,False,0.9018411040306091,subject sent|access_code,False,2,0.8515774607658386,0.883570671081543,-0.031993210315704346,P0,development
subject sent|city_code,subject sent,city_code,clapped,test-1,subject sent|access_code,False,0.8949189186096191,subject sent|access_code,False,7,0.4678463637828827,0.8763692378997803,-0.4085228741168976,P0,development
subject sent|city_code,subject sent,city_code,clapped,test-2,subject sent|access_code,False,0.961898684501648,subject sent|access_code,False,2,0.7432848811149597,0.9583494663238525,-0.21506458520889282,P0,development
subject sent|city_code,subject sent,city_code,clapped,test-3,subject sent|city_code,True,0.9125997424125671,subject sent|city_code,True,1,0.8930723667144775,0.7927539944648743,0.10031837224960327,P0,development
subject sent|access_code,subject sent,access_code,breathe,test-0,subject sent|city_code,False,0.9080727696418762,subject sent|city_code,False,2,0.7735692262649536,0.876460075378418,-0.10289084911346436,P0,development
subject sent|access_code,subject sent,access_code,breathe,test-1,subject sent|access_code,True,0.8982864022254944,subject sent|access_code,True,1,0.8760162591934204,0.7947381138801575,0.08127814531326294,P0,development
subject sent|access_code,subject sent,access_code,breathe,test-2,subject sent|access_code,True,0.9620997905731201,subject sent|access_code,True,1,0.9510171413421631,0.7443961501121521,0.206620991230011,P0,development
subject sent|access_code,subject sent,access_code,breathe,test-3,subject sent|access_code,True,0.9664020538330078,subject sent|access_code,True,1,0.9549963474273682,0.7880746722221375,0.1669216752052307,P0,development
subject shimmered|registry_id,subject shimmered,registry_id,shining,test-0,subject shimmered|registry_id,True,0.9329598546028137,subject shimmered|registry_id,True,1,0.9229741096496582,0.6641642451286316,0.2588098645210266,P0,development
subject shimmered|registry_id,subject shimmered,registry_id,shining,test-1,subject shimmered|registry_id,True,0.8675629496574402,subject shimmered|registry_id,True,1,0.8136322498321533,0.8091567754745483,0.0044754743576049805,P0,development
subject shimmered|registry_id,subject shimmered,registry_id,shining,test-2,subject shimmered|registry_id,True,0.9318856596946716,subject shimmered|registry_id,True,1,0.9292599558830261,0.655524492263794,0.2737354636192322,P0,development
subject shimmered|registry_id,subject shimmered,registry_id,shining,test-3,subject shimmered|registry_id,True,0.9707517623901367,subject shimmered|registry_id,True,1,0.9699918627738953,0.7477055191993713,0.22228634357452393,P0,development
subject shimmered|city_code,subject shimmered,city_code,house,test-0,subject shimmered|access_code,False,0.906403660774231,subject shimmered|access_code,False,2,0.7761749625205994,0.8900275826454163,-0.1138526201248169,P0,development
subject shimmered|city_code,subject shimmered,city_code,house,test-1,subject shimmered|access_code,False,0.93065345287323,subject shimmered|access_code,False,4,0.593704342842102,0.9127199053764343,-0.3190155625343323,P0,development
subject shimmered|city_code,subject shimmered,city_code,house,test-2,subject shimmered|access_code,False,0.9288329482078552,subject shimmered|access_code,False,2,0.7690265774726868,0.9204584956169128,-0.15143191814422607,P0,development
subject shimmered|city_code,subject shimmered,city_code,house,test-3,subject shimmered|city_code,True,0.8846355080604553,subject shimmered|city_code,True,1,0.8748041391372681,0.7690132260322571,0.10579091310501099,P0,development
subject shimmered|access_code,subject shimmered,access_code,inno,test-0,subject shimmered|city_code,False,0.8528933525085449,subject shimmered|city_code,False,3,0.6631761789321899,0.8091712594032288,-0.14599508047103882,P0,development
subject shimmered|access_code,subject shimmered,access_code,inno,test-1,subject shimmered|access_code,True,0.9542192816734314,subject shimmered|access_code,True,1,0.928047239780426,0.784141480922699,0.14390575885772705,P0,development
subject shimmered|access_code,subject shimmered,access_code,inno,test-2,subject shimmered|access_code,True,0.9714233875274658,subject shimmered|access_code,True,1,0.9421610236167908,0.7053087949752808,0.23685222864151,P0,development
subject shimmered|access_code,subject shimmered,access_code,inno,test-3,subject shimmered|access_code,True,0.924553632736206,subject shimmered|access_code,True,1,0.9072060585021973,0.7376900911331177,0.1695159673690796,P0,development
subject solved|registry_id,subject solved,registry_id,bottle,test-0,subject solved|registry_id,True,0.9559334516525269,subject solved|registry_id,True,1,0.959060788154602,0.631718635559082,0.32734215259552,P0,development
subject solved|registry_id,subject solved,registry_id,bottle,test-1,subject solved|registry_id,True,0.6381586194038391,subject solved|registry_id,True,1,0.5803739428520203,0.5666216015815735,0.013752341270446777,P0,development
subject solved|registry_id,subject solved,registry_id,bottle,test-2,subject solved|registry_id,True,0.958811342716217,subject solved|registry_id,True,1,0.9544894099235535,0.6880799531936646,0.2664094567298889,P0,development
subject solved|registry_id,subject solved,registry_id,bottle,test-3,subject solved|registry_id,True,0.9743034243583679,subject solved|registry_id,True,1,0.9739340543746948,0.6407428979873657,0.3331911563873291,P0,development
subject solved|city_code,subject solved,city_code,gloom,test-0,subject solved|access_code,False,0.9101546406745911,subject solved|access_code,False,2,0.8292366862297058,0.8947383761405945,-0.06550168991088867,P0,development
subject solved|city_code,subject solved,city_code,gloom,test-1,subject solved|access_code,False,0.8402642011642456,subject solved|access_code,False,11,0.30566227436065674,0.8170199394226074,-0.5113576650619507,P0,development
subject solved|city_code,subject solved,city_code,gloom,test-2,subject solved|access_code,False,0.9620983004570007,subject solved|access_code,False,2,0.7556377649307251,0.954299807548523,-0.19866204261779785,P0,development
subject solved|city_code,subject solved,city_code,gloom,test-3,subject solved|city_code,True,0.892604410648346,subject solved|city_code,True,1,0.8731465339660645,0.7995256185531616,0.07362091541290283,P0,development
subject solved|access_code,subject solved,access_code,huge,test-0,subject solved|city_code,False,0.8791205286979675,subject solved|city_code,False,2,0.838847279548645,0.8657023310661316,-0.026855051517486572,P0,development
subject solved|access_code,subject solved,access_code,huge,test-1,subject solved|access_code,True,0.823528528213501,subject solved|access_code,True,1,0.8055027723312378,0.7517102360725403,0.05379253625869751,P0,development
subject solved|access_code,subject solved,access_code,huge,test-2,subject solved|access_code,True,0.9778478145599365,subject solved|access_code,True,1,0.9744864702224731,0.7818477749824524,0.19263869524002075,P0,development
subject solved|access_code,subject solved,access_code,huge,test-3,subject solved|access_code,True,0.9478297233581543,subject solved|access_code,True,1,0.9496820569038391,0.7094431519508362,0.24023890495300293,P0,development
subject swim|registry_id,subject swim,registry_id,whatever,test-0,subject swim|registry_id,True,0.960487425327301,subject swim|registry_id,True,1,0.9588370323181152,0.6540071964263916,0.30482983589172363,P0,development
subject swim|registry_id,subject swim,registry_id,whatever,test-1,subject swim|access_code,False,0.6792333722114563,subject swim|access_code,False,2,0.5757403373718262,0.6463079452514648,-0.07056760787963867,P0,development
subject swim|registry_id,subject swim,registry_id,whatever,test-2,subject swim|registry_id,True,0.9633119702339172,subject swim|registry_id,True,1,0.9430716037750244,0.5719727873802185,0.3710988163948059,P0,development
subject swim|registry_id,subject swim,registry_id,whatever,test-3,subject swim|registry_id,True,0.9799514412879944,subject swim|registry_id,True,1,0.9800767302513123,0.6184238791465759,0.36165285110473633,P0,development
subject swim|city_code,subject swim,city_code,arms,test-0,subject swim|city_code,True,0.8735669851303101,subject swim|city_code,True,1,0.8496130704879761,0.8275173306465149,0.02209573984146118,P0,development
subject swim|city_code,subject swim,city_code,arms,test-1,subject lovely|access_code,False,0.7815700769424438,subject lovely|access_code,False,12,0.30733445286750793,0.7669073343276978,-0.4595728814601898,P0,development
subject swim|city_code,subject swim,city_code,arms,test-2,subject swim|access_code,False,0.943695068359375,subject swim|access_code,False,2,0.8371965289115906,0.9207994341850281,-0.0836029052734375,P0,development
subject swim|city_code,subject swim,city_code,arms,test-3,subject swim|city_code,True,0.881130576133728,subject swim|city_code,True,1,0.8682540655136108,0.7872666120529175,0.08098745346069336,P0,development
subject swim|access_code,subject swim,access_code,gems,test-0,subject swim|city_code,False,0.8197903037071228,subject swim|city_code,False,3,0.6071422100067139,0.7489796280860901,-0.14183741807937622,P0,development
subject swim|access_code,subject swim,access_code,gems,test-1,subject excited|access_code,False,0.884220540523529,subject excited|access_code,False,4,0.6641727089881897,0.8163197636604309,-0.1521470546722412,P0,development
subject swim|access_code,subject swim,access_code,gems,test-2,subject swim|access_code,True,0.9614769220352173,subject swim|access_code,True,1,0.9512137770652771,0.723922073841095,0.22729170322418213,P0,development
subject swim|access_code,subject swim,access_code,gems,test-3,subject swim|access_code,True,0.941422700881958,subject swim|access_code,True,1,0.9153537154197693,0.7478854656219482,0.16746824979782104,P0,development
subject deter|registry_id,subject deter,registry_id,jumped,test-0,subject deter|registry_id,True,0.9119120240211487,subject deter|registry_id,True,1,0.8990171551704407,0.6638472676277161,0.2351698875427246,P0,development
subject deter|registry_id,subject deter,registry_id,jumped,test-1,subject finds|access_code,False,0.7840650081634521,subject finds|access_code,False,14,0.20970594882965088,0.7547558546066284,-0.5450499057769775,P0,development
subject deter|registry_id,subject deter,registry_id,jumped,test-2,subject deter|registry_id,True,0.8388869166374207,subject deter|registry_id,True,1,0.8344547748565674,0.6169978380203247,0.21745693683624268,P0,development
subject deter|registry_id,subject deter,registry_id,jumped,test-3,subject deter|registry_id,True,0.9673793315887451,subject deter|registry_id,True,1,0.9748136401176453,0.7069092988967896,0.2679043412208557,P0,development
subject deter|city_code,subject deter,city_code,snowman,test-0,subject deter|city_code,True,0.8291137218475342,subject deter|city_code,True,1,0.8123555183410645,0.7081382870674133,0.10421723127365112,P0,development
subject deter|city_code,subject deter,city_code,snowman,test-1,subject finds|access_code,False,0.8663221001625061,subject finds|access_code,False,13,0.21123526990413666,0.8515015840530396,-0.6402663141489029,P0,development
subject deter|city_code,subject deter,city_code,snowman,test-2,subject deter|access_code,False,0.9667268395423889,subject deter|access_code,False,3,0.621971070766449,0.9504515528678894,-0.32848048210144043,P0,development
subject deter|city_code,subject deter,city_code,snowman,test-3,subject deter|city_code,True,0.8873674869537354,subject deter|city_code,True,1,0.8509573936462402,0.6080552935600281,0.24290210008621216,P0,development
subject deter|access_code,subject deter,access_code,after,test-0,subject deter|city_code,False,0.8561234474182129,subject deter|city_code,False,3,0.6106024980545044,0.8450136184692383,-0.2344111204147339,P0,development
subject deter|access_code,subject deter,access_code,after,test-1,subject finds|access_code,False,0.8373810052871704,subject finds|access_code,False,2,0.7796212434768677,0.8197135925292969,-0.0400923490524292,P0,development
subject deter|access_code,subject deter,access_code,after,test-2,subject deter|access_code,True,0.9582065939903259,subject deter|access_code,True,1,0.9409602284431458,0.7341904640197754,0.20676976442337036,P0,development
subject deter|access_code,subject deter,access_code,after,test-3,subject deter|access_code,True,0.8992694020271301,subject deter|access_code,True,1,0.8913230895996094,0.571709394454956,0.3196136951446533,P0,development
subject excited|registry_id,subject excited,registry_id,tricky,test-0,subject excited|registry_id,True,0.9391465187072754,subject excited|registry_id,True,1,0.917051374912262,0.6553112268447876,0.26174014806747437,P0,development
subject excited|registry_id,subject excited,registry_id,tricky,test-1,subject excited|access_code,False,0.8276740312576294,subject excited|access_code,False,2,0.7832456827163696,0.7979368567466736,-0.014691174030303955,P0,development
subject excited|registry_id,subject excited,registry_id,tricky,test-2,subject excited|registry_id,True,0.9341683387756348,subject excited|registry_id,True,1,0.9205131530761719,0.621751606464386,0.2987615466117859,P0,development
subject excited|registry_id,subject excited,registry_id,tricky,test-3,subject excited|registry_id,True,0.9376278519630432,subject excited|registry_id,True,1,0.9216209053993225,0.7855314016342163,0.1360895037651062,P0,development
subject excited|city_code,subject excited,city_code,conqu,test-0,subject excited|city_code,True,0.8012226819992065,subject excited|city_code,True,1,0.771187961101532,0.7276869416236877,0.04350101947784424,P0,development
subject excited|city_code,subject excited,city_code,conqu,test-1,subject excited|access_code,False,0.9440374374389648,subject excited|access_code,False,7,0.46467486023902893,0.9242241382598877,-0.45954927802085876,P0,development
subject excited|city_code,subject excited,city_code,conqu,test-2,subject excited|city_code,True,0.8322914242744446,subject excited|city_code,True,1,0.7962695360183716,0.758915901184082,0.03735363483428955,P0,development
subject excited|city_code,subject excited,city_code,conqu,test-3,subject excited|city_code,True,0.8068589568138123,subject excited|city_code,True,1,0.7906314730644226,0.6488006114959717,0.14183086156845093,P0,development
subject excited|access_code,subject excited,access_code,imag,test-0,subject excited|city_code,False,0.7464711666107178,subject excited|city_code,False,7,0.5446720123291016,0.7057456374168396,-0.16107362508773804,P0,development
subject excited|access_code,subject excited,access_code,imag,test-1,subject excited|access_code,True,0.9633249640464783,subject excited|access_code,True,1,0.9650577902793884,0.7120360136032104,0.253021776676178,P0,development
subject excited|access_code,subject excited,access_code,imag,test-2,subject excited|access_code,True,0.980414628982544,subject excited|access_code,True,1,0.9657747149467468,0.7403508424758911,0.2254238724708557,P0,development
subject excited|access_code,subject excited,access_code,imag,test-3,subject excited|access_code,True,0.8932930827140808,subject excited|access_code,True,1,0.8665845394134521,0.5842556357383728,0.28232890367507935,P0,development
subject encour|registry_id,subject encour,registry_id,safely,test-0,subject encour|registry_id,True,0.9384455680847168,subject encour|registry_id,True,1,0.9135100245475769,0.8156117796897888,0.09789824485778809,P0,development
subject encour|registry_id,subject encour,registry_id,safely,test-1,subject solved|registry_id,False,0.5877552628517151,subject clut|access_code,False,10,0.42916539311408997,0.519270658493042,-0.09010526537895203,P0,development
subject encour|registry_id,subject encour,registry_id,safely,test-2,subject encour|registry_id,True,0.8849456906318665,subject louder|registry_id,False,2,0.8293927907943726,0.8303695917129517,-0.0009768009185791016,P0,development
subject encour|registry_id,subject encour,registry_id,safely,test-3,subject encour|registry_id,True,0.9330930709838867,subject encour|registry_id,True,1,0.8809054493904114,0.7864765524864197,0.0944288969039917,P0,development
subject encour|city_code,subject encour,city_code,snowf,test-0,subject swim|city_code,False,0.7973009943962097,subject swim|city_code,False,7,0.48669227957725525,0.7138110399246216,-0.22711876034736633,P0,development
subject encour|city_code,subject encour,city_code,snowf,test-1,subject solved|access_code,False,0.7305471897125244,subject solved|access_code,False,39,-0.29074928164482117,0.6961647272109985,-0.9869140088558197,P0,development
subject encour|city_code,subject encour,city_code,snowf,test-2,subject louder|access_code,False,0.8715292811393738,subject louder|access_code,False,5,0.52109295129776,0.854964554309845,-0.33387160301208496,P0,development
subject encour|city_code,subject encour,city_code,snowf,test-3,subject skills|city_code,False,0.8435371518135071,subject skills|city_code,False,3,0.7502856254577637,0.8275853991508484,-0.07729977369308472,P0,development
subject encour|access_code,subject encour,access_code,uncover,test-0,subject skills|city_code,False,0.6671156883239746,subject skills|city_code,False,10,0.4218742251396179,0.6314166188240051,-0.2095423936843872,P0,development
subject encour|access_code,subject encour,access_code,uncover,test-1,subject excited|access_code,False,0.7660098671913147,subject excited|access_code,False,4,0.6600955128669739,0.7295711040496826,-0.06947559118270874,P0,development
subject encour|access_code,subject encour,access_code,uncover,test-2,subject encour|access_code,True,0.9468674063682556,subject encour|access_code,True,1,0.9059622883796692,0.8631494641304016,0.04281282424926758,P0,development
subject encour|access_code,subject encour,access_code,uncover,test-3,subject encour|access_code,True,0.8384789824485779,subject encour|access_code,True,1,0.7994489669799805,0.7679144740104675,0.03153449296951294,P0,development
subject finds|registry_id,subject finds,registry_id,transform,test-0,subject finds|registry_id,True,0.9624343514442444,subject finds|registry_id,True,1,0.9395166039466858,0.7130981683731079,0.22641843557357788,P0,development
subject finds|registry_id,subject finds,registry_id,transform,test-1,subject finds|access_code,False,0.8302210569381714,subject finds|access_code,False,2,0.7919723391532898,0.8123822212219238,-0.020409882068634033,P0,development
subject finds|registry_id,subject finds,registry_id,transform,test-2,subject finds|registry_id,True,0.9516987204551697,subject finds|registry_id,True,1,0.9358929395675659,0.7066660523414612,0.22922688722610474,P0,development
subject finds|registry_id,subject finds,registry_id,transform,test-3,subject finds|registry_id,True,0.9128076434135437,subject finds|registry_id,True,1,0.893489420413971,0.6671640276908875,0.2263253927230835,P0,development
subject finds|city_code,subject finds,city_code,spirit,test-0,subject finds|access_code,False,0.9153106808662415,subject finds|access_code,False,2,0.8523828983306885,0.8851495385169983,-0.032766640186309814,P0,development
subject finds|city_code,subject finds,city_code,spirit,test-1,subject finds|access_code,False,0.9350447058677673,subject finds|access_code,False,6,0.6339201927185059,0.9246984720230103,-0.2907782793045044,P0,development
subject finds|city_code,subject finds,city_code,spirit,test-2,subject finds|access_code,False,0.9605284929275513,subject finds|access_code,False,2,0.8068203926086426,0.9410449862480164,-0.13422459363937378,P0,development
subject finds|city_code,subject finds,city_code,spirit,test-3,subject finds|city_code,True,0.9010190367698669,subject finds|city_code,True,1,0.8759753108024597,0.7774027585983276,0.09857255220413208,P0,development
subject finds|access_code,subject finds,access_code,door,test-0,subject finds|city_code,False,0.8564594984054565,subject finds|city_code,False,2,0.8163992166519165,0.8293632864952087,-0.012964069843292236,P0,development
subject finds|access_code,subject finds,access_code,door,test-1,subject solved|access_code,False,0.8450269103050232,subject solved|access_code,False,3,0.7408983707427979,0.8320305347442627,-0.09113216400146484,P0,development
subject finds|access_code,subject finds,access_code,door,test-2,subject finds|access_code,True,0.9878664016723633,subject finds|access_code,True,1,0.9816519021987915,0.7406028509140015,0.24104905128479004,P0,development
subject finds|access_code,subject finds,access_code,door,test-3,subject finds|access_code,True,0.9528259038925171,subject finds|access_code,True,1,0.937748908996582,0.7504837512969971,0.18726515769958496,P0,development
subject skills|registry_id,subject skills,registry_id,seek,test-0,subject skills|registry_id,True,0.9831715822219849,subject skills|registry_id,True,1,0.9836279153823853,0.6457549333572388,0.3378729820251465,P0,development
subject skills|registry_id,subject skills,registry_id,seek,test-1,subject skills|access_code,False,0.8476024270057678,subject skills|access_code,False,2,0.7773804664611816,0.8422752618789673,-0.06489479541778564,P0,development
subject skills|registry_id,subject skills,registry_id,seek,test-2,subject skills|registry_id,True,0.9675105810165405,subject skills|registry_id,True,1,0.9593300819396973,0.6873459219932556,0.27198415994644165,P0,development
subject skills|registry_id,subject skills,registry_id,seek,test-3,subject skills|registry_id,True,0.9886839985847473,subject skills|registry_id,True,1,0.9860348701477051,0.6406815052032471,0.345353364944458,P0,development
subject skills|city_code,subject skills,city_code,sank,test-0,subject skills|city_code,True,0.9188495874404907,subject skills|city_code,True,1,0.9103336334228516,0.8537746071815491,0.05655902624130249,P0,development
subject skills|city_code,subject skills,city_code,sank,test-1,subject skills|access_code,False,0.9487226605415344,subject skills|access_code,False,3,0.5805553793907166,0.9421749711036682,-0.36161959171295166,P0,development
subject skills|city_code,subject skills,city_code,sank,test-2,subject skills|access_code,False,0.9429485201835632,subject skills|access_code,False,2,0.8568544387817383,0.9417527914047241,-0.08489835262298584,P0,development
subject skills|city_code,subject skills,city_code,sank,test-3,subject skills|city_code,True,0.9193221926689148,subject skills|city_code,True,1,0.9091189503669739,0.8550162315368652,0.05410271883010864,P0,development
subject skills|access_code,subject skills,access_code,whale,test-0,subject skills|city_code,False,0.9171304702758789,subject skills|city_code,False,2,0.8308877944946289,0.9138979911804199,-0.08301019668579102,P0,development
subject skills|access_code,subject skills,access_code,whale,test-1,subject skills|access_code,True,0.8368498682975769,subject skills|access_code,True,1,0.8218230605125427,0.7199565768241882,0.10186648368835449,P0,development
subject skills|access_code,subject skills,access_code,whale,test-2,subject skills|access_code,True,0.9751706719398499,subject skills|access_code,True,1,0.9647784233093262,0.6836458444595337,0.2811325788497925,P0,development
subject skills|access_code,subject skills,access_code,whale,test-3,subject skills|access_code,True,0.9534749984741211,subject skills|access_code,True,1,0.9397596120834351,0.7425057291984558,0.19725388288497925,P0,development
subject dawn|registry_id,subject dawn,registry_id,sneak,test-0,subject dawn|registry_id,True,0.9588598012924194,subject dawn|registry_id,True,1,0.9445297718048096,0.7331287264823914,0.2114010453224182,P0,development
subject dawn|registry_id,subject dawn,registry_id,sneak,test-1,subject dawn|registry_id,True,0.8120583295822144,subject dawn|registry_id,True,1,0.8022592663764954,0.7526379227638245,0.0496213436126709,P0,development
subject dawn|registry_id,subject dawn,registry_id,sneak,test-2,subject dawn|registry_id,True,0.9449911117553711,subject dawn|registry_id,True,1,0.9355679154396057,0.7142450213432312,0.2213228940963745,P0,development
subject dawn|registry_id,subject dawn,registry_id,sneak,test-3,subject dawn|registry_id,True,0.9770001173019409,subject dawn|registry_id,True,1,0.9763436913490295,0.6841250658035278,0.2922186255455017,P0,development
subject dawn|city_code,subject dawn,city_code,shiny,test-0,subject dawn|city_code,True,0.888752281665802,subject dawn|city_code,True,1,0.8793964385986328,0.7588099241256714,0.12058651447296143,P0,development
subject dawn|city_code,subject dawn,city_code,shiny,test-1,subject dawn|access_code,False,0.9029734134674072,subject dawn|access_code,False,6,0.5257315635681152,0.8813171982765198,-0.35558563470840454,P0,development
subject dawn|city_code,subject dawn,city_code,shiny,test-2,subject dawn|access_code,False,0.9089622497558594,subject dawn|access_code,False,2,0.8057948350906372,0.9026321768760681,-0.09683734178543091,P0,development
subject dawn|city_code,subject dawn,city_code,shiny,test-3,subject dawn|city_code,True,0.8369431495666504,subject dawn|city_code,True,1,0.8294296860694885,0.7754484415054321,0.053981244564056396,P0,development
subject dawn|access_code,subject dawn,access_code,pretending,test-0,subject dawn|city_code,False,0.7886261343955994,subject dawn|city_code,False,3,0.6513118147850037,0.7692406177520752,-0.11792880296707153,P0,development
subject dawn|access_code,subject dawn,access_code,pretending,test-1,subject dawn|access_code,True,0.8610972166061401,subject dawn|access_code,True,1,0.8492617011070251,0.7436914443969727,0.10557025671005249,P0,development
subject dawn|access_code,subject dawn,access_code,pretending,test-2,subject dawn|access_code,True,0.9265257716178894,subject dawn|access_code,True,1,0.9234357476234436,0.7607738971710205,0.1626618504524231,P0,development
subject dawn|access_code,subject dawn,access_code,pretending,test-3,subject dawn|access_code,True,0.898553729057312,subject dawn|access_code,True,1,0.8697434663772583,0.632323145866394,0.23742032051086426,P0,development
subject swung|registry_id,subject swung,registry_id,outs,test-0,subject swung|registry_id,True,0.9535765647888184,subject swung|registry_id,True,1,0.9311653971672058,0.7494651079177856,0.18170028924942017,P0,development
subject swung|registry_id,subject swung,registry_id,outs,test-1,subject swung|registry_id,True,0.6886193752288818,subject swung|registry_id,True,1,0.6602677702903748,0.6449494957923889,0.01531827449798584,P0,development
subject swung|registry_id,subject swung,registry_id,outs,test-2,subject swung|registry_id,True,0.9068819284439087,subject swung|registry_id,True,1,0.9048730134963989,0.6955214738845825,0.2093515396118164,P0,development
subject swung|registry_id,subject swung,registry_id,outs,test-3,subject swung|registry_id,True,0.9721799492835999,subject swung|registry_id,True,1,0.9719634056091309,0.7833067178726196,0.18865668773651123,P0,development
subject swung|city_code,subject swung,city_code,loomed,test-0,subject swung|city_code,True,0.8276031613349915,subject swung|city_code,True,1,0.8175620436668396,0.7379282712936401,0.07963377237319946,P0,development
subject swung|city_code,subject swung,city_code,loomed,test-1,subject swung|access_code,False,0.9087669253349304,subject swung|access_code,False,8,0.3594379425048828,0.8803012371063232,-0.5208632946014404,P0,development
subject swung|city_code,subject swung,city_code,loomed,test-2,subject swung|access_code,False,0.9172143936157227,subject swung|access_code,False,2,0.7295268177986145,0.9180152416229248,-0.1884884238243103,P0,development
subject swung|city_code,subject swung,city_code,loomed,test-3,subject swung|city_code,True,0.865748405456543,subject swung|city_code,True,1,0.8582820892333984,0.7623400092124939,0.09594208002090454,P0,development
subject swung|access_code,subject swung,access_code,heavy,test-0,subject swung|city_code,False,0.8250648975372314,subject swung|city_code,False,3,0.6032726168632507,0.8133798241615295,-0.2101072072982788,P0,development
subject swung|access_code,subject swung,access_code,heavy,test-1,subject swung|access_code,True,0.8287419676780701,subject swung|access_code,True,1,0.8161075115203857,0.6791457533836365,0.13696175813674927,P0,development
subject swung|access_code,subject swung,access_code,heavy,test-2,subject swung|access_code,True,0.9466120600700378,subject swung|access_code,True,1,0.9368636608123779,0.7813906073570251,0.15547305345535278,P0,development
subject swung|access_code,subject swung,access_code,heavy,test-3,subject swung|access_code,True,0.8963369727134705,subject swung|access_code,True,1,0.8799470067024231,0.7775444984436035,0.10240250825881958,P0,development
subject lovely|registry_id,subject lovely,registry_id,swayed,test-0,subject lovely|registry_id,True,0.955568790435791,subject lovely|registry_id,True,1,0.939727246761322,0.7188712358474731,0.22085601091384888,P0,development
subject lovely|registry_id,subject lovely,registry_id,swayed,test-1,subject lovely|access_code,False,0.8335903882980347,subject lovely|access_code,False,2,0.8088458180427551,0.8214234709739685,-0.012577652931213379,P0,development
subject lovely|registry_id,subject lovely,registry_id,swayed,test-2,subject lovely|registry_id,True,0.9247127771377563,subject lovely|registry_id,True,1,0.911561131477356,0.6863917112350464,0.22516942024230957,P0,development
subject lovely|registry_id,subject lovely,registry_id,swayed,test-3,subject lovely|registry_id,True,0.9769636392593384,subject lovely|registry_id,True,1,0.9741538763046265,0.6681593656539917,0.30599451065063477,P0,development
subject lovely|city_code,subject lovely,city_code,favorite,test-0,subject lovely|city_code,True,0.9174181222915649,subject lovely|city_code,True,1,0.8833261132240295,0.8342208862304688,0.04910522699356079,P0,development
subject lovely|city_code,subject lovely,city_code,favorite,test-1,subject lovely|access_code,False,0.9446521401405334,subject lovely|access_code,False,4,0.6743001937866211,0.9326951503753662,-0.2583949565887451,P0,development
subject lovely|city_code,subject lovely,city_code,favorite,test-2,subject lovely|city_code,True,0.941487193107605,subject lovely|city_code,True,1,0.9200621247291565,0.8234067559242249,0.09665536880493164,P0,development
subject lovely|city_code,subject lovely,city_code,favorite,test-3,subject lovely|city_code,True,0.909018874168396,subject lovely|city_code,True,1,0.8974617719650269,0.7343913316726685,0.1630704402923584,P0,development
subject lovely|access_code,subject lovely,access_code,higher,test-0,subject lovely|city_code,False,0.8652063012123108,subject lovely|city_code,False,2,0.764287531375885,0.8378450274467468,-0.07355749607086182,P0,development
subject lovely|access_code,subject lovely,access_code,higher,test-1,subject lovely|access_code,True,0.9380615949630737,subject lovely|access_code,True,1,0.9299814105033875,0.841673731803894,0.08830767869949341,P0,development
subject lovely|access_code,subject lovely,access_code,higher,test-2,subject lovely|access_code,True,0.9632804989814758,subject lovely|access_code,True,1,0.9490089416503906,0.7912415862083435,0.15776735544204712,P0,development
subject lovely|access_code,subject lovely,access_code,higher,test-3,subject lovely|access_code,True,0.9344801902770996,subject lovely|access_code,True,1,0.9294693470001221,0.7022647857666016,0.2272045612335205,P0,development
subject joked|registry_id,subject joked,registry_id,carved,validation-0,subject joked|registry_id,True,0.97581547498703,subject joked|registry_id,True,1,0.9455310702323914,0.8714872598648071,0.07404381036758423,P1,validation
subject joked|registry_id,subject joked,registry_id,carved,validation-1,subject joked|registry_id,True,0.9857926964759827,subject joked|registry_id,True,1,0.9824802875518799,0.861829400062561,0.12065088748931885,P1,validation
subject joked|city_code,subject joked,city_code,prize,validation-0,subject joked|access_code,False,0.984722375869751,subject joked|access_code,False,2,0.8901711106300354,0.9751342535018921,-0.08496314287185669,P1,validation
subject joked|city_code,subject joked,city_code,prize,validation-1,subject joked|city_code,True,0.9830580949783325,subject joked|city_code,True,1,0.9887268543243408,0.9097354412078857,0.07899141311645508,P1,validation
subject joked|access_code,subject joked,access_code,train,validation-0,subject joked|access_code,True,0.9731172919273376,subject joked|access_code,True,1,0.9549165368080139,0.8835921287536621,0.0713244080543518,P1,validation
subject joked|access_code,subject joked,access_code,train,validation-1,subject joked|access_code,True,0.9834663271903992,subject joked|access_code,True,1,0.9798900485038757,0.896351158618927,0.08353888988494873,P1,validation
subject clut|registry_id,subject clut,registry_id,guide,validation-0,subject clut|registry_id,True,0.9752978086471558,subject clut|registry_id,True,1,0.9273326396942139,0.8794247508049011,0.047907888889312744,P1,validation
subject clut|registry_id,subject clut,registry_id,guide,validation-1,subject clut|registry_id,True,0.9848247170448303,subject clut|registry_id,True,1,0.9839722514152527,0.895128607749939,0.08884364366531372,P1,validation
subject clut|city_code,subject clut,city_code,connecting,validation-0,subject clut|access_code,False,0.9813457727432251,subject clut|access_code,False,2,0.9217386841773987,0.9803849458694458,-0.05864626169204712,P1,validation
subject clut|city_code,subject clut,city_code,connecting,validation-1,subject clut|city_code,True,0.98563152551651,subject clut|city_code,True,1,0.9859496355056763,0.9053665995597839,0.08058303594589233,P1,validation
subject clut|access_code,subject clut,access_code,calm,validation-0,subject clut|access_code,True,0.9789763689041138,subject clut|access_code,True,1,0.9744593501091003,0.901201605796814,0.07325774431228638,P1,validation
subject clut|access_code,subject clut,access_code,calm,validation-1,subject clut|access_code,True,0.9882643222808838,subject clut|access_code,True,1,0.988612711429596,0.9435954689979553,0.045017242431640625,P1,validation
subject louder|registry_id,subject louder,registry_id,worries,validation-0,subject louder|registry_id,True,0.9508814811706543,subject louder|registry_id,True,1,0.9048826694488525,0.8644682765007019,0.040414392948150635,P1,validation
subject louder|registry_id,subject louder,registry_id,worries,validation-1,subject louder|registry_id,True,0.962763786315918,subject louder|registry_id,True,1,0.9733444452285767,0.8427913188934326,0.13055312633514404,P1,validation
subject louder|city_code,subject louder,city_code,glow,validation-0,subject louder|access_code,False,0.9627411365509033,subject louder|access_code,False,4,0.8656125664710999,0.9564897418022156,-0.09087717533111572,P1,validation
subject louder|city_code,subject louder,city_code,glow,validation-1,subject louder|city_code,True,0.970431923866272,subject louder|city_code,True,1,0.966980516910553,0.8886579871177673,0.07832252979278564,P1,validation
subject louder|access_code,subject louder,access_code,glanc,validation-0,subject louder|access_code,True,0.9631696343421936,subject louder|access_code,True,1,0.947673499584198,0.9428824186325073,0.004791080951690674,P1,validation
subject louder|access_code,subject louder,access_code,glanc,validation-1,subject louder|access_code,True,0.9743181467056274,subject louder|access_code,True,1,0.9770305752754211,0.9050785303115845,0.07195204496383667,P1,validation
subject deer|registry_id,subject deer,registry_id,beep,validation-0,subject deer|registry_id,True,0.986093282699585,subject deer|registry_id,True,1,0.9240260720252991,0.855082631111145,0.06894344091415405,P1,validation
subject deer|registry_id,subject deer,registry_id,beep,validation-1,subject deer|registry_id,True,0.8901875019073486,subject deer|registry_id,True,1,0.8586886525154114,0.8063837885856628,0.052304863929748535,P1,validation
subject deer|city_code,subject deer,city_code,students,validation-0,subject deer|access_code,False,0.9862189292907715,subject deer|access_code,False,4,0.8524495363235474,0.9559931755065918,-0.10354363918304443,P1,validation
subject deer|city_code,subject deer,city_code,students,validation-1,subject deer|city_code,True,0.8429344892501831,subject deer|city_code,True,1,0.802523136138916,0.7927317023277283,0.009791433811187744,P1,validation
subject deer|access_code,subject deer,access_code,bond,validation-0,subject deer|access_code,True,0.9806238412857056,subject deer|access_code,True,1,0.9510098099708557,0.8963360786437988,0.054673731327056885,P1,validation
subject deer|access_code,subject deer,access_code,bond,validation-1,subject deer|access_code,True,0.9246736168861389,subject deer|access_code,True,1,0.8946613669395447,0.8364320397377014,0.05822932720184326,P1,validation
subject sent|registry_id,subject sent,registry_id,butterf,validation-0,subject sent|registry_id,True,0.9838321208953857,subject sent|registry_id,True,1,0.9594788551330566,0.8567219376564026,0.10275691747665405,P1,validation
subject sent|registry_id,subject sent,registry_id,butterf,validation-1,subject sent|registry_id,True,0.9778569936752319,subject sent|registry_id,True,1,0.9731922745704651,0.8568553328514099,0.11633694171905518,P1,validation
subject sent|city_code,subject sent,city_code,clapped,validation-0,subject sent|access_code,False,0.9923592805862427,subject sent|access_code,False,2,0.9309341311454773,0.9824309349060059,-0.051496803760528564,P1,validation
subject sent|city_code,subject sent,city_code,clapped,validation-1,subject sent|city_code,True,0.9812057614326477,subject sent|city_code,True,1,0.9736462235450745,0.9144719243049622,0.059174299240112305,P1,validation
subject sent|access_code,subject sent,access_code,breathe,validation-0,subject sent|access_code,True,0.990156888961792,subject sent|access_code,True,1,0.9838090538978577,0.8780570030212402,0.10575205087661743,P1,validation
subject sent|access_code,subject sent,access_code,breathe,validation-1,subject sent|access_code,True,0.9869728684425354,subject sent|access_code,True,1,0.9854100942611694,0.9207913279533386,0.06461876630783081,P1,validation
subject shimmered|registry_id,subject shimmered,registry_id,shining,validation-0,subject shimmered|registry_id,True,0.9787946343421936,subject shimmered|registry_id,True,1,0.9194437861442566,0.897264301776886,0.022179484367370605,P1,validation
subject shimmered|registry_id,subject shimmered,registry_id,shining,validation-1,subject shimmered|registry_id,True,0.9575074315071106,subject shimmered|registry_id,True,1,0.957926869392395,0.84061598777771,0.11731088161468506,P1,validation
subject shimmered|city_code,subject shimmered,city_code,house,validation-0,subject shimmered|access_code,False,0.9874104857444763,subject shimmered|access_code,False,2,0.8793462514877319,0.9772530794143677,-0.09790682792663574,P1,validation
subject shimmered|city_code,subject shimmered,city_code,house,validation-1,subject shimmered|city_code,True,0.9743164777755737,subject shimmered|city_code,True,1,0.9803388714790344,0.8979371786117554,0.08240169286727905,P1,validation
subject shimmered|access_code,subject shimmered,access_code,inno,validation-0,subject shimmered|access_code,True,0.9736511707305908,subject shimmered|access_code,True,1,0.9504844546318054,0.8682275414466858,0.08225691318511963,P1,validation
subject shimmered|access_code,subject shimmered,access_code,inno,validation-1,subject shimmered|access_code,True,0.98245769739151,subject shimmered|access_code,True,1,0.9759722948074341,0.9077973365783691,0.06817495822906494,P1,validation
subject solved|registry_id,subject solved,registry_id,bottle,validation-0,subject solved|registry_id,True,0.9675799012184143,subject solved|registry_id,True,1,0.9472746253013611,0.9035986661911011,0.04367595911026001,P1,validation
subject solved|registry_id,subject solved,registry_id,bottle,validation-1,subject solved|registry_id,True,0.9816616773605347,subject solved|registry_id,True,1,0.9800799489021301,0.8834279179573059,0.09665203094482422,P1,validation
subject solved|city_code,subject solved,city_code,gloom,validation-0,subject solved|access_code,False,0.9879407286643982,subject solved|access_code,False,2,0.9135227203369141,0.9869324564933777,-0.07340973615646362,P1,validation
subject solved|city_code,subject solved,city_code,gloom,validation-1,subject solved|city_code,True,0.9887462258338928,subject solved|city_code,True,1,0.9857617020606995,0.9044008851051331,0.0813608169555664,P1,validation
subject solved|access_code,subject solved,access_code,huge,validation-0,subject solved|access_code,True,0.983946681022644,subject solved|access_code,True,1,0.9824061393737793,0.8660153746604919,0.11639076471328735,P1,validation
subject solved|access_code,subject solved,access_code,huge,validation-1,subject solved|access_code,True,0.9823532700538635,subject solved|access_code,True,1,0.9816296100616455,0.8911089897155762,0.09052062034606934,P1,validation
subject swim|registry_id,subject swim,registry_id,whatever,validation-0,subject swim|registry_id,True,0.9445143938064575,subject swim|registry_id,True,1,0.8918237686157227,0.8590758442878723,0.03274792432785034,P1,validation
subject swim|registry_id,subject swim,registry_id,whatever,validation-1,subject swim|registry_id,True,0.9668684005737305,subject swim|registry_id,True,1,0.9487665891647339,0.8203583359718323,0.1284082531929016,P1,validation
subject swim|city_code,subject swim,city_code,arms,validation-0,subject swim|access_code,False,0.9818310141563416,subject swim|access_code,False,4,0.8392500281333923,0.9530031085014343,-0.11375308036804199,P1,validation
subject swim|city_code,subject swim,city_code,arms,validation-1,subject swim|city_code,True,0.9677610993385315,subject swim|city_code,True,1,0.9778908491134644,0.8868894577026367,0.09100139141082764,P1,validation
subject swim|access_code,subject swim,access_code,gems,validation-0,subject swim|access_code,True,0.9762610197067261,subject swim|access_code,True,1,0.9458656907081604,0.8744577169418335,0.0714079737663269,P1,validation
subject swim|access_code,subject swim,access_code,gems,validation-1,subject swim|access_code,True,0.9933010339736938,subject swim|access_code,True,1,0.9754112958908081,0.8903000950813293,0.08511120080947876,P1,validation
subject deter|registry_id,subject deter,registry_id,jumped,validation-0,subject deter|registry_id,True,0.967256486415863,subject deter|registry_id,True,1,0.8983103632926941,0.8453383445739746,0.05297201871871948,P1,validation
subject deter|registry_id,subject deter,registry_id,jumped,validation-1,subject deter|registry_id,True,0.9514095783233643,subject deter|registry_id,True,1,0.921546220779419,0.7261707782745361,0.1953754425048828,P1,validation
subject deter|city_code,subject deter,city_code,snowman,validation-0,subject deter|access_code,False,0.9891502261161804,subject deter|access_code,False,2,0.8558944463729858,0.9816215634346008,-0.125727117061615,P1,validation
subject deter|city_code,subject deter,city_code,snowman,validation-1,subject deter|city_code,True,0.9609929919242859,subject deter|city_code,True,1,0.9449055194854736,0.8657912015914917,0.07911431789398193,P1,validation
subject deter|access_code,subject deter,access_code,after,validation-0,subject deter|access_code,True,0.9795121550559998,subject deter|access_code,True,1,0.9704451560974121,0.8344926834106445,0.13595247268676758,P1,validation
subject deter|access_code,subject deter,access_code,after,validation-1,subject deter|access_code,True,0.9717851877212524,subject deter|access_code,True,1,0.960649847984314,0.8445419669151306,0.11610788106918335,P1,validation
subject excited|registry_id,subject excited,registry_id,tricky,validation-0,subject excited|registry_id,True,0.9816229343414307,subject excited|registry_id,True,1,0.9353036284446716,0.879239559173584,0.056064069271087646,P1,validation
subject excited|registry_id,subject excited,registry_id,tricky,validation-1,subject excited|registry_id,True,0.9455516934394836,subject excited|registry_id,True,1,0.9145578742027283,0.7981263399124146,0.11643153429031372,P1,validation
subject excited|city_code,subject excited,city_code,conqu,validation-0,subject excited|access_code,False,0.986385703086853,subject excited|access_code,False,4,0.8418422937393188,0.9681081771850586,-0.12626588344573975,P1,validation
subject excited|city_code,subject excited,city_code,conqu,validation-1,subject excited|city_code,True,0.9407817721366882,subject excited|city_code,True,1,0.9617120623588562,0.884172797203064,0.07753926515579224,P1,validation
subject excited|access_code,subject excited,access_code,imag,validation-0,subject excited|access_code,True,0.9813368916511536,subject excited|access_code,True,1,0.9525213837623596,0.8867435455322266,0.06577783823013306,P1,validation
subject excited|access_code,subject excited,access_code,imag,validation-1,subject excited|access_code,True,0.9557285904884338,subject excited|access_code,True,1,0.9453389644622803,0.8924188017845154,0.05292016267776489,P1,validation
subject encour|registry_id,subject encour,registry_id,safely,validation-0,subject excited|registry_id,False,0.9035359621047974,subject excited|access_code,False,4,0.768122673034668,0.8065345883369446,-0.03841191530227661,P1,validation
subject encour|registry_id,subject encour,registry_id,safely,validation-1,subject encour|registry_id,True,0.9207484126091003,subject encour|registry_id,True,1,0.8813562989234924,0.7989197969436646,0.08243650197982788,P1,validation
subject encour|city_code,subject encour,city_code,snowf,validation-0,subject encour|access_code,False,0.9486773610115051,subject encour|access_code,False,5,0.824991762638092,0.9450381398200989,-0.12004637718200684,P1,validation
subject encour|city_code,subject encour,city_code,snowf,validation-1,subject encour|city_code,True,0.8955092430114746,subject encour|city_code,True,1,0.8644236922264099,0.8049935102462769,0.05943018198013306,P1,validation
subject encour|access_code,subject encour,access_code,uncover,validation-0,subject encour|access_code,True,0.9480307102203369,subject encour|access_code,True,1,0.9419700503349304,0.8758549094200134,0.06611514091491699,P1,validation
subject encour|access_code,subject encour,access_code,uncover,validation-1,subject clut|access_code,False,0.9303455352783203,subject clut|access_code,False,2,0.8969951868057251,0.9085832834243774,-0.011588096618652344,P1,validation
subject finds|registry_id,subject finds,registry_id,transform,validation-0,subject finds|registry_id,True,0.9668567180633545,subject finds|registry_id,True,1,0.9411383271217346,0.9045894742012024,0.03654885292053223,P1,validation
subject finds|registry_id,subject finds,registry_id,transform,validation-1,subject finds|registry_id,True,0.9826709628105164,subject finds|registry_id,True,1,0.9565490484237671,0.8573027849197388,0.09924626350402832,P1,validation
subject finds|city_code,subject finds,city_code,spirit,validation-0,subject finds|access_code,False,0.9891215562820435,subject finds|access_code,False,2,0.9126114249229431,0.9836077690124512,-0.07099634408950806,P1,validation
subject finds|city_code,subject finds,city_code,spirit,validation-1,subject finds|city_code,True,0.9773107171058655,subject finds|city_code,True,1,0.9879346489906311,0.9198824167251587,0.06805223226547241,P1,validation
subject finds|access_code,subject finds,access_code,door,validation-0,subject finds|access_code,True,0.985783576965332,subject finds|access_code,True,1,0.9734883904457092,0.8842204213142395,0.08926796913146973,P1,validation
subject finds|access_code,subject finds,access_code,door,validation-1,subject finds|access_code,True,0.9903725981712341,subject finds|access_code,True,1,0.9878607988357544,0.9009029865264893,0.08695781230926514,P1,validation
subject skills|registry_id,subject skills,registry_id,seek,validation-0,subject skills|registry_id,True,0.971525251865387,subject skills|registry_id,True,1,0.92413729429245,0.887041449546814,0.037095844745635986,P1,validation
subject skills|registry_id,subject skills,registry_id,seek,validation-1,subject skills|registry_id,True,0.9903548955917358,subject skills|registry_id,True,1,0.9779551029205322,0.8880929350852966,0.0898621678352356,P1,validation
subject skills|city_code,subject skills,city_code,sank,validation-0,subject skills|access_code,False,0.9869107604026794,subject skills|access_code,False,2,0.9029409885406494,0.9801137447357178,-0.07717275619506836,P1,validation
subject skills|city_code,subject skills,city_code,sank,validation-1,subject skills|city_code,True,0.9837204217910767,subject skills|city_code,True,1,0.9823190569877625,0.8927014470100403,0.08961760997772217,P1,validation
subject skills|access_code,subject skills,access_code,whale,validation-0,subject skills|access_code,True,0.9872711896896362,subject skills|access_code,True,1,0.9762967228889465,0.828283429145813,0.14801329374313354,P1,validation
subject skills|access_code,subject skills,access_code,whale,validation-1,subject skills|access_code,True,0.9868201613426208,subject skills|access_code,True,1,0.9845713973045349,0.8967748284339905,0.08779656887054443,P1,validation
subject dawn|registry_id,subject dawn,registry_id,sneak,validation-0,subject dawn|registry_id,True,0.9508004784584045,subject dawn|registry_id,True,1,0.9079559445381165,0.8745293021202087,0.033426642417907715,P1,validation
subject dawn|registry_id,subject dawn,registry_id,sneak,validation-1,subject dawn|registry_id,True,0.9807408452033997,subject dawn|registry_id,True,1,0.9599171280860901,0.8227295279502869,0.13718760013580322,P1,validation
subject dawn|city_code,subject dawn,city_code,shiny,validation-0,subject dawn|access_code,False,0.9797558784484863,subject dawn|access_code,False,4,0.8205658793449402,0.962096631526947,-0.14153075218200684,P1,validation
subject dawn|city_code,subject dawn,city_code,shiny,validation-1,subject dawn|city_code,True,0.9828323125839233,subject dawn|city_code,True,1,0.9725483059883118,0.8900232315063477,0.08252507448196411,P1,validation
subject dawn|access_code,subject dawn,access_code,pretending,validation-0,subject dawn|access_code,True,0.9604983925819397,subject dawn|access_code,True,1,0.9369134902954102,0.8945823311805725,0.042331159114837646,P1,validation
subject dawn|access_code,subject dawn,access_code,pretending,validation-1,subject dawn|access_code,True,0.9838687181472778,subject dawn|access_code,True,1,0.9751434326171875,0.8653979301452637,0.10974550247192383,P1,validation
subject swung|registry_id,subject swung,registry_id,outs,validation-0,subject swung|registry_id,True,0.9637972712516785,subject swung|registry_id,True,1,0.8863894939422607,0.8745025992393494,0.011886894702911377,P1,validation
subject swung|registry_id,subject swung,registry_id,outs,validation-1,subject swung|registry_id,True,0.9693658947944641,subject swung|registry_id,True,1,0.9310526251792908,0.812938392162323,0.11811423301696777,P1,validation
subject swung|city_code,subject swung,city_code,loomed,validation-0,subject swung|access_code,False,0.9789910316467285,subject swung|access_code,False,4,0.814517080783844,0.9631317257881165,-0.14861464500427246,P1,validation
subject swung|city_code,subject swung,city_code,loomed,validation-1,subject swung|city_code,True,0.9790117144584656,subject swung|city_code,True,1,0.970748245716095,0.879084050655365,0.09166419506072998,P1,validation
subject swung|access_code,subject swung,access_code,heavy,validation-0,subject swung|access_code,True,0.9773738384246826,subject swung|access_code,True,1,0.9471734762191772,0.9362004399299622,0.010973036289215088,P1,validation
subject swung|access_code,subject swung,access_code,heavy,validation-1,subject swung|access_code,True,0.9762363433837891,subject swung|access_code,True,1,0.9643291234970093,0.8560770750045776,0.10825204849243164,P1,validation
subject lovely|registry_id,subject lovely,registry_id,swayed,validation-0,subject lovely|registry_id,True,0.9791629910469055,subject lovely|registry_id,True,1,0.9388531446456909,0.8792786002159119,0.05957454442977905,P1,validation
subject lovely|registry_id,subject lovely,registry_id,swayed,validation-1,subject lovely|registry_id,True,0.9780999422073364,subject lovely|registry_id,True,1,0.9607735276222229,0.8322482705116272,0.1285252571105957,P1,validation
subject lovely|city_code,subject lovely,city_code,favorite,validation-0,subject lovely|access_code,False,0.9846622943878174,subject lovely|access_code,False,3,0.8510274291038513,0.9720107316970825,-0.1209833025932312,P1,validation
subject lovely|city_code,subject lovely,city_code,favorite,validation-1,subject lovely|city_code,True,0.9754428863525391,subject lovely|city_code,True,1,0.9809812307357788,0.9056472182273865,0.07533401250839233,P1,validation
subject lovely|access_code,subject lovely,access_code,higher,validation-0,subject lovely|access_code,True,0.9768548607826233,subject lovely|access_code,True,1,0.9553372859954834,0.8909748792648315,0.06436240673065186,P1,validation
subject lovely|access_code,subject lovely,access_code,higher,validation-1,subject lovely|access_code,True,0.9847157001495361,subject lovely|access_code,True,1,0.9727362394332886,0.8818342089653015,0.09090203046798706,P1,validation
subject joked|registry_id,subject joked,registry_id,carved,test-0,subject joked|registry_id,True,0.9817253351211548,subject joked|registry_id,True,1,0.9497126936912537,0.9044623970985413,0.0452502965927124,P1,development
subject joked|registry_id,subject joked,registry_id,carved,test-1,subject joked|city_code,False,0.9662014245986938,subject joked|access_code,False,3,0.8645716309547424,0.9539753794670105,-0.08940374851226807,P1,development
subject joked|registry_id,subject joked,registry_id,carved,test-2,subject joked|registry_id,True,0.9824389815330505,subject joked|registry_id,True,1,0.9580069780349731,0.9133415222167969,0.04466545581817627,P1,development
subject joked|registry_id,subject joked,registry_id,carved,test-3,subject joked|registry_id,True,0.9938012361526489,subject joked|registry_id,True,1,0.9635278582572937,0.8713792562484741,0.09214860200881958,P1,development
subject joked|city_code,subject joked,city_code,prize,test-0,subject joked|access_code,False,0.9858505129814148,subject joked|access_code,False,2,0.9475663304328918,0.9825658202171326,-0.03499948978424072,P1,development
subject joked|city_code,subject joked,city_code,prize,test-1,subject joked|city_code,True,0.9749307632446289,subject joked|access_code,False,2,0.9023995399475098,0.970882773399353,-0.06848323345184326,P1,development
subject joked|city_code,subject joked,city_code,prize,test-2,subject joked|city_code,True,0.9859874844551086,subject joked|access_code,False,2,0.9423882961273193,0.9854511618614197,-0.04306286573410034,P1,development
subject joked|city_code,subject joked,city_code,prize,test-3,subject joked|city_code,True,0.9665117859840393,subject joked|city_code,True,1,0.9405725002288818,0.9183267951011658,0.022245705127716064,P1,development
subject joked|access_code,subject joked,access_code,train,test-0,subject joked|city_code,False,0.9860860109329224,subject joked|access_code,True,1,0.9652332663536072,0.9639478921890259,0.0012853741645812988,P1,development
subject joked|access_code,subject joked,access_code,train,test-1,subject joked|access_code,True,0.9853968024253845,subject joked|access_code,True,1,0.964425265789032,0.9023380875587463,0.062087178230285645,P1,development
subject joked|access_code,subject joked,access_code,train,test-2,subject joked|access_code,True,0.9896596074104309,subject joked|access_code,True,1,0.9864492416381836,0.8843479752540588,0.10210126638412476,P1,development
subject joked|access_code,subject joked,access_code,train,test-3,subject joked|access_code,True,0.9803061485290527,subject joked|access_code,True,1,0.9696260690689087,0.8580152988433838,0.1116107702255249,P1,development
subject clut|registry_id,subject clut,registry_id,guide,test-0,subject clut|registry_id,True,0.9848194718360901,subject clut|registry_id,True,1,0.9542245268821716,0.8841429948806763,0.07008153200149536,P1,development
subject clut|registry_id,subject clut,registry_id,guide,test-1,subject clut|city_code,False,0.9737287759780884,subject clut|access_code,False,3,0.8359788656234741,0.9542373418807983,-0.11825847625732422,P1,development
subject clut|registry_id,subject clut,registry_id,guide,test-2,subject clut|registry_id,True,0.9234189987182617,subject clut|registry_id,True,1,0.8786482214927673,0.8594063520431519,0.01924186944961548,P1,development
subject clut|registry_id,subject clut,registry_id,guide,test-3,subject clut|registry_id,True,0.9879416823387146,subject clut|registry_id,True,1,0.9667593836784363,0.8488370180130005,0.11792236566543579,P1,development
subject clut|city_code,subject clut,city_code,connecting,test-0,subject clut|city_code,True,0.9808316230773926,subject clut|access_code,False,2,0.9331064224243164,0.9736225605010986,-0.04051613807678223,P1,development
subject clut|city_code,subject clut,city_code,connecting,test-1,subject clut|access_code,False,0.9716066122055054,subject clut|access_code,False,2,0.892288327217102,0.965627908706665,-0.07333958148956299,P1,development
subject clut|city_code,subject clut,city_code,connecting,test-2,subject clut|access_code,False,0.9491239190101624,subject clut|access_code,False,4,0.8568120002746582,0.9429870247840881,-0.08617502450942993,P1,development
subject clut|city_code,subject clut,city_code,connecting,test-3,subject clut|city_code,True,0.9655133485794067,subject clut|city_code,True,1,0.9529157280921936,0.919262170791626,0.03365355730056763,P1,development
subject clut|access_code,subject clut,access_code,calm,test-0,subject clut|city_code,False,0.9290140867233276,subject clut|access_code,True,1,0.9151987433433533,0.8729172945022583,0.04228144884109497,P1,development
subject clut|access_code,subject clut,access_code,calm,test-1,subject clut|access_code,True,0.9797823429107666,subject clut|access_code,True,1,0.9654671549797058,0.8532404899597168,0.11222666501998901,P1,development
subject clut|access_code,subject clut,access_code,calm,test-2,subject clut|access_code,True,0.9533384442329407,subject clut|access_code,True,1,0.9385595917701721,0.9117774367332458,0.02678215503692627,P1,development
subject clut|access_code,subject clut,access_code,calm,test-3,subject clut|access_code,True,0.9815159440040588,subject clut|access_code,True,1,0.9801348447799683,0.9041336178779602,0.07600122690200806,P1,development
subject louder|registry_id,subject louder,registry_id,worries,test-0,subject louder|registry_id,True,0.963097333908081,subject louder|registry_id,True,1,0.933977484703064,0.872702419757843,0.06127506494522095,P1,development
subject louder|registry_id,subject louder,registry_id,worries,test-1,subject louder|access_code,False,0.9352619051933289,subject louder|access_code,False,8,0.7605481147766113,0.9059323668479919,-0.14538425207138062,P1,development
subject louder|registry_id,subject louder,registry_id,worries,test-2,subject louder|registry_id,True,0.9658375978469849,subject louder|registry_id,True,1,0.9204866290092468,0.9021756649017334,0.018310964107513428,P1,development
subject louder|registry_id,subject louder,registry_id,worries,test-3,subject louder|registry_id,True,0.973105788230896,subject louder|registry_id,True,1,0.9405079483985901,0.8952028155326843,0.04530513286590576,P1,development
subject louder|city_code,subject louder,city_code,glow,test-0,subject louder|city_code,True,0.9826042652130127,subject louder|access_code,False,2,0.8884395360946655,0.9551540613174438,-0.06671452522277832,P1,development
subject louder|city_code,subject louder,city_code,glow,test-1,subject louder|access_code,False,0.9399043321609497,subject excited|access_code,False,10,0.7640128135681152,0.9101672172546387,-0.14615440368652344,P1,development
subject louder|city_code,subject louder,city_code,glow,test-2,subject louder|city_code,True,0.9856405258178711,subject louder|access_code,False,2,0.9309365749359131,0.983798623085022,-0.05286204814910889,P1,development
subject louder|city_code,subject louder,city_code,glow,test-3,subject louder|city_code,True,0.9145722389221191,subject louder|city_code,True,1,0.8977196216583252,0.8907386064529419,0.006981015205383301,P1,development
subject louder|access_code,subject louder,access_code,glanc,test-0,subject louder|city_code,False,0.977091908454895,subject louder|access_code,True,1,0.9321777820587158,0.9141250848770142,0.01805269718170166,P1,development
subject louder|access_code,subject louder,access_code,glanc,test-1,subject louder|access_code,True,0.952338695526123,subject louder|access_code,True,1,0.9133735299110413,0.9088839292526245,0.004489600658416748,P1,development
subject louder|access_code,subject louder,access_code,glanc,test-2,subject louder|access_code,True,0.9914467334747314,subject louder|access_code,True,1,0.9844885468482971,0.9021626114845276,0.08232593536376953,P1,development
subject louder|access_code,subject louder,access_code,glanc,test-3,subject louder|access_code,True,0.9626758694648743,subject louder|access_code,True,1,0.955211877822876,0.9286540150642395,0.026557862758636475,P1,development
subject deer|registry_id,subject deer,registry_id,beep,test-0,subject deer|registry_id,True,0.9789848327636719,subject deer|registry_id,True,1,0.9343404769897461,0.8433350324630737,0.09100544452667236,P1,development
subject deer|registry_id,subject deer,registry_id,beep,test-1,subject deer|access_code,False,0.929283857345581,subject deer|access_code,False,8,0.7518763542175293,0.9077636003494263,-0.15588724613189697,P1,development
subject deer|registry_id,subject deer,registry_id,beep,test-2,subject deer|registry_id,True,0.9534196257591248,subject deer|registry_id,True,1,0.9160457253456116,0.8718950152397156,0.044150710105895996,P1,development
subject deer|registry_id,subject deer,registry_id,beep,test-3,subject deer|registry_id,True,0.9798077344894409,subject deer|registry_id,True,1,0.9533063173294067,0.7754772305488586,0.1778290867805481,P1,development
subject deer|city_code,subject deer,city_code,students,test-0,subject deer|city_code,True,0.9796933531761169,subject deer|access_code,False,2,0.8893090486526489,0.9697186350822449,-0.08040958642959595,P1,development
subject deer|city_code,subject deer,city_code,students,test-1,subject deer|access_code,False,0.9323315024375916,subject deer|access_code,False,6,0.7662206888198853,0.9065850973129272,-0.140364408493042,P1,development
subject deer|city_code,subject deer,city_code,students,test-2,subject deer|access_code,False,0.9703477621078491,subject deer|access_code,False,2,0.9127172827720642,0.958895206451416,-0.04617792367935181,P1,development
subject deer|city_code,subject deer,city_code,students,test-3,subject deer|city_code,True,0.9659976363182068,subject deer|city_code,True,1,0.9031119346618652,0.8914827704429626,0.011629164218902588,P1,development
subject deer|access_code,subject deer,access_code,bond,test-0,subject deer|city_code,False,0.9469068646430969,subject deer|access_code,True,1,0.9207351207733154,0.9130412936210632,0.007693827152252197,P1,development
subject deer|access_code,subject deer,access_code,bond,test-1,subject deer|access_code,True,0.9373690485954285,subject deer|access_code,True,1,0.8942675590515137,0.8746296763420105,0.019637882709503174,P1,development
subject deer|access_code,subject deer,access_code,bond,test-2,subject deer|access_code,True,0.9765118956565857,subject deer|access_code,True,1,0.9642111659049988,0.8391203284263611,0.1250908374786377,P1,development
subject deer|access_code,subject deer,access_code,bond,test-3,subject deer|access_code,True,0.982974648475647,subject deer|access_code,True,1,0.94806969165802,0.8821720480918884,0.06589764356613159,P1,development
subject sent|registry_id,subject sent,registry_id,butterf,test-0,subject sent|registry_id,True,0.9922692775726318,subject sent|registry_id,True,1,0.9505011439323425,0.8848557472229004,0.06564539670944214,P1,development
subject sent|registry_id,subject sent,registry_id,butterf,test-1,subject sent|access_code,False,0.9520750641822815,subject sent|access_code,False,5,0.8278696537017822,0.9410960078239441,-0.11322635412216187,P1,development
subject sent|registry_id,subject sent,registry_id,butterf,test-2,subject sent|registry_id,True,0.9863135814666748,subject sent|registry_id,True,1,0.9369434118270874,0.9014851450920105,0.035458266735076904,P1,development
subject sent|registry_id,subject sent,registry_id,butterf,test-3,subject sent|registry_id,True,0.9879794120788574,subject sent|registry_id,True,1,0.977615237236023,0.8646615147590637,0.11295372247695923,P1,development
subject sent|city_code,subject sent,city_code,clapped,test-0,subject sent|city_code,True,0.989581823348999,subject sent|access_code,False,2,0.9278920888900757,0.9799391627311707,-0.05204707384109497,P1,development
subject sent|city_code,subject sent,city_code,clapped,test-1,subject sent|access_code,False,0.9539502859115601,subject sent|access_code,False,3,0.8401176333427429,0.9395468235015869,-0.099429190158844,P1,development
subject sent|city_code,subject sent,city_code,clapped,test-2,subject sent|city_code,True,0.9896764159202576,subject sent|access_code,False,2,0.9252588748931885,0.9892995953559875,-0.06404072046279907,P1,development
subject sent|city_code,subject sent,city_code,clapped,test-3,subject sent|city_code,True,0.9819958806037903,subject sent|city_code,True,1,0.9647926688194275,0.9254619479179382,0.03933072090148926,P1,development
subject sent|access_code,subject sent,access_code,breathe,test-0,subject sent|city_code,False,0.9760083556175232,subject sent|access_code,True,1,0.9467881917953491,0.9412529468536377,0.005535244941711426,P1,development
subject sent|access_code,subject sent,access_code,breathe,test-1,subject sent|access_code,True,0.9622999429702759,subject sent|access_code,True,1,0.938011109828949,0.9051373600959778,0.03287374973297119,P1,development
subject sent|access_code,subject sent,access_code,breathe,test-2,subject sent|access_code,True,0.9933883547782898,subject sent|access_code,True,1,0.980457067489624,0.8722214102745056,0.10823565721511841,P1,development
subject sent|access_code,subject sent,access_code,breathe,test-3,subject sent|access_code,True,0.9877519607543945,subject sent|access_code,True,1,0.9828449487686157,0.9001660943031311,0.08267885446548462,P1,development
subject shimmered|registry_id,subject shimmered,registry_id,shining,test-0,subject shimmered|registry_id,True,0.9740227460861206,subject shimmered|registry_id,True,1,0.921929657459259,0.8865721821784973,0.03535747528076172,P1,development
subject shimmered|registry_id,subject shimmered,registry_id,shining,test-1,subject shimmered|city_code,False,0.9701846837997437,subject shimmered|access_code,False,3,0.8989961743354797,0.9525431394577026,-0.0535469651222229,P1,development
subject shimmered|registry_id,subject shimmered,registry_id,shining,test-2,subject shimmered|registry_id,True,0.9847549200057983,subject shimmered|registry_id,True,1,0.9334357380867004,0.9016523957252502,0.031783342361450195,P1,development
subject shimmered|registry_id,subject shimmered,registry_id,shining,test-3,subject shimmered|registry_id,True,0.9824326634407043,subject shimmered|registry_id,True,1,0.9629213809967041,0.8451315760612488,0.11778980493545532,P1,development
subject shimmered|city_code,subject shimmered,city_code,house,test-0,subject shimmered|access_code,False,0.9812521934509277,subject shimmered|access_code,False,2,0.9035663604736328,0.9739383459091187,-0.07037198543548584,P1,development
subject shimmered|city_code,subject shimmered,city_code,house,test-1,subject shimmered|access_code,False,0.9757533073425293,subject shimmered|access_code,False,2,0.9182071089744568,0.9656156301498413,-0.04740852117538452,P1,development
subject shimmered|city_code,subject shimmered,city_code,house,test-2,subject shimmered|access_code,False,0.9848829507827759,subject shimmered|access_code,False,2,0.9168829917907715,0.9835218787193298,-0.06663888692855835,P1,development
subject shimmered|city_code,subject shimmered,city_code,house,test-3,subject shimmered|city_code,True,0.9654597640037537,subject shimmered|access_code,False,2,0.934195876121521,0.9409195780754089,-0.0067237019538879395,P1,development
subject shimmered|access_code,subject shimmered,access_code,inno,test-0,subject shimmered|city_code,False,0.9442053437232971,subject shimmered|access_code,True,1,0.9330198764801025,0.8748780488967896,0.05814182758331299,P1,development
subject shimmered|access_code,subject shimmered,access_code,inno,test-1,subject shimmered|access_code,True,0.9850936532020569,subject shimmered|access_code,True,1,0.9735034704208374,0.909221351146698,0.0642821192741394,P1,development
subject shimmered|access_code,subject shimmered,access_code,inno,test-2,subject shimmered|access_code,True,0.9883807897567749,subject shimmered|access_code,True,1,0.9759724140167236,0.8834224343299866,0.09254997968673706,P1,development
subject shimmered|access_code,subject shimmered,access_code,inno,test-3,subject shimmered|access_code,True,0.981992244720459,subject shimmered|access_code,True,1,0.9662925601005554,0.8638705611228943,0.10242199897766113,P1,development
subject solved|registry_id,subject solved,registry_id,bottle,test-0,subject solved|registry_id,True,0.9697498679161072,subject solved|registry_id,True,1,0.9593509435653687,0.8964655995368958,0.0628853440284729,P1,development
subject solved|registry_id,subject solved,registry_id,bottle,test-1,subject excited|access_code,False,0.8913000822067261,subject excited|access_code,False,9,0.7152416706085205,0.8647485375404358,-0.14950686693191528,P1,development
subject solved|registry_id,subject solved,registry_id,bottle,test-2,subject solved|registry_id,True,0.976489245891571,subject solved|registry_id,True,1,0.9622665643692017,0.90195232629776,0.06031423807144165,P1,development
subject solved|registry_id,subject solved,registry_id,bottle,test-3,subject solved|registry_id,True,0.9757218956947327,subject solved|registry_id,True,1,0.9699031710624695,0.862148106098175,0.10775506496429443,P1,development
subject solved|city_code,subject solved,city_code,gloom,test-0,subject solved|access_code,False,0.9820489883422852,subject solved|access_code,False,2,0.9492415189743042,0.9802713394165039,-0.031029820442199707,P1,development
subject solved|city_code,subject solved,city_code,gloom,test-1,subject excited|access_code,False,0.9313812851905823,subject excited|access_code,False,10,0.7495100498199463,0.9114966988563538,-0.16198664903640747,P1,development
subject solved|city_code,subject solved,city_code,gloom,test-2,subject solved|access_code,False,0.9890905022621155,subject solved|access_code,False,2,0.933752715587616,0.9896646738052368,-0.05591195821762085,P1,development
subject solved|city_code,subject solved,city_code,gloom,test-3,subject solved|city_code,True,0.9730716943740845,subject solved|city_code,True,1,0.9605284929275513,0.9292519688606262,0.03127652406692505,P1,development
subject solved|access_code,subject solved,access_code,huge,test-0,subject solved|city_code,False,0.9861174821853638,subject solved|city_code,False,2,0.958603024482727,0.9692914485931396,-0.010688424110412598,P1,development
subject solved|access_code,subject solved,access_code,huge,test-1,subject solved|access_code,True,0.9440053701400757,subject excited|access_code,False,2,0.9048869609832764,0.9161441922187805,-0.01125723123550415,P1,development
subject solved|access_code,subject solved,access_code,huge,test-2,subject solved|access_code,True,0.9897706508636475,subject solved|access_code,True,1,0.9896793365478516,0.8882481455802917,0.10143119096755981,P1,development
subject solved|access_code,subject solved,access_code,huge,test-3,subject solved|access_code,True,0.9836856722831726,subject solved|access_code,True,1,0.9823113083839417,0.8881391882896423,0.09417212009429932,P1,development
subject swim|registry_id,subject swim,registry_id,whatever,test-0,subject swim|registry_id,True,0.9768112301826477,subject swim|registry_id,True,1,0.9389143586158752,0.8722792267799377,0.0666351318359375,P1,development
subject swim|registry_id,subject swim,registry_id,whatever,test-1,subject swim|access_code,False,0.9112177491188049,subject excited|access_code,False,12,0.7020172476768494,0.8725730180740356,-0.17055577039718628,P1,development
subject swim|registry_id,subject swim,registry_id,whatever,test-2,subject swim|registry_id,True,0.9728670120239258,subject swim|registry_id,True,1,0.9286397099494934,0.8786502480506897,0.04998946189880371,P1,development
subject swim|registry_id,subject swim,registry_id,whatever,test-3,subject swim|registry_id,True,0.9827345013618469,subject swim|registry_id,True,1,0.9694181680679321,0.8229519128799438,0.14646625518798828,P1,development
subject swim|city_code,subject swim,city_code,arms,test-0,subject swim|access_code,False,0.9662256836891174,subject swim|access_code,False,2,0.8416867256164551,0.9493934512138367,-0.10770672559738159,P1,development
subject swim|city_code,subject swim,city_code,arms,test-1,subject lovely|access_code,False,0.926516056060791,subject lovely|access_code,False,12,0.7074620723724365,0.8976374864578247,-0.19017541408538818,P1,development
subject swim|city_code,subject swim,city_code,arms,test-2,subject swim|access_code,False,0.9817553162574768,subject swim|access_code,False,2,0.9167811870574951,0.9816663861274719,-0.0648851990699768,P1,development
subject swim|city_code,subject swim,city_code,arms,test-3,subject swim|city_code,True,0.9438222050666809,subject swim|city_code,True,1,0.9047837853431702,0.8812564015388489,0.02352738380432129,P1,development
subject swim|access_code,subject swim,access_code,gems,test-0,subject swim|access_code,True,0.915903627872467,subject swim|access_code,True,1,0.8594430685043335,0.8400716781616211,0.019371390342712402,P1,development
subject swim|access_code,subject swim,access_code,gems,test-1,subject excited|access_code,False,0.9572761058807373,subject excited|access_code,False,4,0.8536788821220398,0.9246254563331604,-0.0709465742111206,P1,development
subject swim|access_code,subject swim,access_code,gems,test-2,subject swim|access_code,True,0.9863666296005249,subject swim|access_code,True,1,0.9769310355186462,0.8456359505653381,0.1312950849533081,P1,development
subject swim|access_code,subject swim,access_code,gems,test-3,subject swim|access_code,True,0.9832044839859009,subject swim|access_code,True,1,0.9634448885917664,0.8596336841583252,0.10381120443344116,P1,development
subject deter|registry_id,subject deter,registry_id,jumped,test-0,subject deter|registry_id,True,0.9722349643707275,subject deter|registry_id,True,1,0.9128076434135437,0.8269255757331848,0.08588206768035889,P1,development
subject deter|registry_id,subject deter,registry_id,jumped,test-1,subject finds|access_code,False,0.9541243314743042,subject finds|access_code,False,16,0.6847714185714722,0.9131848812103271,-0.22841346263885498,P1,development
subject deter|registry_id,subject deter,registry_id,jumped,test-2,subject deter|registry_id,True,0.978807270526886,subject deter|registry_id,True,1,0.9144079685211182,0.8837892413139343,0.030618727207183838,P1,development
subject deter|registry_id,subject deter,registry_id,jumped,test-3,subject deter|registry_id,True,0.9838559627532959,subject deter|registry_id,True,1,0.9711320400238037,0.7676655650138855,0.2034664750099182,P1,development
subject deter|city_code,subject deter,city_code,snowman,test-0,subject deter|city_code,True,0.9764455556869507,subject deter|access_code,False,2,0.8948290944099426,0.9517638683319092,-0.05693477392196655,P1,development
subject deter|city_code,subject deter,city_code,snowman,test-1,subject finds|access_code,False,0.9518091678619385,subject finds|access_code,False,8,0.7703321576118469,0.9275686144828796,-0.15723645687103271,P1,development
subject deter|city_code,subject deter,city_code,snowman,test-2,subject deter|access_code,False,0.9883303642272949,subject deter|access_code,False,2,0.8910484910011292,0.9863929152488708,-0.0953444242477417,P1,development
subject deter|city_code,subject deter,city_code,snowman,test-3,subject deter|city_code,True,0.9467090964317322,subject deter|city_code,True,1,0.9200483560562134,0.8947734236717224,0.025274932384490967,P1,development
subject deter|access_code,subject deter,access_code,after,test-0,subject deter|city_code,False,0.9581409692764282,subject deter|access_code,True,1,0.9282868504524231,0.8855868577957153,0.042699992656707764,P1,development
subject deter|access_code,subject deter,access_code,after,test-1,subject finds|access_code,False,0.9538017511367798,subject deter|access_code,True,1,0.9302822351455688,0.9195852279663086,0.010697007179260254,P1,development
subject deter|access_code,subject deter,access_code,after,test-2,subject deter|access_code,True,0.9926992654800415,subject deter|access_code,True,1,0.9842952489852905,0.8915743231773376,0.09272092580795288,P1,development
subject deter|access_code,subject deter,access_code,after,test-3,subject deter|access_code,True,0.9766712784767151,subject deter|access_code,True,1,0.9711387753486633,0.8314361572265625,0.13970261812210083,P1,development
subject excited|registry_id,subject excited,registry_id,tricky,test-0,subject excited|registry_id,True,0.9815284013748169,subject excited|registry_id,True,1,0.9224264025688171,0.8767427206039429,0.04568368196487427,P1,development
subject excited|registry_id,subject excited,registry_id,tricky,test-1,subject excited|city_code,False,0.9743813872337341,subject excited|access_code,False,3,0.9086751341819763,0.9576196670532227,-0.04894453287124634,P1,development
subject excited|registry_id,subject excited,registry_id,tricky,test-2,subject excited|registry_id,True,0.9858579635620117,subject excited|registry_id,True,1,0.9468205571174622,0.9014657735824585,0.04535478353500366,P1,development
subject excited|registry_id,subject excited,registry_id,tricky,test-3,subject excited|registry_id,True,0.960968017578125,subject excited|registry_id,True,1,0.943303108215332,0.818773090839386,0.12453001737594604,P1,development
subject excited|city_code,subject excited,city_code,conqu,test-0,subject excited|city_code,True,0.9934905767440796,subject excited|access_code,False,2,0.9253872036933899,0.9737599492073059,-0.048372745513916016,P1,development
subject excited|city_code,subject excited,city_code,conqu,test-1,subject excited|city_code,True,0.985360860824585,subject excited|access_code,False,2,0.9484657645225525,0.9769793152809143,-0.028513550758361816,P1,development
subject excited|city_code,subject excited,city_code,conqu,test-2,subject excited|city_code,True,0.990653932094574,subject excited|access_code,False,2,0.9381351470947266,0.982401967048645,-0.04426681995391846,P1,development
subject excited|city_code,subject excited,city_code,conqu,test-3,subject excited|city_code,True,0.9637441635131836,subject excited|access_code,False,2,0.8948773145675659,0.9272357225418091,-0.032358407974243164,P1,development
subject excited|access_code,subject excited,access_code,imag,test-0,subject excited|city_code,False,0.9601434469223022,subject excited|access_code,True,1,0.9258192777633667,0.9011669754981995,0.024652302265167236,P1,development
subject excited|access_code,subject excited,access_code,imag,test-1,subject excited|access_code,True,0.9863355755805969,subject excited|access_code,True,1,0.9895690679550171,0.9003618359565735,0.0892072319984436,P1,development
subject excited|access_code,subject excited,access_code,imag,test-2,subject excited|access_code,True,0.9938962459564209,subject excited|access_code,True,1,0.9890277981758118,0.8712049722671509,0.11782282590866089,P1,development
subject excited|access_code,subject excited,access_code,imag,test-3,subject excited|access_code,True,0.9817928075790405,subject excited|access_code,True,1,0.9614140391349792,0.859711766242981,0.10170227289199829,P1,development
subject encour|registry_id,subject encour,registry_id,safely,test-0,subject encour|registry_id,True,0.965530514717102,subject encour|registry_id,True,1,0.9264639019966125,0.8458748459815979,0.08058905601501465,P1,development
subject encour|registry_id,subject encour,registry_id,safely,test-1,subject encour|access_code,False,0.8959186673164368,subject excited|access_code,False,7,0.7270308136940002,0.8453022241592407,-0.11827141046524048,P1,development
subject encour|registry_id,subject encour,registry_id,safely,test-2,subject encour|registry_id,True,0.952530562877655,subject encour|registry_id,True,1,0.881108820438385,0.8631182909011841,0.017990529537200928,P1,development
subject encour|registry_id,subject encour,registry_id,safely,test-3,subject encour|registry_id,True,0.9524070024490356,subject encour|registry_id,True,1,0.89866703748703,0.7919327020645142,0.10673433542251587,P1,development
subject encour|city_code,subject encour,city_code,snowf,test-0,subject louder|city_code,False,0.9162374138832092,subject finds|access_code,False,11,0.7410148978233337,0.8626446723937988,-0.12162977457046509,P1,development
subject encour|city_code,subject encour,city_code,snowf,test-1,subject excited|access_code,False,0.9200950264930725,subject excited|access_code,False,12,0.7008727192878723,0.8978341221809387,-0.1969614028930664,P1,development
subject encour|city_code,subject encour,city_code,snowf,test-2,subject encour|city_code,True,0.9591364860534668,subject louder|access_code,False,3,0.875535249710083,0.945463240146637,-0.06992799043655396,P1,development
subject encour|city_code,subject encour,city_code,snowf,test-3,subject encour|city_code,True,0.9204953908920288,subject encour|city_code,True,1,0.897728681564331,0.874991774559021,0.02273690700531006,P1,development
subject encour|access_code,subject encour,access_code,uncover,test-0,subject encour|access_code,True,0.9281525611877441,subject encour|access_code,True,1,0.9044754505157471,0.8885738849639893,0.015901565551757812,P1,development
subject encour|access_code,subject encour,access_code,uncover,test-1,subject excited|access_code,False,0.9306257963180542,subject excited|access_code,False,2,0.8939073085784912,0.9059858322143555,-0.012078523635864258,P1,development
subject encour|access_code,subject encour,access_code,uncover,test-2,subject encour|access_code,True,0.9774636030197144,subject encour|access_code,True,1,0.9622999429702759,0.9414764046669006,0.020823538303375244,P1,development
subject encour|access_code,subject encour,access_code,uncover,test-3,subject encour|access_code,True,0.9583616256713867,subject encour|access_code,True,1,0.9454578757286072,0.8544453382492065,0.09101253747940063,P1,development
subject finds|registry_id,subject finds,registry_id,transform,test-0,subject finds|registry_id,True,0.9806853532791138,subject finds|registry_id,True,1,0.9451425671577454,0.9122293591499329,0.0329132080078125,P1,development
subject finds|registry_id,subject finds,registry_id,transform,test-1,subject finds|city_code,False,0.9663417935371399,subject finds|access_code,False,4,0.8716416358947754,0.9427141547203064,-0.071072518825531,P1,development
subject finds|registry_id,subject finds,registry_id,transform,test-2,subject finds|registry_id,True,0.9858577847480774,subject finds|registry_id,True,1,0.9600039124488831,0.9189585447311401,0.04104536771774292,P1,development
subject finds|registry_id,subject finds,registry_id,transform,test-3,subject finds|registry_id,True,0.9579306840896606,subject finds|registry_id,True,1,0.915930449962616,0.8124423027038574,0.10348814725875854,P1,development
subject finds|city_code,subject finds,city_code,spirit,test-0,subject finds|city_code,True,0.9867178201675415,subject finds|access_code,False,2,0.9623078107833862,0.9765698909759521,-0.014262080192565918,P1,development
subject finds|city_code,subject finds,city_code,spirit,test-1,subject finds|city_code,True,0.9783174991607666,subject finds|access_code,False,2,0.9163251519203186,0.9665967226028442,-0.050271570682525635,P1,development
subject finds|city_code,subject finds,city_code,spirit,test-2,subject finds|city_code,True,0.989778995513916,subject finds|access_code,False,2,0.9613720774650574,0.9824875593185425,-0.021115481853485107,P1,development
subject finds|city_code,subject finds,city_code,spirit,test-3,subject finds|city_code,True,0.9723625779151917,subject finds|city_code,True,1,0.9515937566757202,0.9270585179328918,0.02453523874282837,P1,development
subject finds|access_code,subject finds,access_code,door,test-0,subject finds|access_code,True,0.9707126021385193,subject finds|access_code,True,1,0.9628241658210754,0.9348723888397217,0.02795177698135376,P1,development
subject finds|access_code,subject finds,access_code,door,test-1,subject solved|access_code,False,0.9486530423164368,subject excited|access_code,False,3,0.8775156736373901,0.9247486591339111,-0.047232985496520996,P1,development
subject finds|access_code,subject finds,access_code,door,test-2,subject finds|access_code,True,0.9954386353492737,subject finds|access_code,True,1,0.9916151165962219,0.9072749018669128,0.08434021472930908,P1,development
subject finds|access_code,subject finds,access_code,door,test-3,subject finds|access_code,True,0.984645426273346,subject finds|access_code,True,1,0.9764946103096008,0.8897486925125122,0.08674591779708862,P1,development
subject skills|registry_id,subject skills,registry_id,seek,test-0,subject skills|registry_id,True,0.9921513795852661,subject skills|registry_id,True,1,0.9718083143234253,0.8900645971298218,0.08174371719360352,P1,development
subject skills|registry_id,subject skills,registry_id,seek,test-1,subject skills|access_code,False,0.9543499946594238,subject skills|access_code,False,5,0.7835361361503601,0.9320585131645203,-0.14852237701416016,P1,development
subject skills|registry_id,subject skills,registry_id,seek,test-2,subject skills|registry_id,True,0.980313241481781,subject skills|registry_id,True,1,0.9460443258285522,0.8939389586448669,0.0521053671836853,P1,development
subject skills|registry_id,subject skills,registry_id,seek,test-3,subject skills|registry_id,True,0.9870392084121704,subject skills|registry_id,True,1,0.9774453639984131,0.8482463955879211,0.12919896841049194,P1,development
subject skills|city_code,subject skills,city_code,sank,test-0,subject skills|city_code,True,0.9802966117858887,subject skills|access_code,False,2,0.9256483912467957,0.9688480496406555,-0.04319965839385986,P1,development
subject skills|city_code,subject skills,city_code,sank,test-1,subject skills|access_code,False,0.9679794311523438,subject skills|access_code,False,4,0.7987135052680969,0.9448343515396118,-0.1461208462715149,P1,development
subject skills|city_code,subject skills,city_code,sank,test-2,subject skills|city_code,True,0.9823062419891357,subject skills|access_code,False,2,0.9271782040596008,0.9836033582687378,-0.05642515420913696,P1,development
subject skills|city_code,subject skills,city_code,sank,test-3,subject skills|city_code,True,0.9754049777984619,subject skills|city_code,True,1,0.9584664106369019,0.938644528388977,0.019821882247924805,P1,development
subject skills|access_code,subject skills,access_code,whale,test-0,subject skills|city_code,False,0.9692171812057495,subject skills|access_code,True,1,0.9477956295013428,0.9347144365310669,0.013081192970275879,P1,development
subject skills|access_code,subject skills,access_code,whale,test-1,subject skills|access_code,True,0.9463241100311279,subject skills|access_code,True,1,0.903580904006958,0.8875756859779358,0.016005218029022217,P1,development
subject skills|access_code,subject skills,access_code,whale,test-2,subject skills|access_code,True,0.9886045455932617,subject skills|access_code,True,1,0.9791518449783325,0.8380424976348877,0.14110934734344482,P1,development
subject skills|access_code,subject skills,access_code,whale,test-3,subject skills|access_code,True,0.984025776386261,subject skills|access_code,True,1,0.975502073764801,0.8847700953483582,0.09073197841644287,P1,development
subject dawn|registry_id,subject dawn,registry_id,sneak,test-0,subject dawn|registry_id,True,0.975296676158905,subject dawn|registry_id,True,1,0.9238879680633545,0.8617359399795532,0.06215202808380127,P1,development
subject dawn|registry_id,subject dawn,registry_id,sneak,test-1,subject dawn|access_code,False,0.9478583931922913,subject dawn|access_code,False,3,0.8363029360771179,0.9304044246673584,-0.09410148859024048,P1,development
subject dawn|registry_id,subject dawn,registry_id,sneak,test-2,subject dawn|registry_id,True,0.9537763595581055,subject dawn|registry_id,True,1,0.9063464999198914,0.8974971771240234,0.00884932279586792,P1,development
subject dawn|registry_id,subject dawn,registry_id,sneak,test-3,subject dawn|registry_id,True,0.9763643145561218,subject dawn|registry_id,True,1,0.974275529384613,0.8190290927886963,0.15524643659591675,P1,development
subject dawn|city_code,subject dawn,city_code,shiny,test-0,subject dawn|access_code,False,0.9624927043914795,subject dawn|access_code,False,4,0.8292948007583618,0.9502442479133606,-0.12094944715499878,P1,development
subject dawn|city_code,subject dawn,city_code,shiny,test-1,subject dawn|access_code,False,0.9638675451278687,subject dawn|access_code,False,3,0.8388025164604187,0.9474884867668152,-0.10868597030639648,P1,development
subject dawn|city_code,subject dawn,city_code,shiny,test-2,subject dawn|access_code,False,0.9796958565711975,subject dawn|access_code,False,2,0.8813152313232422,0.9795449376106262,-0.09822970628738403,P1,development
subject dawn|city_code,subject dawn,city_code,shiny,test-3,subject dawn|city_code,True,0.9383569359779358,subject dawn|access_code,False,2,0.8864494562149048,0.9115081429481506,-0.02505868673324585,P1,development
subject dawn|access_code,subject dawn,access_code,pretending,test-0,subject dawn|access_code,True,0.9256481528282166,subject dawn|access_code,True,1,0.902290940284729,0.8594774603843689,0.04281347990036011,P1,development
subject dawn|access_code,subject dawn,access_code,pretending,test-1,subject dawn|access_code,True,0.9667490124702454,subject dawn|access_code,True,1,0.9422666430473328,0.8965139985084534,0.045752644538879395,P1,development
subject dawn|access_code,subject dawn,access_code,pretending,test-2,subject dawn|access_code,True,0.9821805357933044,subject dawn|access_code,True,1,0.9663931131362915,0.8688146471977234,0.09757846593856812,P1,development
subject dawn|access_code,subject dawn,access_code,pretending,test-3,subject dawn|access_code,True,0.9751759171485901,subject dawn|access_code,True,1,0.9540193676948547,0.8478106260299683,0.10620874166488647,P1,development
subject swung|registry_id,subject swung,registry_id,outs,test-0,subject swung|registry_id,True,0.9858558177947998,subject swung|registry_id,True,1,0.9125012159347534,0.8507311344146729,0.061770081520080566,P1,development
subject swung|registry_id,subject swung,registry_id,outs,test-1,subject swung|access_code,False,0.9320648908615112,subject swung|access_code,False,5,0.7701055407524109,0.9086735248565674,-0.1385679841041565,P1,development
subject swung|registry_id,subject swung,registry_id,outs,test-2,subject swung|registry_id,True,0.9700648784637451,subject swung|registry_id,True,1,0.9137661457061768,0.889218270778656,0.024547874927520752,P1,development
subject swung|registry_id,subject swung,registry_id,outs,test-3,subject swung|registry_id,True,0.9765446186065674,subject swung|registry_id,True,1,0.9621708393096924,0.839590311050415,0.12258052825927734,P1,development
subject swung|city_code,subject swung,city_code,loomed,test-0,subject swung|city_code,True,0.9499392509460449,subject swung|access_code,False,4,0.8435353636741638,0.9390550851821899,-0.09551972150802612,P1,development
subject swung|city_code,subject swung,city_code,loomed,test-1,subject swung|access_code,False,0.9644643068313599,subject swung|access_code,False,5,0.8008600473403931,0.9478368163108826,-0.1469767689704895,P1,development
subject swung|city_code,subject swung,city_code,loomed,test-2,subject swung|city_code,True,0.9797554016113281,subject swung|access_code,False,2,0.8890739679336548,0.9803380966186523,-0.09126412868499756,P1,development
subject swung|city_code,subject swung,city_code,loomed,test-3,subject swung|city_code,True,0.9416059255599976,subject swung|access_code,False,2,0.8756347894668579,0.9061996340751648,-0.030564844608306885,P1,development
subject swung|access_code,subject swung,access_code,heavy,test-0,subject deter|access_code,False,0.946378231048584,subject deter|access_code,False,2,0.91100013256073,0.9292975068092346,-0.01829737424850464,P1,development
subject swung|access_code,subject swung,access_code,heavy,test-1,subject swung|access_code,True,0.9667934775352478,subject swung|access_code,True,1,0.9428966045379639,0.8879002332687378,0.054996371269226074,P1,development
subject swung|access_code,subject swung,access_code,heavy,test-2,subject swung|access_code,True,0.9844193458557129,subject swung|access_code,True,1,0.9762285351753235,0.9111272692680359,0.0651012659072876,P1,development
subject swung|access_code,subject swung,access_code,heavy,test-3,subject swung|access_code,True,0.9790693521499634,subject swung|access_code,True,1,0.9573522210121155,0.9316794276237488,0.0256727933883667,P1,development
subject lovely|registry_id,subject lovely,registry_id,swayed,test-0,subject lovely|registry_id,True,0.9738138318061829,subject lovely|registry_id,True,1,0.9198021292686462,0.8607773184776306,0.059024810791015625,P1,development
subject lovely|registry_id,subject lovely,registry_id,swayed,test-1,subject lovely|city_code,False,0.9672647714614868,subject lovely|access_code,False,3,0.8824291825294495,0.949470043182373,-0.06704086065292358,P1,development
subject lovely|registry_id,subject lovely,registry_id,swayed,test-2,subject lovely|registry_id,True,0.9660773277282715,subject lovely|registry_id,True,1,0.9174952507019043,0.9029122591018677,0.014582991600036621,P1,development
subject lovely|registry_id,subject lovely,registry_id,swayed,test-3,subject lovely|registry_id,True,0.9857121706008911,subject lovely|registry_id,True,1,0.97316974401474,0.8374325037002563,0.13573724031448364,P1,development
subject lovely|city_code,subject lovely,city_code,favorite,test-0,subject lovely|city_code,True,0.9838231801986694,subject lovely|access_code,False,2,0.9205749034881592,0.9704603552818298,-0.049885451793670654,P1,development
subject lovely|city_code,subject lovely,city_code,favorite,test-1,subject lovely|city_code,True,0.9815363883972168,subject lovely|access_code,False,2,0.917965829372406,0.9717347025871277,-0.05376887321472168,P1,development
subject lovely|city_code,subject lovely,city_code,favorite,test-2,subject lovely|city_code,True,0.9797595739364624,subject lovely|access_code,False,2,0.9254006743431091,0.973764181137085,-0.04836350679397583,P1,development
subject lovely|city_code,subject lovely,city_code,favorite,test-3,subject lovely|city_code,True,0.9626321196556091,subject lovely|city_code,True,1,0.9198687076568604,0.919262170791626,0.000606536865234375,P1,development
subject lovely|access_code,subject lovely,access_code,higher,test-0,subject lovely|access_code,True,0.9526956081390381,subject lovely|access_code,True,1,0.9378054738044739,0.88480144739151,0.05300402641296387,P1,development
subject lovely|access_code,subject lovely,access_code,higher,test-1,subject lovely|access_code,True,0.9846144318580627,subject lovely|access_code,True,1,0.975826621055603,0.9034910202026367,0.07233560085296631,P1,development
subject lovely|access_code,subject lovely,access_code,higher,test-2,subject lovely|access_code,True,0.9883996844291687,subject lovely|access_code,True,1,0.9762609004974365,0.8940547108650208,0.08220618963241577,P1,development
subject lovely|access_code,subject lovely,access_code,higher,test-3,subject lovely|access_code,True,0.9790482521057129,subject lovely|access_code,True,1,0.964970588684082,0.8696260452270508,0.09534454345703125,P1,development
subject joked|registry_id,subject joked,registry_id,carved,validation-0,subject joked|registry_id,True,0.9691476225852966,subject joked|registry_id,True,1,0.9627505540847778,0.6735042929649353,0.28924626111984253,P2,validation
subject joked|registry_id,subject joked,registry_id,carved,validation-1,subject joked|registry_id,True,0.9833371639251709,subject joked|registry_id,True,1,0.9807391166687012,0.7281981706619263,0.2525409460067749,P2,validation
subject joked|city_code,subject joked,city_code,prize,validation-0,subject joked|access_code,False,0.9289369583129883,subject joked|access_code,False,4,0.5541884303092957,0.9141478538513184,-0.3599594235420227,P2,validation
subject joked|city_code,subject joked,city_code,prize,validation-1,subject joked|city_code,True,0.9822976589202881,subject joked|city_code,True,1,0.9844397306442261,0.6499614119529724,0.33447831869125366,P2,validation
subject joked|access_code,subject joked,access_code,train,validation-0,subject joked|access_code,True,0.8956168293952942,subject joked|access_code,True,1,0.8869596123695374,0.6832802891731262,0.20367932319641113,P2,validation
subject joked|access_code,subject joked,access_code,train,validation-1,subject joked|access_code,True,0.9643105268478394,subject joked|access_code,True,1,0.9572864174842834,0.7147023677825928,0.24258404970169067,P2,validation
subject clut|registry_id,subject clut,registry_id,guide,validation-0,subject clut|registry_id,True,0.9660446643829346,subject clut|registry_id,True,1,0.9613978862762451,0.7643284797668457,0.19706940650939941,P2,validation
subject clut|registry_id,subject clut,registry_id,guide,validation-1,subject clut|registry_id,True,0.9847562313079834,subject clut|registry_id,True,1,0.985167920589447,0.7619863748550415,0.22318154573440552,P2,validation
subject clut|city_code,subject clut,city_code,connecting,validation-0,subject clut|access_code,False,0.9419493675231934,subject clut|access_code,False,4,0.6055236458778381,0.939131498336792,-0.33360785245895386,P2,validation
subject clut|city_code,subject clut,city_code,connecting,validation-1,subject clut|city_code,True,0.985172688961029,subject clut|city_code,True,1,0.9804034233093262,0.642702043056488,0.33770138025283813,P2,validation
subject clut|access_code,subject clut,access_code,calm,validation-0,subject clut|access_code,True,0.9464630484580994,subject clut|access_code,True,1,0.9463961124420166,0.7639351487159729,0.1824609637260437,P2,validation
subject clut|access_code,subject clut,access_code,calm,validation-1,subject clut|access_code,True,0.975013792514801,subject clut|access_code,True,1,0.951026439666748,0.7574776411056519,0.1935487985610962,P2,validation
subject louder|registry_id,subject louder,registry_id,worries,validation-0,subject louder|registry_id,True,0.9384217262268066,subject louder|registry_id,True,1,0.9227065443992615,0.8212370276451111,0.10146951675415039,P2,validation
subject louder|registry_id,subject louder,registry_id,worries,validation-1,subject louder|registry_id,True,0.9696102738380432,subject louder|registry_id,True,1,0.966910719871521,0.7736113667488098,0.19329935312271118,P2,validation
subject louder|city_code,subject louder,city_code,glow,validation-0,subject louder|access_code,False,0.868529200553894,subject louder|access_code,False,7,0.453493595123291,0.8600073456764221,-0.4065137505531311,P2,validation
subject louder|city_code,subject louder,city_code,glow,validation-1,subject louder|city_code,True,0.971049964427948,subject louder|city_code,True,1,0.9687536954879761,0.8243988156318665,0.14435487985610962,P2,validation
subject louder|access_code,subject louder,access_code,glanc,validation-0,subject louder|access_code,True,0.870430052280426,subject louder|access_code,True,1,0.855212390422821,0.849359393119812,0.005852997303009033,P2,validation
subject louder|access_code,subject louder,access_code,glanc,validation-1,subject louder|access_code,True,0.9193808436393738,subject louder|access_code,True,1,0.9183322191238403,0.6902036070823669,0.2281286120414734,P2,validation
subject deer|registry_id,subject deer,registry_id,beep,validation-0,subject deer|registry_id,True,0.9670107960700989,subject deer|registry_id,True,1,0.9620965719223022,0.7252035140991211,0.23689305782318115,P2,validation
subject deer|registry_id,subject deer,registry_id,beep,validation-1,subject deer|registry_id,True,0.8814627528190613,subject deer|registry_id,True,1,0.8539552688598633,0.7981714010238647,0.055783867835998535,P2,validation
subject deer|city_code,subject deer,city_code,students,validation-0,subject deer|access_code,False,0.9410107135772705,subject deer|access_code,False,8,0.4990646541118622,0.8738376498222351,-0.3747729957103729,P2,validation
subject deer|city_code,subject deer,city_code,students,validation-1,subject deer|city_code,True,0.8226211667060852,subject deer|city_code,True,1,0.8087255358695984,0.7689274549484253,0.039798080921173096,P2,validation
subject deer|access_code,subject deer,access_code,bond,validation-0,subject deer|access_code,True,0.9115108251571655,subject deer|access_code,True,1,0.8672613501548767,0.783616840839386,0.08364450931549072,P2,validation
subject deer|access_code,subject deer,access_code,bond,validation-1,subject deer|access_code,True,0.8207211494445801,subject deer|access_code,True,1,0.7648929953575134,0.6433627009391785,0.12153029441833496,P2,validation
subject sent|registry_id,subject sent,registry_id,butterf,validation-0,subject sent|registry_id,True,0.9726548790931702,subject sent|registry_id,True,1,0.9725031852722168,0.8500702381134033,0.12243294715881348,P2,validation
subject sent|registry_id,subject sent,registry_id,butterf,validation-1,subject sent|registry_id,True,0.9761160016059875,subject sent|registry_id,True,1,0.9707921743392944,0.8410213589668274,0.12977081537246704,P2,validation
subject sent|city_code,subject sent,city_code,clapped,validation-0,subject sent|access_code,False,0.9335806369781494,subject sent|access_code,False,5,0.585361897945404,0.9209773540496826,-0.33561545610427856,P2,validation
subject sent|city_code,subject sent,city_code,clapped,validation-1,subject sent|city_code,True,0.9703836441040039,subject sent|city_code,True,1,0.9639856815338135,0.7348783016204834,0.22910737991333008,P2,validation
subject sent|access_code,subject sent,access_code,breathe,validation-0,subject sent|access_code,True,0.9393290281295776,subject sent|access_code,True,1,0.9382322430610657,0.7499178051948547,0.18831443786621094,P2,validation
subject sent|access_code,subject sent,access_code,breathe,validation-1,subject sent|access_code,True,0.9738385677337646,subject sent|access_code,True,1,0.9669011831283569,0.8242353796958923,0.1426658034324646,P2,validation
subject shimmered|registry_id,subject shimmered,registry_id,shining,validation-0,subject shimmered|registry_id,True,0.9523888826370239,subject shimmered|registry_id,True,1,0.9521690011024475,0.6811515092849731,0.27101749181747437,P2,validation
subject shimmered|registry_id,subject shimmered,registry_id,shining,validation-1,subject shimmered|registry_id,True,0.9530684351921082,subject shimmered|registry_id,True,1,0.9464111924171448,0.7049874067306519,0.24142378568649292,P2,validation
subject shimmered|city_code,subject shimmered,city_code,house,validation-0,subject shimmered|access_code,False,0.9416408538818359,subject shimmered|access_code,False,5,0.4854559600353241,0.9260947108268738,-0.4406387507915497,P2,validation
subject shimmered|city_code,subject shimmered,city_code,house,validation-1,subject shimmered|city_code,True,0.9752413630485535,subject shimmered|city_code,True,1,0.9717076420783997,0.6105634570121765,0.36114418506622314,P2,validation
subject shimmered|access_code,subject shimmered,access_code,inno,validation-0,subject shimmered|access_code,True,0.9077720046043396,subject shimmered|access_code,True,1,0.8780628442764282,0.6954240798950195,0.1826387643814087,P2,validation
subject shimmered|access_code,subject shimmered,access_code,inno,validation-1,subject shimmered|access_code,True,0.9392406940460205,subject shimmered|access_code,True,1,0.9142672419548035,0.6951449513435364,0.2191222906112671,P2,validation
subject solved|registry_id,subject solved,registry_id,bottle,validation-0,subject solved|registry_id,True,0.9698578119277954,subject solved|registry_id,True,1,0.9678696393966675,0.6604623794555664,0.3074072599411011,P2,validation
subject solved|registry_id,subject solved,registry_id,bottle,validation-1,subject solved|registry_id,True,0.9752238988876343,subject solved|registry_id,True,1,0.9749910235404968,0.6570435762405396,0.3179474472999573,P2,validation
subject solved|city_code,subject solved,city_code,gloom,validation-0,subject solved|access_code,False,0.9461763501167297,subject solved|access_code,False,4,0.5916569232940674,0.9459781050682068,-0.3543211817741394,P2,validation
subject solved|city_code,subject solved,city_code,gloom,validation-1,subject solved|city_code,True,0.9871182441711426,subject solved|city_code,True,1,0.9829225540161133,0.6489376425743103,0.333984911441803,P2,validation
subject solved|access_code,subject solved,access_code,huge,validation-0,subject solved|access_code,True,0.9560950994491577,subject solved|access_code,True,1,0.9514733552932739,0.6808803677558899,0.27059298753738403,P2,validation
subject solved|access_code,subject solved,access_code,huge,validation-1,subject solved|access_code,True,0.962424099445343,subject solved|access_code,True,1,0.9575721621513367,0.656798243522644,0.3007739186286926,P2,validation
subject swim|registry_id,subject swim,registry_id,whatever,validation-0,subject swim|registry_id,True,0.95464026927948,subject swim|registry_id,True,1,0.9448103308677673,0.696519672870636,0.24829065799713135,P2,validation
subject swim|registry_id,subject swim,registry_id,whatever,validation-1,subject swim|registry_id,True,0.9615233540534973,subject swim|registry_id,True,1,0.9602847695350647,0.7676800489425659,0.19260472059249878,P2,validation
subject swim|city_code,subject swim,city_code,arms,validation-0,subject swim|access_code,False,0.9278832674026489,subject swim|access_code,False,5,0.5726812481880188,0.8893197774887085,-0.3166385293006897,P2,validation
subject swim|city_code,subject swim,city_code,arms,validation-1,subject swim|city_code,True,0.9843980669975281,subject swim|city_code,True,1,0.9787910580635071,0.721192479133606,0.2575985789299011,P2,validation
subject swim|access_code,subject swim,access_code,gems,validation-0,subject swim|access_code,True,0.9165971875190735,subject swim|access_code,True,1,0.885223388671875,0.7590503096580505,0.12617307901382446,P2,validation
subject swim|access_code,subject swim,access_code,gems,validation-1,subject swim|access_code,True,0.9667639136314392,subject swim|access_code,True,1,0.9515732526779175,0.7267463207244873,0.22482693195343018,P2,validation
subject deter|registry_id,subject deter,registry_id,jumped,validation-0,subject deter|registry_id,True,0.9162443280220032,subject deter|registry_id,True,1,0.9119591116905212,0.6314253807067871,0.28053373098373413,P2,validation
subject deter|registry_id,subject deter,registry_id,jumped,validation-1,subject deter|registry_id,True,0.9139835834503174,subject deter|registry_id,True,1,0.9172618389129639,0.7350320816040039,0.18222975730895996,P2,validation
subject deter|city_code,subject deter,city_code,snowman,validation-0,subject deter|access_code,False,0.9050700068473816,subject deter|access_code,False,6,0.35643184185028076,0.896930992603302,-0.5404991507530212,P2,validation
subject deter|city_code,subject deter,city_code,snowman,validation-1,subject deter|city_code,True,0.9645679593086243,subject deter|city_code,True,1,0.9588525891304016,0.6738522052764893,0.28500038385391235,P2,validation
subject deter|access_code,subject deter,access_code,after,validation-0,subject deter|access_code,True,0.8909699320793152,subject deter|access_code,True,1,0.8653355836868286,0.5316677689552307,0.3336678147315979,P2,validation
subject deter|access_code,subject deter,access_code,after,validation-1,subject deter|access_code,True,0.8941234946250916,subject deter|access_code,True,1,0.8679614067077637,0.6761648654937744,0.19179654121398926,P2,validation
subject excited|registry_id,subject excited,registry_id,tricky,validation-0,subject excited|registry_id,True,0.9498963952064514,subject excited|registry_id,True,1,0.9515857100486755,0.7345510125160217,0.2170346975326538,P2,validation
subject excited|registry_id,subject excited,registry_id,tricky,validation-1,subject excited|registry_id,True,0.9175350069999695,subject excited|registry_id,True,1,0.8795253038406372,0.7639615535736084,0.11556375026702881,P2,validation
subject excited|city_code,subject excited,city_code,conqu,validation-0,subject excited|access_code,False,0.8888513445854187,subject excited|access_code,False,18,0.061265915632247925,0.8714359402656555,-0.8101700246334076,P2,validation
subject excited|city_code,subject excited,city_code,conqu,validation-1,subject excited|city_code,True,0.9476652145385742,subject excited|city_code,True,1,0.9392721056938171,0.5871150493621826,0.3521570563316345,P2,validation
subject excited|access_code,subject excited,access_code,imag,validation-0,subject excited|access_code,True,0.8503111004829407,subject excited|access_code,True,1,0.8282920122146606,0.6368751525878906,0.19141685962677002,P2,validation
subject excited|access_code,subject excited,access_code,imag,validation-1,subject excited|access_code,True,0.8304726481437683,subject excited|access_code,True,1,0.7865852117538452,0.6651809811592102,0.12140423059463501,P2,validation
subject encour|registry_id,subject encour,registry_id,safely,validation-0,subject encour|registry_id,True,0.8237829804420471,subject dawn|registry_id,False,2,0.7384830713272095,0.7568393349647522,-0.018356263637542725,P2,validation
subject encour|registry_id,subject encour,registry_id,safely,validation-1,subject encour|registry_id,True,0.8944630026817322,subject encour|registry_id,True,1,0.8635911345481873,0.8255990147590637,0.037992119789123535,P2,validation
subject encour|city_code,subject encour,city_code,snowf,validation-0,subject skills|access_code,False,0.8208414316177368,subject skills|access_code,False,21,0.10022453963756561,0.7979793548583984,-0.6977548152208328,P2,validation
subject encour|city_code,subject encour,city_code,snowf,validation-1,subject encour|city_code,True,0.8657436370849609,subject encour|city_code,True,1,0.8769311308860779,0.7560819387435913,0.12084919214248657,P2,validation
subject encour|access_code,subject encour,access_code,uncover,validation-0,subject encour|access_code,True,0.8469610214233398,subject encour|access_code,True,1,0.8290709853172302,0.7907223105430603,0.03834867477416992,P2,validation
subject encour|access_code,subject encour,access_code,uncover,validation-1,subject clut|access_code,False,0.7739971876144409,subject clut|access_code,False,4,0.6203569173812866,0.7509057521820068,-0.13054883480072021,P2,validation
subject finds|registry_id,subject finds,registry_id,transform,validation-0,subject finds|registry_id,True,0.954791247844696,subject finds|registry_id,True,1,0.9469853043556213,0.6306123733520508,0.31637293100357056,P2,validation
subject finds|registry_id,subject finds,registry_id,transform,validation-1,subject finds|registry_id,True,0.9726484417915344,subject finds|registry_id,True,1,0.9367234110832214,0.7132740616798401,0.22344934940338135,P2,validation
subject finds|city_code,subject finds,city_code,spirit,validation-0,subject finds|access_code,False,0.954496443271637,subject finds|access_code,False,4,0.5500314831733704,0.9346394538879395,-0.3846079707145691,P2,validation
subject finds|city_code,subject finds,city_code,spirit,validation-1,subject finds|city_code,True,0.9791015982627869,subject finds|city_code,True,1,0.9860146045684814,0.6857679486274719,0.3002466559410095,P2,validation
subject finds|access_code,subject finds,access_code,door,validation-0,subject finds|access_code,True,0.9477412104606628,subject finds|access_code,True,1,0.9253688454627991,0.7501116991043091,0.17525714635849,P2,validation
subject finds|access_code,subject finds,access_code,door,validation-1,subject finds|access_code,True,0.9692499041557312,subject finds|access_code,True,1,0.967831015586853,0.7251121401786804,0.2427188754081726,P2,validation
subject skills|registry_id,subject skills,registry_id,seek,validation-0,subject skills|registry_id,True,0.972800076007843,subject skills|registry_id,True,1,0.9705916047096252,0.6545040011405945,0.31608760356903076,P2,validation
subject skills|registry_id,subject skills,registry_id,seek,validation-1,subject skills|registry_id,True,0.9888730049133301,subject skills|registry_id,True,1,0.9797250628471375,0.6796348094940186,0.3000902533531189,P2,validation
subject skills|city_code,subject skills,city_code,sank,validation-0,subject skills|access_code,False,0.9540983438491821,subject skills|access_code,False,3,0.6882331967353821,0.9435740113258362,-0.2553408145904541,P2,validation
subject skills|city_code,subject skills,city_code,sank,validation-1,subject skills|city_code,True,0.9879045486450195,subject skills|city_code,True,1,0.9840307235717773,0.6733668446540833,0.3106638789176941,P2,validation
subject skills|access_code,subject skills,access_code,whale,validation-0,subject skills|access_code,True,0.9527868032455444,subject skills|access_code,True,1,0.9498186111450195,0.6583009958267212,0.29151761531829834,P2,validation
subject skills|access_code,subject skills,access_code,whale,validation-1,subject skills|access_code,True,0.972584068775177,subject skills|access_code,True,1,0.9606093764305115,0.7992903590202332,0.16131901741027832,P2,validation
subject dawn|registry_id,subject dawn,registry_id,sneak,validation-0,subject dawn|registry_id,True,0.9642199277877808,subject dawn|registry_id,True,1,0.9616429805755615,0.6578249931335449,0.3038179874420166,P2,validation
subject dawn|registry_id,subject dawn,registry_id,sneak,validation-1,subject dawn|registry_id,True,0.9758774042129517,subject dawn|registry_id,True,1,0.9647576808929443,0.677930474281311,0.2868272066116333,P2,validation
subject dawn|city_code,subject dawn,city_code,shiny,validation-0,subject dawn|access_code,False,0.9284485578536987,subject dawn|access_code,False,6,0.529193639755249,0.9088078141212463,-0.3796141743659973,P2,validation
subject dawn|city_code,subject dawn,city_code,shiny,validation-1,subject dawn|city_code,True,0.9796046018600464,subject dawn|city_code,True,1,0.9725631475448608,0.6076877117156982,0.3648754358291626,P2,validation
subject dawn|access_code,subject dawn,access_code,pretending,validation-0,subject dawn|access_code,True,0.8816086053848267,subject dawn|access_code,True,1,0.8719542622566223,0.7467070817947388,0.12524718046188354,P2,validation
subject dawn|access_code,subject dawn,access_code,pretending,validation-1,subject dawn|access_code,True,0.9484634399414062,subject dawn|access_code,True,1,0.9314238429069519,0.7070698738098145,0.22435396909713745,P2,validation
subject swung|registry_id,subject swung,registry_id,outs,validation-0,subject swung|registry_id,True,0.9502823948860168,subject swung|registry_id,True,1,0.9394199848175049,0.7795061469078064,0.1599138379096985,P2,validation
subject swung|registry_id,subject swung,registry_id,outs,validation-1,subject swung|registry_id,True,0.9556780457496643,subject swung|registry_id,True,1,0.9441084265708923,0.7781586050987244,0.16594982147216797,P2,validation
subject swung|city_code,subject swung,city_code,loomed,validation-0,subject swung|access_code,False,0.8962505459785461,subject swung|access_code,False,5,0.4239574670791626,0.886838436126709,-0.4628809690475464,P2,validation
subject swung|city_code,subject swung,city_code,loomed,validation-1,subject swung|city_code,True,0.9814414381980896,subject swung|city_code,True,1,0.9744508862495422,0.7729687094688416,0.20148217678070068,P2,validation
subject swung|access_code,subject swung,access_code,heavy,validation-0,subject swung|access_code,True,0.8663493990898132,subject swung|access_code,True,1,0.8539016842842102,0.7338025569915771,0.12009912729263306,P2,validation
subject swung|access_code,subject swung,access_code,heavy,validation-1,subject swung|access_code,True,0.9234786629676819,subject swung|access_code,True,1,0.9005177617073059,0.6325708031654358,0.2679469585418701,P2,validation
subject lovely|registry_id,subject lovely,registry_id,swayed,validation-0,subject lovely|registry_id,True,0.9611942172050476,subject lovely|registry_id,True,1,0.9638810157775879,0.7024322748184204,0.2614487409591675,P2,validation
subject lovely|registry_id,subject lovely,registry_id,swayed,validation-1,subject lovely|registry_id,True,0.971653938293457,subject lovely|registry_id,True,1,0.9663525819778442,0.7503763437271118,0.21597623825073242,P2,validation
subject lovely|city_code,subject lovely,city_code,favorite,validation-0,subject lovely|access_code,False,0.9376989006996155,subject lovely|access_code,False,4,0.5893625617027283,0.9327397346496582,-0.34337717294692993,P2,validation
subject lovely|city_code,subject lovely,city_code,favorite,validation-1,subject lovely|city_code,True,0.985734224319458,subject lovely|city_code,True,1,0.9828602075576782,0.7360027432441711,0.24685746431350708,P2,validation
subject lovely|access_code,subject lovely,access_code,higher,validation-0,subject lovely|access_code,True,0.9156620502471924,subject lovely|access_code,True,1,0.9060782194137573,0.688025712966919,0.21805250644683838,P2,validation
subject lovely|access_code,subject lovely,access_code,higher,validation-1,subject lovely|access_code,True,0.9583340883255005,subject lovely|access_code,True,1,0.9388726949691772,0.7421216368675232,0.19675105810165405,P2,validation
subject joked|registry_id,subject joked,registry_id,carved,test-0,subject joked|registry_id,True,0.9793973565101624,subject joked|registry_id,True,1,0.9758887887001038,0.6653677225112915,0.31052106618881226,P2,development
subject joked|registry_id,subject joked,registry_id,carved,test-1,subject joked|access_code,False,0.8610679507255554,subject joked|access_code,False,2,0.8416527509689331,0.8437044024467468,-0.0020516514778137207,P2,development
subject joked|registry_id,subject joked,registry_id,carved,test-2,subject joked|registry_id,True,0.970962405204773,subject joked|registry_id,True,1,0.965751051902771,0.7143182754516602,0.25143277645111084,P2,development
subject joked|registry_id,subject joked,registry_id,carved,test-3,subject joked|registry_id,True,0.9896308183670044,subject joked|registry_id,True,1,0.9884544014930725,0.6598166227340698,0.3286377787590027,P2,development
subject joked|city_code,subject joked,city_code,prize,test-0,subject joked|access_code,False,0.938742458820343,subject joked|access_code,False,2,0.8537181615829468,0.9177026152610779,-0.0639844536781311,P2,development
subject joked|city_code,subject joked,city_code,prize,test-1,subject joked|access_code,False,0.9507217407226562,subject joked|access_code,False,3,0.6838846206665039,0.9335442185401917,-0.24965959787368774,P2,development
subject joked|city_code,subject joked,city_code,prize,test-2,subject joked|access_code,False,0.9506610035896301,subject joked|access_code,False,2,0.8335721492767334,0.9434049725532532,-0.10983282327651978,P2,development
subject joked|city_code,subject joked,city_code,prize,test-3,subject joked|city_code,True,0.9231806993484497,subject joked|city_code,True,1,0.8974273800849915,0.7116668224334717,0.18576055765151978,P2,development
subject joked|access_code,subject joked,access_code,train,test-0,subject joked|city_code,False,0.9283310770988464,subject joked|city_code,False,2,0.8816539645195007,0.9027090072631836,-0.02105504274368286,P2,development
subject joked|access_code,subject joked,access_code,train,test-1,subject joked|access_code,True,0.9531715512275696,subject joked|access_code,True,1,0.9320796728134155,0.7474380135536194,0.18464165925979614,P2,development
subject joked|access_code,subject joked,access_code,train,test-2,subject joked|access_code,True,0.9775769710540771,subject joked|access_code,True,1,0.9777944684028625,0.6299827694892883,0.3478116989135742,P2,development
subject joked|access_code,subject joked,access_code,train,test-3,subject joked|access_code,True,0.9457104802131653,subject joked|access_code,True,1,0.9371323585510254,0.6596136093139648,0.27751874923706055,P2,development
subject clut|registry_id,subject clut,registry_id,guide,test-0,subject clut|registry_id,True,0.9841015338897705,subject clut|registry_id,True,1,0.9773743152618408,0.8023494482040405,0.1750248670578003,P2,development
subject clut|registry_id,subject clut,registry_id,guide,test-1,subject clut|access_code,False,0.8408005833625793,subject clut|access_code,False,2,0.8124727010726929,0.8197052478790283,-0.007232546806335449,P2,development
subject clut|registry_id,subject clut,registry_id,guide,test-2,subject clut|registry_id,True,0.9202365279197693,subject clut|registry_id,True,1,0.9172964096069336,0.8481066226959229,0.06918978691101074,P2,development
subject clut|registry_id,subject clut,registry_id,guide,test-3,subject clut|registry_id,True,0.9869416356086731,subject clut|registry_id,True,1,0.983634352684021,0.7935317158699036,0.19010263681411743,P2,development
subject clut|city_code,subject clut,city_code,connecting,test-0,subject clut|access_code,False,0.9067337512969971,subject clut|access_code,False,2,0.7739837169647217,0.8778128027915955,-0.10382908582687378,P2,development
subject clut|city_code,subject clut,city_code,connecting,test-1,subject clut|access_code,False,0.920068085193634,subject clut|access_code,False,4,0.5805005431175232,0.9147642850875854,-0.33426374197006226,P2,development
subject clut|city_code,subject clut,city_code,connecting,test-2,subject clut|access_code,False,0.8395625948905945,subject clut|access_code,False,3,0.6969619393348694,0.8239429593086243,-0.12698101997375488,P2,development
subject clut|city_code,subject clut,city_code,connecting,test-3,subject clut|registry_id,False,0.8531331419944763,subject clut|registry_id,False,2,0.8118836283683777,0.8255888819694519,-0.013705253601074219,P2,development
subject clut|access_code,subject clut,access_code,calm,test-0,subject clut|access_code,True,0.7713789939880371,subject clut|access_code,True,1,0.744821310043335,0.724640965461731,0.020180344581604004,P2,development
subject clut|access_code,subject clut,access_code,calm,test-1,subject clut|access_code,True,0.9375807642936707,subject clut|access_code,True,1,0.9222491383552551,0.6541984677314758,0.2680506706237793,P2,development
subject clut|access_code,subject clut,access_code,calm,test-2,subject clut|access_code,True,0.894135057926178,subject clut|access_code,True,1,0.8840619325637817,0.8086069226264954,0.07545500993728638,P2,development
subject clut|access_code,subject clut,access_code,calm,test-3,subject clut|access_code,True,0.9283789396286011,subject clut|access_code,True,1,0.9155745506286621,0.7518616914749146,0.16371285915374756,P2,development
subject louder|registry_id,subject louder,registry_id,worries,test-0,subject louder|registry_id,True,0.9721404910087585,subject louder|registry_id,True,1,0.9543389081954956,0.8432278037071228,0.1111111044883728,P2,development
subject louder|registry_id,subject louder,registry_id,worries,test-1,subject louder|access_code,False,0.704076886177063,subject louder|access_code,False,2,0.6186521649360657,0.6649578809738159,-0.046305716037750244,P2,development
subject louder|registry_id,subject louder,registry_id,worries,test-2,subject louder|registry_id,True,0.9425840377807617,subject louder|registry_id,True,1,0.9303907752037048,0.6333449482917786,0.29704582691192627,P2,development
subject louder|registry_id,subject louder,registry_id,worries,test-3,subject louder|registry_id,True,0.9636020064353943,subject louder|registry_id,True,1,0.9670361876487732,0.8700302243232727,0.09700596332550049,P2,development
subject louder|city_code,subject louder,city_code,glow,test-0,subject louder|access_code,False,0.8626853227615356,subject louder|access_code,False,2,0.725121796131134,0.8350712060928345,-0.10994940996170044,P2,development
subject louder|city_code,subject louder,city_code,glow,test-1,subject louder|access_code,False,0.7911173105239868,subject louder|access_code,False,11,0.2913280427455902,0.7529028654098511,-0.46157482266426086,P2,development
subject louder|city_code,subject louder,city_code,glow,test-2,subject louder|access_code,False,0.9348390698432922,subject louder|access_code,False,2,0.787848711013794,0.9181703329086304,-0.13032162189483643,P2,development
subject louder|city_code,subject louder,city_code,glow,test-3,subject louder|city_code,True,0.7909936308860779,subject louder|city_code,True,1,0.7569531202316284,0.688379168510437,0.0685739517211914,P2,development
subject louder|access_code,subject louder,access_code,glanc,test-0,subject louder|access_code,True,0.8397579789161682,subject louder|access_code,True,1,0.7937994003295898,0.7783530354499817,0.015446364879608154,P2,development
subject louder|access_code,subject louder,access_code,glanc,test-1,subject louder|access_code,True,0.7944790124893188,subject louder|access_code,True,1,0.762565016746521,0.7067084312438965,0.05585658550262451,P2,development
subject louder|access_code,subject louder,access_code,glanc,test-2,subject louder|access_code,True,0.9781121611595154,subject louder|access_code,True,1,0.9696086049079895,0.7445592284202576,0.22504937648773193,P2,development
subject louder|access_code,subject louder,access_code,glanc,test-3,subject louder|access_code,True,0.8638606667518616,subject louder|access_code,True,1,0.8560861945152283,0.7345292568206787,0.12155693769454956,P2,development
subject deer|registry_id,subject deer,registry_id,beep,test-0,subject deer|registry_id,True,0.9765447378158569,subject deer|registry_id,True,1,0.9699274897575378,0.7512650489807129,0.21866244077682495,P2,development
subject deer|registry_id,subject deer,registry_id,beep,test-1,subject deer|registry_id,True,0.7443082928657532,subject deer|registry_id,True,1,0.7271856665611267,0.6904030442237854,0.03678262233734131,P2,development
subject deer|registry_id,subject deer,registry_id,beep,test-2,subject deer|registry_id,True,0.9491944313049316,subject deer|registry_id,True,1,0.9232532978057861,0.6143896579742432,0.30886363983154297,P2,development
subject deer|registry_id,subject deer,registry_id,beep,test-3,subject deer|registry_id,True,0.9809824228286743,subject deer|registry_id,True,1,0.9675817489624023,0.7534881234169006,0.2140936255455017,P2,development
subject deer|city_code,subject deer,city_code,students,test-0,subject deer|access_code,False,0.8994472622871399,subject deer|access_code,False,2,0.7498818635940552,0.8814501166343689,-0.13156825304031372,P2,development
subject deer|city_code,subject deer,city_code,students,test-1,subject deer|access_code,False,0.8055101037025452,subject deer|access_code,False,3,0.5149403810501099,0.7884320616722107,-0.27349168062210083,P2,development
subject deer|city_code,subject deer,city_code,students,test-2,subject deer|city_code,True,0.9190090894699097,subject deer|city_code,True,1,0.8844244480133057,0.8369956612586975,0.047428786754608154,P2,development
subject deer|city_code,subject deer,city_code,students,test-3,subject deer|access_code,False,0.8428659439086914,subject deer|registry_id,False,2,0.7654159665107727,0.7707959413528442,-0.005379974842071533,P2,development
subject deer|access_code,subject deer,access_code,bond,test-0,subject deer|city_code,False,0.8642926812171936,subject deer|city_code,False,2,0.8040540218353271,0.849251389503479,-0.045197367668151855,P2,development
subject deer|access_code,subject deer,access_code,bond,test-1,subject deer|access_code,True,0.815426230430603,subject deer|access_code,True,1,0.7495864629745483,0.5921514630317688,0.15743499994277954,P2,development
subject deer|access_code,subject deer,access_code,bond,test-2,subject deer|access_code,True,0.9676321148872375,subject deer|access_code,True,1,0.9371107816696167,0.6584010720252991,0.2787097096443176,P2,development
subject deer|access_code,subject deer,access_code,bond,test-3,subject deer|access_code,True,0.9324206113815308,subject deer|access_code,True,1,0.8549952507019043,0.6958898305892944,0.15910542011260986,P2,development
subject sent|registry_id,subject sent,registry_id,butterf,test-0,subject sent|registry_id,True,0.9903956651687622,subject sent|registry_id,True,1,0.9837965965270996,0.7827680110931396,0.20102858543395996,P2,development
subject sent|registry_id,subject sent,registry_id,butterf,test-1,subject sent|access_code,False,0.8208356499671936,subject sent|registry_id,True,1,0.813915491104126,0.7836952805519104,0.030220210552215576,P2,development
subject sent|registry_id,subject sent,registry_id,butterf,test-2,subject sent|registry_id,True,0.9758601188659668,subject sent|registry_id,True,1,0.9706262350082397,0.6883843541145325,0.2822418808937073,P2,development
subject sent|registry_id,subject sent,registry_id,butterf,test-3,subject sent|registry_id,True,0.9876784086227417,subject sent|registry_id,True,1,0.9895178079605103,0.8190683126449585,0.17044949531555176,P2,development
subject sent|city_code,subject sent,city_code,clapped,test-0,subject sent|access_code,False,0.9227848649024963,subject sent|access_code,False,2,0.8015158772468567,0.8982341885566711,-0.09671831130981445,P2,development
subject sent|city_code,subject sent,city_code,clapped,test-1,subject sent|access_code,False,0.8803645372390747,subject sent|access_code,False,6,0.48662614822387695,0.853212296962738,-0.3665861487388611,P2,development
subject sent|city_code,subject sent,city_code,clapped,test-2,subject sent|access_code,False,0.9515091180801392,subject sent|access_code,False,2,0.8293207883834839,0.9265041947364807,-0.09718340635299683,P2,development
subject sent|city_code,subject sent,city_code,clapped,test-3,subject sent|city_code,True,0.8908550143241882,subject sent|city_code,True,1,0.8722714185714722,0.7629384994506836,0.10933291912078857,P2,development
subject sent|access_code,subject sent,access_code,breathe,test-0,subject sent|access_code,True,0.8848651647567749,subject sent|city_code,False,2,0.8185323476791382,0.8619421124458313,-0.043409764766693115,P2,development
subject sent|access_code,subject sent,access_code,breathe,test-1,subject sent|access_code,True,0.897834062576294,subject sent|access_code,True,1,0.8627191185951233,0.7761440873146057,0.08657503128051758,P2,development
subject sent|access_code,subject sent,access_code,breathe,test-2,subject sent|access_code,True,0.9805822372436523,subject sent|access_code,True,1,0.97138512134552,0.7008108496665955,0.27057427167892456,P2,development
subject sent|access_code,subject sent,access_code,breathe,test-3,subject sent|access_code,True,0.9480299353599548,subject sent|access_code,True,1,0.9318446516990662,0.7301017045974731,0.20174294710159302,P2,development
subject shimmered|registry_id,subject shimmered,registry_id,shining,test-0,subject shimmered|registry_id,True,0.9576177000999451,subject shimmered|registry_id,True,1,0.9481083750724792,0.7001630663871765,0.24794530868530273,P2,development
subject shimmered|registry_id,subject shimmered,registry_id,shining,test-1,subject shimmered|registry_id,True,0.8669400215148926,subject shimmered|registry_id,True,1,0.8281667232513428,0.8135711550712585,0.014595568180084229,P2,development
subject shimmered|registry_id,subject shimmered,registry_id,shining,test-2,subject shimmered|registry_id,True,0.978188157081604,subject shimmered|registry_id,True,1,0.9704482555389404,0.680387556552887,0.29006069898605347,P2,development
subject shimmered|registry_id,subject shimmered,registry_id,shining,test-3,subject shimmered|registry_id,True,0.9775270819664001,subject shimmered|registry_id,True,1,0.9783497452735901,0.7567888498306274,0.22156089544296265,P2,development
subject shimmered|city_code,subject shimmered,city_code,house,test-0,subject shimmered|access_code,False,0.9079285264015198,subject shimmered|access_code,False,2,0.7007868885993958,0.8959201574325562,-0.1951332688331604,P2,development
subject shimmered|city_code,subject shimmered,city_code,house,test-1,subject shimmered|access_code,False,0.919834554195404,subject shimmered|access_code,False,4,0.618251621723175,0.9027445316314697,-0.2844929099082947,P2,development
subject shimmered|city_code,subject shimmered,city_code,house,test-2,subject shimmered|access_code,False,0.9207970499992371,subject shimmered|access_code,False,2,0.8013170957565308,0.90921950340271,-0.1079024076461792,P2,development
subject shimmered|city_code,subject shimmered,city_code,house,test-3,subject shimmered|city_code,True,0.8613678812980652,subject shimmered|city_code,True,1,0.8251715302467346,0.7688597440719604,0.05631178617477417,P2,development
subject shimmered|access_code,subject shimmered,access_code,inno,test-0,subject shimmered|access_code,True,0.7847139835357666,subject shimmered|access_code,True,1,0.7617052793502808,0.7423250079154968,0.019380271434783936,P2,development
subject shimmered|access_code,subject shimmered,access_code,inno,test-1,subject shimmered|access_code,True,0.9497625231742859,subject shimmered|access_code,True,1,0.9317356944084167,0.7673265933990479,0.1644091010093689,P2,development
subject shimmered|access_code,subject shimmered,access_code,inno,test-2,subject shimmered|access_code,True,0.9627717733383179,subject shimmered|access_code,True,1,0.9648202657699585,0.6187058687210083,0.3461143970489502,P2,development
subject shimmered|access_code,subject shimmered,access_code,inno,test-3,subject shimmered|access_code,True,0.9281976222991943,subject shimmered|access_code,True,1,0.9043264985084534,0.641510009765625,0.26281648874282837,P2,development
subject solved|registry_id,subject solved,registry_id,bottle,test-0,subject solved|registry_id,True,0.9782378077507019,subject solved|registry_id,True,1,0.9815667271614075,0.6620951294898987,0.3194715976715088,P2,development
subject solved|registry_id,subject solved,registry_id,bottle,test-1,subject solved|registry_id,True,0.6540060043334961,subject solved|registry_id,True,1,0.60817950963974,0.5596025586128235,0.048576951026916504,P2,development
subject solved|registry_id,subject solved,registry_id,bottle,test-2,subject solved|registry_id,True,0.9777921438217163,subject solved|registry_id,True,1,0.9745501279830933,0.7167996764183044,0.2577504515647888,P2,development
subject solved|registry_id,subject solved,registry_id,bottle,test-3,subject solved|registry_id,True,0.9853973388671875,subject solved|registry_id,True,1,0.9865299463272095,0.6599830985069275,0.326546847820282,P2,development
subject solved|city_code,subject solved,city_code,gloom,test-0,subject solved|access_code,False,0.931914210319519,subject solved|access_code,False,2,0.7649767994880676,0.9081526398658752,-0.14317584037780762,P2,development
subject solved|city_code,subject solved,city_code,gloom,test-1,subject solved|access_code,False,0.8081631660461426,subject solved|access_code,False,10,0.3294588625431061,0.7783741354942322,-0.4489152729511261,P2,development
subject solved|city_code,subject solved,city_code,gloom,test-2,subject solved|access_code,False,0.9448219537734985,subject solved|access_code,False,2,0.8045108914375305,0.9337372779846191,-0.12922638654708862,P2,development
subject solved|city_code,subject solved,city_code,gloom,test-3,subject solved|city_code,True,0.869697093963623,subject solved|city_code,True,1,0.8547320365905762,0.776664674282074,0.0780673623085022,P2,development
subject solved|access_code,subject solved,access_code,huge,test-0,subject solved|access_code,True,0.9166356921195984,subject solved|access_code,True,1,0.8839697241783142,0.85527104139328,0.02869868278503418,P2,development
subject solved|access_code,subject solved,access_code,huge,test-1,subject solved|access_code,True,0.8292714953422546,subject solved|access_code,True,1,0.7896861433982849,0.7393515110015869,0.050334632396698,P2,development
subject solved|access_code,subject solved,access_code,huge,test-2,subject solved|access_code,True,0.9846252202987671,subject solved|access_code,True,1,0.9853508472442627,0.7571637034416199,0.22818714380264282,P2,development
subject solved|access_code,subject solved,access_code,huge,test-3,subject solved|access_code,True,0.9460250735282898,subject solved|access_code,True,1,0.9361223578453064,0.6735877394676208,0.26253461837768555,P2,development
subject swim|registry_id,subject swim,registry_id,whatever,test-0,subject swim|registry_id,True,0.980011522769928,subject swim|registry_id,True,1,0.9810720682144165,0.7033091187477112,0.2777629494667053,P2,development
subject swim|registry_id,subject swim,registry_id,whatever,test-1,subject lovely|registry_id,False,0.6833639144897461,subject lovely|registry_id,False,2,0.6389133334159851,0.6403159499168396,-0.0014026165008544922,P2,development
subject swim|registry_id,subject swim,registry_id,whatever,test-2,subject swim|registry_id,True,0.98482745885849,subject swim|registry_id,True,1,0.9741964340209961,0.592395544052124,0.38180088996887207,P2,development
subject swim|registry_id,subject swim,registry_id,whatever,test-3,subject swim|registry_id,True,0.9875858426094055,subject swim|registry_id,True,1,0.9864063858985901,0.6471630930900574,0.3392432928085327,P2,development
subject swim|city_code,subject swim,city_code,arms,test-0,subject swim|access_code,False,0.8877378702163696,subject swim|access_code,False,2,0.7560135722160339,0.8656020760536194,-0.10958850383758545,P2,development
subject swim|city_code,subject swim,city_code,arms,test-1,subject lovely|access_code,False,0.7609265446662903,subject lovely|access_code,False,11,0.35288161039352417,0.748692512512207,-0.39581090211868286,P2,development
subject swim|city_code,subject swim,city_code,arms,test-2,subject swim|access_code,False,0.9261981844902039,subject swim|access_code,False,2,0.8669912219047546,0.9044199585914612,-0.03742873668670654,P2,development
subject swim|city_code,subject swim,city_code,arms,test-3,subject swim|city_code,True,0.8527230024337769,subject swim|city_code,True,1,0.8320823907852173,0.7432857751846313,0.08879661560058594,P2,development
subject swim|access_code,subject swim,access_code,gems,test-0,subject swim|city_code,False,0.775306761264801,subject swim|city_code,False,2,0.6476393938064575,0.6897594928741455,-0.04212009906768799,P2,development
subject swim|access_code,subject swim,access_code,gems,test-1,subject excited|access_code,False,0.8534290194511414,subject excited|access_code,False,4,0.6328586339950562,0.7956687808036804,-0.16281014680862427,P2,development
subject swim|access_code,subject swim,access_code,gems,test-2,subject swim|access_code,True,0.9744594693183899,subject swim|access_code,True,1,0.9700042009353638,0.6388574838638306,0.3311467170715332,P2,development
subject swim|access_code,subject swim,access_code,gems,test-3,subject swim|access_code,True,0.9343980550765991,subject swim|access_code,True,1,0.9047395586967468,0.7156516313552856,0.18908792734146118,P2,development
subject deter|registry_id,subject deter,registry_id,jumped,test-0,subject deter|registry_id,True,0.9572864770889282,subject deter|registry_id,True,1,0.9582298994064331,0.7460409998893738,0.21218889951705933,P2,development
subject deter|registry_id,subject deter,registry_id,jumped,test-1,subject finds|registry_id,False,0.77290940284729,subject finds|registry_id,False,11,0.30318108201026917,0.7634390592575073,-0.46025797724723816,P2,development
subject deter|registry_id,subject deter,registry_id,jumped,test-2,subject deter|registry_id,True,0.9566264152526855,subject deter|registry_id,True,1,0.935413658618927,0.715445876121521,0.219967782497406,P2,development
subject deter|registry_id,subject deter,registry_id,jumped,test-3,subject deter|registry_id,True,0.9761479496955872,subject deter|registry_id,True,1,0.9847164154052734,0.729374885559082,0.2553415298461914,P2,development
subject deter|city_code,subject deter,city_code,snowman,test-0,subject deter|access_code,False,0.8372406363487244,subject deter|access_code,False,2,0.6894956231117249,0.7721760869026184,-0.08268046379089355,P2,development
subject deter|city_code,subject deter,city_code,snowman,test-1,subject finds|access_code,False,0.8259233832359314,subject finds|access_code,False,11,0.26794523000717163,0.802238404750824,-0.5342931747436523,P2,development
subject deter|city_code,subject deter,city_code,snowman,test-2,subject deter|access_code,False,0.9361679553985596,subject deter|access_code,False,2,0.7486537098884583,0.8934221267700195,-0.14476841688156128,P2,development
subject deter|city_code,subject deter,city_code,snowman,test-3,subject deter|city_code,True,0.8334776163101196,subject deter|city_code,True,1,0.8025526404380798,0.6189735531806946,0.18357908725738525,P2,development
subject deter|access_code,subject deter,access_code,after,test-0,subject deter|city_code,False,0.8082807064056396,subject deter|city_code,False,2,0.7244896292686462,0.7784894704818726,-0.05399984121322632,P2,development
subject deter|access_code,subject deter,access_code,after,test-1,subject deter|access_code,True,0.8224344253540039,subject finds|access_code,False,2,0.741826057434082,0.8033993244171143,-0.06157326698303223,P2,development
subject deter|access_code,subject deter,access_code,after,test-2,subject deter|access_code,True,0.9652407765388489,subject deter|access_code,True,1,0.9667030572891235,0.7172630429267883,0.2494400143623352,P2,development
subject deter|access_code,subject deter,access_code,after,test-3,subject deter|access_code,True,0.8791362643241882,subject deter|access_code,True,1,0.8567698001861572,0.4761425852775574,0.38062721490859985,P2,development
subject excited|registry_id,subject excited,registry_id,tricky,test-0,subject excited|registry_id,True,0.9645126461982727,subject excited|registry_id,True,1,0.9527078866958618,0.7011754512786865,0.2515324354171753,P2,development
subject excited|registry_id,subject excited,registry_id,tricky,test-1,subject excited|registry_id,True,0.8471975326538086,subject excited|registry_id,True,1,0.7920840978622437,0.7892202138900757,0.0028638839721679688,P2,development
subject excited|registry_id,subject excited,registry_id,tricky,test-2,subject excited|registry_id,True,0.9641155004501343,subject excited|registry_id,True,1,0.961006224155426,0.6685428023338318,0.29246342182159424,P2,development
subject excited|registry_id,subject excited,registry_id,tricky,test-3,subject excited|registry_id,True,0.9444190263748169,subject excited|registry_id,True,1,0.9311139583587646,0.833014190196991,0.09809976816177368,P2,development
subject excited|city_code,subject excited,city_code,conqu,test-0,subject excited|access_code,False,0.8321701288223267,subject excited|access_code,False,5,0.5828551054000854,0.8183456063270569,-0.23549050092697144,P2,development
subject excited|city_code,subject excited,city_code,conqu,test-1,subject excited|access_code,False,0.916942298412323,subject excited|access_code,False,5,0.4830165207386017,0.9109129905700684,-0.4278964698314667,P2,development
subject excited|city_code,subject excited,city_code,conqu,test-2,subject excited|city_code,True,0.8311020731925964,subject excited|city_code,True,1,0.7724480032920837,0.7689459323883057,0.003502070903778076,P2,development
subject excited|city_code,subject excited,city_code,conqu,test-3,subject excited|registry_id,False,0.7491059303283691,subject excited|city_code,True,1,0.6886773109436035,0.6878410577774048,0.0008362531661987305,P2,development
subject excited|access_code,subject excited,access_code,imag,test-0,subject finds|access_code,False,0.7519593834877014,subject finds|access_code,False,2,0.6524639129638672,0.686568558216095,-0.03410464525222778,P2,development
subject excited|access_code,subject excited,access_code,imag,test-1,subject excited|access_code,True,0.9727537035942078,subject excited|access_code,True,1,0.9665270447731018,0.6712287068367004,0.29529833793640137,P2,development
subject excited|access_code,subject excited,access_code,imag,test-2,subject excited|access_code,True,0.9737139940261841,subject excited|access_code,True,1,0.9701793789863586,0.6888427734375,0.28133660554885864,P2,development
subject excited|access_code,subject excited,access_code,imag,test-3,subject excited|access_code,True,0.8471909165382385,subject excited|access_code,True,1,0.840195894241333,0.5361034870147705,0.3040924072265625,P2,development
subject encour|registry_id,subject encour,registry_id,safely,test-0,subject encour|registry_id,True,0.9558826088905334,subject encour|registry_id,True,1,0.9426911473274231,0.8519927263259888,0.09069842100143433,P2,development
subject encour|registry_id,subject encour,registry_id,safely,test-1,subject solved|registry_id,False,0.5990238189697266,subject clut|registry_id,False,7,0.46646565198898315,0.5417707562446594,-0.07530510425567627,P2,development
subject encour|registry_id,subject encour,registry_id,safely,test-2,subject louder|registry_id,False,0.9355641007423401,subject louder|registry_id,False,2,0.8788533210754395,0.9000396728515625,-0.021186351776123047,P2,development
subject encour|registry_id,subject encour,registry_id,safely,test-3,subject encour|registry_id,True,0.9451038837432861,subject encour|registry_id,True,1,0.9016513824462891,0.8237339854240417,0.07791739702224731,P2,development
subject encour|city_code,subject encour,city_code,snowf,test-0,subject swim|access_code,False,0.7505701184272766,subject swim|access_code,False,15,0.2843564450740814,0.6475422978401184,-0.363185852766037,P2,development
subject encour|city_code,subject encour,city_code,snowf,test-1,subject solved|access_code,False,0.6793771386146545,subject solved|access_code,False,38,-0.2576448917388916,0.6444600820541382,-0.9021049737930298,P2,development
subject encour|city_code,subject encour,city_code,snowf,test-2,subject louder|access_code,False,0.8428036570549011,subject louder|access_code,False,5,0.5783347487449646,0.8051955699920654,-0.22686082124710083,P2,development
subject encour|city_code,subject encour,city_code,snowf,test-3,subject skills|city_code,False,0.8269876837730408,subject skills|city_code,False,5,0.6566067934036255,0.7896689772605896,-0.1330621838569641,P2,development
subject encour|access_code,subject encour,access_code,uncover,test-0,subject louder|access_code,False,0.6851668357849121,subject skills|access_code,False,5,0.528670608997345,0.6392747759819031,-0.1106041669845581,P2,development
subject encour|access_code,subject encour,access_code,uncover,test-1,subject excited|access_code,False,0.734959602355957,subject excited|access_code,False,6,0.5840941667556763,0.7127648591995239,-0.12867069244384766,P2,development
subject encour|access_code,subject encour,access_code,uncover,test-2,subject encour|access_code,True,0.9194188714027405,subject encour|access_code,True,1,0.8725963234901428,0.8704639673233032,0.0021323561668395996,P2,development
subject encour|access_code,subject encour,access_code,uncover,test-3,subject skills|access_code,False,0.7780916094779968,subject skills|access_code,False,2,0.7073312401771545,0.7573460340499878,-0.05001479387283325,P2,development
subject finds|registry_id,subject finds,registry_id,transform,test-0,subject finds|registry_id,True,0.9765725135803223,subject finds|registry_id,True,1,0.9642736911773682,0.7207575440406799,0.24351614713668823,P2,development
subject finds|registry_id,subject finds,registry_id,transform,test-1,subject finds|access_code,False,0.8211424350738525,subject finds|registry_id,True,1,0.8042068481445312,0.7897911071777344,0.014415740966796875,P2,development
subject finds|registry_id,subject finds,registry_id,transform,test-2,subject finds|registry_id,True,0.9750758409500122,subject finds|registry_id,True,1,0.962014377117157,0.658366322517395,0.30364805459976196,P2,development
subject finds|registry_id,subject finds,registry_id,transform,test-3,subject finds|registry_id,True,0.9231874346733093,subject finds|registry_id,True,1,0.9083564877510071,0.6927528381347656,0.21560364961624146,P2,development
subject finds|city_code,subject finds,city_code,spirit,test-0,subject finds|access_code,False,0.9202601909637451,subject finds|access_code,False,2,0.7797040343284607,0.9003686904907227,-0.12066465616226196,P2,development
subject finds|city_code,subject finds,city_code,spirit,test-1,subject finds|access_code,False,0.9325092434883118,subject finds|access_code,False,4,0.646969199180603,0.9096415042877197,-0.2626723051071167,P2,development
subject finds|city_code,subject finds,city_code,spirit,test-2,subject finds|access_code,False,0.9227108955383301,subject finds|access_code,False,2,0.8566468954086304,0.9069691896438599,-0.05032229423522949,P2,development
subject finds|city_code,subject finds,city_code,spirit,test-3,subject finds|city_code,True,0.8744761347770691,subject finds|city_code,True,1,0.8356279134750366,0.7698610424995422,0.06576687097549438,P2,development
subject finds|access_code,subject finds,access_code,door,test-0,subject finds|access_code,True,0.9072766900062561,subject finds|access_code,True,1,0.8702515363693237,0.7946445941925049,0.07560694217681885,P2,development
subject finds|access_code,subject finds,access_code,door,test-1,subject solved|access_code,False,0.8358142971992493,subject solved|access_code,False,3,0.7209504842758179,0.8077809810638428,-0.0868304967880249,P2,development
subject finds|access_code,subject finds,access_code,door,test-2,subject finds|access_code,True,0.9891368746757507,subject finds|access_code,True,1,0.9839747548103333,0.6752485036849976,0.3087262511253357,P2,development
subject finds|access_code,subject finds,access_code,door,test-3,subject finds|access_code,True,0.9209495186805725,subject finds|access_code,True,1,0.9013014435768127,0.6929264664649963,0.2083749771118164,P2,development
subject skills|registry_id,subject skills,registry_id,seek,test-0,subject skills|registry_id,True,0.9899585247039795,subject skills|registry_id,True,1,0.9907552003860474,0.6575026512145996,0.33325254917144775,P2,development
subject skills|registry_id,subject skills,registry_id,seek,test-1,subject skills|registry_id,True,0.8559832572937012,subject skills|access_code,False,2,0.8290464878082275,0.8353441953659058,-0.006297707557678223,P2,development
subject skills|registry_id,subject skills,registry_id,seek,test-2,subject skills|registry_id,True,0.9837392568588257,subject skills|registry_id,True,1,0.9821107387542725,0.6849642992019653,0.29714643955230713,P2,development
subject skills|registry_id,subject skills,registry_id,seek,test-3,subject skills|registry_id,True,0.9919096231460571,subject skills|registry_id,True,1,0.9925385117530823,0.6493349075317383,0.343203604221344,P2,development
subject skills|city_code,subject skills,city_code,sank,test-0,subject skills|access_code,False,0.9223064184188843,subject skills|access_code,False,2,0.8398703336715698,0.9073837995529175,-0.06751346588134766,P2,development
subject skills|city_code,subject skills,city_code,sank,test-1,subject skills|access_code,False,0.9355320930480957,subject skills|access_code,False,2,0.6486908197402954,0.9334307909011841,-0.28473997116088867,P2,development
subject skills|city_code,subject skills,city_code,sank,test-2,subject skills|city_code,True,0.9322288036346436,subject skills|access_code,False,2,0.9030625820159912,0.9196626543998718,-0.016600072383880615,P2,development
subject skills|city_code,subject skills,city_code,sank,test-3,subject skills|city_code,True,0.897823691368103,subject skills|city_code,True,1,0.8790255784988403,0.8433026671409607,0.03572291135787964,P2,development
subject skills|access_code,subject skills,access_code,whale,test-0,subject skills|access_code,True,0.8980305194854736,subject skills|city_code,False,2,0.8851993083953857,0.8854784965515137,-0.0002791881561279297,P2,development
subject skills|access_code,subject skills,access_code,whale,test-1,subject skills|access_code,True,0.8566105365753174,subject skills|access_code,True,1,0.8409943580627441,0.6551186442375183,0.18587571382522583,P2,development
subject skills|access_code,subject skills,access_code,whale,test-2,subject skills|access_code,True,0.9827191829681396,subject skills|access_code,True,1,0.9813262224197388,0.7202883958816528,0.26103782653808594,P2,development
subject skills|access_code,subject skills,access_code,whale,test-3,subject skills|access_code,True,0.9447834491729736,subject skills|access_code,True,1,0.928656816482544,0.8023688793182373,0.12628793716430664,P2,development
subject dawn|registry_id,subject dawn,registry_id,sneak,test-0,subject dawn|registry_id,True,0.977281391620636,subject dawn|registry_id,True,1,0.9642308354377747,0.7709426283836365,0.19328820705413818,P2,development
subject dawn|registry_id,subject dawn,registry_id,sneak,test-1,subject dawn|registry_id,True,0.8531619310379028,subject dawn|registry_id,True,1,0.8307241797447205,0.7813141345977783,0.04941004514694214,P2,development
subject dawn|registry_id,subject dawn,registry_id,sneak,test-2,subject dawn|registry_id,True,0.96773362159729,subject dawn|registry_id,True,1,0.9690272212028503,0.7642244100570679,0.20480281114578247,P2,development
subject dawn|registry_id,subject dawn,registry_id,sneak,test-3,subject dawn|registry_id,True,0.9888364672660828,subject dawn|registry_id,True,1,0.9839634299278259,0.722499430179596,0.26146399974823,P2,development
subject dawn|city_code,subject dawn,city_code,shiny,test-0,subject dawn|access_code,False,0.8655309677124023,subject dawn|access_code,False,2,0.749851405620575,0.8598904609680176,-0.11003905534744263,P2,development
subject dawn|city_code,subject dawn,city_code,shiny,test-1,subject dawn|access_code,False,0.8925471305847168,subject dawn|access_code,False,5,0.5769542455673218,0.8753618001937866,-0.29840755462646484,P2,development
subject dawn|city_code,subject dawn,city_code,shiny,test-2,subject dawn|access_code,False,0.9043864607810974,subject dawn|access_code,False,2,0.8350088000297546,0.8967023491859436,-0.061693549156188965,P2,development
subject dawn|city_code,subject dawn,city_code,shiny,test-3,subject dawn|registry_id,False,0.8206062316894531,subject dawn|registry_id,False,2,0.7829115390777588,0.7923374772071838,-0.009425938129425049,P2,development
subject dawn|access_code,subject dawn,access_code,pretending,test-0,subject dawn|access_code,True,0.7466583251953125,subject dawn|access_code,True,1,0.7228208184242249,0.7163848280906677,0.006435990333557129,P2,development
subject dawn|access_code,subject dawn,access_code,pretending,test-1,subject dawn|access_code,True,0.8898669481277466,subject dawn|access_code,True,1,0.865053117275238,0.6992577314376831,0.16579538583755493,P2,development
subject dawn|access_code,subject dawn,access_code,pretending,test-2,subject dawn|access_code,True,0.9601211547851562,subject dawn|access_code,True,1,0.9618098139762878,0.7329163551330566,0.2288934588432312,P2,development
subject dawn|access_code,subject dawn,access_code,pretending,test-3,subject dawn|access_code,True,0.9045748710632324,subject dawn|access_code,True,1,0.8776428699493408,0.7400121092796326,0.13763076066970825,P2,development
subject swung|registry_id,subject swung,registry_id,outs,test-0,subject swung|registry_id,True,0.9809248447418213,subject swung|registry_id,True,1,0.9660928249359131,0.7927961349487305,0.17329668998718262,P2,development
subject swung|registry_id,subject swung,registry_id,outs,test-1,subject swung|registry_id,True,0.7586161494255066,subject swung|registry_id,True,1,0.7376466393470764,0.6462112665176392,0.09143537282943726,P2,development
subject swung|registry_id,subject swung,registry_id,outs,test-2,subject swung|registry_id,True,0.9538352489471436,subject swung|registry_id,True,1,0.9541093111038208,0.7516677975654602,0.2024415135383606,P2,development
subject swung|registry_id,subject swung,registry_id,outs,test-3,subject swung|registry_id,True,0.9780167937278748,subject swung|registry_id,True,1,0.9792503714561462,0.80515456199646,0.17409580945968628,P2,development
subject swung|city_code,subject swung,city_code,loomed,test-0,subject swung|access_code,False,0.7752498984336853,subject swung|access_code,False,2,0.7090550661087036,0.7716308236122131,-0.06257575750350952,P2,development
subject swung|city_code,subject swung,city_code,loomed,test-1,subject swung|access_code,False,0.8914802670478821,subject swung|access_code,False,6,0.43956461548805237,0.8657263517379761,-0.4261617362499237,P2,development
subject swung|city_code,subject swung,city_code,loomed,test-2,subject swung|access_code,False,0.8998446464538574,subject swung|access_code,False,2,0.7993364334106445,0.8872193694114685,-0.08788293600082397,P2,development
subject swung|city_code,subject swung,city_code,loomed,test-3,subject swung|city_code,True,0.8167809247970581,subject swung|city_code,True,1,0.805341899394989,0.6929458379745483,0.11239606142044067,P2,development
subject swung|access_code,subject swung,access_code,heavy,test-0,subject swung|city_code,False,0.7651292681694031,subject swung|city_code,False,3,0.6817600727081299,0.7443544864654541,-0.06259441375732422,P2,development
subject swung|access_code,subject swung,access_code,heavy,test-1,subject swung|access_code,True,0.8581655621528625,subject swung|access_code,True,1,0.8300631642341614,0.6562044620513916,0.17385870218276978,P2,development
subject swung|access_code,subject swung,access_code,heavy,test-2,subject swung|access_code,True,0.959327220916748,subject swung|access_code,True,1,0.9617786407470703,0.7127205729484558,0.2490580677986145,P2,development
subject swung|access_code,subject swung,access_code,heavy,test-3,subject swung|access_code,True,0.8890855312347412,subject swung|access_code,True,1,0.8778843879699707,0.7139319181442261,0.16395246982574463,P2,development
subject lovely|registry_id,subject lovely,registry_id,swayed,test-0,subject lovely|registry_id,True,0.9716291427612305,subject lovely|registry_id,True,1,0.9683522582054138,0.7192768454551697,0.24907541275024414,P2,development
subject lovely|registry_id,subject lovely,registry_id,swayed,test-1,subject lovely|access_code,False,0.8451724648475647,subject lovely|registry_id,True,1,0.8314204216003418,0.8269502520561218,0.004470169544219971,P2,development
subject lovely|registry_id,subject lovely,registry_id,swayed,test-2,subject lovely|registry_id,True,0.9637797474861145,subject lovely|registry_id,True,1,0.9580731391906738,0.6880690455436707,0.2700040936470032,P2,development
subject lovely|registry_id,subject lovely,registry_id,swayed,test-3,subject lovely|registry_id,True,0.9827008843421936,subject lovely|registry_id,True,1,0.9836003184318542,0.6483568549156189,0.33524346351623535,P2,development
subject lovely|city_code,subject lovely,city_code,favorite,test-0,subject lovely|access_code,False,0.9084420204162598,subject lovely|access_code,False,2,0.8087897300720215,0.8922171592712402,-0.08342742919921875,P2,development
subject lovely|city_code,subject lovely,city_code,favorite,test-1,subject lovely|access_code,False,0.9366991519927979,subject lovely|access_code,False,2,0.6991519927978516,0.9271785020828247,-0.22802650928497314,P2,development
subject lovely|city_code,subject lovely,city_code,favorite,test-2,subject lovely|city_code,True,0.9265145063400269,subject lovely|city_code,True,1,0.8947179317474365,0.8526901602745056,0.04202777147293091,P2,development
subject lovely|city_code,subject lovely,city_code,favorite,test-3,subject lovely|city_code,True,0.8725947737693787,subject lovely|city_code,True,1,0.850705087184906,0.761851966381073,0.08885312080383301,P2,development
subject lovely|access_code,subject lovely,access_code,higher,test-0,subject lovely|access_code,True,0.8641101121902466,subject lovely|access_code,True,1,0.8314200043678284,0.790301501750946,0.041118502616882324,P2,development
subject lovely|access_code,subject lovely,access_code,higher,test-1,subject lovely|access_code,True,0.9538334012031555,subject lovely|access_code,True,1,0.9382947087287903,0.8075035214424133,0.13079118728637695,P2,development
subject lovely|access_code,subject lovely,access_code,higher,test-2,subject lovely|access_code,True,0.970079779624939,subject lovely|access_code,True,1,0.9642161130905151,0.7175289988517761,0.246687114238739,P2,development
subject lovely|access_code,subject lovely,access_code,higher,test-3,subject lovely|access_code,True,0.9187639951705933,subject lovely|access_code,True,1,0.9155513048171997,0.6751044988632202,0.2404468059539795,P2,development
