fact_id,entity,attribute,answer,template_id,row_1nn_prediction,row_1nn_correct,row_1nn_similarity,centroid_prediction,centroid_correct,centroid_rank,true_centroid_similarity,best_wrong_centroid_similarity,centroid_margin,variant,query_split
subject joked|registry_id,subject joked,registry_id,carved,validation-0,subject deer|registry_id,False,0.8918449878692627,subject louder|registry_id,False,10,0.7598944902420044,0.7728596925735474,-0.012965202331542969,Q0,validation
subject joked|registry_id,subject joked,registry_id,carved,validation-1,subject joked|registry_id,True,0.9680621027946472,subject joked|registry_id,True,1,0.8857042789459229,0.8766080141067505,0.009096264839172363,Q0,validation
subject joked|city_code,subject joked,city_code,prize,validation-0,subject louder|access_code,False,0.8899636268615723,subject dawn|access_code,False,46,0.7842500805854797,0.8070958852767944,-0.022845804691314697,Q0,validation
subject joked|city_code,subject joked,city_code,prize,validation-1,subject joked|city_code,True,0.9773380756378174,subject joked|access_code,False,2,0.8755953311920166,0.8808362483978271,-0.005240917205810547,Q0,validation
subject joked|access_code,subject joked,access_code,train,validation-0,subject deer|registry_id,False,0.8888984322547913,subject dawn|access_code,False,21,0.7749588489532471,0.7878431081771851,-0.012884259223937988,Q0,validation
subject joked|access_code,subject joked,access_code,train,validation-1,subject joked|access_code,True,0.9787350296974182,subject joked|access_code,True,1,0.8891971707344055,0.8785607814788818,0.010636389255523682,Q0,validation
subject clut|registry_id,subject clut,registry_id,guide,validation-0,subject joked|registry_id,False,0.8866334557533264,subject louder|registry_id,False,30,0.7325825691223145,0.7520444393157959,-0.019461870193481445,Q0,validation
subject clut|registry_id,subject clut,registry_id,guide,validation-1,subject louder|registry_id,False,0.9651059508323669,subject clut|registry_id,True,1,0.8927686810493469,0.8905136585235596,0.0022550225257873535,Q0,validation
subject clut|city_code,subject clut,city_code,connecting,validation-0,subject lovely|registry_id,False,0.8973144292831421,subject dawn|access_code,False,20,0.781701922416687,0.7934954166412354,-0.01179349422454834,Q0,validation
subject clut|city_code,subject clut,city_code,connecting,validation-1,subject joked|access_code,False,0.9328931570053101,subject joked|access_code,False,29,0.8347188234329224,0.8610031008720398,-0.02628427743911743,Q0,validation
subject clut|access_code,subject clut,access_code,calm,validation-0,subject deer|registry_id,False,0.8812972903251648,subject dawn|access_code,False,16,0.7620197534561157,0.770615816116333,-0.008596062660217285,Q0,validation
subject clut|access_code,subject clut,access_code,calm,validation-1,subject joked|access_code,False,0.9356464147567749,subject joked|access_code,False,12,0.8536529541015625,0.8687318563461304,-0.015078902244567871,Q0,validation
subject louder|registry_id,subject louder,registry_id,worries,validation-0,subject deer|registry_id,False,0.8867712020874023,subject louder|registry_id,True,1,0.7505286931991577,0.747630774974823,0.002897918224334717,Q0,validation
subject louder|registry_id,subject louder,registry_id,worries,validation-1,subject louder|registry_id,True,0.9656704664230347,subject clut|registry_id,False,9,0.8824141025543213,0.8935916423797607,-0.011177539825439453,Q0,validation
subject louder|city_code,subject louder,city_code,glow,validation-0,subject lovely|registry_id,False,0.8924731016159058,subject dawn|access_code,False,22,0.77347731590271,0.7851009368896484,-0.011623620986938477,Q0,validation
subject louder|city_code,subject louder,city_code,glow,validation-1,subject joked|access_code,False,0.9337603449821472,subject joked|access_code,False,19,0.8445801734924316,0.8620765209197998,-0.017496347427368164,Q0,validation
subject louder|access_code,subject louder,access_code,glanc,validation-0,subject deer|registry_id,False,0.8817354440689087,subject dawn|access_code,False,15,0.7619181871414185,0.7707324624061584,-0.00881427526473999,Q0,validation
subject louder|access_code,subject louder,access_code,glanc,validation-1,subject joked|access_code,False,0.9301908612251282,subject joked|access_code,False,3,0.8623584508895874,0.8664723634719849,-0.004113912582397461,Q0,validation
subject deer|registry_id,subject deer,registry_id,beep,validation-0,subject deer|registry_id,True,0.8784673810005188,subject shimmered|registry_id,False,11,0.7269394993782043,0.7379577159881592,-0.011018216609954834,Q0,validation
subject deer|registry_id,subject deer,registry_id,beep,validation-1,subject louder|registry_id,False,0.9659174680709839,subject clut|registry_id,False,2,0.8910297751426697,0.8939195275306702,-0.0028897523880004883,Q0,validation
subject deer|city_code,subject deer,city_code,students,validation-0,subject lovely|registry_id,False,0.8916792869567871,subject dawn|city_code,False,11,0.7843249440193176,0.79218989610672,-0.007864952087402344,Q0,validation
subject deer|city_code,subject deer,city_code,students,validation-1,subject joked|access_code,False,0.9375566840171814,subject joked|access_code,False,11,0.8510349988937378,0.8664605021476746,-0.015425503253936768,Q0,validation
subject deer|access_code,subject deer,access_code,bond,validation-0,subject deer|registry_id,False,0.8823333978652954,subject dawn|access_code,False,11,0.7553685903549194,0.7628730535507202,-0.007504463195800781,Q0,validation
subject deer|access_code,subject deer,access_code,bond,validation-1,subject joked|access_code,False,0.9379076957702637,subject joked|access_code,False,5,0.8628863096237183,0.8717383146286011,-0.008852005004882812,Q0,validation
subject sent|registry_id,subject sent,registry_id,butterf,validation-0,subject lovely|registry_id,False,0.921682596206665,subject encour|registry_id,False,19,0.7793022394180298,0.7977966666221619,-0.01849442720413208,Q0,validation
subject sent|registry_id,subject sent,registry_id,butterf,validation-1,subject sent|registry_id,True,0.9624702334403992,subject sent|registry_id,True,1,0.8910889625549316,0.890848696231842,0.0002402663230895996,Q0,validation
subject sent|city_code,subject sent,city_code,clapped,validation-0,subject joked|registry_id,False,0.9144995808601379,subject dawn|access_code,False,8,0.7965703010559082,0.8024237751960754,-0.005853474140167236,Q0,validation
subject sent|city_code,subject sent,city_code,clapped,validation-1,subject sent|access_code,False,0.9723173379898071,subject joked|access_code,False,4,0.8778324127197266,0.8817413449287415,-0.003908932209014893,Q0,validation
subject sent|access_code,subject sent,access_code,breathe,validation-0,subject sent|access_code,True,0.9098067283630371,subject dawn|access_code,False,2,0.8200086355209351,0.8202263116836548,-0.00021767616271972656,Q0,validation
subject sent|access_code,subject sent,access_code,breathe,validation-1,subject sent|access_code,True,0.9689478278160095,subject sent|access_code,True,1,0.8816896677017212,0.8759558200836182,0.005733847618103027,Q0,validation
subject shimmered|registry_id,subject shimmered,registry_id,shining,validation-0,subject deer|registry_id,False,0.8978132605552673,subject louder|registry_id,False,2,0.7891749739646912,0.7918906211853027,-0.0027156472206115723,Q0,validation
subject shimmered|registry_id,subject shimmered,registry_id,shining,validation-1,subject louder|registry_id,False,0.9617408514022827,subject clut|registry_id,False,17,0.8637776970863342,0.8923224210739136,-0.028544723987579346,Q0,validation
subject shimmered|city_code,subject shimmered,city_code,house,validation-0,subject skills|city_code,False,0.8989282846450806,subject dawn|access_code,False,3,0.8007946610450745,0.8033446669578552,-0.0025500059127807617,Q0,validation
subject shimmered|city_code,subject shimmered,city_code,house,validation-1,subject joked|access_code,False,0.9322068691253662,subject joked|access_code,False,35,0.823591947555542,0.8634847402572632,-0.03989279270172119,Q0,validation
subject shimmered|access_code,subject shimmered,access_code,inno,validation-0,subject deer|registry_id,False,0.8896839618682861,subject dawn|access_code,False,22,0.7766650319099426,0.7923106551170349,-0.015645623207092285,Q0,validation
subject shimmered|access_code,subject shimmered,access_code,inno,validation-1,subject joked|access_code,False,0.9290205240249634,subject joked|access_code,False,29,0.8365765810012817,0.8660281896591187,-0.029451608657836914,Q0,validation
subject solved|registry_id,subject solved,registry_id,bottle,validation-0,subject louder|registry_id,False,0.8892852067947388,subject louder|registry_id,False,32,0.7209686636924744,0.7396628856658936,-0.01869422197341919,Q0,validation
subject solved|registry_id,subject solved,registry_id,bottle,validation-1,subject sent|registry_id,False,0.9552395343780518,subject clut|registry_id,False,6,0.8861323595046997,0.895557165145874,-0.009424805641174316,Q0,validation
subject solved|city_code,subject solved,city_code,gloom,validation-0,subject lovely|registry_id,False,0.8987609148025513,subject dawn|city_code,False,32,0.7756083607673645,0.7930254936218262,-0.01741713285446167,Q0,validation
subject solved|city_code,subject solved,city_code,gloom,validation-1,subject solved|access_code,False,0.9734440445899963,subject encour|access_code,False,28,0.87132328748703,0.8922130465507507,-0.020889759063720703,Q0,validation
subject solved|access_code,subject solved,access_code,huge,validation-0,subject deer|registry_id,False,0.8819295167922974,subject dawn|access_code,False,20,0.7567387819290161,0.770290732383728,-0.013551950454711914,Q0,validation
subject solved|access_code,subject solved,access_code,huge,validation-1,subject solved|access_code,True,0.9752687215805054,subject encour|access_code,False,12,0.8831053972244263,0.8966732025146484,-0.013567805290222168,Q0,validation
subject swim|registry_id,subject swim,registry_id,whatever,validation-0,subject deer|registry_id,False,0.8894004821777344,subject louder|registry_id,False,8,0.7437191605567932,0.7512710094451904,-0.007551848888397217,Q0,validation
subject swim|registry_id,subject swim,registry_id,whatever,validation-1,subject louder|registry_id,False,0.9648147821426392,subject clut|registry_id,False,10,0.8800090551376343,0.8923516869544983,-0.012342631816864014,Q0,validation
subject swim|city_code,subject swim,city_code,arms,validation-0,subject lovely|registry_id,False,0.897989809513092,subject dawn|access_code,False,4,0.7942279577255249,0.7968025207519531,-0.0025745630264282227,Q0,validation
subject swim|city_code,subject swim,city_code,arms,validation-1,subject joked|access_code,False,0.9335815906524658,subject joked|access_code,False,16,0.8434017300605774,0.8610866069793701,-0.017684876918792725,Q0,validation
subject swim|access_code,subject swim,access_code,gems,validation-0,subject swim|registry_id,False,0.8813468217849731,subject dawn|access_code,False,11,0.7644785642623901,0.7715283036231995,-0.007049739360809326,Q0,validation
subject swim|access_code,subject swim,access_code,gems,validation-1,subject joked|access_code,False,0.933058500289917,subject joked|access_code,False,3,0.859093189239502,0.8648726940155029,-0.0057795047760009766,Q0,validation
subject deter|registry_id,subject deter,registry_id,jumped,validation-0,subject deer|registry_id,False,0.8900258541107178,subject louder|registry_id,False,25,0.7402030229568481,0.7569032311439514,-0.01670020818710327,Q0,validation
subject deter|registry_id,subject deter,registry_id,jumped,validation-1,subject louder|registry_id,False,0.9648407697677612,subject clut|registry_id,False,5,0.8848491311073303,0.8940407037734985,-0.009191572666168213,Q0,validation
subject deter|city_code,subject deter,city_code,snowman,validation-0,subject louder|city_code,False,0.8935214281082153,subject dawn|access_code,False,33,0.7954291105270386,0.8105675578117371,-0.015138447284698486,Q0,validation
subject deter|city_code,subject deter,city_code,snowman,validation-1,subject joked|access_code,False,0.937880277633667,subject joked|access_code,False,30,0.8377507925033569,0.8646988272666931,-0.02694803476333618,Q0,validation
subject deter|access_code,subject deter,access_code,after,validation-0,subject deer|registry_id,False,0.8836053609848022,subject dawn|access_code,False,32,0.7662867903709412,0.7830072641372681,-0.016720473766326904,Q0,validation
subject deter|access_code,subject deter,access_code,after,validation-1,subject joked|access_code,False,0.9372373819351196,subject joked|access_code,False,22,0.8419764041900635,0.8676323294639587,-0.025655925273895264,Q0,validation
subject excited|registry_id,subject excited,registry_id,tricky,validation-0,subject deer|registry_id,False,0.8900531530380249,subject louder|registry_id,False,26,0.7317699790000916,0.7468321919441223,-0.015062212944030762,Q0,validation
subject excited|registry_id,subject excited,registry_id,tricky,validation-1,subject louder|registry_id,False,0.9644063711166382,subject clut|registry_id,False,12,0.8790405988693237,0.8935639262199402,-0.014523327350616455,Q0,validation
subject excited|city_code,subject excited,city_code,conqu,validation-0,subject lovely|registry_id,False,0.8996438980102539,subject dawn|access_code,False,18,0.7913045883178711,0.8028934001922607,-0.011588811874389648,Q0,validation
subject excited|city_code,subject excited,city_code,conqu,validation-1,subject joked|access_code,False,0.9363153576850891,subject joked|access_code,False,22,0.8449704647064209,0.8657088279724121,-0.02073836326599121,Q0,validation
subject excited|access_code,subject excited,access_code,imag,validation-0,subject deer|registry_id,False,0.8875999450683594,subject dawn|access_code,False,7,0.7888481616973877,0.7951145172119141,-0.006266355514526367,Q0,validation
subject excited|access_code,subject excited,access_code,imag,validation-1,subject joked|access_code,False,0.9370356798171997,subject joked|access_code,False,15,0.8541038036346436,0.871174693107605,-0.017070889472961426,Q0,validation
subject encour|registry_id,subject encour,registry_id,safely,validation-0,subject deer|registry_id,False,0.8880829811096191,subject louder|registry_id,False,2,0.7463594675064087,0.7496427297592163,-0.003283262252807617,Q0,validation
subject encour|registry_id,subject encour,registry_id,safely,validation-1,subject louder|registry_id,False,0.9631535410881042,subject clut|registry_id,False,6,0.8809680342674255,0.890209436416626,-0.00924140214920044,Q0,validation
subject encour|city_code,subject encour,city_code,snowf,validation-0,subject lovely|registry_id,False,0.8966277241706848,subject dawn|city_code,False,7,0.790736198425293,0.7957682609558105,-0.005032062530517578,Q0,validation
subject encour|city_code,subject encour,city_code,snowf,validation-1,subject joked|access_code,False,0.9330862760543823,subject joked|access_code,False,3,0.8537722826004028,0.8611344695091248,-0.007362186908721924,Q0,validation
subject encour|access_code,subject encour,access_code,uncover,validation-0,subject deer|registry_id,False,0.8823363184928894,subject dawn|access_code,False,3,0.7653067111968994,0.7688653469085693,-0.003558635711669922,Q0,validation
subject encour|access_code,subject encour,access_code,uncover,validation-1,subject joked|access_code,False,0.9377681612968445,subject joked|access_code,False,2,0.8672357797622681,0.8706512451171875,-0.0034154653549194336,Q0,validation
subject finds|registry_id,subject finds,registry_id,transform,validation-0,subject deer|registry_id,False,0.888522744178772,subject louder|registry_id,False,31,0.728868842124939,0.7479091882705688,-0.019040346145629883,Q0,validation
subject finds|registry_id,subject finds,registry_id,transform,validation-1,subject louder|registry_id,False,0.9666501879692078,subject clut|registry_id,False,14,0.875583291053772,0.8930742144584656,-0.017490923404693604,Q0,validation
subject finds|city_code,subject finds,city_code,spirit,validation-0,subject lovely|registry_id,False,0.8990751504898071,subject dawn|access_code,False,39,0.773897111415863,0.7952295541763306,-0.02133244276046753,Q0,validation
subject finds|city_code,subject finds,city_code,spirit,validation-1,subject joked|access_code,False,0.9398203492164612,subject joked|access_code,False,21,0.8444349765777588,0.8660446405410767,-0.02160966396331787,Q0,validation
subject finds|access_code,subject finds,access_code,door,validation-0,subject deer|registry_id,False,0.8815807104110718,subject dawn|access_code,False,22,0.7545725107192993,0.7687121033668518,-0.01413959264755249,Q0,validation
subject finds|access_code,subject finds,access_code,door,validation-1,subject joked|access_code,False,0.9413497447967529,subject joked|access_code,False,9,0.8583067059516907,0.8717766404151917,-0.013469934463500977,Q0,validation
subject skills|registry_id,subject skills,registry_id,seek,validation-0,subject joked|registry_id,False,0.8862496614456177,subject louder|registry_id,False,6,0.7431018352508545,0.7489123940467834,-0.005810558795928955,Q0,validation
subject skills|registry_id,subject skills,registry_id,seek,validation-1,subject louder|registry_id,False,0.9651238322257996,subject clut|registry_id,False,15,0.873660683631897,0.8924331068992615,-0.018772423267364502,Q0,validation
subject skills|city_code,subject skills,city_code,sank,validation-0,subject lovely|registry_id,False,0.8977702856063843,subject dawn|access_code,False,6,0.7871154546737671,0.7910629510879517,-0.00394749641418457,Q0,validation
subject skills|city_code,subject skills,city_code,sank,validation-1,subject joked|access_code,False,0.9366064071655273,subject joked|access_code,False,27,0.841285228729248,0.8652664422988892,-0.023981213569641113,Q0,validation
subject skills|access_code,subject skills,access_code,whale,validation-0,subject deer|registry_id,False,0.8792513608932495,subject dawn|access_code,False,5,0.7637335062026978,0.7678247690200806,-0.0040912628173828125,Q0,validation
subject skills|access_code,subject skills,access_code,whale,validation-1,subject joked|access_code,False,0.9364296197891235,subject encour|access_code,False,9,0.8597245812416077,0.8699283599853516,-0.010203778743743896,Q0,validation
subject dawn|registry_id,subject dawn,registry_id,sneak,validation-0,subject louder|registry_id,False,0.8935719728469849,subject louder|registry_id,False,2,0.7539801001548767,0.7546875476837158,-0.0007074475288391113,Q0,validation
subject dawn|registry_id,subject dawn,registry_id,sneak,validation-1,subject louder|registry_id,False,0.9624692797660828,subject clut|registry_id,False,5,0.883531928062439,0.8909269571304321,-0.007395029067993164,Q0,validation
subject dawn|city_code,subject dawn,city_code,shiny,validation-0,subject joked|registry_id,False,0.8913249969482422,subject dawn|city_code,True,1,0.7941080331802368,0.7903811931610107,0.0037268400192260742,Q0,validation
subject dawn|city_code,subject dawn,city_code,shiny,validation-1,subject joked|access_code,False,0.9297699332237244,subject joked|access_code,False,25,0.8405139446258545,0.861021876335144,-0.02050793170928955,Q0,validation
subject dawn|access_code,subject dawn,access_code,pretending,validation-0,subject deer|registry_id,False,0.8830658197402954,subject dawn|access_code,True,1,0.7817311882972717,0.7784628868103027,0.003268301486968994,Q0,validation
subject dawn|access_code,subject dawn,access_code,pretending,validation-1,subject joked|access_code,False,0.9330818057060242,subject joked|access_code,False,12,0.855083703994751,0.8682777285575867,-0.013194024562835693,Q0,validation
subject swung|registry_id,subject swung,registry_id,outs,validation-0,subject deer|registry_id,False,0.8886399865150452,subject louder|registry_id,False,14,0.7357147336006165,0.7473387718200684,-0.011624038219451904,Q0,validation
subject swung|registry_id,subject swung,registry_id,outs,validation-1,subject louder|registry_id,False,0.9651088714599609,subject clut|registry_id,False,4,0.887688159942627,0.8941018581390381,-0.006413698196411133,Q0,validation
subject swung|city_code,subject swung,city_code,loomed,validation-0,subject lovely|registry_id,False,0.8981755971908569,subject dawn|access_code,False,7,0.7932647466659546,0.7989500761032104,-0.005685329437255859,Q0,validation
subject swung|city_code,subject swung,city_code,loomed,validation-1,subject joked|access_code,False,0.9321019649505615,subject joked|access_code,False,10,0.8459597826004028,0.8615878820419312,-0.01562809944152832,Q0,validation
subject swung|access_code,subject swung,access_code,heavy,validation-0,subject deer|registry_id,False,0.8888062238693237,subject dawn|access_code,False,13,0.7576930522918701,0.7662724256515503,-0.008579373359680176,Q0,validation
subject swung|access_code,subject swung,access_code,heavy,validation-1,subject joked|access_code,False,0.9329338073730469,subject joked|access_code,False,16,0.846174955368042,0.865473747253418,-0.019298791885375977,Q0,validation
subject lovely|registry_id,subject lovely,registry_id,swayed,validation-0,subject deer|registry_id,False,0.8645436763763428,subject shimmered|registry_id,False,5,0.7274843454360962,0.7349679470062256,-0.0074836015701293945,Q0,validation
subject lovely|registry_id,subject lovely,registry_id,swayed,validation-1,subject louder|registry_id,False,0.965664267539978,subject clut|registry_id,False,13,0.8785527944564819,0.8934518098831177,-0.014899015426635742,Q0,validation
subject lovely|city_code,subject lovely,city_code,favorite,validation-0,subject lovely|registry_id,False,0.8968175053596497,subject lovely|city_code,True,1,0.7992122173309326,0.7991899847984314,2.2232532501220703e-05,Q0,validation
subject lovely|city_code,subject lovely,city_code,favorite,validation-1,subject joked|city_code,False,0.93646639585495,subject joked|access_code,False,9,0.8537909388542175,0.8644741773605347,-0.010683238506317139,Q0,validation
subject lovely|access_code,subject lovely,access_code,higher,validation-0,subject deer|registry_id,False,0.8754635453224182,subject dawn|access_code,False,2,0.7729594707489014,0.7731341123580933,-0.00017464160919189453,Q0,validation
subject lovely|access_code,subject lovely,access_code,higher,validation-1,subject joked|access_code,False,0.9352679252624512,subject joked|access_code,False,3,0.8646608591079712,0.8688954710960388,-0.004234611988067627,Q0,validation
subject joked|registry_id,subject joked,registry_id,carved,test-0,subject joked|registry_id,True,0.8730313181877136,subject deer|registry_id,False,3,0.8032021522521973,0.8137645125389099,-0.010562360286712646,Q0,test
subject joked|registry_id,subject joked,registry_id,carved,test-1,subject louder|registry_id,False,0.9350172281265259,subject skills|city_code,False,45,0.7905982732772827,0.8230594396591187,-0.03246116638183594,Q0,test
subject joked|registry_id,subject joked,registry_id,carved,test-2,subject joked|registry_id,True,0.9435989856719971,subject joked|registry_id,True,1,0.8771251440048218,0.8685270547866821,0.008598089218139648,Q0,test
subject joked|registry_id,subject joked,registry_id,carved,test-3,subject joked|registry_id,True,0.894858181476593,subject skills|city_code,False,5,0.819878101348877,0.82537841796875,-0.005500316619873047,Q0,test
subject joked|city_code,subject joked,city_code,prize,test-0,subject joked|registry_id,False,0.9120569825172424,subject deer|registry_id,False,13,0.8006353378295898,0.8216227293014526,-0.020987391471862793,Q0,test
subject joked|city_code,subject joked,city_code,prize,test-1,subject swim|city_code,False,0.9241803288459778,subject skills|city_code,False,38,0.7905068397521973,0.8174747228622437,-0.026967883110046387,Q0,test
subject joked|city_code,subject joked,city_code,prize,test-2,subject joked|access_code,False,0.9610956907272339,subject joked|access_code,False,2,0.8758280873298645,0.8758983612060547,-7.027387619018555e-05,Q0,test
subject joked|city_code,subject joked,city_code,prize,test-3,subject joked|registry_id,False,0.9079445600509644,subject skills|city_code,False,5,0.8209027051925659,0.8333242535591125,-0.01242154836654663,Q0,test
subject joked|access_code,subject joked,access_code,train,test-0,subject joked|registry_id,False,0.8767322301864624,subject deer|city_code,False,8,0.806157648563385,0.8220517635345459,-0.01589411497116089,Q0,test
subject joked|access_code,subject joked,access_code,train,test-1,subject swim|city_code,False,0.9276846647262573,subject encour|access_code,False,34,0.799019992351532,0.8215048909187317,-0.022484898567199707,Q0,test
subject joked|access_code,subject joked,access_code,train,test-2,subject joked|access_code,True,0.9632955193519592,subject joked|access_code,True,1,0.877490758895874,0.8764954209327698,0.000995337963104248,Q0,test
subject joked|access_code,subject joked,access_code,train,test-3,subject joked|registry_id,False,0.8998832702636719,subject skills|city_code,False,34,0.7968062162399292,0.8215036392211914,-0.024697422981262207,Q0,test
subject clut|registry_id,subject clut,registry_id,guide,test-0,subject deer|registry_id,False,0.9060826301574707,subject deer|registry_id,False,4,0.8351848125457764,0.8522002100944519,-0.017015397548675537,Q0,test
subject clut|registry_id,subject clut,registry_id,guide,test-1,subject louder|registry_id,False,0.9346174001693726,subject skills|city_code,False,38,0.793076753616333,0.819438099861145,-0.02636134624481201,Q0,test
subject clut|registry_id,subject clut,registry_id,guide,test-2,subject louder|registry_id,False,0.9462647438049316,subject sent|registry_id,False,3,0.8814531564712524,0.88478684425354,-0.0033336877822875977,Q0,test
subject clut|registry_id,subject clut,registry_id,guide,test-3,subject lovely|registry_id,False,0.9149686694145203,subject skills|registry_id,False,9,0.7997097373008728,0.812830924987793,-0.013121187686920166,Q0,test
subject clut|city_code,subject clut,city_code,connecting,test-0,subject deer|registry_id,False,0.8825713396072388,subject deer|registry_id,False,19,0.7786697149276733,0.8099930286407471,-0.03132331371307373,Q0,test
subject clut|city_code,subject clut,city_code,connecting,test-1,subject swim|city_code,False,0.9236021041870117,subject skills|city_code,False,18,0.8048372268676758,0.8172835111618042,-0.012446284294128418,Q0,test
subject clut|city_code,subject clut,city_code,connecting,test-2,subject sent|city_code,False,0.9531036615371704,subject deer|access_code,False,13,0.8701635599136353,0.8837605714797974,-0.01359701156616211,Q0,test
subject clut|city_code,subject clut,city_code,connecting,test-3,subject finds|registry_id,False,0.9081133604049683,subject skills|registry_id,False,15,0.7941416501998901,0.8197389245033264,-0.02559727430343628,Q0,test
subject clut|access_code,subject clut,access_code,calm,test-0,subject lovely|registry_id,False,0.8780809640884399,subject deer|registry_id,False,16,0.7822952270507812,0.8126648664474487,-0.03036963939666748,Q0,test
subject clut|access_code,subject clut,access_code,calm,test-1,subject swim|city_code,False,0.9255093336105347,subject deter|access_code,False,22,0.8065102100372314,0.8195114135742188,-0.013001203536987305,Q0,test
subject clut|access_code,subject clut,access_code,calm,test-2,subject sent|access_code,False,0.9506679177284241,subject joked|access_code,False,18,0.8633816242218018,0.8780151605606079,-0.014633536338806152,Q0,test
subject clut|access_code,subject clut,access_code,calm,test-3,subject lovely|registry_id,False,0.9111586809158325,subject skills|registry_id,False,16,0.7927772998809814,0.813499927520752,-0.020722627639770508,Q0,test
subject louder|registry_id,subject louder,registry_id,worries,test-0,subject deer|registry_id,False,0.900130569934845,subject deer|registry_id,False,3,0.837399959564209,0.8534917831420898,-0.01609182357788086,Q0,test
subject louder|registry_id,subject louder,registry_id,worries,test-1,subject louder|registry_id,True,0.9343705177307129,subject skills|city_code,False,24,0.8064281344413757,0.8198296427726746,-0.013401508331298828,Q0,test
subject louder|registry_id,subject louder,registry_id,worries,test-2,subject louder|registry_id,True,0.9561696648597717,subject sent|registry_id,False,10,0.8836183547973633,0.8923517465591431,-0.008733391761779785,Q0,test
subject louder|registry_id,subject louder,registry_id,worries,test-3,subject lovely|registry_id,False,0.9088594317436218,subject skills|registry_id,False,2,0.8059881925582886,0.8110055923461914,-0.005017399787902832,Q0,test
subject louder|city_code,subject louder,city_code,glow,test-0,subject deer|registry_id,False,0.8824563026428223,subject deer|registry_id,False,26,0.7491438388824463,0.7933886051177979,-0.04424476623535156,Q0,test
subject louder|city_code,subject louder,city_code,glow,test-1,subject swim|city_code,False,0.9250389337539673,subject skills|city_code,False,3,0.8154399991035461,0.8187432289123535,-0.003303229808807373,Q0,test
subject louder|city_code,subject louder,city_code,glow,test-2,subject solved|city_code,False,0.9511785507202148,subject deer|access_code,False,30,0.866491436958313,0.8841187953948975,-0.017627358436584473,Q0,test
subject louder|city_code,subject louder,city_code,glow,test-3,subject finds|registry_id,False,0.909866213798523,subject skills|registry_id,False,12,0.787216067314148,0.811721682548523,-0.024505615234375,Q0,test
subject louder|access_code,subject louder,access_code,glanc,test-0,subject lovely|registry_id,False,0.8822429180145264,subject deer|registry_id,False,28,0.7762528657913208,0.8143565058708191,-0.03810364007949829,Q0,test
subject louder|access_code,subject louder,access_code,glanc,test-1,subject swim|city_code,False,0.9275681376457214,subject deter|access_code,False,8,0.8180139064788818,0.8207931518554688,-0.002779245376586914,Q0,test
subject louder|access_code,subject louder,access_code,glanc,test-2,subject sent|access_code,False,0.9436903595924377,subject joked|access_code,False,5,0.8675826787948608,0.8744561076164246,-0.006873428821563721,Q0,test
subject louder|access_code,subject louder,access_code,glanc,test-3,subject finds|registry_id,False,0.90848708152771,subject skills|registry_id,False,6,0.8020625710487366,0.8156617879867554,-0.013599216938018799,Q0,test
subject deer|registry_id,subject deer,registry_id,beep,test-0,subject deer|registry_id,True,0.9003288745880127,subject deer|registry_id,True,1,0.8346812725067139,0.8232495188713074,0.011431753635406494,Q0,test
subject deer|registry_id,subject deer,registry_id,beep,test-1,subject louder|registry_id,False,0.934685230255127,subject skills|city_code,False,25,0.8020299673080444,0.8160632252693176,-0.014033257961273193,Q0,test
subject deer|registry_id,subject deer,registry_id,beep,test-2,subject lovely|registry_id,False,0.9437191486358643,subject sent|registry_id,False,5,0.8703213930130005,0.8740246891975403,-0.003703296184539795,Q0,test
subject deer|registry_id,subject deer,registry_id,beep,test-3,subject lovely|registry_id,False,0.9111177325248718,subject deer|registry_id,True,1,0.8056738376617432,0.8046658635139465,0.0010079741477966309,Q0,test
subject deer|city_code,subject deer,city_code,students,test-0,subject deer|registry_id,False,0.8828751444816589,subject deer|registry_id,False,14,0.7695298194885254,0.7934583425521851,-0.023928523063659668,Q0,test
subject deer|city_code,subject deer,city_code,students,test-1,subject swim|city_code,False,0.9257478713989258,subject skills|city_code,False,17,0.8077062368392944,0.8190557956695557,-0.01134955883026123,Q0,test
subject deer|city_code,subject deer,city_code,students,test-2,subject sent|city_code,False,0.9641652703285217,subject joked|access_code,False,13,0.8691348433494568,0.8813436031341553,-0.012208759784698486,Q0,test
subject deer|city_code,subject deer,city_code,students,test-3,subject lovely|registry_id,False,0.9105835556983948,subject skills|registry_id,False,27,0.7882289886474609,0.8228809237480164,-0.03465193510055542,Q0,test
subject deer|access_code,subject deer,access_code,bond,test-0,subject deer|registry_id,False,0.8807200789451599,subject deer|registry_id,False,5,0.7812240123748779,0.8047462105751038,-0.02352219820022583,Q0,test
subject deer|access_code,subject deer,access_code,bond,test-1,subject swim|city_code,False,0.9283051490783691,subject finds|access_code,False,29,0.8072106838226318,0.8216302394866943,-0.0144195556640625,Q0,test
subject deer|access_code,subject deer,access_code,bond,test-2,subject sent|access_code,False,0.9501274824142456,subject joked|access_code,False,5,0.8713464736938477,0.8771563768386841,-0.005809903144836426,Q0,test
subject deer|access_code,subject deer,access_code,bond,test-3,subject lovely|registry_id,False,0.9167564511299133,subject skills|registry_id,False,22,0.7838134169578552,0.8091082572937012,-0.025294840335845947,Q0,test
subject sent|registry_id,subject sent,registry_id,butterf,test-0,subject encour|registry_id,False,0.9033428430557251,subject deer|registry_id,False,3,0.8445466756820679,0.8555433750152588,-0.010996699333190918,Q0,test
subject sent|registry_id,subject sent,registry_id,butterf,test-1,subject louder|registry_id,False,0.9339597821235657,subject skills|city_code,False,30,0.8046594858169556,0.8208635449409485,-0.01620405912399292,Q0,test
subject sent|registry_id,subject sent,registry_id,butterf,test-2,subject sent|registry_id,True,0.9480664730072021,subject sent|registry_id,True,1,0.8921619653701782,0.875778317451477,0.016383647918701172,Q0,test
subject sent|registry_id,subject sent,registry_id,butterf,test-3,subject sent|registry_id,True,0.9043500423431396,subject skills|registry_id,False,26,0.8226557374000549,0.8382627964019775,-0.015607059001922607,Q0,test
subject sent|city_code,subject sent,city_code,clapped,test-0,subject sent|registry_id,False,0.9057202339172363,subject deer|registry_id,False,7,0.8215920925140381,0.837169349193573,-0.015577256679534912,Q0,test
subject sent|city_code,subject sent,city_code,clapped,test-1,subject swim|city_code,False,0.9269025325775146,subject skills|city_code,False,16,0.8091563582420349,0.8213967084884644,-0.012240350246429443,Q0,test
subject sent|city_code,subject sent,city_code,clapped,test-2,subject sent|city_code,True,0.9712128639221191,subject sent|access_code,False,2,0.8793398141860962,0.8804359436035156,-0.0010961294174194336,Q0,test
subject sent|city_code,subject sent,city_code,clapped,test-3,subject sent|registry_id,False,0.9127668738365173,subject skills|registry_id,False,33,0.820128321647644,0.8484476804733276,-0.028319358825683594,Q0,test
subject sent|access_code,subject sent,access_code,breathe,test-0,subject sent|registry_id,False,0.8916497230529785,subject deer|registry_id,False,7,0.8284560441970825,0.8417013883590698,-0.013245344161987305,Q0,test
subject sent|access_code,subject sent,access_code,breathe,test-1,subject swim|city_code,False,0.9269671440124512,subject encour|access_code,False,14,0.8131062984466553,0.8213269114494324,-0.0082206130027771,Q0,test
subject sent|access_code,subject sent,access_code,breathe,test-2,subject sent|access_code,True,0.9732839465141296,subject sent|access_code,True,1,0.8899897336959839,0.8827152252197266,0.007274508476257324,Q0,test
subject sent|access_code,subject sent,access_code,breathe,test-3,subject sent|registry_id,False,0.9055302143096924,subject skills|registry_id,False,17,0.8313490152359009,0.8488680124282837,-0.017518997192382812,Q0,test
subject shimmered|registry_id,subject shimmered,registry_id,shining,test-0,subject deer|registry_id,False,0.8958824872970581,subject deer|registry_id,False,14,0.8098454475402832,0.8366720676422119,-0.02682662010192871,Q0,test
subject shimmered|registry_id,subject shimmered,registry_id,shining,test-1,subject louder|registry_id,False,0.9327189922332764,subject skills|city_code,False,46,0.7878442406654358,0.8215286731719971,-0.03368443250656128,Q0,test
subject shimmered|registry_id,subject shimmered,registry_id,shining,test-2,subject louder|registry_id,False,0.9496471881866455,subject sent|registry_id,False,16,0.8608365654945374,0.8855124711990356,-0.02467590570449829,Q0,test
subject shimmered|registry_id,subject shimmered,registry_id,shining,test-3,subject lovely|registry_id,False,0.9065358638763428,subject skills|registry_id,False,7,0.8021289110183716,0.8175469636917114,-0.015418052673339844,Q0,test
subject shimmered|city_code,subject shimmered,city_code,house,test-0,subject deer|registry_id,False,0.8780398964881897,subject deer|registry_id,False,39,0.7442231178283691,0.7964047193527222,-0.05218160152435303,Q0,test
subject shimmered|city_code,subject shimmered,city_code,house,test-1,subject swim|city_code,False,0.9246811270713806,subject swim|city_code,False,10,0.8125147819519043,0.8180409073829651,-0.005526125431060791,Q0,test
subject shimmered|city_code,subject shimmered,city_code,house,test-2,subject sent|city_code,False,0.954001784324646,subject deer|city_code,False,42,0.8547323942184448,0.8813046216964722,-0.026572227478027344,Q0,test
subject shimmered|city_code,subject shimmered,city_code,house,test-3,subject lovely|registry_id,False,0.9205069541931152,subject skills|registry_id,False,32,0.7599894404411316,0.7978028655052185,-0.037813425064086914,Q0,test
subject shimmered|access_code,subject shimmered,access_code,inno,test-0,subject lovely|registry_id,False,0.8868125677108765,subject deer|registry_id,False,48,0.7451739311218262,0.8033610582351685,-0.058187127113342285,Q0,test
subject shimmered|access_code,subject shimmered,access_code,inno,test-1,subject swim|city_code,False,0.9283905029296875,subject encour|access_code,False,23,0.8105257153511047,0.8238867521286011,-0.013361036777496338,Q0,test
subject shimmered|access_code,subject shimmered,access_code,inno,test-2,subject sent|access_code,False,0.9466822147369385,subject joked|access_code,False,31,0.8461527228355408,0.8714021444320679,-0.0252494215965271,Q0,test
subject shimmered|access_code,subject shimmered,access_code,inno,test-3,subject lovely|registry_id,False,0.9157631397247314,subject skills|registry_id,False,38,0.766026496887207,0.8024828433990479,-0.03645634651184082,Q0,test
subject solved|registry_id,subject solved,registry_id,bottle,test-0,subject deer|registry_id,False,0.9040916562080383,subject deer|registry_id,False,14,0.8256751298904419,0.8517240285873413,-0.026048898696899414,Q0,test
subject solved|registry_id,subject solved,registry_id,bottle,test-1,subject louder|registry_id,False,0.9347937107086182,subject skills|city_code,False,35,0.7959110736846924,0.8162317276000977,-0.020320653915405273,Q0,test
subject solved|registry_id,subject solved,registry_id,bottle,test-2,subject louder|registry_id,False,0.9481420516967773,subject sent|registry_id,False,2,0.8839319944381714,0.8859081268310547,-0.0019761323928833008,Q0,test
subject solved|registry_id,subject solved,registry_id,bottle,test-3,subject dawn|registry_id,False,0.9017668962478638,subject skills|registry_id,False,15,0.8228419423103333,0.8404797911643982,-0.01763784885406494,Q0,test
subject solved|city_code,subject solved,city_code,gloom,test-0,subject sent|registry_id,False,0.90155029296875,subject deer|registry_id,False,29,0.8081283569335938,0.844208836555481,-0.03608047962188721,Q0,test
subject solved|city_code,subject solved,city_code,gloom,test-1,subject swim|city_code,False,0.9244765043258667,subject skills|city_code,False,29,0.8018864393234253,0.8198099732398987,-0.01792353391647339,Q0,test
subject solved|city_code,subject solved,city_code,gloom,test-2,subject solved|city_code,True,0.9545729160308838,subject deer|access_code,False,24,0.866770327091217,0.882697582244873,-0.015927255153656006,Q0,test
subject solved|city_code,subject solved,city_code,gloom,test-3,subject sent|registry_id,False,0.9055527448654175,subject skills|registry_id,False,44,0.8162914514541626,0.8535422682762146,-0.037250816822052,Q0,test
subject solved|access_code,subject solved,access_code,huge,test-0,subject deer|registry_id,False,0.8903516530990601,subject deer|registry_id,False,40,0.8105554580688477,0.8462252616882324,-0.035669803619384766,Q0,test
subject solved|access_code,subject solved,access_code,huge,test-1,subject swim|city_code,False,0.9239286184310913,subject deter|access_code,False,27,0.8026608228683472,0.8171396851539612,-0.014478862285614014,Q0,test
subject solved|access_code,subject solved,access_code,huge,test-2,subject sent|access_code,False,0.9494878053665161,subject joked|access_code,False,16,0.8633428812026978,0.8778902292251587,-0.014547348022460938,Q0,test
subject solved|access_code,subject solved,access_code,huge,test-3,subject dawn|registry_id,False,0.895724892616272,subject skills|registry_id,False,37,0.8189841508865356,0.8463444709777832,-0.02736032009124756,Q0,test
subject swim|registry_id,subject swim,registry_id,whatever,test-0,subject deer|registry_id,False,0.9020348191261292,subject deer|registry_id,False,7,0.8310586214065552,0.8522640466690063,-0.021205425262451172,Q0,test
subject swim|registry_id,subject swim,registry_id,whatever,test-1,subject louder|registry_id,False,0.9337919354438782,subject skills|city_code,False,21,0.8095921277999878,0.8220412731170654,-0.012449145317077637,Q0,test
subject swim|registry_id,subject swim,registry_id,whatever,test-2,subject louder|registry_id,False,0.9583295583724976,subject clut|registry_id,False,6,0.8933112621307373,0.8966085314750671,-0.003297269344329834,Q0,test
subject swim|registry_id,subject swim,registry_id,whatever,test-3,subject lovely|registry_id,False,0.9122494459152222,subject skills|registry_id,False,4,0.8007850646972656,0.8076528310775757,-0.006867766380310059,Q0,test
subject swim|city_code,subject swim,city_code,arms,test-0,subject deer|registry_id,False,0.8660402297973633,subject deer|registry_id,False,28,0.778762936592102,0.8191981911659241,-0.04043525457382202,Q0,test
subject swim|city_code,subject swim,city_code,arms,test-1,subject swim|city_code,True,0.9226640462875366,subject skills|city_code,False,2,0.8172743320465088,0.8177361488342285,-0.00046181678771972656,Q0,test
subject swim|city_code,subject swim,city_code,arms,test-2,subject solved|city_code,False,0.9554909467697144,subject deer|access_code,False,23,0.8657129406929016,0.8825405836105347,-0.016827642917633057,Q0,test
subject swim|city_code,subject swim,city_code,arms,test-3,subject finds|registry_id,False,0.9054896831512451,subject skills|registry_id,False,17,0.7912030816078186,0.8180980682373047,-0.026894986629486084,Q0,test
subject swim|access_code,subject swim,access_code,gems,test-0,subject lovely|registry_id,False,0.8794790506362915,subject deer|registry_id,False,23,0.7743659019470215,0.8117124438285828,-0.03734654188156128,Q0,test
subject swim|access_code,subject swim,access_code,gems,test-1,subject swim|city_code,False,0.9262549877166748,subject deter|access_code,False,18,0.8113915920257568,0.8223825693130493,-0.01099097728729248,Q0,test
subject swim|access_code,subject swim,access_code,gems,test-2,subject sent|access_code,False,0.9518239498138428,subject joked|access_code,False,2,0.8751291036605835,0.8764462471008301,-0.001317143440246582,Q0,test
subject swim|access_code,subject swim,access_code,gems,test-3,subject lovely|registry_id,False,0.899478554725647,subject skills|registry_id,False,18,0.7934033274650574,0.8151600360870361,-0.02175670862197876,Q0,test
subject deter|registry_id,subject deter,registry_id,jumped,test-0,subject deer|registry_id,False,0.9020131826400757,subject deer|registry_id,False,15,0.8363944292068481,0.8604264855384827,-0.02403205633163452,Q0,test
subject deter|registry_id,subject deter,registry_id,jumped,test-1,subject louder|registry_id,False,0.9344720840454102,subject skills|city_code,False,40,0.7917959094047546,0.8197216391563416,-0.027925729751586914,Q0,test
subject deter|registry_id,subject deter,registry_id,jumped,test-2,subject lovely|registry_id,False,0.9513007998466492,subject sent|registry_id,False,3,0.8830664157867432,0.8871937990188599,-0.004127383232116699,Q0,test
subject deter|registry_id,subject deter,registry_id,jumped,test-3,subject lovely|registry_id,False,0.9096556901931763,subject skills|registry_id,False,12,0.8036478757858276,0.8190090656280518,-0.015361189842224121,Q0,test
subject deter|city_code,subject deter,city_code,snowman,test-0,subject deer|registry_id,False,0.8689491152763367,subject deer|registry_id,False,28,0.7787744998931885,0.8211241960525513,-0.04234969615936279,Q0,test
subject deter|city_code,subject deter,city_code,snowman,test-1,subject swim|city_code,False,0.9249987602233887,subject skills|city_code,False,8,0.8145828247070312,0.8188570737838745,-0.004274249076843262,Q0,test
subject deter|city_code,subject deter,city_code,snowman,test-2,subject solved|city_code,False,0.9522254467010498,subject deer|access_code,False,21,0.8638812899589539,0.8815257549285889,-0.01764446496963501,Q0,test
subject deter|city_code,subject deter,city_code,snowman,test-3,subject finds|registry_id,False,0.9078071117401123,subject skills|registry_id,False,25,0.7849299907684326,0.8193888664245605,-0.03445887565612793,Q0,test
subject deter|access_code,subject deter,access_code,after,test-0,subject encour|registry_id,False,0.8773218393325806,subject deer|registry_id,False,42,0.7746554613113403,0.8232089877128601,-0.048553526401519775,Q0,test
subject deter|access_code,subject deter,access_code,after,test-1,subject swim|city_code,False,0.9285463690757751,subject deter|access_code,True,1,0.8228706121444702,0.8222864270210266,0.0005841851234436035,Q0,test
subject deter|access_code,subject deter,access_code,after,test-2,subject sent|access_code,False,0.9500202536582947,subject joked|access_code,False,21,0.8593965768814087,0.8765490055084229,-0.01715242862701416,Q0,test
subject deter|access_code,subject deter,access_code,after,test-3,subject lovely|registry_id,False,0.9005136489868164,subject skills|registry_id,False,44,0.7782429456710815,0.8186835050582886,-0.04044055938720703,Q0,test
subject excited|registry_id,subject excited,registry_id,tricky,test-0,subject deer|registry_id,False,0.9019186496734619,subject deer|registry_id,False,17,0.8351945877075195,0.8613086938858032,-0.02611410617828369,Q0,test
subject excited|registry_id,subject excited,registry_id,tricky,test-1,subject louder|registry_id,False,0.9342596530914307,subject skills|city_code,False,48,0.783591628074646,0.8212766647338867,-0.03768503665924072,Q0,test
subject excited|registry_id,subject excited,registry_id,tricky,test-2,subject lovely|registry_id,False,0.9509283304214478,subject sent|registry_id,False,13,0.8726252317428589,0.8873764872550964,-0.014751255512237549,Q0,test
subject excited|registry_id,subject excited,registry_id,tricky,test-3,subject lovely|registry_id,False,0.9153048992156982,subject skills|registry_id,False,12,0.7986737489700317,0.8131109476089478,-0.014437198638916016,Q0,test
subject excited|city_code,subject excited,city_code,conqu,test-0,subject deer|registry_id,False,0.8655345439910889,subject deer|registry_id,False,38,0.7715321779251099,0.8194609880447388,-0.047928810119628906,Q0,test
subject excited|city_code,subject excited,city_code,conqu,test-1,subject swim|city_code,False,0.922660231590271,subject skills|city_code,False,36,0.7933956384658813,0.8189772367477417,-0.02558159828186035,Q0,test
subject excited|city_code,subject excited,city_code,conqu,test-2,subject sent|city_code,False,0.9602882266044617,subject joked|access_code,False,29,0.8593278527259827,0.875860333442688,-0.016532480716705322,Q0,test
subject excited|city_code,subject excited,city_code,conqu,test-3,subject finds|registry_id,False,0.9083763957023621,subject skills|registry_id,False,28,0.784210205078125,0.8213009834289551,-0.03709077835083008,Q0,test
subject excited|access_code,subject excited,access_code,imag,test-0,subject lovely|registry_id,False,0.8812052011489868,subject deer|registry_id,False,47,0.7567734718322754,0.8123413324356079,-0.05556786060333252,Q0,test
subject excited|access_code,subject excited,access_code,imag,test-1,subject swim|city_code,False,0.9260706901550293,subject deter|access_code,False,37,0.7990034222602844,0.8229876756668091,-0.023984253406524658,Q0,test
subject excited|access_code,subject excited,access_code,imag,test-2,subject sent|access_code,False,0.9505058526992798,subject joked|access_code,False,13,0.8661350011825562,0.8781527876853943,-0.012017786502838135,Q0,test
subject excited|access_code,subject excited,access_code,imag,test-3,subject lovely|registry_id,False,0.9019016027450562,subject skills|registry_id,False,27,0.7913772463798523,0.821042537689209,-0.02966529130935669,Q0,test
subject encour|registry_id,subject encour,registry_id,safely,test-0,subject deer|registry_id,False,0.900554895401001,subject deer|registry_id,False,2,0.853958010673523,0.8612299561500549,-0.007271945476531982,Q0,test
subject encour|registry_id,subject encour,registry_id,safely,test-1,subject louder|registry_id,False,0.9337968230247498,subject skills|city_code,False,6,0.8127083778381348,0.8163447380065918,-0.0036363601684570312,Q0,test
subject encour|registry_id,subject encour,registry_id,safely,test-2,subject louder|registry_id,False,0.9475857019424438,subject sent|registry_id,False,4,0.8798542618751526,0.8841104507446289,-0.004256188869476318,Q0,test
subject encour|registry_id,subject encour,registry_id,safely,test-3,subject lovely|registry_id,False,0.9097648859024048,subject skills|registry_id,False,8,0.7948408126831055,0.808998703956604,-0.014157891273498535,Q0,test
subject encour|city_code,subject encour,city_code,snowf,test-0,subject deer|registry_id,False,0.8858700394630432,subject deer|registry_id,False,24,0.753250777721405,0.7951880097389221,-0.04193723201751709,Q0,test
subject encour|city_code,subject encour,city_code,snowf,test-1,subject swim|city_code,False,0.9214134216308594,subject skills|city_code,False,4,0.8110803365707397,0.8142919540405273,-0.0032116174697875977,Q0,test
subject encour|city_code,subject encour,city_code,snowf,test-2,subject sent|city_code,False,0.9516187906265259,subject deer|access_code,False,9,0.8688703179359436,0.8796660900115967,-0.010795772075653076,Q0,test
subject encour|city_code,subject encour,city_code,snowf,test-3,subject finds|registry_id,False,0.9066765904426575,subject skills|registry_id,False,34,0.7769584655761719,0.8173818588256836,-0.04042339324951172,Q0,test
subject encour|access_code,subject encour,access_code,uncover,test-0,subject lovely|registry_id,False,0.881429135799408,subject deer|registry_id,False,28,0.7751448154449463,0.8124150037765503,-0.037270188331604004,Q0,test
subject encour|access_code,subject encour,access_code,uncover,test-1,subject swim|city_code,False,0.9251274466514587,subject deter|access_code,False,2,0.818218469619751,0.8187004327774048,-0.0004819631576538086,Q0,test
subject encour|access_code,subject encour,access_code,uncover,test-2,subject solved|access_code,False,0.9464089274406433,subject joked|access_code,False,3,0.8737537860870361,0.8781949281692505,-0.0044411420822143555,Q0,test
subject encour|access_code,subject encour,access_code,uncover,test-3,subject lovely|registry_id,False,0.9009385704994202,subject skills|registry_id,False,31,0.7851352691650391,0.8202686309814453,-0.03513336181640625,Q0,test
subject finds|registry_id,subject finds,registry_id,transform,test-0,subject deer|registry_id,False,0.8997713327407837,subject deer|registry_id,False,8,0.827783465385437,0.8489898443222046,-0.021206378936767578,Q0,test
subject finds|registry_id,subject finds,registry_id,transform,test-1,subject louder|registry_id,False,0.9339439868927002,subject skills|city_code,False,13,0.8138272762298584,0.8211584091186523,-0.007331132888793945,Q0,test
subject finds|registry_id,subject finds,registry_id,transform,test-2,subject louder|registry_id,False,0.9466030597686768,subject sent|registry_id,False,5,0.8785350918769836,0.883375883102417,-0.00484079122543335,Q0,test
subject finds|registry_id,subject finds,registry_id,transform,test-3,subject lovely|registry_id,False,0.9116966724395752,subject skills|registry_id,False,7,0.795516848564148,0.8050979375839233,-0.00958108901977539,Q0,test
subject finds|city_code,subject finds,city_code,spirit,test-0,subject sent|registry_id,False,0.8627855777740479,subject deer|registry_id,False,40,0.7733485698699951,0.8210471868515015,-0.04769861698150635,Q0,test
subject finds|city_code,subject finds,city_code,spirit,test-1,subject swim|city_code,False,0.922319769859314,subject skills|city_code,False,12,0.8115174770355225,0.8191655278205872,-0.007648050785064697,Q0,test
subject finds|city_code,subject finds,city_code,spirit,test-2,subject solved|city_code,False,0.9545493125915527,subject deer|access_code,False,14,0.8697851896286011,0.8834825158119202,-0.013697326183319092,Q0,test
subject finds|city_code,subject finds,city_code,spirit,test-3,subject finds|registry_id,False,0.9044457077980042,subject skills|registry_id,False,29,0.7822055816650391,0.8196938037872314,-0.03748822212219238,Q0,test
subject finds|access_code,subject finds,access_code,door,test-0,subject lovely|registry_id,False,0.8747708201408386,subject deer|registry_id,False,43,0.7633833885192871,0.810936450958252,-0.047553062438964844,Q0,test
subject finds|access_code,subject finds,access_code,door,test-1,subject swim|city_code,False,0.9267779588699341,subject deter|access_code,False,2,0.8233883380889893,0.8234379291534424,-4.9591064453125e-05,Q0,test
subject finds|access_code,subject finds,access_code,door,test-2,subject solved|access_code,False,0.9484561681747437,subject joked|access_code,False,6,0.8701183795928955,0.8786513805389404,-0.008533000946044922,Q0,test
subject finds|access_code,subject finds,access_code,door,test-3,subject lovely|registry_id,False,0.9020944833755493,subject skills|registry_id,False,36,0.7833609580993652,0.8188384771347046,-0.035477519035339355,Q0,test
subject skills|registry_id,subject skills,registry_id,seek,test-0,subject deer|registry_id,False,0.9019041061401367,subject deer|registry_id,False,11,0.8233895897865295,0.847846508026123,-0.024456918239593506,Q0,test
subject skills|registry_id,subject skills,registry_id,seek,test-1,subject louder|registry_id,False,0.9351024627685547,subject skills|city_code,False,15,0.8151973485946655,0.8226445913314819,-0.007447242736816406,Q0,test
subject skills|registry_id,subject skills,registry_id,seek,test-2,subject louder|registry_id,False,0.9477666616439819,subject sent|registry_id,False,12,0.872455358505249,0.8841828107833862,-0.011727452278137207,Q0,test
subject skills|registry_id,subject skills,registry_id,seek,test-3,subject lovely|registry_id,False,0.9147206544876099,subject skills|registry_id,True,1,0.8078268766403198,0.8015433549880981,0.00628352165222168,Q0,test
subject skills|city_code,subject skills,city_code,sank,test-0,subject deer|registry_id,False,0.885438084602356,subject deer|registry_id,False,23,0.7535514235496521,0.7942852973937988,-0.04073387384414673,Q0,test
subject skills|city_code,subject skills,city_code,sank,test-1,subject swim|city_code,False,0.9247511625289917,subject skills|city_code,True,1,0.8164204359054565,0.8158385753631592,0.0005818605422973633,Q0,test
subject skills|city_code,subject skills,city_code,sank,test-2,subject sent|city_code,False,0.9525372982025146,subject deer|access_code,False,29,0.8633353114128113,0.8823579549789429,-0.019022643566131592,Q0,test
subject skills|city_code,subject skills,city_code,sank,test-3,subject finds|registry_id,False,0.9075750708580017,subject skills|registry_id,False,5,0.8029068112373352,0.8176953792572021,-0.014788568019866943,Q0,test
subject skills|access_code,subject skills,access_code,whale,test-0,subject lovely|registry_id,False,0.8797493577003479,subject deer|registry_id,False,32,0.7694714069366455,0.8117100596427917,-0.04223865270614624,Q0,test
subject skills|access_code,subject skills,access_code,whale,test-1,subject swim|city_code,False,0.9282587170600891,subject encour|access_code,False,4,0.8210679292678833,0.8222160935401917,-0.0011481642723083496,Q0,test
subject skills|access_code,subject skills,access_code,whale,test-2,subject sent|access_code,False,0.9496158361434937,subject joked|access_code,False,11,0.8659065365791321,0.8778040409088135,-0.011897504329681396,Q0,test
subject skills|access_code,subject skills,access_code,whale,test-3,subject lovely|registry_id,False,0.899925947189331,subject skills|registry_id,False,13,0.7966474294662476,0.8153677582740784,-0.01872032880783081,Q0,test
subject dawn|registry_id,subject dawn,registry_id,sneak,test-0,subject deer|registry_id,False,0.8985763192176819,subject deer|registry_id,False,5,0.8407382965087891,0.8573794364929199,-0.01664113998413086,Q0,test
subject dawn|registry_id,subject dawn,registry_id,sneak,test-1,subject louder|registry_id,False,0.9318873286247253,subject skills|city_code,False,36,0.7987384796142578,0.8209651112556458,-0.02222663164138794,Q0,test
subject dawn|registry_id,subject dawn,registry_id,sneak,test-2,subject louder|registry_id,False,0.946893036365509,subject sent|registry_id,False,10,0.8751160502433777,0.8846836090087891,-0.009567558765411377,Q0,test
subject dawn|registry_id,subject dawn,registry_id,sneak,test-3,subject lovely|registry_id,False,0.9196810722351074,subject skills|registry_id,False,4,0.8037991523742676,0.811103343963623,-0.007304191589355469,Q0,test
subject dawn|city_code,subject dawn,city_code,shiny,test-0,subject deer|registry_id,False,0.8837385177612305,subject deer|registry_id,False,30,0.7459851503372192,0.792507529258728,-0.04652237892150879,Q0,test
subject dawn|city_code,subject dawn,city_code,shiny,test-1,subject swim|city_code,False,0.9209074974060059,subject skills|city_code,False,11,0.8139935731887817,0.8205870389938354,-0.006593465805053711,Q0,test
subject dawn|city_code,subject dawn,city_code,shiny,test-2,subject sent|city_code,False,0.953830897808075,subject deer|access_code,False,17,0.8649221658706665,0.8810832500457764,-0.016161084175109863,Q0,test
subject dawn|city_code,subject dawn,city_code,shiny,test-3,subject dawn|registry_id,False,0.9084347486495972,subject skills|registry_id,False,13,0.7950785160064697,0.819060206413269,-0.023981690406799316,Q0,test
subject dawn|access_code,subject dawn,access_code,pretending,test-0,subject lovely|registry_id,False,0.8786780834197998,subject deer|registry_id,False,35,0.7801547050476074,0.822259783744812,-0.04210507869720459,Q0,test
subject dawn|access_code,subject dawn,access_code,pretending,test-1,subject swim|city_code,False,0.9253435134887695,subject skills|city_code,False,15,0.8153924942016602,0.8236609697341919,-0.008268475532531738,Q0,test
subject dawn|access_code,subject dawn,access_code,pretending,test-2,subject sent|access_code,False,0.9449858665466309,subject joked|access_code,False,13,0.8616688251495361,0.8727514147758484,-0.011082589626312256,Q0,test
subject dawn|access_code,subject dawn,access_code,pretending,test-3,subject lovely|registry_id,False,0.9029622077941895,subject skills|registry_id,False,21,0.7926656007766724,0.8174890875816345,-0.024823486804962158,Q0,test
subject swung|registry_id,subject swung,registry_id,outs,test-0,subject deer|registry_id,False,0.9010401368141174,subject deer|registry_id,False,6,0.8323908448219299,0.8521978855133057,-0.019807040691375732,Q0,test
subject swung|registry_id,subject swung,registry_id,outs,test-1,subject louder|registry_id,False,0.9343705177307129,subject skills|city_code,False,41,0.7917238473892212,0.8198296427726746,-0.02810579538345337,Q0,test
subject swung|registry_id,subject swung,registry_id,outs,test-2,subject louder|registry_id,False,0.9488774538040161,subject sent|registry_id,False,9,0.8770546913146973,0.8856301307678223,-0.008575439453125,Q0,test
subject swung|registry_id,subject swung,registry_id,outs,test-3,subject lovely|registry_id,False,0.9092831611633301,subject skills|registry_id,False,8,0.8074707984924316,0.8201195001602173,-0.012648701667785645,Q0,test
subject swung|city_code,subject swung,city_code,loomed,test-0,subject deer|registry_id,False,0.8596886992454529,subject deer|registry_id,False,21,0.7893205881118774,0.822622537612915,-0.0333019495010376,Q0,test
subject swung|city_code,subject swung,city_code,loomed,test-1,subject swim|city_code,False,0.9232802391052246,subject skills|city_code,False,15,0.8068251609802246,0.817735493183136,-0.010910332202911377,Q0,test
subject swung|city_code,subject swung,city_code,loomed,test-2,subject solved|city_code,False,0.9496538043022156,subject deer|access_code,False,8,0.8676095604896545,0.8799325227737427,-0.012322962284088135,Q0,test
subject swung|city_code,subject swung,city_code,loomed,test-3,subject finds|registry_id,False,0.9071881771087646,subject skills|registry_id,False,31,0.7803581953048706,0.8191552758216858,-0.038797080516815186,Q0,test
subject swung|access_code,subject swung,access_code,heavy,test-0,subject lovely|registry_id,False,0.8747615814208984,subject deer|registry_id,False,38,0.7705754041671753,0.8143941760063171,-0.043818771839141846,Q0,test
subject swung|access_code,subject swung,access_code,heavy,test-1,subject swim|city_code,False,0.9267180562019348,subject encour|access_code,False,12,0.8159769177436829,0.8213595151901245,-0.00538259744644165,Q0,test
subject swung|access_code,subject swung,access_code,heavy,test-2,subject sent|access_code,False,0.9499443769454956,subject joked|access_code,False,18,0.8615780472755432,0.8773254156112671,-0.015747368335723877,Q0,test
subject swung|access_code,subject swung,access_code,heavy,test-3,subject lovely|registry_id,False,0.9021756052970886,subject skills|registry_id,False,38,0.7839339971542358,0.8209512233734131,-0.037017226219177246,Q0,test
subject lovely|registry_id,subject lovely,registry_id,swayed,test-0,subject deer|registry_id,False,0.8912749290466309,subject deer|registry_id,False,15,0.8228559494018555,0.8484879732131958,-0.025632023811340332,Q0,test
subject lovely|registry_id,subject lovely,registry_id,swayed,test-1,subject louder|registry_id,False,0.9323797821998596,subject skills|city_code,False,47,0.7876179814338684,0.8203750848770142,-0.03275710344314575,Q0,test
subject lovely|registry_id,subject lovely,registry_id,swayed,test-2,subject lovely|registry_id,True,0.9480099678039551,subject sent|registry_id,False,15,0.8699550628662109,0.8855800628662109,-0.015625,Q0,test
subject lovely|registry_id,subject lovely,registry_id,swayed,test-3,subject lovely|registry_id,True,0.901650607585907,subject skills|registry_id,False,16,0.7946723103523254,0.817470908164978,-0.022798597812652588,Q0,test
subject lovely|city_code,subject lovely,city_code,favorite,test-0,subject lovely|registry_id,False,0.8537726402282715,subject deer|registry_id,False,33,0.7525844573974609,0.793758749961853,-0.04117429256439209,Q0,test
subject lovely|city_code,subject lovely,city_code,favorite,test-1,subject swim|city_code,False,0.9251348972320557,subject skills|city_code,False,17,0.8095192909240723,0.8211737275123596,-0.011654436588287354,Q0,test
subject lovely|city_code,subject lovely,city_code,favorite,test-2,subject joked|city_code,False,0.9408620595932007,subject joked|city_code,False,14,0.8591148853302002,0.8735201358795166,-0.014405250549316406,Q0,test
subject lovely|city_code,subject lovely,city_code,favorite,test-3,subject finds|registry_id,False,0.9074665307998657,subject skills|registry_id,False,36,0.7627657055854797,0.8046400547027588,-0.04187434911727905,Q0,test
subject lovely|access_code,subject lovely,access_code,higher,test-0,subject lovely|registry_id,False,0.8822560906410217,subject deer|registry_id,False,29,0.7518959045410156,0.7969174385070801,-0.04502153396606445,Q0,test
subject lovely|access_code,subject lovely,access_code,higher,test-1,subject swim|city_code,False,0.9271960258483887,subject deter|access_code,False,28,0.8081050515174866,0.8248701095581055,-0.016765058040618896,Q0,test
subject lovely|access_code,subject lovely,access_code,higher,test-2,subject solved|access_code,False,0.9457253813743591,subject joked|access_code,False,7,0.864498496055603,0.8732642531394958,-0.008765757083892822,Q0,test
subject lovely|access_code,subject lovely,access_code,higher,test-3,subject lovely|registry_id,False,0.902071475982666,subject skills|registry_id,False,24,0.7785115242004395,0.8041424751281738,-0.025630950927734375,Q0,test
subject joked|registry_id,subject joked,registry_id,carved,validation-0,subject joked|registry_id,True,0.8009267449378967,subject joked|registry_id,True,1,0.7961852550506592,0.6308192610740662,0.16536599397659302,Q1,validation
subject joked|registry_id,subject joked,registry_id,carved,validation-1,subject joked|registry_id,True,0.9732762575149536,subject joked|registry_id,True,1,0.9724681377410889,0.5690351128578186,0.40343302488327026,Q1,validation
subject joked|city_code,subject joked,city_code,prize,validation-0,subject joked|access_code,False,0.8611815571784973,subject joked|access_code,False,10,0.32761135697364807,0.8361921310424805,-0.5085807740688324,Q1,validation
subject joked|city_code,subject joked,city_code,prize,validation-1,subject joked|city_code,True,0.9812330603599548,subject joked|city_code,True,1,0.9788899421691895,0.7029351592063904,0.2759547829627991,Q1,validation
subject joked|access_code,subject joked,access_code,train,validation-0,subject joked|access_code,True,0.7754334211349487,subject joked|access_code,True,1,0.7675517797470093,0.5971031188964844,0.1704486608505249,Q1,validation
subject joked|access_code,subject joked,access_code,train,validation-1,subject joked|access_code,True,0.9678798317909241,subject joked|access_code,True,1,0.9673523306846619,0.5825529098510742,0.38479942083358765,Q1,validation
subject clut|registry_id,subject clut,registry_id,guide,validation-0,subject clut|registry_id,True,0.8692680597305298,subject clut|registry_id,True,1,0.8578092455863953,0.5733478665351868,0.2844613790512085,Q1,validation
subject clut|registry_id,subject clut,registry_id,guide,validation-1,subject clut|registry_id,True,0.9744501113891602,subject clut|registry_id,True,1,0.9721729755401611,0.6018193960189819,0.3703535795211792,Q1,validation
subject clut|city_code,subject clut,city_code,connecting,validation-0,subject clut|access_code,False,0.9442631006240845,subject clut|access_code,False,8,0.43242260813713074,0.9391980767250061,-0.5067754685878754,Q1,validation
subject clut|city_code,subject clut,city_code,connecting,validation-1,subject clut|city_code,True,0.9673787951469421,subject clut|city_code,True,1,0.9618348479270935,0.5855017304420471,0.3763331174850464,Q1,validation
subject clut|access_code,subject clut,access_code,calm,validation-0,subject clut|access_code,True,0.9266642332077026,subject clut|access_code,True,1,0.9202175140380859,0.6703972220420837,0.2498202919960022,Q1,validation
subject clut|access_code,subject clut,access_code,calm,validation-1,subject clut|access_code,True,0.9834966659545898,subject clut|access_code,True,1,0.9825648665428162,0.576000988483429,0.4065638780593872,Q1,validation
subject louder|registry_id,subject louder,registry_id,worries,validation-0,subject louder|registry_id,True,0.8241241574287415,subject louder|registry_id,True,1,0.7955037355422974,0.5614780783653259,0.23402565717697144,Q1,validation
subject louder|registry_id,subject louder,registry_id,worries,validation-1,subject louder|registry_id,True,0.9732325077056885,subject louder|registry_id,True,1,0.9713874459266663,0.5851871967315674,0.3862002491950989,Q1,validation
subject louder|city_code,subject louder,city_code,glow,validation-0,subject louder|access_code,False,0.9032912850379944,subject louder|access_code,False,14,0.26324641704559326,0.8966818451881409,-0.6334354281425476,Q1,validation
subject louder|city_code,subject louder,city_code,glow,validation-1,subject louder|city_code,True,0.9757322669029236,subject louder|city_code,True,1,0.9764156937599182,0.6144989728927612,0.361916720867157,Q1,validation
subject louder|access_code,subject louder,access_code,glanc,validation-0,subject louder|access_code,True,0.8431894183158875,subject louder|access_code,True,1,0.8226306438446045,0.7462077140808105,0.07642292976379395,Q1,validation
subject louder|access_code,subject louder,access_code,glanc,validation-1,subject louder|access_code,True,0.9752895832061768,subject louder|access_code,True,1,0.9732327461242676,0.599494218826294,0.37373852729797363,Q1,validation
subject deer|registry_id,subject deer,registry_id,beep,validation-0,subject deer|registry_id,True,0.8837613463401794,subject deer|registry_id,True,1,0.8441163897514343,0.7059673070907593,0.13814908266067505,Q1,validation
subject deer|registry_id,subject deer,registry_id,beep,validation-1,subject deer|registry_id,True,0.7926914691925049,subject deer|registry_id,True,1,0.7584151029586792,0.7313323020935059,0.02708280086517334,Q1,validation
subject deer|city_code,subject deer,city_code,students,validation-0,subject deer|access_code,False,0.9178442358970642,subject deer|access_code,False,3,0.574373185634613,0.9056286811828613,-0.3312554955482483,Q1,validation
subject deer|city_code,subject deer,city_code,students,validation-1,subject deer|city_code,True,0.8115182518959045,subject deer|city_code,True,1,0.792185366153717,0.7684993147850037,0.02368605136871338,Q1,validation
subject deer|access_code,subject deer,access_code,bond,validation-0,subject deer|access_code,True,0.9348305463790894,subject deer|access_code,True,1,0.9237871766090393,0.6131578087806702,0.31062936782836914,Q1,validation
subject deer|access_code,subject deer,access_code,bond,validation-1,subject deer|access_code,True,0.8446808457374573,subject deer|access_code,True,1,0.8276907801628113,0.7194970846176147,0.10819369554519653,Q1,validation
subject sent|registry_id,subject sent,registry_id,butterf,validation-0,subject sent|registry_id,True,0.8995510935783386,subject sent|registry_id,True,1,0.8828442096710205,0.6366932988166809,0.2461509108543396,Q1,validation
subject sent|registry_id,subject sent,registry_id,butterf,validation-1,subject sent|registry_id,True,0.9406958222389221,subject sent|registry_id,True,1,0.9325851202011108,0.7123481035232544,0.22023701667785645,Q1,validation
subject sent|city_code,subject sent,city_code,clapped,validation-0,subject sent|access_code,False,0.9025107622146606,subject sent|access_code,False,3,0.5024102926254272,0.8734509348869324,-0.3710406422615051,Q1,validation
subject sent|city_code,subject sent,city_code,clapped,validation-1,subject sent|city_code,True,0.969707727432251,subject sent|city_code,True,1,0.9672239422798157,0.6885720491409302,0.2786518931388855,Q1,validation
subject sent|access_code,subject sent,access_code,breathe,validation-0,subject sent|access_code,True,0.9107702970504761,subject sent|access_code,True,1,0.9024624228477478,0.586406946182251,0.3160554766654968,Q1,validation
subject sent|access_code,subject sent,access_code,breathe,validation-1,subject sent|access_code,True,0.9616727232933044,subject sent|access_code,True,1,0.9588479399681091,0.7587016224861145,0.20014631748199463,Q1,validation
subject shimmered|registry_id,subject shimmered,registry_id,shining,validation-0,subject shimmered|registry_id,True,0.8698848485946655,subject shimmered|registry_id,True,1,0.8536341190338135,0.6646085381507874,0.18902558088302612,Q1,validation
subject shimmered|registry_id,subject shimmered,registry_id,shining,validation-1,subject shimmered|registry_id,True,0.9502567648887634,subject shimmered|registry_id,True,1,0.9479162693023682,0.7121018171310425,0.23581445217132568,Q1,validation
subject shimmered|city_code,subject shimmered,city_code,house,validation-0,subject shimmered|access_code,False,0.9353355169296265,subject shimmered|access_code,False,5,0.4856594204902649,0.9206181764602661,-0.4349587559700012,Q1,validation
subject shimmered|city_code,subject shimmered,city_code,house,validation-1,subject shimmered|city_code,True,0.9583513736724854,subject shimmered|city_code,True,1,0.9523317217826843,0.6657429933547974,0.28658872842788696,Q1,validation
subject shimmered|access_code,subject shimmered,access_code,inno,validation-0,subject shimmered|access_code,True,0.8992165327072144,subject shimmered|access_code,True,1,0.8848752379417419,0.7192760705947876,0.16559916734695435,Q1,validation
subject shimmered|access_code,subject shimmered,access_code,inno,validation-1,subject shimmered|access_code,True,0.9647917747497559,subject shimmered|access_code,True,1,0.960471510887146,0.6986820101737976,0.2617895007133484,Q1,validation
subject solved|registry_id,subject solved,registry_id,bottle,validation-0,subject solved|registry_id,True,0.8694355487823486,subject solved|registry_id,True,1,0.846723735332489,0.6226917505264282,0.2240319848060608,Q1,validation
subject solved|registry_id,subject solved,registry_id,bottle,validation-1,subject solved|registry_id,True,0.9605958461761475,subject solved|registry_id,True,1,0.9613652229309082,0.609310507774353,0.3520547151565552,Q1,validation
subject solved|city_code,subject solved,city_code,gloom,validation-0,subject solved|access_code,False,0.9365774393081665,subject solved|access_code,False,4,0.5480093359947205,0.9218788743019104,-0.37386953830718994,Q1,validation
subject solved|city_code,subject solved,city_code,gloom,validation-1,subject solved|city_code,True,0.9651370644569397,subject solved|city_code,True,1,0.9605551362037659,0.7093538045883179,0.251201331615448,Q1,validation
subject solved|access_code,subject solved,access_code,huge,validation-0,subject solved|access_code,True,0.9239427447319031,subject solved|access_code,True,1,0.9099389910697937,0.6664352416992188,0.24350374937057495,Q1,validation
subject solved|access_code,subject solved,access_code,huge,validation-1,subject solved|access_code,True,0.950727105140686,subject solved|access_code,True,1,0.9450592994689941,0.6949984431266785,0.2500608563423157,Q1,validation
subject swim|registry_id,subject swim,registry_id,whatever,validation-0,subject swim|registry_id,True,0.8566524386405945,subject swim|registry_id,True,1,0.8351500034332275,0.6593806147575378,0.1757693886756897,Q1,validation
subject swim|registry_id,subject swim,registry_id,whatever,validation-1,subject swim|registry_id,True,0.9694408178329468,subject swim|registry_id,True,1,0.9651275277137756,0.6375137567520142,0.3276137709617615,Q1,validation
subject swim|city_code,subject swim,city_code,arms,validation-0,subject swim|access_code,False,0.9202076196670532,subject swim|access_code,False,7,0.4340050518512726,0.8960137963294983,-0.4620087444782257,Q1,validation
subject swim|city_code,subject swim,city_code,arms,validation-1,subject swim|city_code,True,0.9724985361099243,subject swim|city_code,True,1,0.9635280966758728,0.5899686217308044,0.37355947494506836,Q1,validation
subject swim|access_code,subject swim,access_code,gems,validation-0,subject swim|access_code,True,0.8887649774551392,subject swim|access_code,True,1,0.8673545122146606,0.6319208145141602,0.2354336977005005,Q1,validation
subject swim|access_code,subject swim,access_code,gems,validation-1,subject swim|access_code,True,0.9774318337440491,subject swim|access_code,True,1,0.976024329662323,0.6270105242729187,0.3490138053894043,Q1,validation
subject deter|registry_id,subject deter,registry_id,jumped,validation-0,subject deter|registry_id,True,0.9184619188308716,subject deter|registry_id,True,1,0.9177411198616028,0.6655804514884949,0.2521606683731079,Q1,validation
subject deter|registry_id,subject deter,registry_id,jumped,validation-1,subject deter|registry_id,True,0.9502480030059814,subject deter|registry_id,True,1,0.9503491520881653,0.6433258056640625,0.3070233464241028,Q1,validation
subject deter|city_code,subject deter,city_code,snowman,validation-0,subject deter|access_code,False,0.9562782049179077,subject deter|access_code,False,4,0.4685879349708557,0.9499773979187012,-0.48138946294784546,Q1,validation
subject deter|city_code,subject deter,city_code,snowman,validation-1,subject deter|city_code,True,0.9411672353744507,subject deter|city_code,True,1,0.9313016533851624,0.6949009299278259,0.23640072345733643,Q1,validation
subject deter|access_code,subject deter,access_code,after,validation-0,subject deter|access_code,True,0.9455882906913757,subject deter|access_code,True,1,0.9408050179481506,0.6050703525543213,0.33573466539382935,Q1,validation
subject deter|access_code,subject deter,access_code,after,validation-1,subject deter|access_code,True,0.9527415037155151,subject deter|access_code,True,1,0.9470279812812805,0.6165053248405457,0.33052265644073486,Q1,validation
subject excited|registry_id,subject excited,registry_id,tricky,validation-0,subject excited|registry_id,True,0.7733773589134216,subject excited|registry_id,True,1,0.7579692602157593,0.7567662000656128,0.0012030601501464844,Q1,validation
subject excited|registry_id,subject excited,registry_id,tricky,validation-1,subject excited|registry_id,True,0.9528451561927795,subject excited|registry_id,True,1,0.9362539649009705,0.6477970480918884,0.28845691680908203,Q1,validation
subject excited|city_code,subject excited,city_code,conqu,validation-0,subject excited|access_code,False,0.9102780818939209,subject excited|access_code,False,6,0.39770668745040894,0.8885430693626404,-0.49083638191223145,Q1,validation
subject excited|city_code,subject excited,city_code,conqu,validation-1,subject excited|city_code,True,0.9808759093284607,subject excited|city_code,True,1,0.9741092324256897,0.6258344054222107,0.348274827003479,Q1,validation
subject excited|access_code,subject excited,access_code,imag,validation-0,subject excited|access_code,True,0.8476009368896484,subject excited|access_code,True,1,0.8264346122741699,0.6484018564224243,0.1780327558517456,Q1,validation
subject excited|access_code,subject excited,access_code,imag,validation-1,subject excited|access_code,True,0.9456177949905396,subject excited|access_code,True,1,0.944057285785675,0.6187616586685181,0.325295627117157,Q1,validation
subject encour|registry_id,subject encour,registry_id,safely,validation-0,subject dawn|registry_id,False,0.7438604235649109,subject dawn|registry_id,False,7,0.47155484557151794,0.7142366170883179,-0.24268177151679993,Q1,validation
subject encour|registry_id,subject encour,registry_id,safely,validation-1,subject encour|registry_id,True,0.8319834470748901,subject encour|registry_id,True,1,0.8223952054977417,0.7400690913200378,0.08232611417770386,Q1,validation
subject encour|city_code,subject encour,city_code,snowf,validation-0,subject louder|access_code,False,0.7953315377235413,subject louder|access_code,False,37,-0.3384290039539337,0.7812322378158569,-1.1196612417697906,Q1,validation
subject encour|city_code,subject encour,city_code,snowf,validation-1,subject encour|city_code,True,0.9029478430747986,subject encour|city_code,True,1,0.8847237229347229,0.6549191474914551,0.22980457544326782,Q1,validation
subject encour|access_code,subject encour,access_code,uncover,validation-0,subject encour|access_code,True,0.8491347432136536,subject encour|access_code,True,1,0.8054556846618652,0.687186598777771,0.11826908588409424,Q1,validation
subject encour|access_code,subject encour,access_code,uncover,validation-1,subject encour|access_code,True,0.8080970644950867,subject encour|access_code,True,1,0.7928057312965393,0.756773829460144,0.036031901836395264,Q1,validation
subject finds|registry_id,subject finds,registry_id,transform,validation-0,subject finds|registry_id,True,0.8391032814979553,subject finds|registry_id,True,1,0.8007441759109497,0.7547147274017334,0.04602944850921631,Q1,validation
subject finds|registry_id,subject finds,registry_id,transform,validation-1,subject finds|registry_id,True,0.9456269145011902,subject finds|registry_id,True,1,0.9258586168289185,0.5977625846862793,0.32809603214263916,Q1,validation
subject finds|city_code,subject finds,city_code,spirit,validation-0,subject finds|access_code,False,0.9295101761817932,subject finds|access_code,False,6,0.4361068904399872,0.9076271653175354,-0.4715202748775482,Q1,validation
subject finds|city_code,subject finds,city_code,spirit,validation-1,subject finds|city_code,True,0.9695441722869873,subject finds|city_code,True,1,0.956601619720459,0.6399418711662292,0.31665974855422974,Q1,validation
subject finds|access_code,subject finds,access_code,door,validation-0,subject finds|access_code,True,0.9175063371658325,subject finds|access_code,True,1,0.908248245716095,0.7623648643493652,0.14588338136672974,Q1,validation
subject finds|access_code,subject finds,access_code,door,validation-1,subject finds|access_code,True,0.9791821837425232,subject finds|access_code,True,1,0.9769017696380615,0.6459394097328186,0.3309623599052429,Q1,validation
subject skills|registry_id,subject skills,registry_id,seek,validation-0,subject skills|registry_id,True,0.7876954674720764,subject skills|registry_id,True,1,0.7799853086471558,0.569273054599762,0.2107122540473938,Q1,validation
subject skills|registry_id,subject skills,registry_id,seek,validation-1,subject skills|registry_id,True,0.9806911945343018,subject skills|registry_id,True,1,0.9775691628456116,0.6186743378639221,0.35889482498168945,Q1,validation
subject skills|city_code,subject skills,city_code,sank,validation-0,subject skills|access_code,False,0.8627254962921143,subject skills|access_code,False,5,0.5168327689170837,0.8468648195266724,-0.3300320506095886,Q1,validation
subject skills|city_code,subject skills,city_code,sank,validation-1,subject skills|city_code,True,0.9823964834213257,subject skills|city_code,True,1,0.9807887077331543,0.60150545835495,0.37928324937820435,Q1,validation
subject skills|access_code,subject skills,access_code,whale,validation-0,subject skills|access_code,True,0.8961247801780701,subject skills|access_code,True,1,0.8828226327896118,0.6712642908096313,0.21155834197998047,Q1,validation
subject skills|access_code,subject skills,access_code,whale,validation-1,subject skills|access_code,True,0.9865588545799255,subject skills|access_code,True,1,0.9824187159538269,0.5429748296737671,0.4394438862800598,Q1,validation
subject dawn|registry_id,subject dawn,registry_id,sneak,validation-0,subject dawn|registry_id,True,0.8845900893211365,subject dawn|registry_id,True,1,0.8695138096809387,0.7236900925636292,0.14582371711730957,Q1,validation
subject dawn|registry_id,subject dawn,registry_id,sneak,validation-1,subject dawn|registry_id,True,0.9786081910133362,subject dawn|registry_id,True,1,0.9769532084465027,0.5913898348808289,0.38556337356567383,Q1,validation
subject dawn|city_code,subject dawn,city_code,shiny,validation-0,subject dawn|access_code,False,0.9447910785675049,subject dawn|access_code,False,5,0.4956492483615875,0.9481515884399414,-0.4525023400783539,Q1,validation
subject dawn|city_code,subject dawn,city_code,shiny,validation-1,subject dawn|city_code,True,0.9749067425727844,subject dawn|city_code,True,1,0.9760052561759949,0.6932488679885864,0.28275638818740845,Q1,validation
subject dawn|access_code,subject dawn,access_code,pretending,validation-0,subject dawn|access_code,True,0.8986577391624451,subject dawn|access_code,True,1,0.8895401358604431,0.6440244317054749,0.24551570415496826,Q1,validation
subject dawn|access_code,subject dawn,access_code,pretending,validation-1,subject dawn|access_code,True,0.9821546673774719,subject dawn|access_code,True,1,0.9799454808235168,0.5881408452987671,0.39180463552474976,Q1,validation
subject swung|registry_id,subject swung,registry_id,outs,validation-0,subject deter|registry_id,False,0.818877637386322,subject deter|registry_id,False,2,0.7684503793716431,0.7942290306091309,-0.025778651237487793,Q1,validation
subject swung|registry_id,subject swung,registry_id,outs,validation-1,subject swung|registry_id,True,0.9685624837875366,subject swung|registry_id,True,1,0.9642057418823242,0.610159158706665,0.3540465831756592,Q1,validation
subject swung|city_code,subject swung,city_code,loomed,validation-0,subject swung|access_code,False,0.9105117917060852,subject swung|access_code,False,5,0.4554409980773926,0.894994854927063,-0.4395538568496704,Q1,validation
subject swung|city_code,subject swung,city_code,loomed,validation-1,subject swung|city_code,True,0.9654527902603149,subject swung|city_code,True,1,0.9642242789268494,0.6446423530578613,0.31958192586898804,Q1,validation
subject swung|access_code,subject swung,access_code,heavy,validation-0,subject swung|access_code,True,0.8711566925048828,subject swung|access_code,True,1,0.8640769720077515,0.7979684472084045,0.06610852479934692,Q1,validation
subject swung|access_code,subject swung,access_code,heavy,validation-1,subject swung|access_code,True,0.9814319014549255,subject swung|access_code,True,1,0.9787951707839966,0.5840774178504944,0.3947177529335022,Q1,validation
subject lovely|registry_id,subject lovely,registry_id,swayed,validation-0,subject lovely|registry_id,True,0.9143489599227905,subject lovely|registry_id,True,1,0.9036080837249756,0.6337637901306152,0.26984429359436035,Q1,validation
subject lovely|registry_id,subject lovely,registry_id,swayed,validation-1,subject lovely|registry_id,True,0.9650235176086426,subject lovely|registry_id,True,1,0.9618579149246216,0.6776634454727173,0.2841944694519043,Q1,validation
subject lovely|city_code,subject lovely,city_code,favorite,validation-0,subject lovely|access_code,False,0.9392579197883606,subject lovely|access_code,False,4,0.5005149841308594,0.9371021389961243,-0.4365871548652649,Q1,validation
subject lovely|city_code,subject lovely,city_code,favorite,validation-1,subject lovely|city_code,True,0.980618417263031,subject lovely|city_code,True,1,0.9766877293586731,0.6800117492675781,0.29667598009109497,Q1,validation
subject lovely|access_code,subject lovely,access_code,higher,validation-0,subject lovely|access_code,True,0.9219424724578857,subject lovely|access_code,True,1,0.9168515801429749,0.6979642510414124,0.2188873291015625,Q1,validation
subject lovely|access_code,subject lovely,access_code,higher,validation-1,subject lovely|access_code,True,0.9701120853424072,subject lovely|access_code,True,1,0.9699028134346008,0.6770235300064087,0.29287928342819214,Q1,validation
subject joked|registry_id,subject joked,registry_id,carved,test-0,subject joked|registry_id,True,0.9584253430366516,subject joked|registry_id,True,1,0.9528532028198242,0.617397129535675,0.33545607328414917,Q1,test
subject joked|registry_id,subject joked,registry_id,carved,test-1,subject joked|access_code,False,0.8229068517684937,subject joked|access_code,False,2,0.7283297777175903,0.8152757287025452,-0.08694595098495483,Q1,test
subject joked|registry_id,subject joked,registry_id,carved,test-2,subject joked|registry_id,True,0.9478396773338318,subject joked|registry_id,True,1,0.9380273222923279,0.5933741331100464,0.3446531891822815,Q1,test
subject joked|registry_id,subject joked,registry_id,carved,test-3,subject joked|registry_id,True,0.9138555526733398,subject joked|registry_id,True,1,0.9140916466712952,0.6050589680671692,0.309032678604126,Q1,test
subject joked|city_code,subject joked,city_code,prize,test-0,subject joked|city_code,True,0.9156882166862488,subject joked|city_code,True,1,0.8990873098373413,0.7595446109771729,0.13954269886016846,Q1,test
subject joked|city_code,subject joked,city_code,prize,test-1,subject joked|access_code,False,0.9544777870178223,subject joked|access_code,False,6,0.4371117055416107,0.9461169838905334,-0.5090052783489227,Q1,test
subject joked|city_code,subject joked,city_code,prize,test-2,subject joked|access_code,False,0.8289642930030823,subject joked|access_code,False,2,0.7609941363334656,0.8125134706497192,-0.05151933431625366,Q1,test
subject joked|city_code,subject joked,city_code,prize,test-3,subject joked|city_code,True,0.8799840211868286,subject joked|city_code,True,1,0.8661351799964905,0.6520302295684814,0.21410495042800903,Q1,test
subject joked|access_code,subject joked,access_code,train,test-0,subject joked|city_code,False,0.8905235528945923,subject joked|city_code,False,3,0.7420650720596313,0.8770401477813721,-0.13497507572174072,Q1,test
subject joked|access_code,subject joked,access_code,train,test-1,subject joked|access_code,True,0.8413125872612,subject joked|access_code,True,1,0.8259769678115845,0.6984269618988037,0.12755000591278076,Q1,test
subject joked|access_code,subject joked,access_code,train,test-2,subject joked|access_code,True,0.9267204403877258,subject joked|access_code,True,1,0.9251474738121033,0.6728578209877014,0.25228965282440186,Q1,test
subject joked|access_code,subject joked,access_code,train,test-3,subject joked|access_code,True,0.8377894163131714,subject joked|access_code,True,1,0.8231921792030334,0.6331013441085815,0.1900908350944519,Q1,test
subject clut|registry_id,subject clut,registry_id,guide,test-0,subject clut|registry_id,True,0.9756553769111633,subject clut|registry_id,True,1,0.9714932441711426,0.6935832500457764,0.2779099941253662,Q1,test
subject clut|registry_id,subject clut,registry_id,guide,test-1,subject clut|access_code,False,0.9009336829185486,subject clut|access_code,False,2,0.7461118698120117,0.8960603475570679,-0.14994847774505615,Q1,test
subject clut|registry_id,subject clut,registry_id,guide,test-2,subject clut|registry_id,True,0.8684572577476501,subject clut|registry_id,True,1,0.856768786907196,0.705777108669281,0.15099167823791504,Q1,test
subject clut|registry_id,subject clut,registry_id,guide,test-3,subject clut|registry_id,True,0.9000792503356934,subject clut|registry_id,True,1,0.893711507320404,0.5456314086914062,0.3480800986289978,Q1,test
subject clut|city_code,subject clut,city_code,connecting,test-0,subject clut|access_code,False,0.8386304378509521,subject clut|access_code,False,2,0.7839725017547607,0.8235332369804382,-0.03956073522567749,Q1,test
subject clut|city_code,subject clut,city_code,connecting,test-1,subject clut|access_code,False,0.9306628108024597,subject clut|access_code,False,7,0.5083024501800537,0.924849271774292,-0.4165468215942383,Q1,test
subject clut|city_code,subject clut,city_code,connecting,test-2,subject clut|access_code,False,0.8444967865943909,subject clut|access_code,False,3,0.5682862401008606,0.8338649272918701,-0.2655786871910095,Q1,test
subject clut|city_code,subject clut,city_code,connecting,test-3,subject clut|city_code,True,0.8091616034507751,subject clut|city_code,True,1,0.791960597038269,0.7265424728393555,0.06541812419891357,Q1,test
subject clut|access_code,subject clut,access_code,calm,test-0,subject clut|access_code,True,0.7669416069984436,subject clut|access_code,True,1,0.7585033774375916,0.6845141649246216,0.07398921251296997,Q1,test
subject clut|access_code,subject clut,access_code,calm,test-1,subject clut|access_code,True,0.9332159161567688,subject clut|access_code,True,1,0.9235998392105103,0.7375698089599609,0.18603003025054932,Q1,test
subject clut|access_code,subject clut,access_code,calm,test-2,subject clut|access_code,True,0.8938479423522949,subject clut|access_code,True,1,0.8829745054244995,0.7407287955284119,0.14224570989608765,Q1,test
subject clut|access_code,subject clut,access_code,calm,test-3,subject clut|access_code,True,0.9340495467185974,subject clut|access_code,True,1,0.9304287433624268,0.6129197478294373,0.3175089955329895,Q1,test
subject louder|registry_id,subject louder,registry_id,worries,test-0,subject louder|registry_id,True,0.9712288975715637,subject louder|registry_id,True,1,0.9454668760299683,0.740917980670929,0.2045488953590393,Q1,test
subject louder|registry_id,subject louder,registry_id,worries,test-1,subject louder|access_code,False,0.8368869423866272,subject louder|access_code,False,2,0.6687003374099731,0.8218603730201721,-0.15316003561019897,Q1,test
subject louder|registry_id,subject louder,registry_id,worries,test-2,subject louder|registry_id,True,0.9340215921401978,subject louder|registry_id,True,1,0.9271326065063477,0.6847752928733826,0.2423573136329651,Q1,test
subject louder|registry_id,subject louder,registry_id,worries,test-3,subject louder|registry_id,True,0.8738040328025818,subject louder|registry_id,True,1,0.8600510954856873,0.5626908540725708,0.29736024141311646,Q1,test
subject louder|city_code,subject louder,city_code,glow,test-0,subject louder|city_code,True,0.8179075121879578,subject louder|city_code,True,1,0.7960665225982666,0.7180823087692261,0.07798421382904053,Q1,test
subject louder|city_code,subject louder,city_code,glow,test-1,subject finds|access_code,False,0.8032855987548828,subject finds|access_code,False,19,0.17480520904064178,0.7716079950332642,-0.5968027859926224,Q1,test
subject louder|city_code,subject louder,city_code,glow,test-2,subject louder|access_code,False,0.894145131111145,subject louder|access_code,False,2,0.7527443766593933,0.8847224712371826,-0.1319780945777893,Q1,test
subject louder|city_code,subject louder,city_code,glow,test-3,subject louder|city_code,True,0.7311776876449585,subject louder|city_code,True,1,0.7120281457901001,0.6338117718696594,0.07821637392044067,Q1,test
subject louder|access_code,subject louder,access_code,glanc,test-0,subject louder|city_code,False,0.811354398727417,subject louder|city_code,False,2,0.7375905513763428,0.8047217726707458,-0.06713122129440308,Q1,test
subject louder|access_code,subject louder,access_code,glanc,test-1,subject louder|access_code,True,0.8023790121078491,subject louder|access_code,True,1,0.7761558890342712,0.7742908000946045,0.001865088939666748,Q1,test
subject louder|access_code,subject louder,access_code,glanc,test-2,subject louder|access_code,True,0.9738153219223022,subject louder|access_code,True,1,0.9685871005058289,0.6908910274505615,0.27769607305526733,Q1,test
subject louder|access_code,subject louder,access_code,glanc,test-3,subject louder|access_code,True,0.8409061431884766,subject louder|access_code,True,1,0.820726752281189,0.6594671010971069,0.16125965118408203,Q1,test
subject deer|registry_id,subject deer,registry_id,beep,test-0,subject deer|registry_id,True,0.9520434737205505,subject deer|registry_id,True,1,0.9523829817771912,0.624954104423523,0.3274288773536682,Q1,test
subject deer|registry_id,subject deer,registry_id,beep,test-1,subject deer|access_code,False,0.8302405476570129,subject deer|access_code,False,2,0.7413697242736816,0.8208104968070984,-0.07944077253341675,Q1,test
subject deer|registry_id,subject deer,registry_id,beep,test-2,subject deer|registry_id,True,0.9073929786682129,subject deer|registry_id,True,1,0.8937720060348511,0.548844039440155,0.34492796659469604,Q1,test
subject deer|registry_id,subject deer,registry_id,beep,test-3,subject deer|registry_id,True,0.9316794872283936,subject deer|registry_id,True,1,0.8991454243659973,0.6962900757789612,0.20285534858703613,Q1,test
subject deer|city_code,subject deer,city_code,students,test-0,subject deer|city_code,True,0.873367190361023,subject deer|city_code,True,1,0.8612087965011597,0.7388477325439453,0.12236106395721436,Q1,test
subject deer|city_code,subject deer,city_code,students,test-1,subject deer|access_code,False,0.8721556663513184,subject deer|access_code,False,6,0.3989827334880829,0.8539348840713501,-0.4549521505832672,Q1,test
subject deer|city_code,subject deer,city_code,students,test-2,subject deer|access_code,False,0.8006393909454346,subject deer|access_code,False,2,0.7365158200263977,0.7743163108825684,-0.037800490856170654,Q1,test
subject deer|city_code,subject deer,city_code,students,test-3,subject deer|city_code,True,0.8712347149848938,subject deer|city_code,True,1,0.8477392196655273,0.703256368637085,0.14448285102844238,Q1,test
subject deer|access_code,subject deer,access_code,bond,test-0,subject deer|city_code,False,0.8366397619247437,subject deer|city_code,False,3,0.5827903747558594,0.8239951729774475,-0.24120479822158813,Q1,test
subject deer|access_code,subject deer,access_code,bond,test-1,subject deer|access_code,True,0.821784257888794,subject deer|access_code,True,1,0.7948717474937439,0.711348831653595,0.08352291584014893,Q1,test
subject deer|access_code,subject deer,access_code,bond,test-2,subject deer|access_code,True,0.9189496040344238,subject deer|access_code,True,1,0.8984334468841553,0.7127811312675476,0.18565231561660767,Q1,test
subject deer|access_code,subject deer,access_code,bond,test-3,subject deer|access_code,True,0.9207960963249207,subject deer|access_code,True,1,0.8941383361816406,0.6040494441986084,0.2900888919830322,Q1,test
subject sent|registry_id,subject sent,registry_id,butterf,test-0,subject sent|registry_id,True,0.9790307879447937,subject sent|registry_id,True,1,0.9723705649375916,0.5725168585777283,0.3998537063598633,Q1,test
subject sent|registry_id,subject sent,registry_id,butterf,test-1,subject sent|access_code,False,0.8460475206375122,subject sent|access_code,False,2,0.7111064791679382,0.8352496027946472,-0.12414312362670898,Q1,test
subject sent|registry_id,subject sent,registry_id,butterf,test-2,subject sent|registry_id,True,0.9307358860969543,subject sent|registry_id,True,1,0.9064709544181824,0.6456196308135986,0.26085132360458374,Q1,test
subject sent|registry_id,subject sent,registry_id,butterf,test-3,subject sent|registry_id,True,0.9470226168632507,subject sent|registry_id,True,1,0.9338884949684143,0.6287840604782104,0.30510443449020386,Q1,test
subject sent|city_code,subject sent,city_code,clapped,test-0,subject sent|city_code,True,0.8581738471984863,subject sent|city_code,True,1,0.8419413566589355,0.8167703747749329,0.025170981884002686,Q1,test
subject sent|city_code,subject sent,city_code,clapped,test-1,subject sent|access_code,False,0.9144947528839111,subject sent|access_code,False,7,0.4150383174419403,0.9128665328025818,-0.4978282153606415,Q1,test
subject sent|city_code,subject sent,city_code,clapped,test-2,subject sent|access_code,False,0.882248044013977,subject sent|access_code,False,2,0.7387387752532959,0.8667224049568176,-0.12798362970352173,Q1,test
subject sent|city_code,subject sent,city_code,clapped,test-3,subject sent|city_code,True,0.8695337772369385,subject sent|city_code,True,1,0.8443090915679932,0.7340794205665588,0.11022967100143433,Q1,test
subject sent|access_code,subject sent,access_code,breathe,test-0,subject sent|city_code,False,0.8528868556022644,subject sent|city_code,False,3,0.6816788911819458,0.8303695917129517,-0.14869070053100586,Q1,test
subject sent|access_code,subject sent,access_code,breathe,test-1,subject sent|access_code,True,0.8556910157203674,subject sent|access_code,True,1,0.8403613567352295,0.7159898281097412,0.12437152862548828,Q1,test
subject sent|access_code,subject sent,access_code,breathe,test-2,subject sent|access_code,True,0.9434491991996765,subject sent|access_code,True,1,0.9345663785934448,0.6824062466621399,0.25216013193130493,Q1,test
subject sent|access_code,subject sent,access_code,breathe,test-3,subject sent|access_code,True,0.9035786390304565,subject sent|access_code,True,1,0.8912792205810547,0.6675805449485779,0.2236986756324768,Q1,test
subject shimmered|registry_id,subject shimmered,registry_id,shining,test-0,subject shimmered|registry_id,True,0.9482972025871277,subject shimmered|registry_id,True,1,0.9405537843704224,0.6092410683631897,0.33131271600723267,Q1,test
subject shimmered|registry_id,subject shimmered,registry_id,shining,test-1,subject shimmered|access_code,False,0.8803105354309082,subject shimmered|access_code,False,2,0.8143793344497681,0.8659499883651733,-0.05157065391540527,Q1,test
subject shimmered|registry_id,subject shimmered,registry_id,shining,test-2,subject shimmered|registry_id,True,0.9103212952613831,subject shimmered|registry_id,True,1,0.905511200428009,0.5881147384643555,0.31739646196365356,Q1,test
subject shimmered|registry_id,subject shimmered,registry_id,shining,test-3,subject shimmered|registry_id,True,0.8997957110404968,subject shimmered|registry_id,True,1,0.8935295343399048,0.6836220622062683,0.20990747213363647,Q1,test
subject shimmered|city_code,subject shimmered,city_code,house,test-0,subject shimmered|access_code,False,0.8594018220901489,subject shimmered|access_code,False,2,0.7775474786758423,0.8407889604568481,-0.06324148178100586,Q1,test
subject shimmered|city_code,subject shimmered,city_code,house,test-1,subject shimmered|access_code,False,0.9395787715911865,subject shimmered|access_code,False,3,0.5874807834625244,0.9114547371864319,-0.32397395372390747,Q1,test
subject shimmered|city_code,subject shimmered,city_code,house,test-2,subject shimmered|access_code,False,0.9031659364700317,subject shimmered|access_code,False,2,0.733882486820221,0.8784257173538208,-0.14454323053359985,Q1,test
subject shimmered|city_code,subject shimmered,city_code,house,test-3,subject shimmered|city_code,True,0.8212448358535767,subject shimmered|city_code,True,1,0.7927711606025696,0.7636400461196899,0.02913111448287964,Q1,test
subject shimmered|access_code,subject shimmered,access_code,inno,test-0,subject shimmered|city_code,False,0.8246498703956604,subject shimmered|city_code,False,3,0.7103550434112549,0.8143959045410156,-0.10404086112976074,Q1,test
subject shimmered|access_code,subject shimmered,access_code,inno,test-1,subject shimmered|access_code,True,0.9365576505661011,subject shimmered|access_code,True,1,0.9212575554847717,0.6721237301826477,0.24913382530212402,Q1,test
subject shimmered|access_code,subject shimmered,access_code,inno,test-2,subject shimmered|access_code,True,0.9277524352073669,subject shimmered|access_code,True,1,0.9129848480224609,0.655907928943634,0.2570769190788269,Q1,test
subject shimmered|access_code,subject shimmered,access_code,inno,test-3,subject shimmered|access_code,True,0.8845946192741394,subject shimmered|access_code,True,1,0.8730400800704956,0.7204920053482056,0.15254807472229004,Q1,test
subject solved|registry_id,subject solved,registry_id,bottle,test-0,subject solved|registry_id,True,0.976631224155426,subject solved|registry_id,True,1,0.961921215057373,0.6043366193771362,0.3575845956802368,Q1,test
subject solved|registry_id,subject solved,registry_id,bottle,test-1,subject clut|access_code,False,0.7276220321655273,subject clut|access_code,False,9,0.43353864550590515,0.7127357721328735,-0.2791971266269684,Q1,test
subject solved|registry_id,subject solved,registry_id,bottle,test-2,subject solved|registry_id,True,0.9468468427658081,subject solved|registry_id,True,1,0.9445464611053467,0.6317037343978882,0.3128427267074585,Q1,test
subject solved|registry_id,subject solved,registry_id,bottle,test-3,subject solved|registry_id,True,0.9497953653335571,subject solved|registry_id,True,1,0.9350059032440186,0.5963391065597534,0.33866679668426514,Q1,test
subject solved|city_code,subject solved,city_code,gloom,test-0,subject solved|access_code,False,0.8783929347991943,subject solved|access_code,False,2,0.8449898362159729,0.8601588606834412,-0.015169024467468262,Q1,test
subject solved|city_code,subject solved,city_code,gloom,test-1,subject solved|access_code,False,0.8561536073684692,subject solved|access_code,False,17,0.18369626998901367,0.8332153558731079,-0.6495190858840942,Q1,test
subject solved|city_code,subject solved,city_code,gloom,test-2,subject solved|access_code,False,0.8759140968322754,subject solved|access_code,False,2,0.7493507266044617,0.8528182506561279,-0.10346752405166626,Q1,test
subject solved|city_code,subject solved,city_code,gloom,test-3,subject solved|city_code,True,0.8672550916671753,subject solved|city_code,True,1,0.8383731842041016,0.7805317640304565,0.05784142017364502,Q1,test
subject solved|access_code,subject solved,access_code,huge,test-0,subject solved|city_code,False,0.8462807536125183,subject solved|city_code,False,2,0.7902262806892395,0.8139810562133789,-0.023754775524139404,Q1,test
subject solved|access_code,subject solved,access_code,huge,test-1,subject solved|access_code,True,0.7901347279548645,subject clut|access_code,False,2,0.7572903633117676,0.7614896893501282,-0.004199326038360596,Q1,test
subject solved|access_code,subject solved,access_code,huge,test-2,subject solved|access_code,True,0.953095018863678,subject solved|access_code,True,1,0.9501876831054688,0.7320955991744995,0.21809208393096924,Q1,test
subject solved|access_code,subject solved,access_code,huge,test-3,subject solved|access_code,True,0.9376927018165588,subject solved|access_code,True,1,0.9194948673248291,0.6524757146835327,0.2670191526412964,Q1,test
subject swim|registry_id,subject swim,registry_id,whatever,test-0,subject swim|registry_id,True,0.9767063856124878,subject swim|registry_id,True,1,0.9802711606025696,0.6060394048690796,0.37423175573349,Q1,test
subject swim|registry_id,subject swim,registry_id,whatever,test-1,subject swim|access_code,False,0.8051837086677551,subject swim|access_code,False,2,0.6921699047088623,0.7880727648735046,-0.09590286016464233,Q1,test
subject swim|registry_id,subject swim,registry_id,whatever,test-2,subject swim|registry_id,True,0.9566724300384521,subject swim|registry_id,True,1,0.93868488073349,0.6486210823059082,0.2900637984275818,Q1,test
subject swim|registry_id,subject swim,registry_id,whatever,test-3,subject swim|registry_id,True,0.9394407868385315,subject swim|registry_id,True,1,0.9277462959289551,0.6220685243606567,0.30567777156829834,Q1,test
subject swim|city_code,subject swim,city_code,arms,test-0,subject swim|city_code,True,0.7824584245681763,subject swim|city_code,True,1,0.763275682926178,0.7454777956008911,0.017797887325286865,Q1,test
subject swim|city_code,subject swim,city_code,arms,test-1,subject swim|access_code,False,0.8264609575271606,subject swim|access_code,False,11,0.3345765769481659,0.7913618087768555,-0.4567852318286896,Q1,test
subject swim|city_code,subject swim,city_code,arms,test-2,subject swim|access_code,False,0.8810849785804749,subject swim|access_code,False,2,0.8159647583961487,0.8767774105072021,-0.06081265211105347,Q1,test
subject swim|city_code,subject swim,city_code,arms,test-3,subject swim|city_code,True,0.8348203897476196,subject swim|city_code,True,1,0.7979188561439514,0.662654459476471,0.13526439666748047,Q1,test
subject swim|access_code,subject swim,access_code,gems,test-0,subject swim|city_code,False,0.7502090930938721,subject swim|city_code,False,3,0.5327591300010681,0.6983954310417175,-0.16563630104064941,Q1,test
subject swim|access_code,subject swim,access_code,gems,test-1,subject finds|access_code,False,0.8245822787284851,subject finds|access_code,False,2,0.7289072275161743,0.8043150305747986,-0.07540780305862427,Q1,test
subject swim|access_code,subject swim,access_code,gems,test-2,subject swim|access_code,True,0.975429117679596,subject swim|access_code,True,1,0.96415776014328,0.6005426645278931,0.36361509561538696,Q1,test
subject swim|access_code,subject swim,access_code,gems,test-3,subject swim|access_code,True,0.8890864849090576,subject swim|access_code,True,1,0.8627256751060486,0.5995580554008484,0.2631676197052002,Q1,test
subject deter|registry_id,subject deter,registry_id,jumped,test-0,subject deter|registry_id,True,0.9515255093574524,subject deter|registry_id,True,1,0.94896000623703,0.6667419672012329,0.2822180390357971,Q1,test
subject deter|registry_id,subject deter,registry_id,jumped,test-1,subject deter|access_code,False,0.8772227168083191,subject deter|access_code,False,2,0.7200613021850586,0.8686204552650452,-0.14855915307998657,Q1,test
subject deter|registry_id,subject deter,registry_id,jumped,test-2,subject deter|registry_id,True,0.8929932117462158,subject deter|registry_id,True,1,0.8848332762718201,0.6389515399932861,0.24588173627853394,Q1,test
subject deter|registry_id,subject deter,registry_id,jumped,test-3,subject deter|registry_id,True,0.960257351398468,subject deter|registry_id,True,1,0.9515422582626343,0.6333394050598145,0.3182028532028198,Q1,test
subject deter|city_code,subject deter,city_code,snowman,test-0,subject deter|city_code,True,0.8466170430183411,subject deter|city_code,True,1,0.8201517462730408,0.7415104508399963,0.07864129543304443,Q1,test
subject deter|city_code,subject deter,city_code,snowman,test-1,subject deter|access_code,False,0.9305067658424377,subject deter|access_code,False,6,0.4745602011680603,0.9233590960502625,-0.44879889488220215,Q1,test
subject deter|city_code,subject deter,city_code,snowman,test-2,subject deter|access_code,False,0.9033530354499817,subject deter|access_code,False,4,0.5494802594184875,0.9013774991035461,-0.3518972396850586,Q1,test
subject deter|city_code,subject deter,city_code,snowman,test-3,subject deter|city_code,True,0.828797459602356,subject deter|city_code,True,1,0.8119223117828369,0.8018386363983154,0.010083675384521484,Q1,test
subject deter|access_code,subject deter,access_code,after,test-0,subject deter|city_code,False,0.8080353140830994,subject deter|city_code,False,3,0.6630398631095886,0.7771013975143433,-0.11406153440475464,Q1,test
subject deter|access_code,subject deter,access_code,after,test-1,subject deter|access_code,True,0.9365977048873901,subject deter|access_code,True,1,0.9267845749855042,0.7167893052101135,0.20999526977539062,Q1,test
subject deter|access_code,subject deter,access_code,after,test-2,subject deter|access_code,True,0.918113648891449,subject deter|access_code,True,1,0.9083099365234375,0.7097300291061401,0.19857990741729736,Q1,test
subject deter|access_code,subject deter,access_code,after,test-3,subject deter|access_code,True,0.9318257570266724,subject deter|access_code,True,1,0.9288289546966553,0.58985435962677,0.33897459506988525,Q1,test
subject excited|registry_id,subject excited,registry_id,tricky,test-0,subject excited|registry_id,True,0.9787822365760803,subject excited|registry_id,True,1,0.9747427701950073,0.5892385840415955,0.38550418615341187,Q1,test
subject excited|registry_id,subject excited,registry_id,tricky,test-1,subject excited|access_code,False,0.7950117588043213,subject excited|access_code,False,2,0.7162958383560181,0.777805507183075,-0.061509668827056885,Q1,test
subject excited|registry_id,subject excited,registry_id,tricky,test-2,subject excited|registry_id,True,0.9264377951622009,subject excited|registry_id,True,1,0.9137738347053528,0.6139859557151794,0.29978787899017334,Q1,test
subject excited|registry_id,subject excited,registry_id,tricky,test-3,subject excited|registry_id,True,0.8502241969108582,subject excited|registry_id,True,1,0.8436045050621033,0.7568740844726562,0.08673042058944702,Q1,test
subject excited|city_code,subject excited,city_code,conqu,test-0,subject excited|city_code,True,0.8823391199111938,subject excited|city_code,True,1,0.8605899810791016,0.7523191571235657,0.10827082395553589,Q1,test
subject excited|city_code,subject excited,city_code,conqu,test-1,subject excited|access_code,False,0.9152670502662659,subject excited|access_code,False,6,0.46629032492637634,0.8960860967636108,-0.4297957718372345,Q1,test
subject excited|city_code,subject excited,city_code,conqu,test-2,subject excited|city_code,True,0.8244518637657166,subject excited|city_code,True,1,0.7877914905548096,0.7612977027893066,0.02649378776550293,Q1,test
subject excited|city_code,subject excited,city_code,conqu,test-3,subject excited|city_code,True,0.8413240313529968,subject excited|city_code,True,1,0.8150075078010559,0.7170892357826233,0.09791827201843262,Q1,test
subject excited|access_code,subject excited,access_code,imag,test-0,subject excited|city_code,False,0.8388164639472961,subject excited|city_code,False,3,0.6885139346122742,0.8127071261405945,-0.12419319152832031,Q1,test
subject excited|access_code,subject excited,access_code,imag,test-1,subject excited|access_code,True,0.8715702295303345,subject excited|access_code,True,1,0.8475351929664612,0.703872561454773,0.14366263151168823,Q1,test
subject excited|access_code,subject excited,access_code,imag,test-2,subject excited|access_code,True,0.9299819469451904,subject excited|access_code,True,1,0.9131492376327515,0.6323970556259155,0.28075218200683594,Q1,test
subject excited|access_code,subject excited,access_code,imag,test-3,subject excited|access_code,True,0.8551477789878845,subject excited|access_code,True,1,0.8356451988220215,0.5917178392410278,0.24392735958099365,Q1,test
subject encour|registry_id,subject encour,registry_id,safely,test-0,subject encour|registry_id,True,0.9477468132972717,subject encour|registry_id,True,1,0.9425287246704102,0.704594075679779,0.2379346489906311,Q1,test
subject encour|registry_id,subject encour,registry_id,safely,test-1,subject clut|access_code,False,0.7548631429672241,subject clut|access_code,False,14,0.2690821588039398,0.7262623310089111,-0.4571801722049713,Q1,test
subject encour|registry_id,subject encour,registry_id,safely,test-2,subject encour|registry_id,True,0.8235071301460266,subject encour|registry_id,True,1,0.790256142616272,0.6802034974098206,0.11005264520645142,Q1,test
subject encour|registry_id,subject encour,registry_id,safely,test-3,subject dawn|registry_id,False,0.793412446975708,subject dawn|registry_id,False,3,0.6662297248840332,0.7688769102096558,-0.10264718532562256,Q1,test
subject encour|city_code,subject encour,city_code,snowf,test-0,subject louder|city_code,False,0.8009962439537048,subject louder|city_code,False,13,0.21744221448898315,0.7676346302032471,-0.5501924157142639,Q1,test
subject encour|city_code,subject encour,city_code,snowf,test-1,subject excited|access_code,False,0.8306840658187866,subject excited|access_code,False,32,-0.15973378717899323,0.8215765953063965,-0.9813103824853897,Q1,test
subject encour|city_code,subject encour,city_code,snowf,test-2,subject louder|access_code,False,0.7190053462982178,subject louder|access_code,False,7,0.37684181332588196,0.6770849823951721,-0.30024316906929016,Q1,test
subject encour|city_code,subject encour,city_code,snowf,test-3,subject swim|city_code,False,0.6995307803153992,subject swim|city_code,False,4,0.44850030541419983,0.6796897649765015,-0.23118945956230164,Q1,test
subject encour|access_code,subject encour,access_code,uncover,test-0,subject excited|access_code,False,0.4793488681316376,subject excited|access_code,False,10,0.2338026911020279,0.41202738881111145,-0.17822469770908356,Q1,test
subject encour|access_code,subject encour,access_code,uncover,test-1,subject clut|access_code,False,0.8117930293083191,subject clut|access_code,False,2,0.7575579881668091,0.7966316342353821,-0.039073646068573,Q1,test
subject encour|access_code,subject encour,access_code,uncover,test-2,subject encour|access_code,True,0.9178798198699951,subject encour|access_code,True,1,0.9033113121986389,0.7804360389709473,0.12287527322769165,Q1,test
subject encour|access_code,subject encour,access_code,uncover,test-3,subject encour|access_code,True,0.7826567888259888,subject encour|access_code,True,1,0.7339085936546326,0.6813223958015442,0.05258619785308838,Q1,test
subject finds|registry_id,subject finds,registry_id,transform,test-0,subject finds|registry_id,True,0.9729436635971069,subject finds|registry_id,True,1,0.9725940823554993,0.6165133714675903,0.35608071088790894,Q1,test
subject finds|registry_id,subject finds,registry_id,transform,test-1,subject finds|access_code,False,0.7746008038520813,subject finds|access_code,False,3,0.6804276704788208,0.7528777718544006,-0.07245010137557983,Q1,test
subject finds|registry_id,subject finds,registry_id,transform,test-2,subject finds|registry_id,True,0.9399250149726868,subject finds|registry_id,True,1,0.9317070245742798,0.6782817244529724,0.2534253001213074,Q1,test
subject finds|registry_id,subject finds,registry_id,transform,test-3,subject deter|registry_id,False,0.8749318718910217,subject deter|registry_id,False,2,0.7949442267417908,0.8536504507064819,-0.05870622396469116,Q1,test
subject finds|city_code,subject finds,city_code,spirit,test-0,subject finds|access_code,False,0.839719831943512,subject finds|access_code,False,2,0.7955382466316223,0.8191969394683838,-0.023658692836761475,Q1,test
subject finds|city_code,subject finds,city_code,spirit,test-1,subject finds|access_code,False,0.8563432097434998,subject finds|access_code,False,9,0.3909054398536682,0.8414062857627869,-0.45050084590911865,Q1,test
subject finds|city_code,subject finds,city_code,spirit,test-2,subject finds|access_code,False,0.8668037056922913,subject finds|access_code,False,2,0.7469858527183533,0.8476854562759399,-0.10069960355758667,Q1,test
subject finds|city_code,subject finds,city_code,spirit,test-3,subject finds|city_code,True,0.8169655203819275,subject finds|city_code,True,1,0.7780571579933167,0.7506422400474548,0.027414917945861816,Q1,test
subject finds|access_code,subject finds,access_code,door,test-0,subject finds|city_code,False,0.8286386132240295,subject finds|city_code,False,3,0.7144038081169128,0.7957388758659363,-0.08133506774902344,Q1,test
subject finds|access_code,subject finds,access_code,door,test-1,subject solved|access_code,False,0.7392313480377197,subject deter|access_code,False,3,0.6839240193367004,0.7145089507102966,-0.03058493137359619,Q1,test
subject finds|access_code,subject finds,access_code,door,test-2,subject finds|access_code,True,0.9721782207489014,subject finds|access_code,True,1,0.9694176316261292,0.5918581485748291,0.37755948305130005,Q1,test
subject finds|access_code,subject finds,access_code,door,test-3,subject finds|access_code,True,0.9077220559120178,subject finds|access_code,True,1,0.8890788555145264,0.7144317626953125,0.17464709281921387,Q1,test
subject skills|registry_id,subject skills,registry_id,seek,test-0,subject skills|registry_id,True,0.9878056645393372,subject skills|registry_id,True,1,0.9881804585456848,0.5539774894714355,0.43420296907424927,Q1,test
subject skills|registry_id,subject skills,registry_id,seek,test-1,subject skills|access_code,False,0.8461163640022278,subject skills|access_code,False,2,0.683283269405365,0.8423047661781311,-0.1590214967727661,Q1,test
subject skills|registry_id,subject skills,registry_id,seek,test-2,subject skills|registry_id,True,0.9579755067825317,subject skills|registry_id,True,1,0.9446476697921753,0.6249722242355347,0.3196754455566406,Q1,test
subject skills|registry_id,subject skills,registry_id,seek,test-3,subject skills|registry_id,True,0.9307880401611328,subject skills|registry_id,True,1,0.9172790050506592,0.5995460152626038,0.3177329897880554,Q1,test
subject skills|city_code,subject skills,city_code,sank,test-0,subject skills|city_code,True,0.8898771405220032,subject skills|city_code,True,1,0.8762587308883667,0.734904944896698,0.1413537859916687,Q1,test
subject skills|city_code,subject skills,city_code,sank,test-1,subject skills|access_code,False,0.9455364346504211,subject skills|access_code,False,11,0.3877015709877014,0.9326754212379456,-0.5449738502502441,Q1,test
subject skills|city_code,subject skills,city_code,sank,test-2,subject skills|access_code,False,0.8397700190544128,subject skills|access_code,False,2,0.7628605365753174,0.8243495225906372,-0.061488986015319824,Q1,test
subject skills|city_code,subject skills,city_code,sank,test-3,subject skills|city_code,True,0.861993670463562,subject skills|city_code,True,1,0.8532440662384033,0.7410911917686462,0.11215287446975708,Q1,test
subject skills|access_code,subject skills,access_code,whale,test-0,subject skills|city_code,False,0.83381187915802,subject skills|city_code,False,3,0.7050145268440247,0.8251430988311768,-0.1201285719871521,Q1,test
subject skills|access_code,subject skills,access_code,whale,test-1,subject skills|access_code,True,0.7955042123794556,subject skills|access_code,True,1,0.7855628132820129,0.7117125391960144,0.07385027408599854,Q1,test
subject skills|access_code,subject skills,access_code,whale,test-2,subject skills|access_code,True,0.9459137320518494,subject skills|access_code,True,1,0.9335770010948181,0.687476634979248,0.24610036611557007,Q1,test
subject skills|access_code,subject skills,access_code,whale,test-3,subject skills|access_code,True,0.9068114161491394,subject skills|access_code,True,1,0.8978069424629211,0.6265324354171753,0.27127450704574585,Q1,test
subject dawn|registry_id,subject dawn,registry_id,sneak,test-0,subject dawn|registry_id,True,0.9754437804222107,subject dawn|registry_id,True,1,0.9759305715560913,0.6664615869522095,0.30946898460388184,Q1,test
subject dawn|registry_id,subject dawn,registry_id,sneak,test-1,subject dawn|access_code,False,0.8178879022598267,subject dawn|access_code,False,2,0.7708879709243774,0.8039810657501221,-0.03309309482574463,Q1,test
subject dawn|registry_id,subject dawn,registry_id,sneak,test-2,subject dawn|registry_id,True,0.911798894405365,subject dawn|registry_id,True,1,0.9027285575866699,0.7720946669578552,0.1306338906288147,Q1,test
subject dawn|registry_id,subject dawn,registry_id,sneak,test-3,subject dawn|registry_id,True,0.9345176219940186,subject dawn|registry_id,True,1,0.9206992387771606,0.7559366226196289,0.16476261615753174,Q1,test
subject dawn|city_code,subject dawn,city_code,shiny,test-0,subject dawn|city_code,True,0.849219024181366,subject dawn|city_code,True,1,0.8338135480880737,0.7326563596725464,0.10115718841552734,Q1,test
subject dawn|city_code,subject dawn,city_code,shiny,test-1,subject dawn|access_code,False,0.8540868163108826,subject dawn|access_code,False,8,0.4071183204650879,0.8311745524406433,-0.4240562319755554,Q1,test
subject dawn|city_code,subject dawn,city_code,shiny,test-2,subject dawn|access_code,False,0.8646263480186462,subject dawn|access_code,False,2,0.7192378044128418,0.8465451002120972,-0.12730729579925537,Q1,test
subject dawn|city_code,subject dawn,city_code,shiny,test-3,subject dawn|city_code,True,0.8491246104240417,subject dawn|city_code,True,1,0.820908784866333,0.7684834003448486,0.052425384521484375,Q1,test
subject dawn|access_code,subject dawn,access_code,pretending,test-0,subject dawn|city_code,False,0.779277503490448,subject dawn|city_code,False,2,0.706452488899231,0.7581055760383606,-0.05165308713912964,Q1,test
subject dawn|access_code,subject dawn,access_code,pretending,test-1,subject dawn|access_code,True,0.8393062353134155,subject dawn|access_code,True,1,0.8247725963592529,0.793239951133728,0.0315326452255249,Q1,test
subject dawn|access_code,subject dawn,access_code,pretending,test-2,subject dawn|access_code,True,0.9091996550559998,subject dawn|access_code,True,1,0.8970345854759216,0.7965337634086609,0.10050082206726074,Q1,test
subject dawn|access_code,subject dawn,access_code,pretending,test-3,subject dawn|access_code,True,0.8812189698219299,subject dawn|access_code,True,1,0.8641635775566101,0.6348090171813965,0.22935456037521362,Q1,test
subject swung|registry_id,subject swung,registry_id,outs,test-0,subject swung|registry_id,True,0.9807108640670776,subject swung|registry_id,True,1,0.976565420627594,0.6204898357391357,0.35607558488845825,Q1,test
subject swung|registry_id,subject swung,registry_id,outs,test-1,subject swung|access_code,False,0.8052060604095459,subject swung|access_code,False,3,0.5898820161819458,0.7917267680168152,-0.20184475183486938,Q1,test
subject swung|registry_id,subject swung,registry_id,outs,test-2,subject swung|registry_id,True,0.899662435054779,subject swung|registry_id,True,1,0.8862582445144653,0.6540910601615906,0.23216718435287476,Q1,test
subject swung|registry_id,subject swung,registry_id,outs,test-3,subject swung|registry_id,True,0.8758835196495056,subject swung|registry_id,True,1,0.8692973852157593,0.7688725590705872,0.10042482614517212,Q1,test
subject swung|city_code,subject swung,city_code,loomed,test-0,subject swung|city_code,True,0.7904784083366394,subject swung|city_code,True,1,0.7836931347846985,0.741055965423584,0.0426371693611145,Q1,test
subject swung|city_code,subject swung,city_code,loomed,test-1,subject swung|access_code,False,0.8715164661407471,subject swung|access_code,False,16,0.22491104900836945,0.8614273071289062,-0.6365162581205368,Q1,test
subject swung|city_code,subject swung,city_code,loomed,test-2,subject swung|access_code,False,0.8634722232818604,subject swung|access_code,False,2,0.7308828830718994,0.855398416519165,-0.12451553344726562,Q1,test
subject swung|city_code,subject swung,city_code,loomed,test-3,subject deter|city_code,False,0.8101149797439575,subject deter|city_code,False,2,0.7333157658576965,0.79842609167099,-0.06511032581329346,Q1,test
subject swung|access_code,subject swung,access_code,heavy,test-0,subject swung|city_code,False,0.7782648801803589,subject swung|city_code,False,3,0.5988978743553162,0.7610140442848206,-0.1621161699295044,Q1,test
subject swung|access_code,subject swung,access_code,heavy,test-1,subject deter|access_code,False,0.8293701410293579,subject deter|access_code,False,2,0.7705872058868408,0.8129806518554688,-0.04239344596862793,Q1,test
subject swung|access_code,subject swung,access_code,heavy,test-2,subject swung|access_code,True,0.9462745785713196,subject swung|access_code,True,1,0.9379394054412842,0.6946566104888916,0.24328279495239258,Q1,test
subject swung|access_code,subject swung,access_code,heavy,test-3,subject deter|access_code,False,0.8615276217460632,subject deter|access_code,False,2,0.7741769552230835,0.8496691584587097,-0.07549220323562622,Q1,test
subject lovely|registry_id,subject lovely,registry_id,swayed,test-0,subject lovely|registry_id,True,0.9663035869598389,subject lovely|registry_id,True,1,0.9593201875686646,0.6349683403968811,0.32435184717178345,Q1,test
subject lovely|registry_id,subject lovely,registry_id,swayed,test-1,subject lovely|access_code,False,0.8640403747558594,subject lovely|access_code,False,2,0.7716407179832458,0.8534541726112366,-0.08181345462799072,Q1,test
subject lovely|registry_id,subject lovely,registry_id,swayed,test-2,subject lovely|registry_id,True,0.8866653442382812,subject lovely|registry_id,True,1,0.863254964351654,0.6588431000709534,0.20441186428070068,Q1,test
subject lovely|registry_id,subject lovely,registry_id,swayed,test-3,subject lovely|registry_id,True,0.9455519914627075,subject lovely|registry_id,True,1,0.9446678757667542,0.6107645630836487,0.33390331268310547,Q1,test
subject lovely|city_code,subject lovely,city_code,favorite,test-0,subject lovely|city_code,True,0.8837722539901733,subject lovely|city_code,True,1,0.8530141711235046,0.7868607640266418,0.06615340709686279,Q1,test
subject lovely|city_code,subject lovely,city_code,favorite,test-1,subject lovely|access_code,False,0.925442099571228,subject lovely|access_code,False,6,0.5236594676971436,0.9196140170097351,-0.39595454931259155,Q1,test
subject lovely|city_code,subject lovely,city_code,favorite,test-2,subject lovely|city_code,True,0.847220242023468,subject lovely|city_code,True,1,0.8293889760971069,0.7910322546958923,0.0383567214012146,Q1,test
subject lovely|city_code,subject lovely,city_code,favorite,test-3,subject lovely|city_code,True,0.8511092066764832,subject lovely|city_code,True,1,0.8358629941940308,0.77705979347229,0.05880320072174072,Q1,test
subject lovely|access_code,subject lovely,access_code,higher,test-0,subject lovely|city_code,False,0.84964919090271,subject lovely|city_code,False,3,0.7318764925003052,0.8256936073303223,-0.09381711483001709,Q1,test
subject lovely|access_code,subject lovely,access_code,higher,test-1,subject lovely|access_code,True,0.9090031385421753,subject lovely|access_code,True,1,0.8940311670303345,0.7048637866973877,0.18916738033294678,Q1,test
subject lovely|access_code,subject lovely,access_code,higher,test-2,subject lovely|access_code,True,0.9443746209144592,subject lovely|access_code,True,1,0.9397374987602234,0.7208444476127625,0.21889305114746094,Q1,test
subject lovely|access_code,subject lovely,access_code,higher,test-3,subject lovely|access_code,True,0.9065643548965454,subject lovely|access_code,True,1,0.9005894064903259,0.669367790222168,0.23122161626815796,Q1,test
subject joked|registry_id,subject joked,registry_id,carved,validation-0,subject joked|registry_id,True,0.9809578657150269,subject joked|registry_id,True,1,0.9780609607696533,0.8948477506637573,0.083213210105896,Q2,validation
subject joked|registry_id,subject joked,registry_id,carved,validation-1,subject joked|registry_id,True,0.9862514138221741,subject joked|registry_id,True,1,0.9855836033821106,0.932086706161499,0.05349689722061157,Q2,validation
subject joked|city_code,subject joked,city_code,prize,validation-0,subject joked|city_code,True,0.9691724181175232,subject joked|city_code,True,1,0.9521576166152954,0.9350732564926147,0.017084360122680664,Q2,validation
subject joked|city_code,subject joked,city_code,prize,validation-1,subject joked|city_code,True,0.9860106110572815,subject joked|city_code,True,1,0.9796400666236877,0.9090543389320374,0.07058572769165039,Q2,validation
subject joked|access_code,subject joked,access_code,train,validation-0,subject joked|access_code,True,0.9723033905029297,subject joked|access_code,True,1,0.9639006853103638,0.920749843120575,0.04315084218978882,Q2,validation
subject joked|access_code,subject joked,access_code,train,validation-1,subject joked|access_code,True,0.9783021211624146,subject joked|access_code,True,1,0.9772409796714783,0.9393910765647888,0.03784990310668945,Q2,validation
subject clut|registry_id,subject clut,registry_id,guide,validation-0,subject clut|registry_id,True,0.976232647895813,subject clut|registry_id,True,1,0.974875271320343,0.8033300042152405,0.17154526710510254,Q2,validation
subject clut|registry_id,subject clut,registry_id,guide,validation-1,subject clut|registry_id,True,0.9824187159538269,subject clut|registry_id,True,1,0.9838425517082214,0.838038444519043,0.14580410718917847,Q2,validation
subject clut|city_code,subject clut,city_code,connecting,validation-0,subject clut|city_code,True,0.9586889147758484,subject clut|city_code,True,1,0.950969398021698,0.9379151463508606,0.013054251670837402,Q2,validation
subject clut|city_code,subject clut,city_code,connecting,validation-1,subject clut|city_code,True,0.9768252968788147,subject clut|city_code,True,1,0.9785862565040588,0.8911884427070618,0.08739781379699707,Q2,validation
subject clut|access_code,subject clut,access_code,calm,validation-0,subject clut|access_code,True,0.9630799889564514,subject clut|access_code,True,1,0.9626062512397766,0.9088515043258667,0.05375474691390991,Q2,validation
subject clut|access_code,subject clut,access_code,calm,validation-1,subject clut|access_code,True,0.9789575338363647,subject clut|access_code,True,1,0.9808099865913391,0.9553346633911133,0.02547532320022583,Q2,validation
subject louder|registry_id,subject louder,registry_id,worries,validation-0,subject louder|registry_id,True,0.9607977867126465,subject louder|registry_id,True,1,0.9450883865356445,0.8756157159805298,0.06947267055511475,Q2,validation
subject louder|registry_id,subject louder,registry_id,worries,validation-1,subject louder|registry_id,True,0.9591562151908875,subject louder|registry_id,True,1,0.9578924179077148,0.8495772480964661,0.10831516981124878,Q2,validation
subject louder|city_code,subject louder,city_code,glow,validation-0,subject louder|access_code,False,0.881832480430603,subject louder|city_code,True,1,0.845033586025238,0.8304846882820129,0.014548897743225098,Q2,validation
subject louder|city_code,subject louder,city_code,glow,validation-1,subject louder|city_code,True,0.9328553080558777,subject louder|city_code,True,1,0.9118344783782959,0.8120001554489136,0.09983432292938232,Q2,validation
subject louder|access_code,subject louder,access_code,glanc,validation-0,subject louder|access_code,True,0.8856745958328247,subject louder|access_code,True,1,0.8880495429039001,0.7558603882789612,0.13218915462493896,Q2,validation
subject louder|access_code,subject louder,access_code,glanc,validation-1,subject louder|access_code,True,0.9259085059165955,subject louder|access_code,True,1,0.9293864965438843,0.8741841316223145,0.055202364921569824,Q2,validation
subject deer|registry_id,subject deer,registry_id,beep,validation-0,subject deer|registry_id,True,0.9642216563224792,subject deer|registry_id,True,1,0.969062089920044,0.9160504937171936,0.05301159620285034,Q2,validation
subject deer|registry_id,subject deer,registry_id,beep,validation-1,subject deer|registry_id,True,0.9203929305076599,subject deer|registry_id,True,1,0.9002102017402649,0.8713945746421814,0.028815627098083496,Q2,validation
subject deer|city_code,subject deer,city_code,students,validation-0,subject deer|city_code,True,0.9558881521224976,subject deer|city_code,True,1,0.920918345451355,0.8986424207687378,0.022275924682617188,Q2,validation
subject deer|city_code,subject deer,city_code,students,validation-1,subject skills|city_code,False,0.856031060218811,subject clut|city_code,False,2,0.7910525798797607,0.8147071003913879,-0.023654520511627197,Q2,validation
subject deer|access_code,subject deer,access_code,bond,validation-0,subject deer|access_code,True,0.966606080532074,subject deer|access_code,True,1,0.9349060654640198,0.883750855922699,0.0511552095413208,Q2,validation
subject deer|access_code,subject deer,access_code,bond,validation-1,subject clut|access_code,False,0.8838832378387451,subject clut|access_code,False,3,0.8124989867210388,0.8766278028488159,-0.0641288161277771,Q2,validation
subject sent|registry_id,subject sent,registry_id,butterf,validation-0,subject sent|registry_id,True,0.98210608959198,subject sent|registry_id,True,1,0.9760061502456665,0.8966549634933472,0.07935118675231934,Q2,validation
subject sent|registry_id,subject sent,registry_id,butterf,validation-1,subject sent|registry_id,True,0.9788035750389099,subject sent|registry_id,True,1,0.9825530648231506,0.9456767439842224,0.03687632083892822,Q2,validation
subject sent|city_code,subject sent,city_code,clapped,validation-0,subject sent|city_code,True,0.9680038690567017,subject sent|city_code,True,1,0.9536461234092712,0.9301395416259766,0.023506581783294678,Q2,validation
subject sent|city_code,subject sent,city_code,clapped,validation-1,subject sent|city_code,True,0.9812690615653992,subject sent|city_code,True,1,0.972762405872345,0.9013814926147461,0.07138091325759888,Q2,validation
subject sent|access_code,subject sent,access_code,breathe,validation-0,subject sent|access_code,True,0.9783467054367065,subject sent|access_code,True,1,0.9613126516342163,0.9290058612823486,0.032306790351867676,Q2,validation
subject sent|access_code,subject sent,access_code,breathe,validation-1,subject sent|access_code,True,0.9832905530929565,subject sent|access_code,True,1,0.9765174388885498,0.9304291009902954,0.046088337898254395,Q2,validation
subject shimmered|registry_id,subject shimmered,registry_id,shining,validation-0,subject shimmered|registry_id,True,0.9640604257583618,subject shimmered|registry_id,True,1,0.970720648765564,0.9234318733215332,0.04728877544403076,Q2,validation
subject shimmered|registry_id,subject shimmered,registry_id,shining,validation-1,subject shimmered|registry_id,True,0.9724650382995605,subject shimmered|registry_id,True,1,0.9676095247268677,0.9174746870994568,0.05013483762741089,Q2,validation
subject shimmered|city_code,subject shimmered,city_code,house,validation-0,subject shimmered|access_code,False,0.9512575268745422,subject shimmered|city_code,True,1,0.9423476457595825,0.923445463180542,0.018902182579040527,Q2,validation
subject shimmered|city_code,subject shimmered,city_code,house,validation-1,subject shimmered|city_code,True,0.968463659286499,subject shimmered|city_code,True,1,0.9616026878356934,0.8917725086212158,0.06983017921447754,Q2,validation
subject shimmered|access_code,subject shimmered,access_code,inno,validation-0,subject shimmered|access_code,True,0.9582847952842712,subject shimmered|access_code,True,1,0.9593641757965088,0.9012144207954407,0.058149755001068115,Q2,validation
subject shimmered|access_code,subject shimmered,access_code,inno,validation-1,subject shimmered|access_code,True,0.9584094285964966,subject shimmered|access_code,True,1,0.9620300531387329,0.9483953714370728,0.013634681701660156,Q2,validation
subject solved|registry_id,subject solved,registry_id,bottle,validation-0,subject solved|registry_id,True,0.9696171283721924,subject solved|registry_id,True,1,0.9765920639038086,0.9173322319984436,0.05925983190536499,Q2,validation
subject solved|registry_id,subject solved,registry_id,bottle,validation-1,subject solved|registry_id,True,0.9813756942749023,subject solved|registry_id,True,1,0.9803510308265686,0.9053218960762024,0.07502913475036621,Q2,validation
subject solved|city_code,subject solved,city_code,gloom,validation-0,subject solved|city_code,True,0.9585525989532471,subject solved|city_code,True,1,0.9440833926200867,0.9286050796508789,0.015478312969207764,Q2,validation
subject solved|city_code,subject solved,city_code,gloom,validation-1,subject solved|city_code,True,0.9796486496925354,subject solved|city_code,True,1,0.9633433222770691,0.8747318387031555,0.08861148357391357,Q2,validation
subject solved|access_code,subject solved,access_code,huge,validation-0,subject solved|access_code,True,0.9691178202629089,subject solved|access_code,True,1,0.9534857869148254,0.9112268090248108,0.04225897789001465,Q2,validation
subject solved|access_code,subject solved,access_code,huge,validation-1,subject solved|access_code,True,0.9678140878677368,subject solved|access_code,True,1,0.9531232118606567,0.9106360077857971,0.04248720407485962,Q2,validation
subject swim|registry_id,subject swim,registry_id,whatever,validation-0,subject swim|registry_id,True,0.9627128839492798,subject swim|registry_id,True,1,0.9384831190109253,0.8283895254135132,0.11009359359741211,Q2,validation
subject swim|registry_id,subject swim,registry_id,whatever,validation-1,subject swim|registry_id,True,0.9630088806152344,subject swim|registry_id,True,1,0.9471744298934937,0.8393398523330688,0.1078345775604248,Q2,validation
subject swim|city_code,subject swim,city_code,arms,validation-0,subject swim|city_code,True,0.9185794591903687,subject swim|city_code,True,1,0.8692111968994141,0.8427920937538147,0.026419103145599365,Q2,validation
subject swim|city_code,subject swim,city_code,arms,validation-1,subject swim|city_code,True,0.9420854449272156,subject swim|city_code,True,1,0.9516255855560303,0.821556806564331,0.13006877899169922,Q2,validation
subject swim|access_code,subject swim,access_code,gems,validation-0,subject swim|access_code,True,0.9319289922714233,subject swim|access_code,True,1,0.8909361958503723,0.8078362941741943,0.08309990167617798,Q2,validation
subject swim|access_code,subject swim,access_code,gems,validation-1,subject swim|access_code,True,0.9686732888221741,subject swim|access_code,True,1,0.9660112261772156,0.896070659160614,0.06994056701660156,Q2,validation
subject deter|registry_id,subject deter,registry_id,jumped,validation-0,subject deter|registry_id,True,0.9477792978286743,subject deter|registry_id,True,1,0.9611940383911133,0.886522114276886,0.0746719241142273,Q2,validation
subject deter|registry_id,subject deter,registry_id,jumped,validation-1,subject deter|registry_id,True,0.96115642786026,subject deter|registry_id,True,1,0.9613324999809265,0.925808846950531,0.03552365303039551,Q2,validation
subject deter|city_code,subject deter,city_code,snowman,validation-0,subject deter|access_code,False,0.9318781495094299,subject deter|city_code,True,1,0.9094089269638062,0.8909150958061218,0.018493831157684326,Q2,validation
subject deter|city_code,subject deter,city_code,snowman,validation-1,subject deter|city_code,True,0.9313976764678955,subject deter|city_code,True,1,0.9290736317634583,0.8850514888763428,0.04402214288711548,Q2,validation
subject deter|access_code,subject deter,access_code,after,validation-0,subject deter|access_code,True,0.9584565162658691,subject deter|access_code,True,1,0.9453563690185547,0.8623827695846558,0.08297359943389893,Q2,validation
subject deter|access_code,subject deter,access_code,after,validation-1,subject deter|access_code,True,0.9329400062561035,subject deter|access_code,True,1,0.9346030950546265,0.934021532535553,0.0005815625190734863,Q2,validation
subject excited|registry_id,subject excited,registry_id,tricky,validation-0,subject excited|registry_id,True,0.962554395198822,subject excited|registry_id,True,1,0.9659760594367981,0.9436291456222534,0.022346913814544678,Q2,validation
subject excited|registry_id,subject excited,registry_id,tricky,validation-1,subject shimmered|registry_id,False,0.9583123326301575,subject shimmered|registry_id,False,2,0.9461793303489685,0.9529370069503784,-0.006757676601409912,Q2,validation
subject excited|city_code,subject excited,city_code,conqu,validation-0,subject excited|city_code,True,0.9227719902992249,subject excited|city_code,True,1,0.9051045775413513,0.8824808597564697,0.022623717784881592,Q2,validation
subject excited|city_code,subject excited,city_code,conqu,validation-1,subject excited|city_code,True,0.9325634241104126,subject excited|city_code,True,1,0.9374399781227112,0.9090371131896973,0.028402864933013916,Q2,validation
subject excited|access_code,subject excited,access_code,imag,validation-0,subject excited|access_code,True,0.9375003576278687,subject excited|access_code,True,1,0.9387500286102295,0.876937210559845,0.06181281805038452,Q2,validation
subject excited|access_code,subject excited,access_code,imag,validation-1,subject shimmered|access_code,False,0.9419451355934143,subject shimmered|access_code,False,2,0.9258006811141968,0.9412403106689453,-0.015439629554748535,Q2,validation
subject encour|registry_id,subject encour,registry_id,safely,validation-0,subject encour|registry_id,True,0.9404717087745667,subject encour|registry_id,True,1,0.9467406868934631,0.9051766395568848,0.04156404733657837,Q2,validation
subject encour|registry_id,subject encour,registry_id,safely,validation-1,subject skills|registry_id,False,0.9281480312347412,subject skills|registry_id,False,3,0.8186849355697632,0.9262593984603882,-0.107574462890625,Q2,validation
subject encour|city_code,subject encour,city_code,snowf,validation-0,subject finds|access_code,False,0.7602394819259644,subject swung|access_code,False,9,0.5744219422340393,0.712125301361084,-0.13770335912704468,Q2,validation
subject encour|city_code,subject encour,city_code,snowf,validation-1,subject clut|city_code,False,0.8570055961608887,subject clut|city_code,False,3,0.758545994758606,0.8280173540115356,-0.06947135925292969,Q2,validation
subject encour|access_code,subject encour,access_code,uncover,validation-0,subject finds|access_code,False,0.804582953453064,subject swung|access_code,False,5,0.6381533741950989,0.7597551941871643,-0.12160181999206543,Q2,validation
subject encour|access_code,subject encour,access_code,uncover,validation-1,subject clut|access_code,False,0.8635377883911133,subject clut|access_code,False,5,0.6540809869766235,0.8497267961502075,-0.19564580917358398,Q2,validation
subject finds|registry_id,subject finds,registry_id,transform,validation-0,subject finds|registry_id,True,0.9537591934204102,subject finds|registry_id,True,1,0.9180101752281189,0.8914593458175659,0.02655082941055298,Q2,validation
subject finds|registry_id,subject finds,registry_id,transform,validation-1,subject finds|registry_id,True,0.9630787968635559,subject joked|registry_id,False,2,0.9191139340400696,0.920732319355011,-0.0016183853149414062,Q2,validation
subject finds|city_code,subject finds,city_code,spirit,validation-0,subject finds|city_code,True,0.8977328538894653,subject finds|city_code,True,1,0.8627607822418213,0.8363248109817505,0.0264359712600708,Q2,validation
subject finds|city_code,subject finds,city_code,spirit,validation-1,subject finds|city_code,True,0.9473978281021118,subject finds|city_code,True,1,0.9446580410003662,0.888236939907074,0.056421101093292236,Q2,validation
subject finds|access_code,subject finds,access_code,door,validation-0,subject finds|access_code,True,0.9300666451454163,subject finds|access_code,True,1,0.8852245807647705,0.8710716962814331,0.014152884483337402,Q2,validation
subject finds|access_code,subject finds,access_code,door,validation-1,subject finds|access_code,True,0.9550549983978271,subject finds|access_code,True,1,0.9394343495368958,0.9062488079071045,0.03318554162979126,Q2,validation
subject skills|registry_id,subject skills,registry_id,seek,validation-0,subject skills|registry_id,True,0.9377161860466003,subject skills|registry_id,True,1,0.9136005640029907,0.8241845965385437,0.08941596746444702,Q2,validation
subject skills|registry_id,subject skills,registry_id,seek,validation-1,subject skills|registry_id,True,0.9513834118843079,subject skills|registry_id,True,1,0.9382395148277283,0.8374496102333069,0.10078990459442139,Q2,validation
subject skills|city_code,subject skills,city_code,sank,validation-0,subject skills|city_code,True,0.8880692720413208,subject solved|city_code,False,4,0.8005333542823792,0.8575636744499207,-0.057030320167541504,Q2,validation
subject skills|city_code,subject skills,city_code,sank,validation-1,subject skills|city_code,True,0.9376645684242249,subject skills|city_code,True,1,0.9285498857498169,0.7076311111450195,0.22091877460479736,Q2,validation
subject skills|access_code,subject skills,access_code,whale,validation-0,subject skills|access_code,True,0.9268733263015747,subject skills|access_code,True,1,0.8619911074638367,0.8442167639732361,0.017774343490600586,Q2,validation
subject skills|access_code,subject skills,access_code,whale,validation-1,subject skills|access_code,True,0.9226052761077881,subject skills|access_code,True,1,0.921803891658783,0.8378431797027588,0.08396071195602417,Q2,validation
subject dawn|registry_id,subject dawn,registry_id,sneak,validation-0,subject dawn|registry_id,True,0.979815661907196,subject dawn|registry_id,True,1,0.9785348773002625,0.8957579135894775,0.08277696371078491,Q2,validation
subject dawn|registry_id,subject dawn,registry_id,sneak,validation-1,subject dawn|registry_id,True,0.9795824289321899,subject dawn|registry_id,True,1,0.9709915518760681,0.9016114473342896,0.06938010454177856,Q2,validation
subject dawn|city_code,subject dawn,city_code,shiny,validation-0,subject dawn|access_code,False,0.960496187210083,subject dawn|city_code,True,1,0.9550761580467224,0.9473053216934204,0.007770836353302002,Q2,validation
subject dawn|city_code,subject dawn,city_code,shiny,validation-1,subject dawn|city_code,True,0.9759049415588379,subject dawn|city_code,True,1,0.973924994468689,0.8918429613113403,0.08208203315734863,Q2,validation
subject dawn|access_code,subject dawn,access_code,pretending,validation-0,subject dawn|access_code,True,0.9706883430480957,subject dawn|access_code,True,1,0.970832109451294,0.9155407547950745,0.05529135465621948,Q2,validation
subject dawn|access_code,subject dawn,access_code,pretending,validation-1,subject dawn|access_code,True,0.9810012578964233,subject dawn|access_code,True,1,0.9775289297103882,0.9457881450653076,0.031740784645080566,Q2,validation
subject swung|registry_id,subject swung,registry_id,outs,validation-0,subject swung|registry_id,True,0.9517092108726501,subject swung|registry_id,True,1,0.9607111811637878,0.8270319104194641,0.13367927074432373,Q2,validation
subject swung|registry_id,subject swung,registry_id,outs,validation-1,subject swung|registry_id,True,0.9606462121009827,subject swung|registry_id,True,1,0.9460603594779968,0.8857445120811462,0.060315847396850586,Q2,validation
subject swung|city_code,subject swung,city_code,loomed,validation-0,subject swung|access_code,False,0.8980700969696045,subject swung|city_code,True,1,0.8652335405349731,0.8306649327278137,0.034568607807159424,Q2,validation
subject swung|city_code,subject swung,city_code,loomed,validation-1,subject swung|city_code,True,0.9212784171104431,subject swung|city_code,True,1,0.915762722492218,0.7381581664085388,0.1776045560836792,Q2,validation
subject swung|access_code,subject swung,access_code,heavy,validation-0,subject swung|access_code,True,0.9185298085212708,subject swung|access_code,True,1,0.9178052544593811,0.8299746513366699,0.08783060312271118,Q2,validation
subject swung|access_code,subject swung,access_code,heavy,validation-1,subject swung|access_code,True,0.9248233437538147,subject swung|access_code,True,1,0.9250123500823975,0.8590015172958374,0.06601083278656006,Q2,validation
subject lovely|registry_id,subject lovely,registry_id,swayed,validation-0,subject lovely|registry_id,True,0.9462330937385559,subject lovely|registry_id,True,1,0.953765869140625,0.8724043965339661,0.08136147260665894,Q2,validation
subject lovely|registry_id,subject lovely,registry_id,swayed,validation-1,subject lovely|registry_id,True,0.9688462615013123,subject lovely|registry_id,True,1,0.9531725645065308,0.9373666644096375,0.01580590009689331,Q2,validation
subject lovely|city_code,subject lovely,city_code,favorite,validation-0,subject lovely|city_code,True,0.9047794938087463,subject lovely|city_code,True,1,0.8720320463180542,0.835845410823822,0.03618663549423218,Q2,validation
subject lovely|city_code,subject lovely,city_code,favorite,validation-1,subject lovely|city_code,True,0.9539406895637512,subject lovely|city_code,True,1,0.9397813081741333,0.8757553100585938,0.06402599811553955,Q2,validation
subject lovely|access_code,subject lovely,access_code,higher,validation-0,subject lovely|access_code,True,0.9129045009613037,subject lovely|access_code,True,1,0.9123935103416443,0.8298112750053406,0.08258223533630371,Q2,validation
subject lovely|access_code,subject lovely,access_code,higher,validation-1,subject lovely|access_code,True,0.957319438457489,subject lovely|access_code,True,1,0.9421111345291138,0.9270269870758057,0.015084147453308105,Q2,validation
subject joked|registry_id,subject joked,registry_id,carved,test-0,subject joked|registry_id,True,0.9657397866249084,subject joked|registry_id,True,1,0.9596108794212341,0.8556365966796875,0.10397428274154663,Q2,test
subject joked|registry_id,subject joked,registry_id,carved,test-1,subject joked|registry_id,True,0.9200606942176819,subject joked|registry_id,True,1,0.8841615915298462,0.8448404669761658,0.03932112455368042,Q2,test
subject joked|registry_id,subject joked,registry_id,carved,test-2,subject joked|registry_id,True,0.9594723582267761,subject joked|registry_id,True,1,0.9571331739425659,0.8243899345397949,0.132743239402771,Q2,test
subject joked|registry_id,subject joked,registry_id,carved,test-3,subject joked|registry_id,True,0.9642263650894165,subject joked|registry_id,True,1,0.958301305770874,0.8786016702651978,0.07969963550567627,Q2,test
subject joked|city_code,subject joked,city_code,prize,test-0,subject joked|city_code,True,0.9621509313583374,subject joked|city_code,True,1,0.9564125537872314,0.9427345395088196,0.013678014278411865,Q2,test
subject joked|city_code,subject joked,city_code,prize,test-1,subject joked|access_code,False,0.9753100872039795,subject joked|access_code,False,2,0.9485657215118408,0.9673095941543579,-0.01874387264251709,Q2,test
subject joked|city_code,subject joked,city_code,prize,test-2,subject joked|access_code,False,0.9650108218193054,subject joked|access_code,False,2,0.9248343110084534,0.9618857502937317,-0.03705143928527832,Q2,test
subject joked|city_code,subject joked,city_code,prize,test-3,subject joked|city_code,True,0.9610475301742554,subject joked|city_code,True,1,0.9529303312301636,0.8790212869644165,0.07390904426574707,Q2,test
subject joked|access_code,subject joked,access_code,train,test-0,subject joked|city_code,False,0.9589985013008118,subject joked|city_code,False,2,0.9248009920120239,0.9487190246582031,-0.0239180326461792,Q2,test
subject joked|access_code,subject joked,access_code,train,test-1,subject joked|access_code,True,0.9687449336051941,subject joked|access_code,True,1,0.9675352573394775,0.887535810470581,0.07999944686889648,Q2,test
subject joked|access_code,subject joked,access_code,train,test-2,subject joked|access_code,True,0.9612992405891418,subject joked|access_code,True,1,0.9626680612564087,0.8924276232719421,0.07024043798446655,Q2,test
subject joked|access_code,subject joked,access_code,train,test-3,subject joked|access_code,True,0.9718056321144104,subject joked|access_code,True,1,0.968989372253418,0.9269673228263855,0.04202204942703247,Q2,test
subject clut|registry_id,subject clut,registry_id,guide,test-0,subject clut|registry_id,True,0.9752740263938904,subject clut|registry_id,True,1,0.9726827144622803,0.8070294260978699,0.1656532883644104,Q2,test
subject clut|registry_id,subject clut,registry_id,guide,test-1,subject clut|registry_id,True,0.9013891220092773,subject clut|registry_id,True,1,0.8906652331352234,0.8772276639938354,0.01343756914138794,Q2,test
subject clut|registry_id,subject clut,registry_id,guide,test-2,subject clut|registry_id,True,0.937827467918396,subject clut|registry_id,True,1,0.9349469542503357,0.8748303651809692,0.060116589069366455,Q2,test
subject clut|registry_id,subject clut,registry_id,guide,test-3,subject clut|registry_id,True,0.9789769053459167,subject clut|registry_id,True,1,0.9686222672462463,0.800603449344635,0.16801881790161133,Q2,test
subject clut|city_code,subject clut,city_code,connecting,test-0,subject clut|city_code,True,0.9507153034210205,subject clut|city_code,True,1,0.9339431524276733,0.899478018283844,0.034465134143829346,Q2,test
subject clut|city_code,subject clut,city_code,connecting,test-1,subject clut|access_code,False,0.9725843071937561,subject clut|access_code,False,2,0.9532454609870911,0.9676088690757751,-0.014363408088684082,Q2,test
subject clut|city_code,subject clut,city_code,connecting,test-2,subject clut|access_code,False,0.9322308897972107,subject clut|access_code,False,2,0.9012272357940674,0.9273996353149414,-0.026172399520874023,Q2,test
subject clut|city_code,subject clut,city_code,connecting,test-3,subject clut|city_code,True,0.9442808628082275,subject clut|city_code,True,1,0.926030695438385,0.9023597836494446,0.02367091178894043,Q2,test
subject clut|access_code,subject clut,access_code,calm,test-0,subject clut|city_code,False,0.9139877557754517,subject clut|city_code,False,2,0.8760368227958679,0.9064595103263855,-0.030422687530517578,Q2,test
subject clut|access_code,subject clut,access_code,calm,test-1,subject clut|access_code,True,0.9705634713172913,subject clut|access_code,True,1,0.9736945033073425,0.8966696262359619,0.07702487707138062,Q2,test
subject clut|access_code,subject clut,access_code,calm,test-2,subject clut|access_code,True,0.9380522966384888,subject clut|access_code,True,1,0.9343918561935425,0.8654463291168213,0.06894552707672119,Q2,test
subject clut|access_code,subject clut,access_code,calm,test-3,subject clut|access_code,True,0.9603451490402222,subject clut|access_code,True,1,0.9484013915061951,0.9220244288444519,0.026376962661743164,Q2,test
subject louder|registry_id,subject louder,registry_id,worries,test-0,subject louder|registry_id,True,0.9622027277946472,subject louder|registry_id,True,1,0.9546955823898315,0.8813083171844482,0.0733872652053833,Q2,test
subject louder|registry_id,subject louder,registry_id,worries,test-1,subject shimmered|registry_id,False,0.8281342387199402,subject shimmered|access_code,False,4,0.7731519341468811,0.7821527123451233,-0.009000778198242188,Q2,test
subject louder|registry_id,subject louder,registry_id,worries,test-2,subject louder|registry_id,True,0.9310239553451538,subject louder|registry_id,True,1,0.9277132749557495,0.7236366271972656,0.2040766477584839,Q2,test
subject louder|registry_id,subject louder,registry_id,worries,test-3,subject louder|registry_id,True,0.9606977701187134,subject louder|registry_id,True,1,0.9482134580612183,0.8999905586242676,0.048222899436950684,Q2,test
subject louder|city_code,subject louder,city_code,glow,test-0,subject louder|city_code,True,0.9110706448554993,subject louder|city_code,True,1,0.8518241047859192,0.7693915963172913,0.08243250846862793,Q2,test
subject louder|city_code,subject louder,city_code,glow,test-1,subject louder|access_code,False,0.8687946200370789,subject louder|access_code,False,3,0.8262642621994019,0.8507936596870422,-0.02452939748764038,Q2,test
subject louder|city_code,subject louder,city_code,glow,test-2,subject louder|access_code,False,0.9395403861999512,subject louder|access_code,False,2,0.8830868601799011,0.9433788657188416,-0.06029200553894043,Q2,test
subject louder|city_code,subject louder,city_code,glow,test-3,subject joked|city_code,False,0.7961858510971069,subject joked|city_code,False,3,0.7338883280754089,0.7774200439453125,-0.043531715869903564,Q2,test
subject louder|access_code,subject louder,access_code,glanc,test-0,subject louder|city_code,False,0.8676685690879822,subject louder|city_code,False,2,0.7772533893585205,0.8299641013145447,-0.05271071195602417,Q2,test
subject louder|access_code,subject louder,access_code,glanc,test-1,subject louder|access_code,True,0.9035460948944092,subject louder|access_code,True,1,0.8972270488739014,0.8536913394927979,0.043535709381103516,Q2,test
subject louder|access_code,subject louder,access_code,glanc,test-2,subject louder|access_code,True,0.9488657116889954,subject louder|access_code,True,1,0.9621464014053345,0.8416947722434998,0.12045162916183472,Q2,test
subject louder|access_code,subject louder,access_code,glanc,test-3,subject louder|access_code,True,0.8555043935775757,subject louder|access_code,True,1,0.8319710493087769,0.7680637240409851,0.06390732526779175,Q2,test
subject deer|registry_id,subject deer,registry_id,beep,test-0,subject deer|registry_id,True,0.9565060138702393,subject deer|registry_id,True,1,0.9507091045379639,0.8836796879768372,0.06702941656112671,Q2,test
subject deer|registry_id,subject deer,registry_id,beep,test-1,subject deer|registry_id,True,0.902255117893219,subject deer|registry_id,True,1,0.8608037829399109,0.8366830348968506,0.024120748043060303,Q2,test
subject deer|registry_id,subject deer,registry_id,beep,test-2,subject deer|registry_id,True,0.9432346224784851,subject deer|registry_id,True,1,0.934372067451477,0.9297904968261719,0.004581570625305176,Q2,test
subject deer|registry_id,subject deer,registry_id,beep,test-3,subject deer|registry_id,True,0.9622852802276611,subject deer|registry_id,True,1,0.9444565176963806,0.8628173470497131,0.08163917064666748,Q2,test
subject deer|city_code,subject deer,city_code,students,test-0,subject deer|city_code,True,0.955319344997406,subject deer|city_code,True,1,0.9316056370735168,0.8827785849571228,0.04882705211639404,Q2,test
subject deer|city_code,subject deer,city_code,students,test-1,subject deer|access_code,False,0.9462906718254089,subject deer|access_code,False,2,0.9418004155158997,0.946110725402832,-0.004310309886932373,Q2,test
subject deer|city_code,subject deer,city_code,students,test-2,subject deer|access_code,False,0.9331521987915039,subject deer|access_code,False,4,0.9127247929573059,0.9340705275535583,-0.02134573459625244,Q2,test
subject deer|city_code,subject deer,city_code,students,test-3,subject deer|city_code,True,0.942308783531189,subject deer|city_code,True,1,0.8766652941703796,0.8401816487312317,0.03648364543914795,Q2,test
subject deer|access_code,subject deer,access_code,bond,test-0,subject joked|city_code,False,0.9022361636161804,subject joked|city_code,False,5,0.8130645751953125,0.8877645134925842,-0.07469993829727173,Q2,test
subject deer|access_code,subject deer,access_code,bond,test-1,subject deer|access_code,True,0.9604073762893677,subject deer|access_code,True,1,0.9659103751182556,0.9177574515342712,0.048152923583984375,Q2,test
subject deer|access_code,subject deer,access_code,bond,test-2,subject deer|access_code,True,0.9490218162536621,subject deer|access_code,True,1,0.9478549361228943,0.9344505667686462,0.013404369354248047,Q2,test
subject deer|access_code,subject deer,access_code,bond,test-3,subject deer|access_code,True,0.9517452120780945,subject deer|access_code,True,1,0.8779770135879517,0.8470895886421204,0.0308874249458313,Q2,test
subject sent|registry_id,subject sent,registry_id,butterf,test-0,subject sent|registry_id,True,0.9678006768226624,subject sent|registry_id,True,1,0.9661731719970703,0.8712821006774902,0.09489107131958008,Q2,test
subject sent|registry_id,subject sent,registry_id,butterf,test-1,subject sent|registry_id,True,0.9205371141433716,subject sent|registry_id,True,1,0.9048029780387878,0.874982476234436,0.029820501804351807,Q2,test
subject sent|registry_id,subject sent,registry_id,butterf,test-2,subject sent|registry_id,True,0.9602867960929871,subject sent|registry_id,True,1,0.9618349671363831,0.863660454750061,0.09817451238632202,Q2,test
subject sent|registry_id,subject sent,registry_id,butterf,test-3,subject sent|registry_id,True,0.9827089905738831,subject sent|registry_id,True,1,0.9827629327774048,0.8845521807670593,0.09821075201034546,Q2,test
subject sent|city_code,subject sent,city_code,clapped,test-0,subject sent|city_code,True,0.9719826579093933,subject sent|city_code,True,1,0.9573069214820862,0.9409075975418091,0.0163993239402771,Q2,test
subject sent|city_code,subject sent,city_code,clapped,test-1,subject sent|access_code,False,0.9636243581771851,subject sent|access_code,False,2,0.9405839443206787,0.958019495010376,-0.017435550689697266,Q2,test
subject sent|city_code,subject sent,city_code,clapped,test-2,subject sent|access_code,False,0.9762599468231201,subject sent|access_code,False,2,0.9440137147903442,0.9811791181564331,-0.03716540336608887,Q2,test
subject sent|city_code,subject sent,city_code,clapped,test-3,subject sent|city_code,True,0.968045711517334,subject sent|city_code,True,1,0.945115864276886,0.9063544273376465,0.0387614369392395,Q2,test
subject sent|access_code,subject sent,access_code,breathe,test-0,subject sent|city_code,False,0.964166522026062,subject sent|city_code,False,2,0.905716598033905,0.9334927201271057,-0.027776122093200684,Q2,test
subject sent|access_code,subject sent,access_code,breathe,test-1,subject sent|access_code,True,0.9727413654327393,subject sent|access_code,True,1,0.9780932664871216,0.8993971943855286,0.07869607210159302,Q2,test
subject sent|access_code,subject sent,access_code,breathe,test-2,subject sent|access_code,True,0.9702181220054626,subject sent|access_code,True,1,0.98041170835495,0.8973557353019714,0.08305597305297852,Q2,test
subject sent|access_code,subject sent,access_code,breathe,test-3,subject sent|access_code,True,0.9768344759941101,subject sent|access_code,True,1,0.957734227180481,0.9269810914993286,0.030753135681152344,Q2,test
subject shimmered|registry_id,subject shimmered,registry_id,shining,test-0,subject shimmered|registry_id,True,0.9793475866317749,subject shimmered|registry_id,True,1,0.9699468612670898,0.9439778923988342,0.025968968868255615,Q2,test
subject shimmered|registry_id,subject shimmered,registry_id,shining,test-1,subject shimmered|registry_id,True,0.9671787619590759,subject shimmered|registry_id,True,1,0.9070382118225098,0.8928795456886292,0.014158666133880615,Q2,test
subject shimmered|registry_id,subject shimmered,registry_id,shining,test-2,subject shimmered|registry_id,True,0.9538965225219727,subject shimmered|registry_id,True,1,0.9617738723754883,0.9176392555236816,0.04413461685180664,Q2,test
subject shimmered|registry_id,subject shimmered,registry_id,shining,test-3,subject shimmered|registry_id,True,0.9804604649543762,subject shimmered|registry_id,True,1,0.9714250564575195,0.9527273178100586,0.018697738647460938,Q2,test
subject shimmered|city_code,subject shimmered,city_code,house,test-0,subject shimmered|access_code,False,0.9507331848144531,subject shimmered|city_code,True,1,0.9243835210800171,0.9072591662406921,0.01712435483932495,Q2,test
subject shimmered|city_code,subject shimmered,city_code,house,test-1,subject shimmered|access_code,False,0.9782212972640991,subject shimmered|access_code,False,2,0.9628678560256958,0.9630901217460632,-0.00022226572036743164,Q2,test
subject shimmered|city_code,subject shimmered,city_code,house,test-2,subject shimmered|access_code,False,0.9648852944374084,subject shimmered|access_code,False,2,0.9368372559547424,0.9583922028541565,-0.021554946899414062,Q2,test
subject shimmered|city_code,subject shimmered,city_code,house,test-3,subject shimmered|registry_id,False,0.9303160309791565,subject shimmered|city_code,True,1,0.8959985971450806,0.8941816091537476,0.0018169879913330078,Q2,test
subject shimmered|access_code,subject shimmered,access_code,inno,test-0,subject shimmered|city_code,False,0.9309695959091187,subject shimmered|city_code,False,2,0.8695164322853088,0.9040797352790833,-0.034563302993774414,Q2,test
subject shimmered|access_code,subject shimmered,access_code,inno,test-1,subject shimmered|access_code,True,0.9723841547966003,subject shimmered|access_code,True,1,0.9783130884170532,0.9139186143875122,0.06439447402954102,Q2,test
subject shimmered|access_code,subject shimmered,access_code,inno,test-2,subject shimmered|access_code,True,0.957904577255249,subject shimmered|access_code,True,1,0.9637444615364075,0.9113618731498718,0.052382588386535645,Q2,test
subject shimmered|access_code,subject shimmered,access_code,inno,test-3,subject shimmered|access_code,True,0.9408532977104187,subject shimmered|access_code,True,1,0.9305016994476318,0.8965820074081421,0.033919692039489746,Q2,test
subject solved|registry_id,subject solved,registry_id,bottle,test-0,subject solved|registry_id,True,0.9607776999473572,subject solved|registry_id,True,1,0.9574987292289734,0.930054783821106,0.02744394540786743,Q2,test
subject solved|registry_id,subject solved,registry_id,bottle,test-1,subject shimmered|registry_id,False,0.9032053351402283,subject shimmered|registry_id,False,23,0.5160773992538452,0.8394808173179626,-0.32340341806411743,Q2,test
subject solved|registry_id,subject solved,registry_id,bottle,test-2,subject solved|registry_id,True,0.9587385654449463,subject solved|registry_id,True,1,0.9554574489593506,0.9273732304573059,0.028084218502044678,Q2,test
subject solved|registry_id,subject solved,registry_id,bottle,test-3,subject solved|registry_id,True,0.9624408483505249,subject solved|registry_id,True,1,0.9611802101135254,0.9407337307929993,0.020446479320526123,Q2,test
subject solved|city_code,subject solved,city_code,gloom,test-0,subject solved|city_code,True,0.9641088247299194,subject solved|city_code,True,1,0.9359232783317566,0.9111646413803101,0.024758636951446533,Q2,test
subject solved|city_code,subject solved,city_code,gloom,test-1,subject clut|access_code,False,0.8820219039916992,subject shimmered|city_code,False,15,0.6420854330062866,0.8664568662643433,-0.22437143325805664,Q2,test
subject solved|city_code,subject solved,city_code,gloom,test-2,subject solved|access_code,False,0.9660881757736206,subject solved|access_code,False,2,0.9266397356987,0.9642102122306824,-0.03757047653198242,Q2,test
subject solved|city_code,subject solved,city_code,gloom,test-3,subject solved|city_code,True,0.9525380730628967,subject solved|city_code,True,1,0.9252951145172119,0.8881118297576904,0.037183284759521484,Q2,test
subject solved|access_code,subject solved,access_code,huge,test-0,subject solved|city_code,False,0.9503814578056335,subject solved|city_code,False,2,0.9060564041137695,0.9282160401344299,-0.0221596360206604,Q2,test
subject solved|access_code,subject solved,access_code,huge,test-1,subject shimmered|access_code,False,0.8895068168640137,subject shimmered|access_code,False,11,0.7160894274711609,0.8864879608154297,-0.1703985333442688,Q2,test
subject solved|access_code,subject solved,access_code,huge,test-2,subject solved|access_code,True,0.9674309492111206,subject solved|access_code,True,1,0.9703611731529236,0.9236540198326111,0.0467071533203125,Q2,test
subject solved|access_code,subject solved,access_code,huge,test-3,subject solved|access_code,True,0.954246461391449,subject solved|access_code,True,1,0.9283744096755981,0.9043418169021606,0.0240325927734375,Q2,test
subject swim|registry_id,subject swim,registry_id,whatever,test-0,subject swim|registry_id,True,0.9719918370246887,subject swim|registry_id,True,1,0.9738308787345886,0.8157551884651184,0.15807569026947021,Q2,test
subject swim|registry_id,subject swim,registry_id,whatever,test-1,subject dawn|registry_id,False,0.8964155912399292,subject dawn|registry_id,False,4,0.8285719752311707,0.8794177174568176,-0.05084574222564697,Q2,test
subject swim|registry_id,subject swim,registry_id,whatever,test-2,subject swim|registry_id,True,0.95955890417099,subject swim|registry_id,True,1,0.9513832330703735,0.7794308066368103,0.17195242643356323,Q2,test
subject swim|registry_id,subject swim,registry_id,whatever,test-3,subject swim|registry_id,True,0.9773764610290527,subject swim|registry_id,True,1,0.9702839255332947,0.8309566974639893,0.13932722806930542,Q2,test
subject swim|city_code,subject swim,city_code,arms,test-0,subject swim|city_code,True,0.9222071766853333,subject swim|city_code,True,1,0.9001336097717285,0.886306643486023,0.013826966285705566,Q2,test
subject swim|city_code,subject swim,city_code,arms,test-1,subject swim|access_code,False,0.9195226430892944,subject swim|access_code,False,2,0.8820417523384094,0.9132152795791626,-0.031173527240753174,Q2,test
subject swim|city_code,subject swim,city_code,arms,test-2,subject swim|access_code,False,0.9541020393371582,subject swim|access_code,False,2,0.9092040061950684,0.9550721049308777,-0.045868098735809326,Q2,test
subject swim|city_code,subject swim,city_code,arms,test-3,subject swim|city_code,True,0.8537807464599609,subject swim|city_code,True,1,0.8229185938835144,0.7895165681838989,0.03340202569961548,Q2,test
subject swim|access_code,subject swim,access_code,gems,test-0,subject swim|city_code,False,0.7904062867164612,subject swim|city_code,False,3,0.6577295660972595,0.7168385982513428,-0.05910903215408325,Q2,test
subject swim|access_code,subject swim,access_code,gems,test-1,subject lovely|access_code,False,0.9335264563560486,subject lovely|access_code,False,2,0.8950998783111572,0.8994604349136353,-0.004360556602478027,Q2,test
subject swim|access_code,subject swim,access_code,gems,test-2,subject swim|access_code,True,0.9677244424819946,subject swim|access_code,True,1,0.9605566263198853,0.8591135740280151,0.10144305229187012,Q2,test
subject swim|access_code,subject swim,access_code,gems,test-3,subject swim|access_code,True,0.9377924203872681,subject swim|access_code,True,1,0.9138985276222229,0.8375047445297241,0.07639378309249878,Q2,test
subject deter|registry_id,subject deter,registry_id,jumped,test-0,subject deter|registry_id,True,0.9578905701637268,subject deter|registry_id,True,1,0.9529044032096863,0.8666261434555054,0.08627825975418091,Q2,test
subject deter|registry_id,subject deter,registry_id,jumped,test-1,subject solved|registry_id,False,0.8440762758255005,subject solved|registry_id,False,10,0.7212506532669067,0.8222019672393799,-0.10095131397247314,Q2,test
subject deter|registry_id,subject deter,registry_id,jumped,test-2,subject deter|registry_id,True,0.9124557375907898,subject deter|registry_id,True,1,0.9209165573120117,0.8817811012268066,0.03913545608520508,Q2,test
subject deter|registry_id,subject deter,registry_id,jumped,test-3,subject deter|registry_id,True,0.9704740047454834,subject deter|registry_id,True,1,0.9728251695632935,0.8727152943611145,0.10010987520217896,Q2,test
subject deter|city_code,subject deter,city_code,snowman,test-0,subject deter|city_code,True,0.930656373500824,subject deter|city_code,True,1,0.8769500255584717,0.8097147345542908,0.06723529100418091,Q2,test
subject deter|city_code,subject deter,city_code,snowman,test-1,subject deter|access_code,False,0.9274977445602417,subject deter|access_code,False,2,0.8978582620620728,0.9151487350463867,-0.017290472984313965,Q2,test
subject deter|city_code,subject deter,city_code,snowman,test-2,subject deter|access_code,False,0.9391545057296753,subject deter|access_code,False,4,0.8533456921577454,0.933068573474884,-0.07972288131713867,Q2,test
subject deter|city_code,subject deter,city_code,snowman,test-3,subject deter|city_code,True,0.8827133774757385,subject sent|city_code,False,2,0.8360790014266968,0.8369183540344238,-0.0008393526077270508,Q2,test
subject deter|access_code,subject deter,access_code,after,test-0,subject deter|city_code,False,0.8600374460220337,subject finds|city_code,False,5,0.7454442381858826,0.8250502347946167,-0.07960599660873413,Q2,test
subject deter|access_code,subject deter,access_code,after,test-1,subject deter|access_code,True,0.9310423135757446,subject deter|access_code,True,1,0.9378280639648438,0.9258596897125244,0.011968374252319336,Q2,test
subject deter|access_code,subject deter,access_code,after,test-2,subject deter|access_code,True,0.9497222900390625,subject deter|access_code,True,1,0.9509581923484802,0.8964965343475342,0.054461658000946045,Q2,test
subject deter|access_code,subject deter,access_code,after,test-3,subject deter|access_code,True,0.9107617139816284,subject sent|access_code,False,2,0.8695366978645325,0.8896813988685608,-0.02014470100402832,Q2,test
subject excited|registry_id,subject excited,registry_id,tricky,test-0,subject excited|registry_id,True,0.967711865901947,subject excited|registry_id,True,1,0.9667456746101379,0.9548263549804688,0.01191931962966919,Q2,test
subject excited|registry_id,subject excited,registry_id,tricky,test-1,subject shimmered|registry_id,False,0.9399906396865845,subject shimmered|registry_id,False,2,0.8667963147163391,0.8869089484214783,-0.02011263370513916,Q2,test
subject excited|registry_id,subject excited,registry_id,tricky,test-2,subject excited|registry_id,True,0.9597606062889099,subject excited|registry_id,True,1,0.9530746936798096,0.9461601376533508,0.00691455602645874,Q2,test
subject excited|registry_id,subject excited,registry_id,tricky,test-3,subject excited|registry_id,True,0.9553224444389343,subject encour|registry_id,False,2,0.9436354041099548,0.945068359375,-0.001432955265045166,Q2,test
subject excited|city_code,subject excited,city_code,conqu,test-0,subject excited|city_code,True,0.9333869218826294,subject excited|city_code,True,1,0.9081602692604065,0.8892881274223328,0.01887214183807373,Q2,test
subject excited|city_code,subject excited,city_code,conqu,test-1,subject excited|access_code,False,0.9493995904922485,subject excited|access_code,False,4,0.9209635257720947,0.932306170463562,-0.011342644691467285,Q2,test
subject excited|city_code,subject excited,city_code,conqu,test-2,subject excited|access_code,False,0.951894998550415,subject excited|access_code,False,2,0.9226154088973999,0.9532414674758911,-0.03062605857849121,Q2,test
subject excited|city_code,subject excited,city_code,conqu,test-3,subject excited|registry_id,False,0.891409695148468,subject excited|registry_id,False,3,0.8363229036331177,0.8686408996582031,-0.03231799602508545,Q2,test
subject excited|access_code,subject excited,access_code,imag,test-0,subject shimmered|city_code,False,0.8699604272842407,subject excited|city_code,False,3,0.7907959818840027,0.849553108215332,-0.058757126331329346,Q2,test
subject excited|access_code,subject excited,access_code,imag,test-1,subject excited|access_code,True,0.9501949548721313,subject excited|access_code,True,1,0.9594805240631104,0.9464619755744934,0.013018548488616943,Q2,test
subject excited|access_code,subject excited,access_code,imag,test-2,subject excited|access_code,True,0.9617583751678467,subject excited|access_code,True,1,0.9668625593185425,0.9435927271842957,0.023269832134246826,Q2,test
subject excited|access_code,subject excited,access_code,imag,test-3,subject excited|access_code,True,0.923826277256012,subject excited|access_code,True,1,0.8897779583930969,0.876375138759613,0.013402819633483887,Q2,test
subject encour|registry_id,subject encour,registry_id,safely,test-0,subject encour|registry_id,True,0.9627363681793213,subject encour|registry_id,True,1,0.9299904108047485,0.9256417751312256,0.004348635673522949,Q2,test
subject encour|registry_id,subject encour,registry_id,safely,test-1,subject shimmered|registry_id,False,0.8857070207595825,subject shimmered|registry_id,False,9,0.729724645614624,0.821653425693512,-0.09192878007888794,Q2,test
subject encour|registry_id,subject encour,registry_id,safely,test-2,subject encour|registry_id,True,0.935378909111023,subject encour|registry_id,True,1,0.9215831756591797,0.8967534303665161,0.024829745292663574,Q2,test
subject encour|registry_id,subject encour,registry_id,safely,test-3,subject encour|registry_id,True,0.9662640690803528,subject encour|registry_id,True,1,0.9438911080360413,0.9220789670944214,0.021812140941619873,Q2,test
subject encour|city_code,subject encour,city_code,snowf,test-0,subject encour|city_code,True,0.698785662651062,subject swung|city_code,False,9,0.4716440439224243,0.6303294897079468,-0.15868544578552246,Q2,test
subject encour|city_code,subject encour,city_code,snowf,test-1,subject shimmered|access_code,False,0.887822151184082,subject shimmered|access_code,False,8,0.770405113697052,0.8759673833847046,-0.10556226968765259,Q2,test
subject encour|city_code,subject encour,city_code,snowf,test-2,subject encour|access_code,False,0.9261868000030518,subject dawn|access_code,False,7,0.813550591468811,0.8878219723701477,-0.07427138090133667,Q2,test
subject encour|city_code,subject encour,city_code,snowf,test-3,subject swung|city_code,False,0.6415843963623047,subject finds|registry_id,False,5,0.5798561573028564,0.6247475147247314,-0.044891357421875,Q2,test
subject encour|access_code,subject encour,access_code,uncover,test-0,subject encour|city_code,False,0.8632085919380188,subject dawn|city_code,False,9,0.6914764046669006,0.779367983341217,-0.0878915786743164,Q2,test
subject encour|access_code,subject encour,access_code,uncover,test-1,subject excited|access_code,False,0.9035454392433167,subject excited|access_code,False,4,0.8532496690750122,0.9007856249809265,-0.04753595590591431,Q2,test
subject encour|access_code,subject encour,access_code,uncover,test-2,subject encour|access_code,True,0.9401340484619141,subject encour|access_code,True,1,0.9060168862342834,0.887522280216217,0.018494606018066406,Q2,test
subject encour|access_code,subject encour,access_code,uncover,test-3,subject swung|access_code,False,0.8175720572471619,subject swung|access_code,False,3,0.5825112462043762,0.7493389248847961,-0.16682767868041992,Q2,test
subject finds|registry_id,subject finds,registry_id,transform,test-0,subject finds|registry_id,True,0.9559469819068909,subject finds|registry_id,True,1,0.8934316039085388,0.8755586743354797,0.017872929573059082,Q2,test
subject finds|registry_id,subject finds,registry_id,transform,test-1,subject joked|registry_id,False,0.8521040678024292,subject joked|registry_id,False,9,0.7228503227233887,0.823932945728302,-0.10108262300491333,Q2,test
subject finds|registry_id,subject finds,registry_id,transform,test-2,subject finds|registry_id,True,0.9329898953437805,subject finds|registry_id,True,1,0.8771905303001404,0.8354805707931519,0.041709959506988525,Q2,test
subject finds|registry_id,subject finds,registry_id,transform,test-3,subject finds|registry_id,True,0.8962445855140686,subject finds|registry_id,True,1,0.9101918339729309,0.8675091862678528,0.042682647705078125,Q2,test
subject finds|city_code,subject finds,city_code,spirit,test-0,subject deter|city_code,False,0.875349223613739,subject finds|city_code,True,1,0.8373100757598877,0.8113788366317749,0.025931239128112793,Q2,test
subject finds|city_code,subject finds,city_code,spirit,test-1,subject finds|access_code,False,0.9498088359832764,subject joked|access_code,False,6,0.83733731508255,0.8972691297531128,-0.059931814670562744,Q2,test
subject finds|city_code,subject finds,city_code,spirit,test-2,subject finds|access_code,False,0.9427952766418457,subject finds|access_code,False,3,0.8397555351257324,0.8957498073577881,-0.055994272232055664,Q2,test
subject finds|city_code,subject finds,city_code,spirit,test-3,subject deter|city_code,False,0.8639856576919556,subject solved|city_code,False,2,0.8100148439407349,0.8159819841384888,-0.005967140197753906,Q2,test
subject finds|access_code,subject finds,access_code,door,test-0,subject finds|city_code,False,0.8123091459274292,subject finds|city_code,False,2,0.7532171010971069,0.8055206537246704,-0.05230355262756348,Q2,test
subject finds|access_code,subject finds,access_code,door,test-1,subject deer|access_code,False,0.9204975962638855,subject deer|access_code,False,11,0.7219328284263611,0.9164367318153381,-0.19450390338897705,Q2,test
subject finds|access_code,subject finds,access_code,door,test-2,subject finds|access_code,True,0.9626771807670593,subject finds|access_code,True,1,0.9285627603530884,0.8679212331771851,0.06064152717590332,Q2,test
subject finds|access_code,subject finds,access_code,door,test-3,subject deter|access_code,False,0.8661534786224365,subject deter|access_code,False,4,0.8162301778793335,0.8206744194030762,-0.004444241523742676,Q2,test
subject skills|registry_id,subject skills,registry_id,seek,test-0,subject skills|registry_id,True,0.9375114440917969,subject skills|registry_id,True,1,0.9422394037246704,0.7312109470367432,0.21102845668792725,Q2,test
subject skills|registry_id,subject skills,registry_id,seek,test-1,subject clut|access_code,False,0.8004826307296753,subject clut|access_code,False,11,0.6306627988815308,0.7722379565238953,-0.1415751576423645,Q2,test
subject skills|registry_id,subject skills,registry_id,seek,test-2,subject skills|registry_id,True,0.9056563973426819,subject skills|registry_id,True,1,0.8952833414077759,0.7489339113235474,0.14634943008422852,Q2,test
subject skills|registry_id,subject skills,registry_id,seek,test-3,subject skills|registry_id,True,0.9438686966896057,subject skills|registry_id,True,1,0.9344953894615173,0.8064975738525391,0.12799781560897827,Q2,test
subject skills|city_code,subject skills,city_code,sank,test-0,subject skills|city_code,True,0.8821894526481628,subject solved|city_code,False,3,0.7811921834945679,0.8516770601272583,-0.07048487663269043,Q2,test
subject skills|city_code,subject skills,city_code,sank,test-1,subject skills|access_code,False,0.9122197031974792,subject skills|access_code,False,2,0.8258256912231445,0.8987430334091187,-0.07291734218597412,Q2,test
subject skills|city_code,subject skills,city_code,sank,test-2,subject skills|access_code,False,0.8780260682106018,subject skills|access_code,False,2,0.7726510167121887,0.896640419960022,-0.12398940324783325,Q2,test
subject skills|city_code,subject skills,city_code,sank,test-3,subject solved|city_code,False,0.853806734085083,subject solved|city_code,False,6,0.7084898352622986,0.8322922587394714,-0.12380242347717285,Q2,test
subject skills|access_code,subject skills,access_code,whale,test-0,subject skills|city_code,False,0.7413716316223145,subject skills|city_code,False,4,0.5868642926216125,0.695614755153656,-0.10875046253204346,Q2,test
subject skills|access_code,subject skills,access_code,whale,test-1,subject skills|access_code,True,0.9210850596427917,subject skills|access_code,True,1,0.8945412039756775,0.8476158976554871,0.04692530632019043,Q2,test
subject skills|access_code,subject skills,access_code,whale,test-2,subject skills|access_code,True,0.9076064229011536,subject skills|access_code,True,1,0.9221932888031006,0.7835471630096436,0.13864612579345703,Q2,test
subject skills|access_code,subject skills,access_code,whale,test-3,subject sent|access_code,False,0.868995189666748,subject sent|access_code,False,5,0.732434868812561,0.853223979473114,-0.12078911066055298,Q2,test
subject dawn|registry_id,subject dawn,registry_id,sneak,test-0,subject dawn|registry_id,True,0.9820315837860107,subject dawn|registry_id,True,1,0.9821784496307373,0.906817615032196,0.07536083459854126,Q2,test
subject dawn|registry_id,subject dawn,registry_id,sneak,test-1,subject dawn|registry_id,True,0.9348421692848206,subject dawn|registry_id,True,1,0.9155808687210083,0.876044511795044,0.039536356925964355,Q2,test
subject dawn|registry_id,subject dawn,registry_id,sneak,test-2,subject dawn|registry_id,True,0.9703115224838257,subject dawn|registry_id,True,1,0.9660340547561646,0.9056999087333679,0.06033414602279663,Q2,test
subject dawn|registry_id,subject dawn,registry_id,sneak,test-3,subject dawn|registry_id,True,0.9869133830070496,subject dawn|registry_id,True,1,0.9826724529266357,0.9094403982162476,0.07323205471038818,Q2,test
subject dawn|city_code,subject dawn,city_code,shiny,test-0,subject dawn|city_code,True,0.9616155028343201,subject dawn|city_code,True,1,0.9471147060394287,0.9247112274169922,0.022403478622436523,Q2,test
subject dawn|city_code,subject dawn,city_code,shiny,test-1,subject dawn|access_code,False,0.9757558703422546,subject dawn|access_code,False,2,0.9420388340950012,0.9507001638412476,-0.008661329746246338,Q2,test
subject dawn|city_code,subject dawn,city_code,shiny,test-2,subject dawn|access_code,False,0.9712117910385132,subject dawn|access_code,False,2,0.9415627717971802,0.9735666513442993,-0.03200387954711914,Q2,test
subject dawn|city_code,subject dawn,city_code,shiny,test-3,subject dawn|registry_id,False,0.9349307417869568,subject dawn|registry_id,False,2,0.9097685217857361,0.9248859882354736,-0.015117466449737549,Q2,test
subject dawn|access_code,subject dawn,access_code,pretending,test-0,subject dawn|city_code,False,0.9259428977966309,subject dawn|city_code,False,2,0.887213408946991,0.909072756767273,-0.021859347820281982,Q2,test
subject dawn|access_code,subject dawn,access_code,pretending,test-1,subject dawn|access_code,True,0.9673975110054016,subject dawn|access_code,True,1,0.9634850025177002,0.8939706087112427,0.06951439380645752,Q2,test
subject dawn|access_code,subject dawn,access_code,pretending,test-2,subject dawn|access_code,True,0.9703564643859863,subject dawn|access_code,True,1,0.9734819531440735,0.9103547930717468,0.06312716007232666,Q2,test
subject dawn|access_code,subject dawn,access_code,pretending,test-3,subject dawn|access_code,True,0.9536288380622864,subject dawn|access_code,True,1,0.9429301023483276,0.9065631628036499,0.036366939544677734,Q2,test
subject swung|registry_id,subject swung,registry_id,outs,test-0,subject swung|registry_id,True,0.9616782069206238,subject swung|registry_id,True,1,0.9603655934333801,0.8082441091537476,0.15212148427963257,Q2,test
subject swung|registry_id,subject swung,registry_id,outs,test-1,subject excited|registry_id,False,0.8349964022636414,subject excited|registry_id,False,3,0.7479042410850525,0.7804235219955444,-0.03251928091049194,Q2,test
subject swung|registry_id,subject swung,registry_id,outs,test-2,subject swung|registry_id,True,0.9310755729675293,subject swung|registry_id,True,1,0.9343849420547485,0.821942925453186,0.1124420166015625,Q2,test
subject swung|registry_id,subject swung,registry_id,outs,test-3,subject swung|registry_id,True,0.9699284434318542,subject swung|registry_id,True,1,0.9810999631881714,0.8120627403259277,0.16903722286224365,Q2,test
subject swung|city_code,subject swung,city_code,loomed,test-0,subject swung|city_code,True,0.8511927127838135,subject swung|city_code,True,1,0.7872245907783508,0.7719597220420837,0.01526486873626709,Q2,test
subject swung|city_code,subject swung,city_code,loomed,test-1,subject swung|access_code,False,0.9220991134643555,subject swung|access_code,False,2,0.8453727960586548,0.8975784778594971,-0.052205681800842285,Q2,test
subject swung|city_code,subject swung,city_code,loomed,test-2,subject swung|access_code,False,0.9304369688034058,subject swung|access_code,False,2,0.8618935346603394,0.9259412884712219,-0.06404775381088257,Q2,test
subject swung|city_code,subject swung,city_code,loomed,test-3,subject deter|registry_id,False,0.8555065393447876,subject deter|registry_id,False,3,0.7390012145042419,0.814771294593811,-0.07577008008956909,Q2,test
subject swung|access_code,subject swung,access_code,heavy,test-0,subject swung|city_code,False,0.8101943135261536,subject swung|city_code,False,2,0.68778395652771,0.7605034708976746,-0.0727195143699646,Q2,test
subject swung|access_code,subject swung,access_code,heavy,test-1,subject swung|access_code,True,0.9143471121788025,subject swung|access_code,True,1,0.9130755066871643,0.8031558394432068,0.10991966724395752,Q2,test
subject swung|access_code,subject swung,access_code,heavy,test-2,subject swung|access_code,True,0.9444799423217773,subject swung|access_code,True,1,0.950081467628479,0.8059512972831726,0.1441301703453064,Q2,test
subject swung|access_code,subject swung,access_code,heavy,test-3,subject swung|access_code,True,0.8634583950042725,subject swung|access_code,True,1,0.8322114944458008,0.7804160714149475,0.05179542303085327,Q2,test
subject lovely|registry_id,subject lovely,registry_id,swayed,test-0,subject lovely|registry_id,True,0.9660337567329407,subject lovely|registry_id,True,1,0.9593952894210815,0.8752808570861816,0.0841144323348999,Q2,test
subject lovely|registry_id,subject lovely,registry_id,swayed,test-1,subject lovely|registry_id,True,0.8651437163352966,subject lovely|registry_id,True,1,0.8148548007011414,0.800734281539917,0.014120519161224365,Q2,test
subject lovely|registry_id,subject lovely,registry_id,swayed,test-2,subject lovely|registry_id,True,0.9110134840011597,subject lovely|registry_id,True,1,0.9112828969955444,0.8800510764122009,0.031231820583343506,Q2,test
subject lovely|registry_id,subject lovely,registry_id,swayed,test-3,subject lovely|registry_id,True,0.9539679884910583,subject lovely|registry_id,True,1,0.9545011520385742,0.8879445195198059,0.06655663251876831,Q2,test
subject lovely|city_code,subject lovely,city_code,favorite,test-0,subject lovely|city_code,True,0.9266168475151062,subject lovely|city_code,True,1,0.878101646900177,0.8100783824920654,0.06802326440811157,Q2,test
subject lovely|city_code,subject lovely,city_code,favorite,test-1,subject lovely|access_code,False,0.9455733299255371,subject lovely|access_code,False,2,0.8991559743881226,0.9075630903244019,-0.008407115936279297,Q2,test
subject lovely|city_code,subject lovely,city_code,favorite,test-2,subject lovely|access_code,False,0.927136242389679,subject lovely|city_code,True,1,0.9070901870727539,0.9029983282089233,0.004091858863830566,Q2,test
subject lovely|city_code,subject lovely,city_code,favorite,test-3,subject lovely|city_code,True,0.7733758091926575,subject lovely|city_code,True,1,0.7343236804008484,0.7180907726287842,0.01623290777206421,Q2,test
subject lovely|access_code,subject lovely,access_code,higher,test-0,subject lovely|city_code,False,0.844327449798584,subject lovely|city_code,False,3,0.7173535227775574,0.7847121357917786,-0.06735861301422119,Q2,test
subject lovely|access_code,subject lovely,access_code,higher,test-1,subject lovely|access_code,True,0.9394979476928711,subject lovely|access_code,True,1,0.9490335583686829,0.9106093049049377,0.03842425346374512,Q2,test
subject lovely|access_code,subject lovely,access_code,higher,test-2,subject lovely|access_code,True,0.9301186800003052,subject lovely|access_code,True,1,0.9416548013687134,0.9032198190689087,0.03843498229980469,Q2,test
subject lovely|access_code,subject lovely,access_code,higher,test-3,subject lovely|access_code,True,0.8912774920463562,subject lovely|access_code,True,1,0.8659886717796326,0.84038907289505,0.02559959888458252,Q2,test
subject joked|registry_id,subject joked,registry_id,carved,validation-0,subject joked|registry_id,True,0.9076083302497864,subject joked|registry_id,True,1,0.8953439593315125,0.6219784617424011,0.27336549758911133,Q3,validation
subject joked|registry_id,subject joked,registry_id,carved,validation-1,subject joked|registry_id,True,0.956379771232605,subject joked|registry_id,True,1,0.9542177319526672,0.6566469669342041,0.29757076501846313,Q3,validation
subject joked|city_code,subject joked,city_code,prize,validation-0,subject joked|access_code,False,0.9210578799247742,subject joked|access_code,False,8,0.4019458293914795,0.9142150282859802,-0.5122691988945007,Q3,validation
subject joked|city_code,subject joked,city_code,prize,validation-1,subject joked|city_code,True,0.9524686336517334,subject joked|city_code,True,1,0.9461642503738403,0.609007716178894,0.3371565341949463,Q3,validation
subject joked|access_code,subject joked,access_code,train,validation-0,subject joked|access_code,True,0.8956283330917358,subject joked|access_code,True,1,0.878420352935791,0.6752699017524719,0.2031504511833191,Q3,validation
subject joked|access_code,subject joked,access_code,train,validation-1,subject joked|access_code,True,0.9784336090087891,subject joked|access_code,True,1,0.9778224229812622,0.5732083320617676,0.40461409091949463,Q3,validation
subject clut|registry_id,subject clut,registry_id,guide,validation-0,subject clut|registry_id,True,0.9171756505966187,subject clut|registry_id,True,1,0.9171385169029236,0.5994395017623901,0.31769901514053345,Q3,validation
subject clut|registry_id,subject clut,registry_id,guide,validation-1,subject clut|registry_id,True,0.9734042882919312,subject clut|registry_id,True,1,0.9755501747131348,0.5209528803825378,0.4545972943305969,Q3,validation
subject clut|city_code,subject clut,city_code,connecting,validation-0,subject clut|access_code,False,0.9332815408706665,subject clut|access_code,False,4,0.5138294696807861,0.9200063943862915,-0.40617692470550537,Q3,validation
subject clut|city_code,subject clut,city_code,connecting,validation-1,subject clut|city_code,True,0.9724949598312378,subject clut|city_code,True,1,0.9685469269752502,0.5006760358810425,0.46787089109420776,Q3,validation
subject clut|access_code,subject clut,access_code,calm,validation-0,subject clut|access_code,True,0.9328188896179199,subject clut|access_code,True,1,0.92991042137146,0.6349780559539795,0.29493236541748047,Q3,validation
subject clut|access_code,subject clut,access_code,calm,validation-1,subject clut|access_code,True,0.9610284566879272,subject clut|access_code,True,1,0.9536241888999939,0.5981718897819519,0.355452299118042,Q3,validation
subject louder|registry_id,subject louder,registry_id,worries,validation-0,subject louder|registry_id,True,0.873484194278717,subject louder|registry_id,True,1,0.8599144816398621,0.5967777371406555,0.26313674449920654,Q3,validation
subject louder|registry_id,subject louder,registry_id,worries,validation-1,subject louder|registry_id,True,0.9696148037910461,subject louder|registry_id,True,1,0.958537757396698,0.5996761322021484,0.35886162519454956,Q3,validation
subject louder|city_code,subject louder,city_code,glow,validation-0,subject louder|access_code,False,0.895948588848114,subject louder|access_code,False,9,0.35224130749702454,0.8829331398010254,-0.5306918323040009,Q3,validation
subject louder|city_code,subject louder,city_code,glow,validation-1,subject louder|city_code,True,0.9408804178237915,subject louder|city_code,True,1,0.9282850027084351,0.6369690895080566,0.2913159132003784,Q3,validation
subject louder|access_code,subject louder,access_code,glanc,validation-0,subject louder|access_code,True,0.8814303278923035,subject louder|access_code,True,1,0.8691872358322144,0.6465691924095154,0.22261804342269897,Q3,validation
subject louder|access_code,subject louder,access_code,glanc,validation-1,subject louder|access_code,True,0.9477830529212952,subject louder|access_code,True,1,0.9355549812316895,0.5355880856513977,0.39996689558029175,Q3,validation
subject deer|registry_id,subject deer,registry_id,beep,validation-0,subject deer|registry_id,True,0.8845244646072388,subject deer|registry_id,True,1,0.8716404438018799,0.6020807027816772,0.26955974102020264,Q3,validation
subject deer|registry_id,subject deer,registry_id,beep,validation-1,subject clut|registry_id,False,0.8040800094604492,subject deer|registry_id,True,1,0.7632150053977966,0.7538833618164062,0.00933164358139038,Q3,validation
subject deer|city_code,subject deer,city_code,students,validation-0,subject deer|access_code,False,0.9330986142158508,subject deer|access_code,False,3,0.536816418170929,0.9150016903877258,-0.3781852722167969,Q3,validation
subject deer|city_code,subject deer,city_code,students,validation-1,subject deer|city_code,True,0.7430457472801208,subject deer|city_code,True,1,0.72162926197052,0.7127618193626404,0.008867442607879639,Q3,validation
subject deer|access_code,subject deer,access_code,bond,validation-0,subject deer|access_code,True,0.9268414378166199,subject deer|access_code,True,1,0.9191859364509583,0.6134463548660278,0.3057395815849304,Q3,validation
subject deer|access_code,subject deer,access_code,bond,validation-1,subject deer|access_code,True,0.7278843522071838,subject deer|access_code,True,1,0.7250292301177979,0.6994231939315796,0.02560603618621826,Q3,validation
subject sent|registry_id,subject sent,registry_id,butterf,validation-0,subject sent|registry_id,True,0.9097948670387268,subject sent|registry_id,True,1,0.9011891484260559,0.6075316667556763,0.29365748167037964,Q3,validation
subject sent|registry_id,subject sent,registry_id,butterf,validation-1,subject sent|registry_id,True,0.9090498685836792,subject sent|registry_id,True,1,0.8928796052932739,0.7365589141845703,0.1563206911087036,Q3,validation
subject sent|city_code,subject sent,city_code,clapped,validation-0,subject sent|access_code,False,0.9338152408599854,subject sent|access_code,False,3,0.5086353421211243,0.912889838218689,-0.4042544960975647,Q3,validation
subject sent|city_code,subject sent,city_code,clapped,validation-1,subject sent|city_code,True,0.9616484642028809,subject sent|city_code,True,1,0.9511037468910217,0.6865091919898987,0.26459455490112305,Q3,validation
subject sent|access_code,subject sent,access_code,breathe,validation-0,subject sent|access_code,True,0.9436968564987183,subject sent|access_code,True,1,0.9322286248207092,0.6513755321502686,0.2808530926704407,Q3,validation
subject sent|access_code,subject sent,access_code,breathe,validation-1,subject sent|access_code,True,0.9606934785842896,subject sent|access_code,True,1,0.9451915621757507,0.7498101592063904,0.19538140296936035,Q3,validation
subject shimmered|registry_id,subject shimmered,registry_id,shining,validation-0,subject shimmered|registry_id,True,0.8583467602729797,subject shimmered|registry_id,True,1,0.8478502631187439,0.5949132442474365,0.2529370188713074,Q3,validation
subject shimmered|registry_id,subject shimmered,registry_id,shining,validation-1,subject shimmered|registry_id,True,0.9360175132751465,subject shimmered|registry_id,True,1,0.9291732907295227,0.6149645447731018,0.3142087459564209,Q3,validation
subject shimmered|city_code,subject shimmered,city_code,house,validation-0,subject shimmered|access_code,False,0.9141021370887756,subject shimmered|access_code,False,10,0.3542076647281647,0.904840886592865,-0.5506332218647003,Q3,validation
subject shimmered|city_code,subject shimmered,city_code,house,validation-1,subject shimmered|city_code,True,0.9305263161659241,subject shimmered|city_code,True,1,0.9264691472053528,0.6432628631591797,0.2832062840461731,Q3,validation
subject shimmered|access_code,subject shimmered,access_code,inno,validation-0,subject shimmered|access_code,True,0.882250964641571,subject shimmered|access_code,True,1,0.8621389865875244,0.6752614378929138,0.1868775486946106,Q3,validation
subject shimmered|access_code,subject shimmered,access_code,inno,validation-1,subject shimmered|access_code,True,0.9280058741569519,subject shimmered|access_code,True,1,0.9186581969261169,0.6206433773040771,0.2980148196220398,Q3,validation
subject solved|registry_id,subject solved,registry_id,bottle,validation-0,subject solved|registry_id,True,0.9133804440498352,subject solved|registry_id,True,1,0.9089449644088745,0.6736218333244324,0.23532313108444214,Q3,validation
subject solved|registry_id,subject solved,registry_id,bottle,validation-1,subject solved|registry_id,True,0.955812931060791,subject solved|registry_id,True,1,0.9512296319007874,0.5957728028297424,0.3554568290710449,Q3,validation
subject solved|city_code,subject solved,city_code,gloom,validation-0,subject solved|access_code,False,0.9327477216720581,subject solved|access_code,False,3,0.5566129684448242,0.9195685386657715,-0.36295557022094727,Q3,validation
subject solved|city_code,subject solved,city_code,gloom,validation-1,subject solved|city_code,True,0.9451215863227844,subject solved|city_code,True,1,0.9427374005317688,0.6251581311225891,0.3175792694091797,Q3,validation
subject solved|access_code,subject solved,access_code,huge,validation-0,subject solved|access_code,True,0.9568700790405273,subject solved|access_code,True,1,0.9413930177688599,0.6147109270095825,0.32668209075927734,Q3,validation
subject solved|access_code,subject solved,access_code,huge,validation-1,subject solved|access_code,True,0.9521404504776001,subject solved|access_code,True,1,0.9397872090339661,0.6304646730422974,0.3093225359916687,Q3,validation
subject swim|registry_id,subject swim,registry_id,whatever,validation-0,subject swim|registry_id,True,0.9157131910324097,subject swim|registry_id,True,1,0.9014341235160828,0.5832619071006775,0.3181722164154053,Q3,validation
subject swim|registry_id,subject swim,registry_id,whatever,validation-1,subject swim|registry_id,True,0.9532986283302307,subject swim|registry_id,True,1,0.9434500336647034,0.6769552826881409,0.2664947509765625,Q3,validation
subject swim|city_code,subject swim,city_code,arms,validation-0,subject swim|access_code,False,0.9122642278671265,subject swim|access_code,False,4,0.5132912993431091,0.8963513374328613,-0.3830600380897522,Q3,validation
subject swim|city_code,subject swim,city_code,arms,validation-1,subject swim|city_code,True,0.9602216482162476,subject swim|city_code,True,1,0.9553791880607605,0.6037812232971191,0.35159796476364136,Q3,validation
subject swim|access_code,subject swim,access_code,gems,validation-0,subject swim|access_code,True,0.9212481379508972,subject swim|access_code,True,1,0.9076371192932129,0.6968256831169128,0.21081143617630005,Q3,validation
subject swim|access_code,subject swim,access_code,gems,validation-1,subject swim|access_code,True,0.9750049114227295,subject swim|access_code,True,1,0.9645121097564697,0.5683680772781372,0.3961440324783325,Q3,validation
subject deter|registry_id,subject deter,registry_id,jumped,validation-0,subject deter|registry_id,True,0.8820030689239502,subject deter|registry_id,True,1,0.8741133809089661,0.5464918613433838,0.3276215195655823,Q3,validation
subject deter|registry_id,subject deter,registry_id,jumped,validation-1,subject deter|registry_id,True,0.9258620142936707,subject deter|registry_id,True,1,0.9177736639976501,0.604863703250885,0.31290996074676514,Q3,validation
subject deter|city_code,subject deter,city_code,snowman,validation-0,subject deter|access_code,False,0.9439769387245178,subject deter|access_code,False,3,0.4684905409812927,0.9327813982963562,-0.4642908573150635,Q3,validation
subject deter|city_code,subject deter,city_code,snowman,validation-1,subject deter|city_code,True,0.9349824786186218,subject deter|city_code,True,1,0.9347813725471497,0.5916603803634644,0.3431209921836853,Q3,validation
subject deter|access_code,subject deter,access_code,after,validation-0,subject deter|access_code,True,0.9445674419403076,subject deter|access_code,True,1,0.9310638308525085,0.5956162810325623,0.3354475498199463,Q3,validation
subject deter|access_code,subject deter,access_code,after,validation-1,subject deter|access_code,True,0.926277756690979,subject deter|access_code,True,1,0.921203076839447,0.546464741230011,0.37473833560943604,Q3,validation
subject excited|registry_id,subject excited,registry_id,tricky,validation-0,subject excited|registry_id,True,0.9022486209869385,subject excited|registry_id,True,1,0.9029642343521118,0.5725635290145874,0.3304007053375244,Q3,validation
subject excited|registry_id,subject excited,registry_id,tricky,validation-1,subject excited|registry_id,True,0.9352663159370422,subject excited|registry_id,True,1,0.9087205529212952,0.6606356501579285,0.2480849027633667,Q3,validation
subject excited|city_code,subject excited,city_code,conqu,validation-0,subject excited|access_code,False,0.9357976317405701,subject excited|access_code,False,7,0.38000816106796265,0.9203054904937744,-0.5402973294258118,Q3,validation
subject excited|city_code,subject excited,city_code,conqu,validation-1,subject excited|city_code,True,0.9633641242980957,subject excited|city_code,True,1,0.9512845873832703,0.5694893002510071,0.3817952871322632,Q3,validation
subject excited|access_code,subject excited,access_code,imag,validation-0,subject excited|access_code,True,0.9134918451309204,subject excited|access_code,True,1,0.898741602897644,0.6377415060997009,0.2610000967979431,Q3,validation
subject excited|access_code,subject excited,access_code,imag,validation-1,subject excited|access_code,True,0.9400286078453064,subject excited|access_code,True,1,0.926670491695404,0.5653709769248962,0.3612995147705078,Q3,validation
subject encour|registry_id,subject encour,registry_id,safely,validation-0,subject swim|registry_id,False,0.6358827948570251,subject swim|registry_id,False,4,0.5449354648590088,0.6197850704193115,-0.07484960556030273,Q3,validation
subject encour|registry_id,subject encour,registry_id,safely,validation-1,subject clut|registry_id,False,0.7940899133682251,subject clut|registry_id,False,2,0.755251944065094,0.7696809768676758,-0.014429032802581787,Q3,validation
subject encour|city_code,subject encour,city_code,snowf,validation-0,subject swim|access_code,False,0.7359505295753479,subject swim|access_code,False,30,-0.12356775999069214,0.727007269859314,-0.8505750298500061,Q3,validation
subject encour|city_code,subject encour,city_code,snowf,validation-1,subject encour|city_code,True,0.7306795716285706,subject encour|city_code,True,1,0.6931384801864624,0.6848410964012146,0.008297383785247803,Q3,validation
subject encour|access_code,subject encour,access_code,uncover,validation-0,subject encour|access_code,True,0.8069781064987183,subject encour|access_code,True,1,0.7756359577178955,0.7286347150802612,0.04700124263763428,Q3,validation
subject encour|access_code,subject encour,access_code,uncover,validation-1,subject clut|access_code,False,0.790627658367157,subject clut|access_code,False,5,0.5560494661331177,0.7712019085884094,-0.21515244245529175,Q3,validation
subject finds|registry_id,subject finds,registry_id,transform,validation-0,subject finds|registry_id,True,0.8881564140319824,subject finds|registry_id,True,1,0.8756483793258667,0.5885374546051025,0.28711092472076416,Q3,validation
subject finds|registry_id,subject finds,registry_id,transform,validation-1,subject finds|registry_id,True,0.9536485075950623,subject finds|registry_id,True,1,0.9328186511993408,0.6130828857421875,0.3197357654571533,Q3,validation
subject finds|city_code,subject finds,city_code,spirit,validation-0,subject finds|access_code,False,0.9346368908882141,subject finds|access_code,False,5,0.4693607985973358,0.9289876818656921,-0.4596268832683563,Q3,validation
subject finds|city_code,subject finds,city_code,spirit,validation-1,subject finds|city_code,True,0.9656083583831787,subject finds|city_code,True,1,0.9644416570663452,0.559806764125824,0.40463489294052124,Q3,validation
subject finds|access_code,subject finds,access_code,door,validation-0,subject finds|access_code,True,0.933995246887207,subject finds|access_code,True,1,0.9212771654129028,0.6147773265838623,0.3064998388290405,Q3,validation
subject finds|access_code,subject finds,access_code,door,validation-1,subject finds|access_code,True,0.9730411767959595,subject finds|access_code,True,1,0.9736148715019226,0.5412774085998535,0.4323374629020691,Q3,validation
subject skills|registry_id,subject skills,registry_id,seek,validation-0,subject skills|registry_id,True,0.8935284614562988,subject skills|registry_id,True,1,0.8833369612693787,0.6038103699684143,0.27952659130096436,Q3,validation
subject skills|registry_id,subject skills,registry_id,seek,validation-1,subject skills|registry_id,True,0.9762240052223206,subject skills|registry_id,True,1,0.9692615270614624,0.601078450679779,0.36818307638168335,Q3,validation
subject skills|city_code,subject skills,city_code,sank,validation-0,subject skills|access_code,False,0.9301779270172119,subject skills|access_code,False,3,0.5263816714286804,0.9110417366027832,-0.3846600651741028,Q3,validation
subject skills|city_code,subject skills,city_code,sank,validation-1,subject skills|city_code,True,0.9603280425071716,subject skills|city_code,True,1,0.958207368850708,0.5977972745895386,0.36041009426116943,Q3,validation
subject skills|access_code,subject skills,access_code,whale,validation-0,subject skills|access_code,True,0.9373172521591187,subject skills|access_code,True,1,0.9245565533638,0.6048108339309692,0.3197457194328308,Q3,validation
subject skills|access_code,subject skills,access_code,whale,validation-1,subject skills|access_code,True,0.9647817611694336,subject skills|access_code,True,1,0.9571859240531921,0.5734603404998779,0.3837255835533142,Q3,validation
subject dawn|registry_id,subject dawn,registry_id,sneak,validation-0,subject dawn|registry_id,True,0.8748539686203003,subject dawn|registry_id,True,1,0.8663082122802734,0.5514801144599915,0.314828097820282,Q3,validation
subject dawn|registry_id,subject dawn,registry_id,sneak,validation-1,subject dawn|registry_id,True,0.9425125122070312,subject dawn|registry_id,True,1,0.9404487609863281,0.5610221028327942,0.37942665815353394,Q3,validation
subject dawn|city_code,subject dawn,city_code,shiny,validation-0,subject dawn|access_code,False,0.9015435576438904,subject dawn|access_code,False,8,0.3757682144641876,0.896955668926239,-0.5211874544620514,Q3,validation
subject dawn|city_code,subject dawn,city_code,shiny,validation-1,subject dawn|city_code,True,0.9617013335227966,subject dawn|city_code,True,1,0.9534696340560913,0.5981278419494629,0.3553417921066284,Q3,validation
subject dawn|access_code,subject dawn,access_code,pretending,validation-0,subject dawn|access_code,True,0.8759442567825317,subject dawn|access_code,True,1,0.8507636785507202,0.7284735441207886,0.12229013442993164,Q3,validation
subject dawn|access_code,subject dawn,access_code,pretending,validation-1,subject dawn|access_code,True,0.949708878993988,subject dawn|access_code,True,1,0.937140166759491,0.5189066529273987,0.4182335138320923,Q3,validation
subject swung|registry_id,subject swung,registry_id,outs,validation-0,subject swung|registry_id,True,0.8700775504112244,subject swung|registry_id,True,1,0.8618239760398865,0.5791162252426147,0.28270775079727173,Q3,validation
subject swung|registry_id,subject swung,registry_id,outs,validation-1,subject swung|registry_id,True,0.9366708397865295,subject swung|registry_id,True,1,0.9284552335739136,0.622830331325531,0.30562490224838257,Q3,validation
subject swung|city_code,subject swung,city_code,loomed,validation-0,subject swung|access_code,False,0.9020059108734131,subject swung|access_code,False,5,0.4303359091281891,0.8913152813911438,-0.4609793722629547,Q3,validation
subject swung|city_code,subject swung,city_code,loomed,validation-1,subject swung|city_code,True,0.9409295916557312,subject swung|city_code,True,1,0.9372553825378418,0.6151283383369446,0.3221270442008972,Q3,validation
subject swung|access_code,subject swung,access_code,heavy,validation-0,subject swung|access_code,True,0.8870261907577515,subject swung|access_code,True,1,0.8738248348236084,0.744017481803894,0.12980735301971436,Q3,validation
subject swung|access_code,subject swung,access_code,heavy,validation-1,subject swung|access_code,True,0.9734693169593811,subject swung|access_code,True,1,0.9745774865150452,0.5662705302238464,0.40830695629119873,Q3,validation
subject lovely|registry_id,subject lovely,registry_id,swayed,validation-0,subject lovely|registry_id,True,0.9033815860748291,subject lovely|registry_id,True,1,0.889961302280426,0.577410101890564,0.31255120038986206,Q3,validation
subject lovely|registry_id,subject lovely,registry_id,swayed,validation-1,subject lovely|registry_id,True,0.9541325569152832,subject lovely|registry_id,True,1,0.9543235898017883,0.5512252449989319,0.40309834480285645,Q3,validation
subject lovely|city_code,subject lovely,city_code,favorite,validation-0,subject lovely|access_code,False,0.9130902290344238,subject lovely|access_code,False,6,0.4180837571620941,0.9070128202438354,-0.48892906308174133,Q3,validation
subject lovely|city_code,subject lovely,city_code,favorite,validation-1,subject lovely|city_code,True,0.9688289165496826,subject lovely|city_code,True,1,0.9675725102424622,0.6112554669380188,0.35631704330444336,Q3,validation
subject lovely|access_code,subject lovely,access_code,higher,validation-0,subject lovely|access_code,True,0.8886310458183289,subject lovely|access_code,True,1,0.8816653490066528,0.6339616179466248,0.24770373106002808,Q3,validation
subject lovely|access_code,subject lovely,access_code,higher,validation-1,subject lovely|access_code,True,0.9630452990531921,subject lovely|access_code,True,1,0.9613880515098572,0.5571348667144775,0.40425318479537964,Q3,validation
subject joked|registry_id,subject joked,registry_id,carved,test-0,subject joked|registry_id,True,0.9070479869842529,subject joked|registry_id,True,1,0.9042452573776245,0.6446846127510071,0.25956064462661743,Q3,test
subject joked|registry_id,subject joked,registry_id,carved,test-1,subject joked|access_code,False,0.853004515171051,subject joked|access_code,False,2,0.7287233471870422,0.8485665321350098,-0.11984318494796753,Q3,test
subject joked|registry_id,subject joked,registry_id,carved,test-2,subject joked|registry_id,True,0.9171792268753052,subject joked|registry_id,True,1,0.9026797413825989,0.6589819192886353,0.24369782209396362,Q3,test
subject joked|registry_id,subject joked,registry_id,carved,test-3,subject joked|registry_id,True,0.9593862295150757,subject joked|registry_id,True,1,0.9540829062461853,0.5673699975013733,0.386712908744812,Q3,test
subject joked|city_code,subject joked,city_code,prize,test-0,subject joked|access_code,False,0.8668240904808044,subject joked|access_code,False,2,0.8038438558578491,0.8533739447593689,-0.049530088901519775,Q3,test
subject joked|city_code,subject joked,city_code,prize,test-1,subject joked|access_code,False,0.9580573439598083,subject joked|access_code,False,6,0.49928614497184753,0.9514244198799133,-0.4521382749080658,Q3,test
subject joked|city_code,subject joked,city_code,prize,test-2,subject joked|access_code,False,0.8895580768585205,subject joked|access_code,False,2,0.7121623158454895,0.8885030746459961,-0.1763407588005066,Q3,test
subject joked|city_code,subject joked,city_code,prize,test-3,subject joked|city_code,True,0.8906066417694092,subject joked|city_code,True,1,0.8762267827987671,0.643322765827179,0.23290401697158813,Q3,test
subject joked|access_code,subject joked,access_code,train,test-0,subject joked|city_code,False,0.8594371676445007,subject joked|city_code,False,2,0.7582811713218689,0.8403013944625854,-0.08202022314071655,Q3,test
subject joked|access_code,subject joked,access_code,train,test-1,subject joked|access_code,True,0.9249837398529053,subject joked|access_code,True,1,0.918912947177887,0.6767487525939941,0.24216419458389282,Q3,test
subject joked|access_code,subject joked,access_code,train,test-2,subject joked|access_code,True,0.947974681854248,subject joked|access_code,True,1,0.9425556659698486,0.6512703895568848,0.29128527641296387,Q3,test
subject joked|access_code,subject joked,access_code,train,test-3,subject joked|access_code,True,0.9248588681221008,subject joked|access_code,True,1,0.9128576517105103,0.7026336193084717,0.21022403240203857,Q3,test
subject clut|registry_id,subject clut,registry_id,guide,test-0,subject clut|registry_id,True,0.9519783854484558,subject clut|registry_id,True,1,0.9445112943649292,0.5737781524658203,0.3707331418991089,Q3,test
subject clut|registry_id,subject clut,registry_id,guide,test-1,subject clut|access_code,False,0.8594932556152344,subject clut|access_code,False,2,0.7613385319709778,0.8450489044189453,-0.08371037244796753,Q3,test
subject clut|registry_id,subject clut,registry_id,guide,test-2,subject clut|registry_id,True,0.8595513105392456,subject clut|registry_id,True,1,0.8460667133331299,0.5404906272888184,0.3055760860443115,Q3,test
subject clut|registry_id,subject clut,registry_id,guide,test-3,subject clut|registry_id,True,0.9614932537078857,subject clut|registry_id,True,1,0.9632393717765808,0.5415709614753723,0.4216684103012085,Q3,test
subject clut|city_code,subject clut,city_code,connecting,test-0,subject clut|access_code,False,0.8402740955352783,subject clut|access_code,False,2,0.77627032995224,0.8155458569526672,-0.039275527000427246,Q3,test
subject clut|city_code,subject clut,city_code,connecting,test-1,subject clut|access_code,False,0.9345130324363708,subject clut|access_code,False,3,0.5322166085243225,0.926943302154541,-0.3947266936302185,Q3,test
subject clut|city_code,subject clut,city_code,connecting,test-2,subject clut|access_code,False,0.849814772605896,subject clut|access_code,False,2,0.5697896480560303,0.832825243473053,-0.2630355954170227,Q3,test
subject clut|city_code,subject clut,city_code,connecting,test-3,subject clut|city_code,True,0.8533884286880493,subject clut|city_code,True,1,0.8380517363548279,0.7552939057350159,0.08275783061981201,Q3,test
subject clut|access_code,subject clut,access_code,calm,test-0,subject clut|city_code,False,0.7626636028289795,subject clut|city_code,False,2,0.7331396341323853,0.7488915324211121,-0.015751898288726807,Q3,test
subject clut|access_code,subject clut,access_code,calm,test-1,subject clut|access_code,True,0.9322953224182129,subject clut|access_code,True,1,0.928356409072876,0.6624974012374878,0.2658590078353882,Q3,test
subject clut|access_code,subject clut,access_code,calm,test-2,subject clut|access_code,True,0.883206844329834,subject clut|access_code,True,1,0.8762943148612976,0.673100471496582,0.20319384336471558,Q3,test
subject clut|access_code,subject clut,access_code,calm,test-3,subject clut|access_code,True,0.9266673922538757,subject clut|access_code,True,1,0.9186989665031433,0.6070944666862488,0.31160449981689453,Q3,test
subject louder|registry_id,subject louder,registry_id,worries,test-0,subject louder|registry_id,True,0.9217695593833923,subject louder|registry_id,True,1,0.9098061919212341,0.6180374622344971,0.29176872968673706,Q3,test
subject louder|registry_id,subject louder,registry_id,worries,test-1,subject louder|access_code,False,0.7586665153503418,subject louder|access_code,False,2,0.617106020450592,0.740777313709259,-0.12367129325866699,Q3,test
subject louder|registry_id,subject louder,registry_id,worries,test-2,subject louder|registry_id,True,0.892861545085907,subject louder|registry_id,True,1,0.883811354637146,0.6068657636642456,0.2769455909729004,Q3,test
subject louder|registry_id,subject louder,registry_id,worries,test-3,subject louder|registry_id,True,0.9331963658332825,subject louder|registry_id,True,1,0.9308403730392456,0.564645528793335,0.36619484424591064,Q3,test
subject louder|city_code,subject louder,city_code,glow,test-0,subject louder|city_code,True,0.7914316654205322,subject louder|city_code,True,1,0.7629126906394958,0.7057924270629883,0.05712026357650757,Q3,test
subject louder|city_code,subject louder,city_code,glow,test-1,subject louder|access_code,False,0.8087900280952454,subject louder|access_code,False,17,0.18631942570209503,0.7908722758293152,-0.6045528501272202,Q3,test
subject louder|city_code,subject louder,city_code,glow,test-2,subject louder|access_code,False,0.8791316747665405,subject louder|access_code,False,2,0.6244187951087952,0.8644745349884033,-0.24005573987960815,Q3,test
subject louder|city_code,subject louder,city_code,glow,test-3,subject louder|city_code,True,0.8178501725196838,subject louder|city_code,True,1,0.7955763339996338,0.6833786368370056,0.11219769716262817,Q3,test
subject louder|access_code,subject louder,access_code,glanc,test-0,subject louder|city_code,False,0.8069508671760559,subject louder|city_code,False,3,0.6522685885429382,0.7803265452384949,-0.12805795669555664,Q3,test
subject louder|access_code,subject louder,access_code,glanc,test-1,subject louder|access_code,True,0.8223888278007507,subject louder|access_code,True,1,0.8115847706794739,0.701836884021759,0.10974788665771484,Q3,test
subject louder|access_code,subject louder,access_code,glanc,test-2,subject louder|access_code,True,0.9314892292022705,subject louder|access_code,True,1,0.9263851642608643,0.6956366896629333,0.2307484745979309,Q3,test
subject louder|access_code,subject louder,access_code,glanc,test-3,subject louder|access_code,True,0.9108746647834778,subject louder|access_code,True,1,0.8951396942138672,0.559130072593689,0.3360096216201782,Q3,test
subject deer|registry_id,subject deer,registry_id,beep,test-0,subject deer|registry_id,True,0.9249880313873291,subject deer|registry_id,True,1,0.9203968048095703,0.5960856080055237,0.32431119680404663,Q3,test
subject deer|registry_id,subject deer,registry_id,beep,test-1,subject deer|access_code,False,0.7597692608833313,subject deer|access_code,False,2,0.6616982221603394,0.7520274519920349,-0.09032922983169556,Q3,test
subject deer|registry_id,subject deer,registry_id,beep,test-2,subject deer|registry_id,True,0.8756057024002075,subject deer|registry_id,True,1,0.862678587436676,0.5644158124923706,0.2982627749443054,Q3,test
subject deer|registry_id,subject deer,registry_id,beep,test-3,subject deer|registry_id,True,0.9456653594970703,subject deer|registry_id,True,1,0.9451970458030701,0.6333840489387512,0.31181299686431885,Q3,test
subject deer|city_code,subject deer,city_code,students,test-0,subject deer|access_code,False,0.8225394487380981,subject deer|access_code,False,2,0.7767629027366638,0.8022091388702393,-0.02544623613357544,Q3,test
subject deer|city_code,subject deer,city_code,students,test-1,subject deer|access_code,False,0.8842058777809143,subject deer|access_code,False,7,0.387196809053421,0.8714053630828857,-0.4842085540294647,Q3,test
subject deer|city_code,subject deer,city_code,students,test-2,subject deer|access_code,False,0.7888995409011841,subject deer|access_code,False,2,0.7124032378196716,0.7682921290397644,-0.05588889122009277,Q3,test
subject deer|city_code,subject deer,city_code,students,test-3,subject deer|city_code,True,0.8573375940322876,subject deer|city_code,True,1,0.8369196057319641,0.709723174571991,0.12719643115997314,Q3,test
subject deer|access_code,subject deer,access_code,bond,test-0,subject deer|city_code,False,0.8266517519950867,subject deer|city_code,False,3,0.6057034134864807,0.8112285733222961,-0.20552515983581543,Q3,test
subject deer|access_code,subject deer,access_code,bond,test-1,subject deer|access_code,True,0.8374904990196228,subject deer|access_code,True,1,0.8160185217857361,0.627437949180603,0.18858057260513306,Q3,test
subject deer|access_code,subject deer,access_code,bond,test-2,subject deer|access_code,True,0.8825913667678833,subject deer|access_code,True,1,0.8698517680168152,0.6309759616851807,0.23887580633163452,Q3,test
subject deer|access_code,subject deer,access_code,bond,test-3,subject deer|access_code,True,0.9117212891578674,subject deer|access_code,True,1,0.9028114080429077,0.603881299495697,0.2989301085472107,Q3,test
subject sent|registry_id,subject sent,registry_id,butterf,test-0,subject sent|registry_id,True,0.9339708685874939,subject sent|registry_id,True,1,0.9101797342300415,0.6447088718414307,0.26547086238861084,Q3,test
subject sent|registry_id,subject sent,registry_id,butterf,test-1,subject sent|access_code,False,0.8112147450447083,subject sent|access_code,False,2,0.7088168859481812,0.7919768691062927,-0.08315998315811157,Q3,test
subject sent|registry_id,subject sent,registry_id,butterf,test-2,subject sent|registry_id,True,0.8763176202774048,subject sent|registry_id,True,1,0.838903546333313,0.6526464819908142,0.18625706434249878,Q3,test
subject sent|registry_id,subject sent,registry_id,butterf,test-3,subject sent|registry_id,True,0.9531722664833069,subject sent|registry_id,True,1,0.9520705938339233,0.5992047190666199,0.35286587476730347,Q3,test
subject sent|city_code,subject sent,city_code,clapped,test-0,subject sent|access_code,False,0.8979705572128296,subject sent|access_code,False,2,0.7360244393348694,0.8809598088264465,-0.14493536949157715,Q3,test
subject sent|city_code,subject sent,city_code,clapped,test-1,subject sent|access_code,False,0.9191877841949463,subject sent|access_code,False,9,0.4511720538139343,0.9024938344955444,-0.4513217806816101,Q3,test
subject sent|city_code,subject sent,city_code,clapped,test-2,subject sent|access_code,False,0.8968390226364136,subject sent|access_code,False,2,0.6585891246795654,0.8881648778915405,-0.2295757532119751,Q3,test
subject sent|city_code,subject sent,city_code,clapped,test-3,subject sent|city_code,True,0.8935433626174927,subject sent|city_code,True,1,0.8708707094192505,0.7193508148193359,0.15151989459991455,Q3,test
subject sent|access_code,subject sent,access_code,breathe,test-0,subject sent|city_code,False,0.8194319605827332,subject sent|city_code,False,2,0.7387258410453796,0.8002024292945862,-0.06147658824920654,Q3,test
subject sent|access_code,subject sent,access_code,breathe,test-1,subject sent|access_code,True,0.9114294052124023,subject sent|access_code,True,1,0.8954197764396667,0.6709040999412537,0.22451567649841309,Q3,test
subject sent|access_code,subject sent,access_code,breathe,test-2,subject sent|access_code,True,0.9409688711166382,subject sent|access_code,True,1,0.9286598563194275,0.6179105043411255,0.310749351978302,Q3,test
subject sent|access_code,subject sent,access_code,breathe,test-3,subject sent|access_code,True,0.9436780214309692,subject sent|access_code,True,1,0.9287444353103638,0.6667159795761108,0.26202845573425293,Q3,test
subject shimmered|registry_id,subject shimmered,registry_id,shining,test-0,subject shimmered|registry_id,True,0.8955079317092896,subject shimmered|registry_id,True,1,0.8885892629623413,0.5236729979515076,0.36491626501083374,Q3,test
subject shimmered|registry_id,subject shimmered,registry_id,shining,test-1,subject shimmered|access_code,False,0.8380239605903625,subject shimmered|access_code,False,2,0.7658022046089172,0.8200656771659851,-0.05426347255706787,Q3,test
subject shimmered|registry_id,subject shimmered,registry_id,shining,test-2,subject shimmered|registry_id,True,0.8553286790847778,subject shimmered|registry_id,True,1,0.8527390360832214,0.5292332768440247,0.3235057592391968,Q3,test
subject shimmered|registry_id,subject shimmered,registry_id,shining,test-3,subject shimmered|registry_id,True,0.9391812682151794,subject shimmered|registry_id,True,1,0.9380915760993958,0.47487714886665344,0.4632144272327423,Q3,test
subject shimmered|city_code,subject shimmered,city_code,house,test-0,subject shimmered|access_code,False,0.8846691846847534,subject shimmered|access_code,False,2,0.5993019938468933,0.8796522617340088,-0.2803502678871155,Q3,test
subject shimmered|city_code,subject shimmered,city_code,house,test-1,subject shimmered|access_code,False,0.913421630859375,subject shimmered|access_code,False,4,0.4923792779445648,0.9124734401702881,-0.42009416222572327,Q3,test
subject shimmered|city_code,subject shimmered,city_code,house,test-2,subject shimmered|access_code,False,0.8709700703620911,subject shimmered|access_code,False,2,0.5983213186264038,0.8435750603675842,-0.24525374174118042,Q3,test
subject shimmered|city_code,subject shimmered,city_code,house,test-3,subject shimmered|city_code,True,0.8180041313171387,subject shimmered|city_code,True,1,0.7891952991485596,0.6300884485244751,0.15910685062408447,Q3,test
subject shimmered|access_code,subject shimmered,access_code,inno,test-0,subject shimmered|city_code,False,0.7242057919502258,subject shimmered|city_code,False,2,0.6891796588897705,0.6998628973960876,-0.010683238506317139,Q3,test
subject shimmered|access_code,subject shimmered,access_code,inno,test-1,subject shimmered|access_code,True,0.9444859623908997,subject shimmered|access_code,True,1,0.9311111569404602,0.6862255930900574,0.24488556385040283,Q3,test
subject shimmered|access_code,subject shimmered,access_code,inno,test-2,subject shimmered|access_code,True,0.917123019695282,subject shimmered|access_code,True,1,0.9014561772346497,0.6655692458152771,0.23588693141937256,Q3,test
subject shimmered|access_code,subject shimmered,access_code,inno,test-3,subject shimmered|access_code,True,0.8973966240882874,subject shimmered|access_code,True,1,0.8841947317123413,0.6650534272193909,0.21914130449295044,Q3,test
subject solved|registry_id,subject solved,registry_id,bottle,test-0,subject solved|registry_id,True,0.9280782341957092,subject solved|registry_id,True,1,0.925493061542511,0.6163783073425293,0.3091147541999817,Q3,test
subject solved|registry_id,subject solved,registry_id,bottle,test-1,subject solved|access_code,False,0.693190336227417,subject excited|access_code,False,3,0.5142497420310974,0.6644708514213562,-0.1502211093902588,Q3,test
subject solved|registry_id,subject solved,registry_id,bottle,test-2,subject solved|registry_id,True,0.9106428623199463,subject solved|registry_id,True,1,0.9019919037818909,0.6211272478103638,0.2808646559715271,Q3,test
subject solved|registry_id,subject solved,registry_id,bottle,test-3,subject solved|registry_id,True,0.9660653471946716,subject solved|registry_id,True,1,0.9614648818969727,0.5740565061569214,0.38740837574005127,Q3,test
subject solved|city_code,subject solved,city_code,gloom,test-0,subject solved|access_code,False,0.8719242215156555,subject solved|access_code,False,2,0.7421078681945801,0.8583791851997375,-0.11627131700515747,Q3,test
subject solved|city_code,subject solved,city_code,gloom,test-1,subject solved|access_code,False,0.8844488263130188,subject solved|access_code,False,15,0.23167948424816132,0.8695064783096313,-0.63782699406147,Q3,test
subject solved|city_code,subject solved,city_code,gloom,test-2,subject solved|access_code,False,0.9021024703979492,subject solved|access_code,False,2,0.6632736325263977,0.879619300365448,-0.2163456678390503,Q3,test
subject solved|city_code,subject solved,city_code,gloom,test-3,subject solved|city_code,True,0.8728253245353699,subject solved|city_code,True,1,0.8551995158195496,0.767651379108429,0.0875481367111206,Q3,test
subject solved|access_code,subject solved,access_code,huge,test-0,subject solved|city_code,False,0.7922871112823486,subject solved|city_code,False,2,0.7561265826225281,0.7746384739875793,-0.01851189136505127,Q3,test
subject solved|access_code,subject solved,access_code,huge,test-1,subject solved|access_code,True,0.8397704362869263,subject solved|access_code,True,1,0.8146229386329651,0.780903160572052,0.033719778060913086,Q3,test
subject solved|access_code,subject solved,access_code,huge,test-2,subject solved|access_code,True,0.9423842430114746,subject solved|access_code,True,1,0.9281889200210571,0.717811107635498,0.21037781238555908,Q3,test
subject solved|access_code,subject solved,access_code,huge,test-3,subject solved|access_code,True,0.9432406425476074,subject solved|access_code,True,1,0.9300370216369629,0.6379677057266235,0.29206931591033936,Q3,test
subject swim|registry_id,subject swim,registry_id,whatever,test-0,subject swim|registry_id,True,0.9406420588493347,subject swim|registry_id,True,1,0.9423200488090515,0.6195434927940369,0.32277655601501465,Q3,test
subject swim|registry_id,subject swim,registry_id,whatever,test-1,subject swim|access_code,False,0.7483397126197815,subject swim|access_code,False,2,0.6546782851219177,0.7245475053787231,-0.06986922025680542,Q3,test
subject swim|registry_id,subject swim,registry_id,whatever,test-2,subject swim|registry_id,True,0.9307546615600586,subject swim|registry_id,True,1,0.9155727624893188,0.6514974236488342,0.2640753388404846,Q3,test
subject swim|registry_id,subject swim,registry_id,whatever,test-3,subject swim|registry_id,True,0.9674577116966248,subject swim|registry_id,True,1,0.9637383818626404,0.5802966952323914,0.383441686630249,Q3,test
subject swim|city_code,subject swim,city_code,arms,test-0,subject swim|access_code,False,0.8258711695671082,subject swim|access_code,False,2,0.7667598128318787,0.8017278909683228,-0.03496807813644409,Q3,test
subject swim|city_code,subject swim,city_code,arms,test-1,subject swim|access_code,False,0.846041738986969,subject swim|access_code,False,6,0.4161793291568756,0.8352681398391724,-0.41908881068229675,Q3,test
subject swim|city_code,subject swim,city_code,arms,test-2,subject swim|access_code,False,0.8888250589370728,subject swim|access_code,False,2,0.7774584889411926,0.8756459951400757,-0.09818750619888306,Q3,test
subject swim|city_code,subject swim,city_code,arms,test-3,subject swim|city_code,True,0.8557543754577637,subject swim|city_code,True,1,0.8321983814239502,0.7329930663108826,0.09920531511306763,Q3,test
subject swim|access_code,subject swim,access_code,gems,test-0,subject swim|city_code,False,0.7990182638168335,subject swim|city_code,False,2,0.6326677203178406,0.7747695446014404,-0.14210182428359985,Q3,test
subject swim|access_code,subject swim,access_code,gems,test-1,subject swim|access_code,True,0.798846960067749,subject swim|access_code,True,1,0.7889457941055298,0.7559101581573486,0.03303563594818115,Q3,test
subject swim|access_code,subject swim,access_code,gems,test-2,subject swim|access_code,True,0.9564563035964966,subject swim|access_code,True,1,0.9531704187393188,0.7124714851379395,0.2406989336013794,Q3,test
subject swim|access_code,subject swim,access_code,gems,test-3,subject swim|access_code,True,0.9378310441970825,subject swim|access_code,True,1,0.919386625289917,0.6303854584693909,0.2890011668205261,Q3,test
subject deter|registry_id,subject deter,registry_id,jumped,test-0,subject deter|registry_id,True,0.9059646129608154,subject deter|registry_id,True,1,0.90594083070755,0.4896909296512604,0.4162499010562897,Q3,test
subject deter|registry_id,subject deter,registry_id,jumped,test-1,subject finds|access_code,False,0.6062042117118835,subject finds|access_code,False,5,0.4124384820461273,0.5908014178276062,-0.17836293578147888,Q3,test
subject deter|registry_id,subject deter,registry_id,jumped,test-2,subject deter|registry_id,True,0.7968077659606934,subject deter|registry_id,True,1,0.7974793314933777,0.5680607557296753,0.2294185757637024,Q3,test
subject deter|registry_id,subject deter,registry_id,jumped,test-3,subject deter|registry_id,True,0.9684434533119202,subject deter|registry_id,True,1,0.9715951681137085,0.47585737705230713,0.49573779106140137,Q3,test
subject deter|city_code,subject deter,city_code,snowman,test-0,subject deter|access_code,False,0.7730644941329956,subject deter|city_code,True,1,0.7500600814819336,0.7266758680343628,0.0233842134475708,Q3,test
subject deter|city_code,subject deter,city_code,snowman,test-1,subject deter|access_code,False,0.831998348236084,subject deter|access_code,False,15,0.2473984956741333,0.8121554851531982,-0.5647569894790649,Q3,test
subject deter|city_code,subject deter,city_code,snowman,test-2,subject deter|access_code,False,0.888398289680481,subject deter|access_code,False,3,0.5309489965438843,0.8654261231422424,-0.33447712659835815,Q3,test
subject deter|city_code,subject deter,city_code,snowman,test-3,subject deter|city_code,True,0.8715266585350037,subject deter|city_code,True,1,0.8425360321998596,0.7307956218719482,0.11174041032791138,Q3,test
subject deter|access_code,subject deter,access_code,after,test-0,subject deter|city_code,False,0.7583341002464294,subject deter|city_code,False,2,0.6394487619400024,0.7361797094345093,-0.09673094749450684,Q3,test
subject deter|access_code,subject deter,access_code,after,test-1,subject deter|access_code,True,0.8076537847518921,subject deter|access_code,True,1,0.7826706171035767,0.7458544373512268,0.036816179752349854,Q3,test
subject deter|access_code,subject deter,access_code,after,test-2,subject deter|access_code,True,0.9065818190574646,subject deter|access_code,True,1,0.8897185921669006,0.7151477932929993,0.17457079887390137,Q3,test
subject deter|access_code,subject deter,access_code,after,test-3,subject deter|access_code,True,0.922333300113678,subject deter|access_code,True,1,0.9203698039054871,0.48563534021377563,0.4347344636917114,Q3,test
subject excited|registry_id,subject excited,registry_id,tricky,test-0,subject excited|registry_id,True,0.9462074637413025,subject excited|registry_id,True,1,0.9448201656341553,0.5881137251853943,0.356706440448761,Q3,test
subject excited|registry_id,subject excited,registry_id,tricky,test-1,subject excited|access_code,False,0.8611907362937927,subject excited|access_code,False,2,0.7883064150810242,0.8489866852760315,-0.060680270195007324,Q3,test
subject excited|registry_id,subject excited,registry_id,tricky,test-2,subject excited|registry_id,True,0.9157845377922058,subject excited|registry_id,True,1,0.908116340637207,0.639079749584198,0.26903659105300903,Q3,test
subject excited|registry_id,subject excited,registry_id,tricky,test-3,subject excited|registry_id,True,0.9458821415901184,subject excited|registry_id,True,1,0.9416358470916748,0.6055102944374084,0.33612555265426636,Q3,test
subject excited|city_code,subject excited,city_code,conqu,test-0,subject excited|access_code,False,0.842028021812439,subject excited|access_code,False,2,0.758547306060791,0.809651255607605,-0.051103949546813965,Q3,test
subject excited|city_code,subject excited,city_code,conqu,test-1,subject excited|access_code,False,0.9503608345985413,subject excited|access_code,False,3,0.519799530506134,0.9404458999633789,-0.4206463694572449,Q3,test
subject excited|city_code,subject excited,city_code,conqu,test-2,subject excited|access_code,False,0.8195565342903137,subject excited|access_code,False,2,0.7860398888587952,0.7975616455078125,-0.011521756649017334,Q3,test
subject excited|city_code,subject excited,city_code,conqu,test-3,subject excited|city_code,True,0.855822741985321,subject excited|city_code,True,1,0.8139755725860596,0.7207395434379578,0.0932360291481018,Q3,test
subject excited|access_code,subject excited,access_code,imag,test-0,subject excited|city_code,False,0.7898399829864502,subject excited|city_code,False,2,0.6717067360877991,0.7584540843963623,-0.08674734830856323,Q3,test
subject excited|access_code,subject excited,access_code,imag,test-1,subject excited|access_code,True,0.951872706413269,subject excited|access_code,True,1,0.9503552317619324,0.6230963468551636,0.3272588849067688,Q3,test
subject excited|access_code,subject excited,access_code,imag,test-2,subject excited|access_code,True,0.9601874351501465,subject excited|access_code,True,1,0.9543861746788025,0.6688311100006104,0.28555506467819214,Q3,test
subject excited|access_code,subject excited,access_code,imag,test-3,subject excited|access_code,True,0.9271504282951355,subject excited|access_code,True,1,0.9042293429374695,0.585854172706604,0.3183751702308655,Q3,test
subject encour|registry_id,subject encour,registry_id,safely,test-0,subject encour|registry_id,True,0.8888744115829468,subject encour|registry_id,True,1,0.8614032864570618,0.6248432993888855,0.23655998706817627,Q3,test
subject encour|registry_id,subject encour,registry_id,safely,test-1,subject excited|access_code,False,0.656225323677063,subject excited|access_code,False,12,0.33082640171051025,0.6413525938987732,-0.31052619218826294,Q3,test
subject encour|registry_id,subject encour,registry_id,safely,test-2,subject encour|registry_id,True,0.7876974940299988,subject encour|registry_id,True,1,0.7473400831222534,0.648314893245697,0.0990251898765564,Q3,test
subject encour|registry_id,subject encour,registry_id,safely,test-3,subject encour|registry_id,True,0.8849940896034241,subject encour|registry_id,True,1,0.8554307818412781,0.6999059915542603,0.15552479028701782,Q3,test
subject encour|city_code,subject encour,city_code,snowf,test-0,subject swim|city_code,False,0.6397872567176819,subject swim|city_code,False,18,0.07004129886627197,0.6147400736808777,-0.5446987748146057,Q3,test
subject encour|city_code,subject encour,city_code,snowf,test-1,subject excited|access_code,False,0.7817347645759583,subject excited|access_code,False,31,-0.14116409420967102,0.77424156665802,-0.915405660867691,Q3,test
subject encour|city_code,subject encour,city_code,snowf,test-2,subject swim|access_code,False,0.7136247158050537,subject swim|access_code,False,11,0.29652121663093567,0.6954086422920227,-0.39888742566108704,Q3,test
subject encour|city_code,subject encour,city_code,snowf,test-3,subject encour|city_code,True,0.6139280200004578,subject encour|city_code,True,1,0.605866014957428,0.533149003982544,0.07271701097488403,Q3,test
subject encour|access_code,subject encour,access_code,uncover,test-0,subject swim|city_code,False,0.5308681726455688,subject swim|city_code,False,23,0.06711819767951965,0.5179312825202942,-0.45081308484077454,Q3,test
subject encour|access_code,subject encour,access_code,uncover,test-1,subject encour|access_code,True,0.8170011043548584,subject encour|access_code,True,1,0.7735008597373962,0.7733030319213867,0.00019782781600952148,Q3,test
subject encour|access_code,subject encour,access_code,uncover,test-2,subject encour|access_code,True,0.8762381672859192,subject encour|access_code,True,1,0.8417139053344727,0.7172433137893677,0.12447059154510498,Q3,test
subject encour|access_code,subject encour,access_code,uncover,test-3,subject swim|access_code,False,0.7385761737823486,subject swim|access_code,False,3,0.6774204969406128,0.7249042391777039,-0.047483742237091064,Q3,test
subject finds|registry_id,subject finds,registry_id,transform,test-0,subject finds|registry_id,True,0.927356481552124,subject finds|registry_id,True,1,0.9167276620864868,0.6069869995117188,0.30974066257476807,Q3,test
subject finds|registry_id,subject finds,registry_id,transform,test-1,subject finds|access_code,False,0.8061274290084839,subject finds|access_code,False,2,0.6589046716690063,0.7801833748817444,-0.12127870321273804,Q3,test
subject finds|registry_id,subject finds,registry_id,transform,test-2,subject finds|registry_id,True,0.9212486147880554,subject finds|registry_id,True,1,0.9125609397888184,0.6911342144012451,0.22142672538757324,Q3,test
subject finds|registry_id,subject finds,registry_id,transform,test-3,subject finds|registry_id,True,0.8931912183761597,subject finds|registry_id,True,1,0.8862687349319458,0.6832568645477295,0.2030118703842163,Q3,test
subject finds|city_code,subject finds,city_code,spirit,test-0,subject finds|access_code,False,0.866588830947876,subject finds|access_code,False,2,0.7578456997871399,0.8502689599990845,-0.09242326021194458,Q3,test
subject finds|city_code,subject finds,city_code,spirit,test-1,subject finds|access_code,False,0.9054524302482605,subject finds|access_code,False,5,0.46900060772895813,0.892180323600769,-0.4231797158718109,Q3,test
subject finds|city_code,subject finds,city_code,spirit,test-2,subject finds|access_code,False,0.8980937004089355,subject finds|access_code,False,2,0.7612629532814026,0.8942519426345825,-0.13298898935317993,Q3,test
subject finds|city_code,subject finds,city_code,spirit,test-3,subject finds|city_code,True,0.862245500087738,subject finds|city_code,True,1,0.8415287137031555,0.7327422499656677,0.10878646373748779,Q3,test
subject finds|access_code,subject finds,access_code,door,test-0,subject finds|city_code,False,0.7980484962463379,subject finds|city_code,False,2,0.7536076307296753,0.7645508646965027,-0.010943233966827393,Q3,test
subject finds|access_code,subject finds,access_code,door,test-1,subject solved|access_code,False,0.8335645794868469,subject solved|access_code,False,4,0.6618329882621765,0.8094074726104736,-0.14757448434829712,Q3,test
subject finds|access_code,subject finds,access_code,door,test-2,subject finds|access_code,True,0.982509434223175,subject finds|access_code,True,1,0.9807050228118896,0.6133701205253601,0.36733490228652954,Q3,test
subject finds|access_code,subject finds,access_code,door,test-3,subject finds|access_code,True,0.9337990880012512,subject finds|access_code,True,1,0.928308367729187,0.5597935318946838,0.3685148358345032,Q3,test
subject skills|registry_id,subject skills,registry_id,seek,test-0,subject skills|registry_id,True,0.9565526843070984,subject skills|registry_id,True,1,0.954774796962738,0.5847117304801941,0.37006306648254395,Q3,test
subject skills|registry_id,subject skills,registry_id,seek,test-1,subject skills|access_code,False,0.7919860482215881,subject skills|access_code,False,2,0.6996839642524719,0.772228479385376,-0.07254451513290405,Q3,test
subject skills|registry_id,subject skills,registry_id,seek,test-2,subject skills|registry_id,True,0.9232295751571655,subject skills|registry_id,True,1,0.9046128988265991,0.6132522225379944,0.29136067628860474,Q3,test
subject skills|registry_id,subject skills,registry_id,seek,test-3,subject skills|registry_id,True,0.9687129855155945,subject skills|registry_id,True,1,0.9641839861869812,0.586736798286438,0.3774471879005432,Q3,test
subject skills|city_code,subject skills,city_code,sank,test-0,subject skills|access_code,False,0.8127769827842712,subject skills|city_code,True,1,0.7985125780105591,0.7865648865699768,0.011947691440582275,Q3,test
subject skills|city_code,subject skills,city_code,sank,test-1,subject skills|access_code,False,0.9151265025138855,subject skills|access_code,False,6,0.4207257628440857,0.9051670432090759,-0.48444128036499023,Q3,test
subject skills|city_code,subject skills,city_code,sank,test-2,subject skills|access_code,False,0.8600937128067017,subject skills|access_code,False,2,0.701910674571991,0.8552128672599792,-0.15330219268798828,Q3,test
subject skills|city_code,subject skills,city_code,sank,test-3,subject skills|city_code,True,0.8719231486320496,subject skills|city_code,True,1,0.8616151213645935,0.7449663877487183,0.11664873361587524,Q3,test
subject skills|access_code,subject skills,access_code,whale,test-0,subject skills|city_code,False,0.8100674748420715,subject skills|city_code,False,3,0.7011620998382568,0.7906490564346313,-0.08948695659637451,Q3,test
subject skills|access_code,subject skills,access_code,whale,test-1,subject skills|access_code,True,0.8556565046310425,subject skills|access_code,True,1,0.8360956311225891,0.6786089539527893,0.1574866771697998,Q3,test
subject skills|access_code,subject skills,access_code,whale,test-2,subject skills|access_code,True,0.9412829279899597,subject skills|access_code,True,1,0.9255627989768982,0.7141120433807373,0.2114507555961609,Q3,test
subject skills|access_code,subject skills,access_code,whale,test-3,subject skills|access_code,True,0.9379199147224426,subject skills|access_code,True,1,0.9326584935188293,0.5912429690361023,0.34141552448272705,Q3,test
subject dawn|registry_id,subject dawn,registry_id,sneak,test-0,subject dawn|registry_id,True,0.9358553886413574,subject dawn|registry_id,True,1,0.9290733933448792,0.6720924377441406,0.2569809556007385,Q3,test
subject dawn|registry_id,subject dawn,registry_id,sneak,test-1,subject dawn|access_code,False,0.7910789251327515,subject dawn|access_code,False,2,0.7549310326576233,0.7732095718383789,-0.018278539180755615,Q3,test
subject dawn|registry_id,subject dawn,registry_id,sneak,test-2,subject dawn|registry_id,True,0.8676073551177979,subject dawn|registry_id,True,1,0.8466402292251587,0.7055293321609497,0.14111089706420898,Q3,test
subject dawn|registry_id,subject dawn,registry_id,sneak,test-3,subject dawn|registry_id,True,0.9612324833869934,subject dawn|registry_id,True,1,0.9540665745735168,0.6108232736587524,0.3432433009147644,Q3,test
subject dawn|city_code,subject dawn,city_code,shiny,test-0,subject dawn|access_code,False,0.7459954619407654,subject dawn|city_code,True,1,0.7181900143623352,0.7158225178718567,0.0023674964904785156,Q3,test
subject dawn|city_code,subject dawn,city_code,shiny,test-1,subject dawn|access_code,False,0.8973859548568726,subject dawn|access_code,False,6,0.4106917381286621,0.8807933330535889,-0.47010159492492676,Q3,test
subject dawn|city_code,subject dawn,city_code,shiny,test-2,subject dawn|access_code,False,0.8218860626220703,subject dawn|access_code,False,3,0.6343562602996826,0.7951470613479614,-0.1607908010482788,Q3,test
subject dawn|city_code,subject dawn,city_code,shiny,test-3,subject dawn|city_code,True,0.7938657999038696,subject dawn|city_code,True,1,0.7706230878829956,0.6962695121765137,0.07435357570648193,Q3,test
subject dawn|access_code,subject dawn,access_code,pretending,test-0,subject dawn|city_code,False,0.7131680846214294,subject dawn|city_code,False,2,0.616126298904419,0.6809049248695374,-0.06477862596511841,Q3,test
subject dawn|access_code,subject dawn,access_code,pretending,test-1,subject dawn|access_code,True,0.8804200887680054,subject dawn|access_code,True,1,0.8683764934539795,0.7453132271766663,0.12306326627731323,Q3,test
subject dawn|access_code,subject dawn,access_code,pretending,test-2,subject dawn|access_code,True,0.8847329020500183,subject dawn|access_code,True,1,0.8741174936294556,0.7658709287643433,0.1082465648651123,Q3,test
subject dawn|access_code,subject dawn,access_code,pretending,test-3,subject dawn|access_code,True,0.8851569294929504,subject dawn|access_code,True,1,0.8655486106872559,0.6116716265678406,0.2538769841194153,Q3,test
subject swung|registry_id,subject swung,registry_id,outs,test-0,subject swung|registry_id,True,0.9449358582496643,subject swung|registry_id,True,1,0.9315195083618164,0.5361408591270447,0.39537864923477173,Q3,test
subject swung|registry_id,subject swung,registry_id,outs,test-1,subject swung|access_code,False,0.8054515719413757,subject swung|access_code,False,2,0.6544640064239502,0.7970247864723206,-0.14256078004837036,Q3,test
subject swung|registry_id,subject swung,registry_id,outs,test-2,subject swung|registry_id,True,0.8777322173118591,subject swung|registry_id,True,1,0.8626358509063721,0.5917375087738037,0.27089834213256836,Q3,test
subject swung|registry_id,subject swung,registry_id,outs,test-3,subject swung|registry_id,True,0.9504782557487488,subject swung|registry_id,True,1,0.9506272077560425,0.6022592782974243,0.34836792945861816,Q3,test
subject swung|city_code,subject swung,city_code,loomed,test-0,subject swung|city_code,True,0.7471897006034851,subject swung|city_code,True,1,0.7310665845870972,0.7242979407310486,0.006768643856048584,Q3,test
subject swung|city_code,subject swung,city_code,loomed,test-1,subject swung|access_code,False,0.9508315920829773,subject swung|access_code,False,10,0.3909263610839844,0.948224663734436,-0.5572983026504517,Q3,test
subject swung|city_code,subject swung,city_code,loomed,test-2,subject swung|access_code,False,0.8650073409080505,subject swung|access_code,False,2,0.6483436822891235,0.8449472784996033,-0.19660359621047974,Q3,test
subject swung|city_code,subject swung,city_code,loomed,test-3,subject swung|city_code,True,0.788669764995575,subject swung|city_code,True,1,0.781091034412384,0.6579442024230957,0.12314683198928833,Q3,test
subject swung|access_code,subject swung,access_code,heavy,test-0,subject swung|city_code,False,0.7475465536117554,subject swung|city_code,False,2,0.6539028882980347,0.7345396280288696,-0.08063673973083496,Q3,test
subject swung|access_code,subject swung,access_code,heavy,test-1,subject swung|access_code,True,0.8883439302444458,subject swung|access_code,True,1,0.8696351051330566,0.6578177809715271,0.21181732416152954,Q3,test
subject swung|access_code,subject swung,access_code,heavy,test-2,subject swung|access_code,True,0.9261289834976196,subject swung|access_code,True,1,0.9115803837776184,0.6240357756614685,0.2875446081161499,Q3,test
subject swung|access_code,subject swung,access_code,heavy,test-3,subject swung|access_code,True,0.8815698623657227,subject swung|access_code,True,1,0.8745744824409485,0.7285596132278442,0.14601486921310425,Q3,test
subject lovely|registry_id,subject lovely,registry_id,swayed,test-0,subject lovely|registry_id,True,0.9408887624740601,subject lovely|registry_id,True,1,0.9332969188690186,0.5474357604980469,0.3858611583709717,Q3,test
subject lovely|registry_id,subject lovely,registry_id,swayed,test-1,subject lovely|access_code,False,0.8189022541046143,subject lovely|access_code,False,2,0.7295865416526794,0.8051613569259644,-0.07557481527328491,Q3,test
subject lovely|registry_id,subject lovely,registry_id,swayed,test-2,subject lovely|registry_id,True,0.8676149845123291,subject lovely|registry_id,True,1,0.8404665589332581,0.6024081110954285,0.2380584478378296,Q3,test
subject lovely|registry_id,subject lovely,registry_id,swayed,test-3,subject lovely|registry_id,True,0.9539283514022827,subject lovely|registry_id,True,1,0.9475229382514954,0.5046806335449219,0.4428423047065735,Q3,test
subject lovely|city_code,subject lovely,city_code,favorite,test-0,subject lovely|city_code,True,0.8126347064971924,subject lovely|access_code,False,2,0.7663159966468811,0.7787837386131287,-0.012467741966247559,Q3,test
subject lovely|city_code,subject lovely,city_code,favorite,test-1,subject lovely|access_code,False,0.9189132452011108,subject lovely|access_code,False,5,0.5128998756408691,0.9098445773124695,-0.39694470167160034,Q3,test
subject lovely|city_code,subject lovely,city_code,favorite,test-2,subject lovely|city_code,True,0.8236657977104187,subject lovely|city_code,True,1,0.7903615236282349,0.7136673331260681,0.07669419050216675,Q3,test
subject lovely|city_code,subject lovely,city_code,favorite,test-3,subject lovely|city_code,True,0.8345106244087219,subject lovely|city_code,True,1,0.8159551620483398,0.6464014649391174,0.1695536971092224,Q3,test
subject lovely|access_code,subject lovely,access_code,higher,test-0,subject lovely|city_code,False,0.7823799848556519,subject lovely|city_code,False,2,0.6410853266716003,0.7482571005821228,-0.10717177391052246,Q3,test
subject lovely|access_code,subject lovely,access_code,higher,test-1,subject lovely|access_code,True,0.914804220199585,subject lovely|access_code,True,1,0.9091728329658508,0.7337833046913147,0.17538952827453613,Q3,test
subject lovely|access_code,subject lovely,access_code,higher,test-2,subject lovely|access_code,True,0.9219733476638794,subject lovely|access_code,True,1,0.9113994240760803,0.7551055550575256,0.1562938690185547,Q3,test
subject lovely|access_code,subject lovely,access_code,higher,test-3,subject lovely|access_code,True,0.8977179527282715,subject lovely|access_code,True,1,0.8874119520187378,0.5955215692520142,0.29189038276672363,Q3,test
subject joked|registry_id,subject joked,registry_id,carved,validation-0,subject joked|registry_id,True,0.981055498123169,subject joked|registry_id,True,1,0.9783804416656494,0.8956118226051331,0.08276861906051636,Q4,validation
subject joked|registry_id,subject joked,registry_id,carved,validation-1,subject joked|registry_id,True,0.9859880805015564,subject joked|registry_id,True,1,0.9853638410568237,0.9329791069030762,0.05238473415374756,Q4,validation
subject joked|city_code,subject joked,city_code,prize,validation-0,subject joked|city_code,True,0.9695420265197754,subject joked|city_code,True,1,0.9531271457672119,0.9355539083480835,0.017573237419128418,Q4,validation
subject joked|city_code,subject joked,city_code,prize,validation-1,subject joked|city_code,True,0.985935389995575,subject joked|city_code,True,1,0.9797924757003784,0.9105273485183716,0.06926512718200684,Q4,validation
subject joked|access_code,subject joked,access_code,train,validation-0,subject joked|access_code,True,0.9726963639259338,subject joked|access_code,True,1,0.9642660617828369,0.9226590991020203,0.04160696268081665,Q4,validation
subject joked|access_code,subject joked,access_code,train,validation-1,subject joked|access_code,True,0.9783740639686584,subject joked|access_code,True,1,0.9775925278663635,0.9405523538589478,0.03704017400741577,Q4,validation
subject clut|registry_id,subject clut,registry_id,guide,validation-0,subject clut|registry_id,True,0.97609943151474,subject clut|registry_id,True,1,0.974679708480835,0.7974373698234558,0.17724233865737915,Q4,validation
subject clut|registry_id,subject clut,registry_id,guide,validation-1,subject clut|registry_id,True,0.9823946356773376,subject clut|registry_id,True,1,0.9838844537734985,0.8379199504852295,0.14596450328826904,Q4,validation
subject clut|city_code,subject clut,city_code,connecting,validation-0,subject clut|city_code,True,0.9586331844329834,subject clut|city_code,True,1,0.951757550239563,0.9385708570480347,0.01318669319152832,Q4,validation
subject clut|city_code,subject clut,city_code,connecting,validation-1,subject clut|city_code,True,0.9770599603652954,subject clut|city_code,True,1,0.9788496494293213,0.892824113368988,0.08602553606033325,Q4,validation
subject clut|access_code,subject clut,access_code,calm,validation-0,subject clut|access_code,True,0.9631165862083435,subject clut|access_code,True,1,0.9628364443778992,0.9103195667266846,0.0525168776512146,Q4,validation
subject clut|access_code,subject clut,access_code,calm,validation-1,subject clut|access_code,True,0.9789424538612366,subject clut|access_code,True,1,0.9809752702713013,0.9562450647354126,0.024730205535888672,Q4,validation
subject louder|registry_id,subject louder,registry_id,worries,validation-0,subject louder|registry_id,True,0.9612351059913635,subject louder|registry_id,True,1,0.9453011751174927,0.878296971321106,0.06700420379638672,Q4,validation
subject louder|registry_id,subject louder,registry_id,worries,validation-1,subject louder|registry_id,True,0.9579085111618042,subject louder|registry_id,True,1,0.9576632380485535,0.8518717288970947,0.10579150915145874,Q4,validation
subject louder|city_code,subject louder,city_code,glow,validation-0,subject louder|access_code,False,0.8852958679199219,subject louder|city_code,True,1,0.8488779067993164,0.8344168663024902,0.014461040496826172,Q4,validation
subject louder|city_code,subject louder,city_code,glow,validation-1,subject louder|city_code,True,0.9330201148986816,subject louder|city_code,True,1,0.9125651121139526,0.813892662525177,0.09867244958877563,Q4,validation
subject louder|access_code,subject louder,access_code,glanc,validation-0,subject louder|access_code,True,0.8878816366195679,subject louder|access_code,True,1,0.8897426128387451,0.7624516487121582,0.12729096412658691,Q4,validation
subject louder|access_code,subject louder,access_code,glanc,validation-1,subject louder|access_code,True,0.9267551898956299,subject louder|access_code,True,1,0.9304496645927429,0.8765497207641602,0.053899943828582764,Q4,validation
subject deer|registry_id,subject deer,registry_id,beep,validation-0,subject deer|registry_id,True,0.9644156694412231,subject deer|registry_id,True,1,0.9693957567214966,0.9160919189453125,0.05330383777618408,Q4,validation
subject deer|registry_id,subject deer,registry_id,beep,validation-1,subject deer|registry_id,True,0.9201305508613586,subject deer|registry_id,True,1,0.900591254234314,0.86994469165802,0.030646562576293945,Q4,validation
subject deer|city_code,subject deer,city_code,students,validation-0,subject deer|city_code,True,0.9561694860458374,subject deer|city_code,True,1,0.9233731031417847,0.900955319404602,0.022417783737182617,Q4,validation
subject deer|city_code,subject deer,city_code,students,validation-1,subject skills|city_code,False,0.8545901775360107,subject clut|city_code,False,2,0.7961397171020508,0.8143969178199768,-0.018257200717926025,Q4,validation
subject deer|access_code,subject deer,access_code,bond,validation-0,subject deer|access_code,True,0.9671629071235657,subject deer|access_code,True,1,0.9368961453437805,0.886133074760437,0.050763070583343506,Q4,validation
subject deer|access_code,subject deer,access_code,bond,validation-1,subject clut|access_code,False,0.8826639652252197,subject clut|access_code,False,3,0.81911700963974,0.8762920498847961,-0.05717504024505615,Q4,validation
subject sent|registry_id,subject sent,registry_id,butterf,validation-0,subject sent|registry_id,True,0.9821569919586182,subject sent|registry_id,True,1,0.9760991334915161,0.8973617553710938,0.07873737812042236,Q4,validation
subject sent|registry_id,subject sent,registry_id,butterf,validation-1,subject sent|registry_id,True,0.9789255261421204,subject sent|registry_id,True,1,0.9824861884117126,0.9455783367156982,0.036907851696014404,Q4,validation
subject sent|city_code,subject sent,city_code,clapped,validation-0,subject sent|city_code,True,0.9685451984405518,subject sent|city_code,True,1,0.9549891948699951,0.9316398501396179,0.023349344730377197,Q4,validation
subject sent|city_code,subject sent,city_code,clapped,validation-1,subject sent|city_code,True,0.9815229773521423,subject sent|city_code,True,1,0.9730473756790161,0.9033920764923096,0.06965529918670654,Q4,validation
subject sent|access_code,subject sent,access_code,breathe,validation-0,subject sent|access_code,True,0.9787457585334778,subject sent|access_code,True,1,0.9621190428733826,0.9313886761665344,0.030730366706848145,Q4,validation
subject sent|access_code,subject sent,access_code,breathe,validation-1,subject sent|access_code,True,0.9833914637565613,subject sent|access_code,True,1,0.9766322374343872,0.9323405027389526,0.04429173469543457,Q4,validation
subject shimmered|registry_id,subject shimmered,registry_id,shining,validation-0,subject shimmered|registry_id,True,0.9638384580612183,subject shimmered|registry_id,True,1,0.9708214402198792,0.9230487942695618,0.04777264595031738,Q4,validation
subject shimmered|registry_id,subject shimmered,registry_id,shining,validation-1,subject shimmered|registry_id,True,0.9716513752937317,subject shimmered|registry_id,True,1,0.966999888420105,0.9147165417671204,0.05228334665298462,Q4,validation
subject shimmered|city_code,subject shimmered,city_code,house,validation-0,subject shimmered|access_code,False,0.9515426754951477,subject shimmered|city_code,True,1,0.9429114460945129,0.9238020777702332,0.019109368324279785,Q4,validation
subject shimmered|city_code,subject shimmered,city_code,house,validation-1,subject shimmered|city_code,True,0.9681386351585388,subject shimmered|city_code,True,1,0.9616740942001343,0.8893454074859619,0.07232868671417236,Q4,validation
subject shimmered|access_code,subject shimmered,access_code,inno,validation-0,subject shimmered|access_code,True,0.9580346345901489,subject shimmered|access_code,True,1,0.9595164656639099,0.9023279547691345,0.05718851089477539,Q4,validation
subject shimmered|access_code,subject shimmered,access_code,inno,validation-1,subject shimmered|access_code,True,0.9580718278884888,subject shimmered|access_code,True,1,0.961969792842865,0.9486317038536072,0.013338088989257812,Q4,validation
subject solved|registry_id,subject solved,registry_id,bottle,validation-0,subject solved|registry_id,True,0.9698811769485474,subject solved|registry_id,True,1,0.9771190881729126,0.9178629517555237,0.059256136417388916,Q4,validation
subject solved|registry_id,subject solved,registry_id,bottle,validation-1,subject solved|registry_id,True,0.9812292456626892,subject solved|registry_id,True,1,0.9802119731903076,0.9057652354240417,0.07444673776626587,Q4,validation
subject solved|city_code,subject solved,city_code,gloom,validation-0,subject solved|city_code,True,0.9596025347709656,subject solved|city_code,True,1,0.9458598494529724,0.9301232099533081,0.015736639499664307,Q4,validation
subject solved|city_code,subject solved,city_code,gloom,validation-1,subject solved|city_code,True,0.9797558188438416,subject solved|city_code,True,1,0.9640031456947327,0.8776622414588928,0.08634090423583984,Q4,validation
subject solved|access_code,subject solved,access_code,huge,validation-0,subject solved|access_code,True,0.9697586297988892,subject solved|access_code,True,1,0.9545883536338806,0.9132901430130005,0.04129821062088013,Q4,validation
subject solved|access_code,subject solved,access_code,huge,validation-1,subject solved|access_code,True,0.9678702354431152,subject solved|access_code,True,1,0.9539458751678467,0.9121700525283813,0.04177582263946533,Q4,validation
subject swim|registry_id,subject swim,registry_id,whatever,validation-0,subject swim|registry_id,True,0.9627703428268433,subject swim|registry_id,True,1,0.9389593005180359,0.830394446849823,0.10856485366821289,Q4,validation
subject swim|registry_id,subject swim,registry_id,whatever,validation-1,subject swim|registry_id,True,0.9623806476593018,subject swim|registry_id,True,1,0.9466272592544556,0.8387019634246826,0.10792529582977295,Q4,validation
subject swim|city_code,subject swim,city_code,arms,validation-0,subject swim|city_code,True,0.9195905923843384,subject swim|city_code,True,1,0.8698101043701172,0.8436387777328491,0.026171326637268066,Q4,validation
subject swim|city_code,subject swim,city_code,arms,validation-1,subject swim|city_code,True,0.9435006976127625,subject swim|city_code,True,1,0.952569305896759,0.8206378221511841,0.13193148374557495,Q4,validation
subject swim|access_code,subject swim,access_code,gems,validation-0,subject swim|access_code,True,0.9323240518569946,subject swim|access_code,True,1,0.8912708759307861,0.810631275177002,0.08063960075378418,Q4,validation
subject swim|access_code,subject swim,access_code,gems,validation-1,subject swim|access_code,True,0.9689357280731201,subject swim|access_code,True,1,0.9664635062217712,0.8972123265266418,0.0692511796951294,Q4,validation
subject deter|registry_id,subject deter,registry_id,jumped,validation-0,subject deter|registry_id,True,0.9483658075332642,subject deter|registry_id,True,1,0.961952269077301,0.8867679834365845,0.07518428564071655,Q4,validation
subject deter|registry_id,subject deter,registry_id,jumped,validation-1,subject deter|registry_id,True,0.960629403591156,subject deter|registry_id,True,1,0.9610713720321655,0.9249552488327026,0.03611612319946289,Q4,validation
subject deter|city_code,subject deter,city_code,snowman,validation-0,subject deter|access_code,False,0.9347043037414551,subject deter|city_code,True,1,0.9134960770606995,0.8952232599258423,0.018272817134857178,Q4,validation
subject deter|city_code,subject deter,city_code,snowman,validation-1,subject deter|city_code,True,0.9332451224327087,subject deter|city_code,True,1,0.9315590262413025,0.8875969648361206,0.043962061405181885,Q4,validation
subject deter|access_code,subject deter,access_code,after,validation-0,subject deter|access_code,True,0.9596713781356812,subject deter|access_code,True,1,0.947679340839386,0.8652992248535156,0.08238011598587036,Q4,validation
subject deter|access_code,subject deter,access_code,after,validation-1,subject deter|access_code,True,0.9347896575927734,subject deter|access_code,True,1,0.9367510676383972,0.9349972009658813,0.0017538666725158691,Q4,validation
subject excited|registry_id,subject excited,registry_id,tricky,validation-0,subject excited|registry_id,True,0.9618316888809204,subject excited|registry_id,True,1,0.9658135771751404,0.9430826306343079,0.02273094654083252,Q4,validation
subject excited|registry_id,subject excited,registry_id,tricky,validation-1,subject shimmered|registry_id,False,0.9575328826904297,subject shimmered|registry_id,False,2,0.9442430138587952,0.9524424076080322,-0.00819939374923706,Q4,validation
subject excited|city_code,subject excited,city_code,conqu,validation-0,subject excited|access_code,False,0.9231109023094177,subject excited|city_code,True,1,0.9063148498535156,0.8842021226882935,0.022112727165222168,Q4,validation
subject excited|city_code,subject excited,city_code,conqu,validation-1,subject excited|city_code,True,0.9308107495307922,subject excited|city_code,True,1,0.9362804889678955,0.9093927145004272,0.02688777446746826,Q4,validation
subject excited|access_code,subject excited,access_code,imag,validation-0,subject excited|access_code,True,0.9371615648269653,subject excited|access_code,True,1,0.9395222067832947,0.8786730170249939,0.06084918975830078,Q4,validation
subject excited|access_code,subject excited,access_code,imag,validation-1,subject shimmered|access_code,False,0.9425796270370483,subject shimmered|access_code,False,3,0.9248228073120117,0.9420921802520752,-0.017269372940063477,Q4,validation
subject encour|registry_id,subject encour,registry_id,safely,validation-0,subject encour|registry_id,True,0.9390304684638977,subject encour|registry_id,True,1,0.9457913041114807,0.9048256278038025,0.04096567630767822,Q4,validation
subject encour|registry_id,subject encour,registry_id,safely,validation-1,subject skills|registry_id,False,0.9269322156906128,subject skills|registry_id,False,3,0.8140259981155396,0.9247283935546875,-0.11070239543914795,Q4,validation
subject encour|city_code,subject encour,city_code,snowf,validation-0,subject finds|access_code,False,0.771533727645874,subject swung|access_code,False,9,0.5828211903572083,0.7207633852958679,-0.13794219493865967,Q4,validation
subject encour|city_code,subject encour,city_code,snowf,validation-1,subject clut|city_code,False,0.8556421995162964,subject clut|city_code,False,3,0.7577196359634399,0.8282002210617065,-0.0704805850982666,Q4,validation
subject encour|access_code,subject encour,access_code,uncover,validation-0,subject finds|access_code,False,0.8121000528335571,subject swung|access_code,False,5,0.6448824405670166,0.7673532962799072,-0.12247085571289062,Q4,validation
subject encour|access_code,subject encour,access_code,uncover,validation-1,subject clut|access_code,False,0.8641616702079773,subject clut|access_code,False,5,0.6545950770378113,0.8500820994377136,-0.19548702239990234,Q4,validation
subject finds|registry_id,subject finds,registry_id,transform,validation-0,subject finds|registry_id,True,0.9538554549217224,subject finds|registry_id,True,1,0.9184041619300842,0.8915162086486816,0.026887953281402588,Q4,validation
subject finds|registry_id,subject finds,registry_id,transform,validation-1,subject finds|registry_id,True,0.9623534083366394,subject joked|registry_id,False,2,0.9180601239204407,0.9207862019538879,-0.0027260780334472656,Q4,validation
subject finds|city_code,subject finds,city_code,spirit,validation-0,subject finds|city_code,True,0.9011482000350952,subject finds|city_code,True,1,0.8674813508987427,0.8411685824394226,0.02631276845932007,Q4,validation
subject finds|city_code,subject finds,city_code,spirit,validation-1,subject finds|city_code,True,0.9487200379371643,subject finds|city_code,True,1,0.9463303685188293,0.8894654512405396,0.056864917278289795,Q4,validation
subject finds|access_code,subject finds,access_code,door,validation-0,subject finds|access_code,True,0.9323671460151672,subject finds|access_code,True,1,0.8881292343139648,0.874091625213623,0.014037609100341797,Q4,validation
subject finds|access_code,subject finds,access_code,door,validation-1,subject finds|access_code,True,0.9562250375747681,subject finds|access_code,True,1,0.9409645199775696,0.9074293375015259,0.0335351824760437,Q4,validation
subject skills|registry_id,subject skills,registry_id,seek,validation-0,subject skills|registry_id,True,0.9380531907081604,subject skills|registry_id,True,1,0.9155043363571167,0.8225272297859192,0.09297710657119751,Q4,validation
subject skills|registry_id,subject skills,registry_id,seek,validation-1,subject skills|registry_id,True,0.951344907283783,subject skills|registry_id,True,1,0.9384379982948303,0.8373909592628479,0.10104703903198242,Q4,validation
subject skills|city_code,subject skills,city_code,sank,validation-0,subject skills|city_code,True,0.8919489979743958,subject solved|city_code,False,4,0.8087739944458008,0.8584622144699097,-0.04968822002410889,Q4,validation
subject skills|city_code,subject skills,city_code,sank,validation-1,subject skills|city_code,True,0.9384915828704834,subject skills|city_code,True,1,0.9297665357589722,0.7078848481178284,0.2218816876411438,Q4,validation
subject skills|access_code,subject skills,access_code,whale,validation-0,subject skills|access_code,True,0.9294857382774353,subject skills|access_code,True,1,0.8676180839538574,0.8461883068084717,0.021429777145385742,Q4,validation
subject skills|access_code,subject skills,access_code,whale,validation-1,subject skills|access_code,True,0.9237684011459351,subject skills|access_code,True,1,0.9237421154975891,0.8370164036750793,0.08672571182250977,Q4,validation
subject dawn|registry_id,subject dawn,registry_id,sneak,validation-0,subject dawn|registry_id,True,0.9793869256973267,subject dawn|registry_id,True,1,0.9785718321800232,0.892677903175354,0.08589392900466919,Q4,validation
subject dawn|registry_id,subject dawn,registry_id,sneak,validation-1,subject dawn|registry_id,True,0.9791281819343567,subject dawn|registry_id,True,1,0.9704626202583313,0.8961304426193237,0.07433217763900757,Q4,validation
subject dawn|city_code,subject dawn,city_code,shiny,validation-0,subject dawn|access_code,False,0.9608102440834045,subject dawn|city_code,True,1,0.9555080533027649,0.9478102922439575,0.007697761058807373,Q4,validation
subject dawn|city_code,subject dawn,city_code,shiny,validation-1,subject dawn|city_code,True,0.9761901497840881,subject dawn|city_code,True,1,0.9739278554916382,0.8930745720863342,0.08085328340530396,Q4,validation
subject dawn|access_code,subject dawn,access_code,pretending,validation-0,subject dawn|access_code,True,0.9703844785690308,subject dawn|access_code,True,1,0.971092939376831,0.9165062308311462,0.054586708545684814,Q4,validation
subject dawn|access_code,subject dawn,access_code,pretending,validation-1,subject dawn|access_code,True,0.9810647964477539,subject dawn|access_code,True,1,0.9774748682975769,0.9459663033485413,0.031508564949035645,Q4,validation
subject swung|registry_id,subject swung,registry_id,outs,validation-0,subject swung|registry_id,True,0.9516304135322571,subject swung|registry_id,True,1,0.9608080387115479,0.8259730339050293,0.13483500480651855,Q4,validation
subject swung|registry_id,subject swung,registry_id,outs,validation-1,subject swung|registry_id,True,0.9594090580940247,subject swung|registry_id,True,1,0.9447835683822632,0.8859651684761047,0.05881839990615845,Q4,validation
subject swung|city_code,subject swung,city_code,loomed,validation-0,subject swung|access_code,False,0.9011686444282532,subject swung|city_code,True,1,0.8695731163024902,0.8352857828140259,0.034287333488464355,Q4,validation
subject swung|city_code,subject swung,city_code,loomed,validation-1,subject swung|city_code,True,0.9228514432907104,subject swung|city_code,True,1,0.9174282550811768,0.7464910745620728,0.170937180519104,Q4,validation
subject swung|access_code,subject swung,access_code,heavy,validation-0,subject swung|access_code,True,0.9205487370491028,subject swung|access_code,True,1,0.9196503162384033,0.8359571695327759,0.08369314670562744,Q4,validation
subject swung|access_code,subject swung,access_code,heavy,validation-1,subject swung|access_code,True,0.9268009662628174,subject swung|access_code,True,1,0.9264667630195618,0.8622798323631287,0.0641869306564331,Q4,validation
subject lovely|registry_id,subject lovely,registry_id,swayed,validation-0,subject lovely|registry_id,True,0.9458581805229187,subject lovely|registry_id,True,1,0.954055905342102,0.8703540563583374,0.08370184898376465,Q4,validation
subject lovely|registry_id,subject lovely,registry_id,swayed,validation-1,subject lovely|registry_id,True,0.9674733281135559,subject lovely|registry_id,True,1,0.9519715309143066,0.9354918003082275,0.0164797306060791,Q4,validation
subject lovely|city_code,subject lovely,city_code,favorite,validation-0,subject lovely|city_code,True,0.907313346862793,subject lovely|city_code,True,1,0.8753266930580139,0.8400830626487732,0.03524363040924072,Q4,validation
subject lovely|city_code,subject lovely,city_code,favorite,validation-1,subject lovely|city_code,True,0.953586220741272,subject lovely|city_code,True,1,0.9402351975440979,0.8760542273521423,0.06418097019195557,Q4,validation
subject lovely|access_code,subject lovely,access_code,higher,validation-0,subject lovely|access_code,True,0.9145344495773315,subject lovely|access_code,True,1,0.9143218398094177,0.83274906873703,0.0815727710723877,Q4,validation
subject lovely|access_code,subject lovely,access_code,higher,validation-1,subject lovely|access_code,True,0.9575890302658081,subject lovely|access_code,True,1,0.943386971950531,0.9280605316162109,0.015326440334320068,Q4,validation
subject joked|registry_id,subject joked,registry_id,carved,test-0,subject joked|registry_id,True,0.9654698371887207,subject joked|registry_id,True,1,0.9597426056861877,0.8559314012527466,0.10381120443344116,Q4,test
subject joked|registry_id,subject joked,registry_id,carved,test-1,subject joked|registry_id,True,0.9194561839103699,subject joked|registry_id,True,1,0.8836462497711182,0.8457415103912354,0.03790473937988281,Q4,test
subject joked|registry_id,subject joked,registry_id,carved,test-2,subject joked|registry_id,True,0.9604580998420715,subject joked|registry_id,True,1,0.9574195742607117,0.8260756134986877,0.13134396076202393,Q4,test
subject joked|registry_id,subject joked,registry_id,carved,test-3,subject joked|registry_id,True,0.9634708762168884,subject joked|registry_id,True,1,0.9579853415489197,0.8771714568138123,0.08081388473510742,Q4,test
subject joked|city_code,subject joked,city_code,prize,test-0,subject joked|city_code,True,0.9619412422180176,subject joked|city_code,True,1,0.95717853307724,0.9433732032775879,0.0138053297996521,Q4,test
subject joked|city_code,subject joked,city_code,prize,test-1,subject joked|access_code,False,0.9752376675605774,subject joked|access_code,False,2,0.949562668800354,0.9674686789512634,-0.017906010150909424,Q4,test
subject joked|city_code,subject joked,city_code,prize,test-2,subject joked|access_code,False,0.9650601148605347,subject joked|access_code,False,2,0.9258009791374207,0.9621065855026245,-0.03630560636520386,Q4,test
subject joked|city_code,subject joked,city_code,prize,test-3,subject joked|city_code,True,0.9612739682197571,subject joked|city_code,True,1,0.9531006217002869,0.8802192211151123,0.07288140058517456,Q4,test
subject joked|access_code,subject joked,access_code,train,test-0,subject joked|city_code,False,0.9592583179473877,subject joked|city_code,False,2,0.9257003664970398,0.9495828747749329,-0.023882508277893066,Q4,test
subject joked|access_code,subject joked,access_code,train,test-1,subject joked|access_code,True,0.9697922468185425,subject joked|access_code,True,1,0.968044102191925,0.8900163173675537,0.07802778482437134,Q4,test
subject joked|access_code,subject joked,access_code,train,test-2,subject joked|access_code,True,0.9616164565086365,subject joked|access_code,True,1,0.9630264639854431,0.8943772912025452,0.06864917278289795,Q4,test
subject joked|access_code,subject joked,access_code,train,test-3,subject joked|access_code,True,0.9724431037902832,subject joked|access_code,True,1,0.9696398377418518,0.9287468791007996,0.040892958641052246,Q4,test
subject clut|registry_id,subject clut,registry_id,guide,test-0,subject clut|registry_id,True,0.9749909043312073,subject clut|registry_id,True,1,0.9725849032402039,0.8026449084281921,0.16993999481201172,Q4,test
subject clut|registry_id,subject clut,registry_id,guide,test-1,subject clut|registry_id,True,0.9000459313392639,subject clut|registry_id,True,1,0.8890462517738342,0.8764538764953613,0.0125923752784729,Q4,test
subject clut|registry_id,subject clut,registry_id,guide,test-2,subject clut|registry_id,True,0.9379081130027771,subject clut|registry_id,True,1,0.9347940683364868,0.8750271797180176,0.05976688861846924,Q4,test
subject clut|registry_id,subject clut,registry_id,guide,test-3,subject clut|registry_id,True,0.9784638285636902,subject clut|registry_id,True,1,0.9678937792778015,0.7927045226097107,0.17518925666809082,Q4,test
subject clut|city_code,subject clut,city_code,connecting,test-0,subject clut|city_code,True,0.9506133794784546,subject clut|city_code,True,1,0.9343140125274658,0.9000011086463928,0.034312903881073,Q4,test
subject clut|city_code,subject clut,city_code,connecting,test-1,subject clut|access_code,False,0.9722121357917786,subject clut|access_code,False,2,0.9536490440368652,0.9674636125564575,-0.013814568519592285,Q4,test
subject clut|city_code,subject clut,city_code,connecting,test-2,subject clut|access_code,False,0.9327908754348755,subject clut|access_code,False,2,0.9022615551948547,0.9275125861167908,-0.025251030921936035,Q4,test
subject clut|city_code,subject clut,city_code,connecting,test-3,subject clut|city_code,True,0.9441000819206238,subject clut|city_code,True,1,0.9261741042137146,0.9019015431404114,0.024272561073303223,Q4,test
subject clut|access_code,subject clut,access_code,calm,test-0,subject clut|city_code,False,0.9144202470779419,subject clut|city_code,False,2,0.8778389692306519,0.9078229069709778,-0.029983937740325928,Q4,test
subject clut|access_code,subject clut,access_code,calm,test-1,subject clut|access_code,True,0.9703298807144165,subject clut|access_code,True,1,0.9736555218696594,0.8980196118354797,0.07563591003417969,Q4,test
subject clut|access_code,subject clut,access_code,calm,test-2,subject clut|access_code,True,0.9387592077255249,subject clut|access_code,True,1,0.9346839785575867,0.867435872554779,0.06724810600280762,Q4,test
subject clut|access_code,subject clut,access_code,calm,test-3,subject clut|access_code,True,0.9607690572738647,subject clut|access_code,True,1,0.948777437210083,0.9229239225387573,0.025853514671325684,Q4,test
subject louder|registry_id,subject louder,registry_id,worries,test-0,subject louder|registry_id,True,0.9617959260940552,subject louder|registry_id,True,1,0.954438328742981,0.8826141953468323,0.07182413339614868,Q4,test
subject louder|registry_id,subject louder,registry_id,worries,test-1,subject shimmered|registry_id,False,0.8256582617759705,subject shimmered|access_code,False,4,0.7731972336769104,0.7809882164001465,-0.007790982723236084,Q4,test
subject louder|registry_id,subject louder,registry_id,worries,test-2,subject louder|registry_id,True,0.9343149662017822,subject louder|registry_id,True,1,0.9297239780426025,0.7300266623497009,0.1996973156929016,Q4,test
subject louder|registry_id,subject louder,registry_id,worries,test-3,subject louder|registry_id,True,0.9601975679397583,subject louder|registry_id,True,1,0.9481272101402283,0.9017951488494873,0.04633206129074097,Q4,test
subject louder|city_code,subject louder,city_code,glow,test-0,subject louder|city_code,True,0.9137650728225708,subject louder|city_code,True,1,0.8547841310501099,0.7746325135231018,0.08015161752700806,Q4,test
subject louder|city_code,subject louder,city_code,glow,test-1,subject louder|access_code,False,0.8720390200614929,subject louder|access_code,False,3,0.8318575024604797,0.8548620939254761,-0.023004591464996338,Q4,test
subject louder|city_code,subject louder,city_code,glow,test-2,subject louder|access_code,False,0.9400116205215454,subject louder|access_code,False,2,0.8869878649711609,0.9447429180145264,-0.05775505304336548,Q4,test
subject louder|city_code,subject louder,city_code,glow,test-3,subject joked|city_code,False,0.8006373047828674,subject joked|city_code,False,3,0.7370826601982117,0.7829688787460327,-0.045886218547821045,Q4,test
subject louder|access_code,subject louder,access_code,glanc,test-0,subject louder|city_code,False,0.8692533373832703,subject louder|city_code,False,2,0.7805983424186707,0.832040011882782,-0.05144166946411133,Q4,test
subject louder|access_code,subject louder,access_code,glanc,test-1,subject louder|access_code,True,0.9050381779670715,subject louder|access_code,True,1,0.900059163570404,0.8586308360099792,0.041428327560424805,Q4,test
subject louder|access_code,subject louder,access_code,glanc,test-2,subject louder|access_code,True,0.949990451335907,subject louder|access_code,True,1,0.9632601141929626,0.8472806215286255,0.11597949266433716,Q4,test
subject louder|access_code,subject louder,access_code,glanc,test-3,subject louder|access_code,True,0.8572795391082764,subject louder|access_code,True,1,0.8345750570297241,0.7757019400596619,0.058873116970062256,Q4,test
subject deer|registry_id,subject deer,registry_id,beep,test-0,subject deer|registry_id,True,0.9563827514648438,subject deer|registry_id,True,1,0.9508771896362305,0.8851194977760315,0.06575769186019897,Q4,test
subject deer|registry_id,subject deer,registry_id,beep,test-1,subject deer|registry_id,True,0.9022039175033569,subject deer|registry_id,True,1,0.8604539632797241,0.8358108997344971,0.02464306354522705,Q4,test
subject deer|registry_id,subject deer,registry_id,beep,test-2,subject deer|registry_id,True,0.943527102470398,subject deer|registry_id,True,1,0.9355549216270447,0.929431140422821,0.006123781204223633,Q4,test
subject deer|registry_id,subject deer,registry_id,beep,test-3,subject deer|registry_id,True,0.96208256483078,subject deer|registry_id,True,1,0.9443067908287048,0.8639630675315857,0.08034372329711914,Q4,test
subject deer|city_code,subject deer,city_code,students,test-0,subject deer|city_code,True,0.9558390378952026,subject deer|city_code,True,1,0.9336177110671997,0.8856204748153687,0.047997236251831055,Q4,test
subject deer|city_code,subject deer,city_code,students,test-1,subject deer|access_code,False,0.9465087056159973,subject deer|access_code,False,2,0.9432673454284668,0.9463495016098022,-0.0030821561813354492,Q4,test
subject deer|city_code,subject deer,city_code,students,test-2,subject deer|access_code,False,0.9334707856178284,subject deer|access_code,False,4,0.9152183532714844,0.93574458360672,-0.020526230335235596,Q4,test
subject deer|city_code,subject deer,city_code,students,test-3,subject deer|city_code,True,0.9423957467079163,subject deer|city_code,True,1,0.8781918883323669,0.8399332165718079,0.03825867176055908,Q4,test
subject deer|access_code,subject deer,access_code,bond,test-0,subject joked|city_code,False,0.9035183191299438,subject joked|city_code,False,4,0.8182571530342102,0.889028787612915,-0.07077163457870483,Q4,test
subject deer|access_code,subject deer,access_code,bond,test-1,subject deer|access_code,True,0.9609339237213135,subject deer|access_code,True,1,0.9663907885551453,0.9191166162490845,0.04727417230606079,Q4,test
subject deer|access_code,subject deer,access_code,bond,test-2,subject deer|access_code,True,0.9496656656265259,subject deer|access_code,True,1,0.9493007063865662,0.9346763491630554,0.014624357223510742,Q4,test
subject deer|access_code,subject deer,access_code,bond,test-3,subject deer|access_code,True,0.9530969858169556,subject deer|access_code,True,1,0.881041407585144,0.8514226078987122,0.029618799686431885,Q4,test
subject sent|registry_id,subject sent,registry_id,butterf,test-0,subject sent|registry_id,True,0.9682398438453674,subject sent|registry_id,True,1,0.9668237566947937,0.8740753531455994,0.09274840354919434,Q4,test
subject sent|registry_id,subject sent,registry_id,butterf,test-1,subject sent|registry_id,True,0.9208645820617676,subject sent|registry_id,True,1,0.9050230383872986,0.8769519329071045,0.028071105480194092,Q4,test
subject sent|registry_id,subject sent,registry_id,butterf,test-2,subject sent|registry_id,True,0.9604323506355286,subject sent|registry_id,True,1,0.9627575278282166,0.8651200532913208,0.09763747453689575,Q4,test
subject sent|registry_id,subject sent,registry_id,butterf,test-3,subject sent|registry_id,True,0.9827332496643066,subject sent|registry_id,True,1,0.9828029274940491,0.8844169974327087,0.09838593006134033,Q4,test
subject sent|city_code,subject sent,city_code,clapped,test-0,subject sent|city_code,True,0.9726428389549255,subject sent|city_code,True,1,0.958709716796875,0.9420496821403503,0.016660034656524658,Q4,test
subject sent|city_code,subject sent,city_code,clapped,test-1,subject sent|access_code,False,0.9635666608810425,subject sent|access_code,False,2,0.9419651031494141,0.9584172368049622,-0.016452133655548096,Q4,test
subject sent|city_code,subject sent,city_code,clapped,test-2,subject sent|access_code,False,0.9769643545150757,subject sent|access_code,False,2,0.9462388753890991,0.9816003441810608,-0.03536146879196167,Q4,test
subject sent|city_code,subject sent,city_code,clapped,test-3,subject sent|city_code,True,0.9685976505279541,subject sent|city_code,True,1,0.9457513689994812,0.9066312909126282,0.03912007808685303,Q4,test
subject sent|access_code,subject sent,access_code,breathe,test-0,subject sent|city_code,False,0.964699387550354,subject sent|city_code,False,2,0.907789409160614,0.9353882670402527,-0.027598857879638672,Q4,test
subject sent|access_code,subject sent,access_code,breathe,test-1,subject sent|access_code,True,0.9728331565856934,subject sent|access_code,True,1,0.9782253503799438,0.9021860361099243,0.07603931427001953,Q4,test
subject sent|access_code,subject sent,access_code,breathe,test-2,subject sent|access_code,True,0.9706467986106873,subject sent|access_code,True,1,0.9811513423919678,0.9011080861091614,0.0800432562828064,Q4,test
subject sent|access_code,subject sent,access_code,breathe,test-3,subject sent|access_code,True,0.9774736166000366,subject sent|access_code,True,1,0.9584185481071472,0.9291325807571411,0.029285967350006104,Q4,test
subject shimmered|registry_id,subject shimmered,registry_id,shining,test-0,subject shimmered|registry_id,True,0.9786581993103027,subject shimmered|registry_id,True,1,0.9697685837745667,0.9433202147483826,0.026448369026184082,Q4,test
subject shimmered|registry_id,subject shimmered,registry_id,shining,test-1,subject shimmered|registry_id,True,0.9669544696807861,subject shimmered|registry_id,True,1,0.9057738780975342,0.8928599953651428,0.012913882732391357,Q4,test
subject shimmered|registry_id,subject shimmered,registry_id,shining,test-2,subject shimmered|registry_id,True,0.953093409538269,subject shimmered|registry_id,True,1,0.9616855382919312,0.9180447459220886,0.04364079236984253,Q4,test
subject shimmered|registry_id,subject shimmered,registry_id,shining,test-3,subject shimmered|registry_id,True,0.980242908000946,subject shimmered|registry_id,True,1,0.9710272550582886,0.9517942070960999,0.01923304796218872,Q4,test
subject shimmered|city_code,subject shimmered,city_code,house,test-0,subject shimmered|access_code,False,0.9511309266090393,subject shimmered|city_code,True,1,0.9248794317245483,0.9078478217124939,0.017031610012054443,Q4,test
subject shimmered|city_code,subject shimmered,city_code,house,test-1,subject shimmered|access_code,False,0.9780598878860474,subject shimmered|city_code,True,1,0.963525116443634,0.9629794359207153,0.0005456805229187012,Q4,test
subject shimmered|city_code,subject shimmered,city_code,house,test-2,subject shimmered|access_code,False,0.9643661975860596,subject shimmered|access_code,False,2,0.937353253364563,0.9583346843719482,-0.020981431007385254,Q4,test
subject shimmered|city_code,subject shimmered,city_code,house,test-3,subject shimmered|registry_id,False,0.929279625415802,subject shimmered|city_code,True,1,0.8956460952758789,0.892536461353302,0.0031096339225769043,Q4,test
subject shimmered|access_code,subject shimmered,access_code,inno,test-0,subject shimmered|city_code,False,0.9312188029289246,subject shimmered|city_code,False,2,0.8706496953964233,0.9048900008201599,-0.03424030542373657,Q4,test
subject shimmered|access_code,subject shimmered,access_code,inno,test-1,subject shimmered|access_code,True,0.9722253084182739,subject shimmered|access_code,True,1,0.9786165952682495,0.9138374328613281,0.06477916240692139,Q4,test
subject shimmered|access_code,subject shimmered,access_code,inno,test-2,subject shimmered|access_code,True,0.9581698179244995,subject shimmered|access_code,True,1,0.9637727737426758,0.9123356342315674,0.0514371395111084,Q4,test
subject shimmered|access_code,subject shimmered,access_code,inno,test-3,subject shimmered|access_code,True,0.9410400390625,subject shimmered|access_code,True,1,0.930671215057373,0.8972201347351074,0.033451080322265625,Q4,test
subject solved|registry_id,subject solved,registry_id,bottle,test-0,subject solved|registry_id,True,0.9612625241279602,subject solved|registry_id,True,1,0.9583870768547058,0.9308944940567017,0.02749258279800415,Q4,test
subject solved|registry_id,subject solved,registry_id,bottle,test-1,subject shimmered|registry_id,False,0.9028847813606262,subject shimmered|registry_id,False,23,0.5098279118537903,0.8381932973861694,-0.32836538553237915,Q4,test
subject solved|registry_id,subject solved,registry_id,bottle,test-2,subject solved|registry_id,True,0.9594914317131042,subject solved|registry_id,True,1,0.9568052887916565,0.9292652606964111,0.02754002809524536,Q4,test
subject solved|registry_id,subject solved,registry_id,bottle,test-3,subject solved|registry_id,True,0.9626827239990234,subject solved|registry_id,True,1,0.9615587592124939,0.9397012591362,0.021857500076293945,Q4,test
subject solved|city_code,subject solved,city_code,gloom,test-0,subject solved|city_code,True,0.964923620223999,subject solved|city_code,True,1,0.9378544092178345,0.9129939675331116,0.0248604416847229,Q4,test
subject solved|city_code,subject solved,city_code,gloom,test-1,subject clut|access_code,False,0.8807505965232849,subject shimmered|city_code,False,15,0.6434400677680969,0.8669390082359314,-0.22349894046783447,Q4,test
subject solved|city_code,subject solved,city_code,gloom,test-2,subject solved|access_code,False,0.966788649559021,subject solved|access_code,False,2,0.9289770126342773,0.9650186896324158,-0.03604167699813843,Q4,test
subject solved|city_code,subject solved,city_code,gloom,test-3,subject solved|city_code,True,0.953513503074646,subject solved|city_code,True,1,0.9264698624610901,0.8890054821968079,0.03746438026428223,Q4,test
subject solved|access_code,subject solved,access_code,huge,test-0,subject solved|city_code,False,0.9515886306762695,subject solved|city_code,False,2,0.9081345200538635,0.9305477142333984,-0.022413194179534912,Q4,test
subject solved|access_code,subject solved,access_code,huge,test-1,subject shimmered|access_code,False,0.8899726271629333,subject shimmered|access_code,False,11,0.7174413800239563,0.886704683303833,-0.1692633032798767,Q4,test
subject solved|access_code,subject solved,access_code,huge,test-2,subject solved|access_code,True,0.9676287770271301,subject solved|access_code,True,1,0.9712014198303223,0.9260005950927734,0.04520082473754883,Q4,test
subject solved|access_code,subject solved,access_code,huge,test-3,subject solved|access_code,True,0.9553987979888916,subject solved|access_code,True,1,0.9296286702156067,0.9066374897956848,0.022991180419921875,Q4,test
subject swim|registry_id,subject swim,registry_id,whatever,test-0,subject swim|registry_id,True,0.9719762802124023,subject swim|registry_id,True,1,0.9739351272583008,0.8122248649597168,0.16171026229858398,Q4,test
subject swim|registry_id,subject swim,registry_id,whatever,test-1,subject dawn|registry_id,False,0.8946639895439148,subject dawn|registry_id,False,4,0.8275831341743469,0.8765329718589783,-0.04894983768463135,Q4,test
subject swim|registry_id,subject swim,registry_id,whatever,test-2,subject swim|registry_id,True,0.9597442150115967,subject swim|registry_id,True,1,0.9517462253570557,0.7757871150970459,0.17595911026000977,Q4,test
subject swim|registry_id,subject swim,registry_id,whatever,test-3,subject swim|registry_id,True,0.9769771695137024,subject swim|registry_id,True,1,0.970574140548706,0.8281685709953308,0.14240556955337524,Q4,test
subject swim|city_code,subject swim,city_code,arms,test-0,subject swim|city_code,True,0.922494649887085,subject swim|city_code,True,1,0.9012621641159058,0.8875258564949036,0.013736307621002197,Q4,test
subject swim|city_code,subject swim,city_code,arms,test-1,subject swim|access_code,False,0.9200612902641296,subject swim|access_code,False,2,0.8847393989562988,0.9142701625823975,-0.029530763626098633,Q4,test
subject swim|city_code,subject swim,city_code,arms,test-2,subject swim|access_code,False,0.9547154307365417,subject swim|access_code,False,2,0.9110509753227234,0.955422043800354,-0.044371068477630615,Q4,test
subject swim|city_code,subject swim,city_code,arms,test-3,subject swim|city_code,True,0.8552239537239075,subject swim|city_code,True,1,0.8248716592788696,0.7884029746055603,0.036468684673309326,Q4,test
subject swim|access_code,subject swim,access_code,gems,test-0,subject swim|city_code,False,0.7948663830757141,subject swim|city_code,False,3,0.6624197363853455,0.7197667956352234,-0.05734705924987793,Q4,test
subject swim|access_code,subject swim,access_code,gems,test-1,subject lovely|access_code,False,0.9332572221755981,subject lovely|access_code,False,2,0.8970749974250793,0.9010267853736877,-0.0039517879486083984,Q4,test
subject swim|access_code,subject swim,access_code,gems,test-2,subject swim|access_code,True,0.9677243828773499,subject swim|access_code,True,1,0.9611236453056335,0.8624419569969177,0.09868168830871582,Q4,test
subject swim|access_code,subject swim,access_code,gems,test-3,subject swim|access_code,True,0.9389927983283997,subject swim|access_code,True,1,0.9152008295059204,0.8401032090187073,0.07509762048721313,Q4,test
subject deter|registry_id,subject deter,registry_id,jumped,test-0,subject deter|registry_id,True,0.9577683806419373,subject deter|registry_id,True,1,0.9539054036140442,0.8662972450256348,0.08760815858840942,Q4,test
subject deter|registry_id,subject deter,registry_id,jumped,test-1,subject solved|registry_id,False,0.8436654210090637,subject solved|registry_id,False,11,0.7226999402046204,0.8216349482536316,-0.09893500804901123,Q4,test
subject deter|registry_id,subject deter,registry_id,jumped,test-2,subject deter|registry_id,True,0.9134486317634583,subject deter|registry_id,True,1,0.9232620000839233,0.8818818926811218,0.041380107402801514,Q4,test
subject deter|registry_id,subject deter,registry_id,jumped,test-3,subject deter|registry_id,True,0.9701524376869202,subject deter|registry_id,True,1,0.9725596904754639,0.8731051683425903,0.09945452213287354,Q4,test
subject deter|city_code,subject deter,city_code,snowman,test-0,subject deter|city_code,True,0.932746171951294,subject deter|city_code,True,1,0.8810937404632568,0.8143640756607056,0.06672966480255127,Q4,test
subject deter|city_code,subject deter,city_code,snowman,test-1,subject deter|access_code,False,0.929164469242096,subject deter|access_code,False,2,0.9021902084350586,0.9173824191093445,-0.015192210674285889,Q4,test
subject deter|city_code,subject deter,city_code,snowman,test-2,subject deter|access_code,False,0.9412046670913696,subject deter|access_code,False,4,0.8594464659690857,0.9354680180549622,-0.07602155208587646,Q4,test
subject deter|city_code,subject deter,city_code,snowman,test-3,subject deter|city_code,True,0.8854780793190002,subject sent|city_code,False,2,0.8393956422805786,0.8418525457382202,-0.0024569034576416016,Q4,test
subject deter|access_code,subject deter,access_code,after,test-0,subject deter|city_code,False,0.8651036620140076,subject finds|city_code,False,5,0.7564011812210083,0.8310877680778503,-0.07468658685684204,Q4,test
subject deter|access_code,subject deter,access_code,after,test-1,subject deter|access_code,True,0.9325231313705444,subject deter|access_code,True,1,0.9398263692855835,0.9280781745910645,0.011748194694519043,Q4,test
subject deter|access_code,subject deter,access_code,after,test-2,subject deter|access_code,True,0.9504966735839844,subject deter|access_code,True,1,0.9528065323829651,0.8989883661270142,0.05381816625595093,Q4,test
subject deter|access_code,subject deter,access_code,after,test-3,subject deter|access_code,True,0.9137877225875854,subject sent|access_code,False,2,0.8736564517021179,0.8932055830955505,-0.019549131393432617,Q4,test
subject excited|registry_id,subject excited,registry_id,tricky,test-0,subject excited|registry_id,True,0.966886579990387,subject excited|registry_id,True,1,0.9667450189590454,0.9547244906425476,0.012020528316497803,Q4,test
subject excited|registry_id,subject excited,registry_id,tricky,test-1,subject shimmered|registry_id,False,0.9379358291625977,subject shimmered|registry_id,False,2,0.8649798631668091,0.8844302892684937,-0.01945042610168457,Q4,test
subject excited|registry_id,subject excited,registry_id,tricky,test-2,subject excited|registry_id,True,0.9590059518814087,subject excited|registry_id,True,1,0.953402578830719,0.946574330329895,0.006828248500823975,Q4,test
subject excited|registry_id,subject excited,registry_id,tricky,test-3,subject excited|registry_id,True,0.9546532034873962,subject encour|registry_id,False,2,0.9422381520271301,0.9431554675102234,-0.0009173154830932617,Q4,test
subject excited|city_code,subject excited,city_code,conqu,test-0,subject excited|city_code,True,0.9340773820877075,subject excited|city_code,True,1,0.9091485142707825,0.8854416012763977,0.023706912994384766,Q4,test
subject excited|city_code,subject excited,city_code,conqu,test-1,subject excited|access_code,False,0.9495001435279846,subject excited|access_code,False,4,0.9227312207221985,0.9327602386474609,-0.010029017925262451,Q4,test
subject excited|city_code,subject excited,city_code,conqu,test-2,subject excited|access_code,False,0.9530242681503296,subject excited|access_code,False,2,0.9237474799156189,0.9536823630332947,-0.02993488311767578,Q4,test
subject excited|city_code,subject excited,city_code,conqu,test-3,subject excited|registry_id,False,0.888395369052887,subject excited|registry_id,False,2,0.8368321657180786,0.8664547801017761,-0.02962261438369751,Q4,test
subject excited|access_code,subject excited,access_code,imag,test-0,subject excited|city_code,False,0.868950605392456,subject excited|city_code,False,3,0.7941343784332275,0.8517032861709595,-0.057568907737731934,Q4,test
subject excited|access_code,subject excited,access_code,imag,test-1,subject excited|access_code,True,0.9506308436393738,subject excited|access_code,True,1,0.9602253437042236,0.9455267786979675,0.014698565006256104,Q4,test
subject excited|access_code,subject excited,access_code,imag,test-2,subject excited|access_code,True,0.9622038006782532,subject excited|access_code,True,1,0.9673351049423218,0.9434852004051208,0.023849904537200928,Q4,test
subject excited|access_code,subject excited,access_code,imag,test-3,subject excited|access_code,True,0.9248946309089661,subject excited|access_code,True,1,0.8914349675178528,0.876049280166626,0.015385687351226807,Q4,test
subject encour|registry_id,subject encour,registry_id,safely,test-0,subject encour|registry_id,True,0.9626750946044922,subject encour|registry_id,True,1,0.9294877648353577,0.9228588938713074,0.006628870964050293,Q4,test
subject encour|registry_id,subject encour,registry_id,safely,test-1,subject shimmered|registry_id,False,0.8852956891059875,subject shimmered|registry_id,False,9,0.7245445847511292,0.8202573657035828,-0.09571278095245361,Q4,test
subject encour|registry_id,subject encour,registry_id,safely,test-2,subject encour|registry_id,True,0.9360217452049255,subject encour|registry_id,True,1,0.9214950799942017,0.8975791931152344,0.023915886878967285,Q4,test
subject encour|registry_id,subject encour,registry_id,safely,test-3,subject encour|registry_id,True,0.965421199798584,subject encour|registry_id,True,1,0.9414235949516296,0.9211490154266357,0.020274579524993896,Q4,test
subject encour|city_code,subject encour,city_code,snowf,test-0,subject encour|city_code,True,0.7084628343582153,subject swung|city_code,False,9,0.4808964431285858,0.6427942514419556,-0.16189780831336975,Q4,test
subject encour|city_code,subject encour,city_code,snowf,test-1,subject shimmered|access_code,False,0.8874974250793457,subject shimmered|access_code,False,8,0.7711319923400879,0.8761082291603088,-0.10497623682022095,Q4,test
subject encour|city_code,subject encour,city_code,snowf,test-2,subject encour|access_code,False,0.9273757934570312,subject dawn|access_code,False,7,0.8154207468032837,0.8864895105361938,-0.07106876373291016,Q4,test
subject encour|city_code,subject encour,city_code,snowf,test-3,subject swung|city_code,False,0.6454034447669983,subject finds|registry_id,False,5,0.584931492805481,0.6280369162559509,-0.04310542345046997,Q4,test
subject encour|access_code,subject encour,access_code,uncover,test-0,subject encour|city_code,False,0.8641817569732666,subject dawn|city_code,False,9,0.6966273188591003,0.7782616019248962,-0.0816342830657959,Q4,test
subject encour|access_code,subject encour,access_code,uncover,test-1,subject excited|access_code,False,0.9024659395217896,subject excited|access_code,False,4,0.8528547883033752,0.90045565366745,-0.04760086536407471,Q4,test
subject encour|access_code,subject encour,access_code,uncover,test-2,subject encour|access_code,True,0.941628098487854,subject encour|access_code,True,1,0.9055012464523315,0.88703852891922,0.018462717533111572,Q4,test
subject encour|access_code,subject encour,access_code,uncover,test-3,subject swung|access_code,False,0.8225401043891907,subject swung|access_code,False,3,0.5898507237434387,0.7558507323265076,-0.16600000858306885,Q4,test
subject finds|registry_id,subject finds,registry_id,transform,test-0,subject finds|registry_id,True,0.9574403762817383,subject finds|registry_id,True,1,0.8957458138465881,0.8778871893882751,0.01785862445831299,Q4,test
subject finds|registry_id,subject finds,registry_id,transform,test-1,subject joked|registry_id,False,0.8507589101791382,subject joked|registry_id,False,9,0.7220302820205688,0.8225711584091187,-0.1005408763885498,Q4,test
subject finds|registry_id,subject finds,registry_id,transform,test-2,subject finds|registry_id,True,0.9359334111213684,subject finds|registry_id,True,1,0.8808922171592712,0.8399864435195923,0.040905773639678955,Q4,test
subject finds|registry_id,subject finds,registry_id,transform,test-3,subject finds|registry_id,True,0.8961633443832397,subject finds|registry_id,True,1,0.909307062625885,0.8641707301139832,0.045136332511901855,Q4,test
subject finds|city_code,subject finds,city_code,spirit,test-0,subject deter|city_code,False,0.8781859278678894,subject finds|city_code,True,1,0.8424558043479919,0.8164477944374084,0.026008009910583496,Q4,test
subject finds|city_code,subject finds,city_code,spirit,test-1,subject finds|access_code,False,0.9495565891265869,subject joked|access_code,False,6,0.8416369557380676,0.8975628614425659,-0.05592590570449829,Q4,test
subject finds|city_code,subject finds,city_code,spirit,test-2,subject finds|access_code,False,0.9451562166213989,subject finds|access_code,False,3,0.8462728261947632,0.8985579609870911,-0.05228513479232788,Q4,test
subject finds|city_code,subject finds,city_code,spirit,test-3,subject deter|city_code,False,0.8653556704521179,subject solved|city_code,False,2,0.813903272151947,0.8189489841461182,-0.005045711994171143,Q4,test
subject finds|access_code,subject finds,access_code,door,test-0,subject finds|city_code,False,0.8178303241729736,subject finds|city_code,False,2,0.761504054069519,0.8120569586753845,-0.05055290460586548,Q4,test
subject finds|access_code,subject finds,access_code,door,test-1,subject deer|access_code,False,0.9202731847763062,subject deer|access_code,False,11,0.7213378548622131,0.9156883955001831,-0.19435054063796997,Q4,test
subject finds|access_code,subject finds,access_code,door,test-2,subject finds|access_code,True,0.9642762541770935,subject finds|access_code,True,1,0.9307578802108765,0.872052013874054,0.05870586633682251,Q4,test
subject finds|access_code,subject finds,access_code,door,test-3,subject deter|access_code,False,0.8685789704322815,subject deter|access_code,False,3,0.8209553360939026,0.8245658278465271,-0.0036104917526245117,Q4,test
subject skills|registry_id,subject skills,registry_id,seek,test-0,subject skills|registry_id,True,0.937825083732605,subject skills|registry_id,True,1,0.9432031512260437,0.7284852266311646,0.21471792459487915,Q4,test
subject skills|registry_id,subject skills,registry_id,seek,test-1,subject clut|access_code,False,0.7967949509620667,subject clut|access_code,False,11,0.6295422911643982,0.7697162628173828,-0.14017397165298462,Q4,test
subject skills|registry_id,subject skills,registry_id,seek,test-2,subject skills|registry_id,True,0.907250702381134,subject skills|registry_id,True,1,0.8978273868560791,0.7505267858505249,0.1473006010055542,Q4,test
subject skills|registry_id,subject skills,registry_id,seek,test-3,subject skills|registry_id,True,0.9432746171951294,subject skills|registry_id,True,1,0.9343238472938538,0.8044137358665466,0.12991011142730713,Q4,test
subject skills|city_code,subject skills,city_code,sank,test-0,subject skills|city_code,True,0.8858314752578735,subject solved|city_code,False,3,0.7883914113044739,0.8525511622428894,-0.06415975093841553,Q4,test
subject skills|city_code,subject skills,city_code,sank,test-1,subject skills|access_code,False,0.9148240089416504,subject skills|access_code,False,2,0.8318974375724792,0.9017577171325684,-0.06986027956008911,Q4,test
subject skills|city_code,subject skills,city_code,sank,test-2,subject skills|access_code,False,0.8825990557670593,subject skills|access_code,False,2,0.7815147042274475,0.9000224471092224,-0.1185077428817749,Q4,test
subject skills|city_code,subject skills,city_code,sank,test-3,subject solved|city_code,False,0.8547300100326538,subject solved|city_code,False,6,0.7147803902626038,0.8349130153656006,-0.12013262510299683,Q4,test
subject skills|access_code,subject skills,access_code,whale,test-0,subject skills|city_code,False,0.7486649751663208,subject skills|city_code,False,4,0.6025784611701965,0.7057651281356812,-0.10318666696548462,Q4,test
subject skills|access_code,subject skills,access_code,whale,test-1,subject skills|access_code,True,0.9244802594184875,subject skills|access_code,True,1,0.8972998857498169,0.8448449373245239,0.05245494842529297,Q4,test
subject skills|access_code,subject skills,access_code,whale,test-2,subject skills|access_code,True,0.9117304682731628,subject skills|access_code,True,1,0.9249401092529297,0.7876598834991455,0.13728022575378418,Q4,test
subject skills|access_code,subject skills,access_code,whale,test-3,subject sent|access_code,False,0.8689001202583313,subject sent|access_code,False,5,0.7419600486755371,0.8532516360282898,-0.11129158735275269,Q4,test
subject dawn|registry_id,subject dawn,registry_id,sneak,test-0,subject dawn|registry_id,True,0.9819713234901428,subject dawn|registry_id,True,1,0.9821451306343079,0.9044610261917114,0.07768410444259644,Q4,test
subject dawn|registry_id,subject dawn,registry_id,sneak,test-1,subject dawn|registry_id,True,0.9342845678329468,subject dawn|registry_id,True,1,0.9151162505149841,0.8766307830810547,0.03848546743392944,Q4,test
subject dawn|registry_id,subject dawn,registry_id,sneak,test-2,subject dawn|registry_id,True,0.9699381589889526,subject dawn|registry_id,True,1,0.9659967422485352,0.9048159718513489,0.06118077039718628,Q4,test
subject dawn|registry_id,subject dawn,registry_id,sneak,test-3,subject dawn|registry_id,True,0.9864739179611206,subject dawn|registry_id,True,1,0.9825878739356995,0.9062782526016235,0.07630962133407593,Q4,test
subject dawn|city_code,subject dawn,city_code,shiny,test-0,subject dawn|city_code,True,0.9614807367324829,subject dawn|city_code,True,1,0.9471864700317383,0.925187885761261,0.021998584270477295,Q4,test
subject dawn|city_code,subject dawn,city_code,shiny,test-1,subject dawn|access_code,False,0.9759908318519592,subject dawn|access_code,False,2,0.9433590769767761,0.9512918591499329,-0.007932782173156738,Q4,test
subject dawn|city_code,subject dawn,city_code,shiny,test-2,subject dawn|access_code,False,0.971321702003479,subject dawn|access_code,False,2,0.9422149062156677,0.9735525250434875,-0.031337618827819824,Q4,test
subject dawn|city_code,subject dawn,city_code,shiny,test-3,subject dawn|registry_id,False,0.9333750009536743,subject dawn|registry_id,False,2,0.9098278880119324,0.923617959022522,-0.0137900710105896,Q4,test
subject dawn|access_code,subject dawn,access_code,pretending,test-0,subject dawn|city_code,False,0.9259048700332642,subject dawn|city_code,False,2,0.8881274461746216,0.9095765352249146,-0.02144908905029297,Q4,test
subject dawn|access_code,subject dawn,access_code,pretending,test-1,subject dawn|access_code,True,0.9678534865379333,subject dawn|access_code,True,1,0.9643343091011047,0.8965204358100891,0.06781387329101562,Q4,test
subject dawn|access_code,subject dawn,access_code,pretending,test-2,subject dawn|access_code,True,0.9700076580047607,subject dawn|access_code,True,1,0.9735803008079529,0.9104855060577393,0.06309479475021362,Q4,test
subject dawn|access_code,subject dawn,access_code,pretending,test-3,subject dawn|access_code,True,0.953818678855896,subject dawn|access_code,True,1,0.9434930682182312,0.9073038101196289,0.036189258098602295,Q4,test
subject swung|registry_id,subject swung,registry_id,outs,test-0,subject swung|registry_id,True,0.9618963003158569,subject swung|registry_id,True,1,0.9606990814208984,0.8101370930671692,0.15056198835372925,Q4,test
subject swung|registry_id,subject swung,registry_id,outs,test-1,subject excited|registry_id,False,0.8318665027618408,subject excited|registry_id,False,3,0.7447119951248169,0.7738717794418335,-0.0291597843170166,Q4,test
subject swung|registry_id,subject swung,registry_id,outs,test-2,subject swung|registry_id,True,0.9312061071395874,subject swung|registry_id,True,1,0.9358078241348267,0.8237207531929016,0.11208707094192505,Q4,test
subject swung|registry_id,subject swung,registry_id,outs,test-3,subject swung|registry_id,True,0.9697142243385315,subject swung|registry_id,True,1,0.9807848930358887,0.8094771504402161,0.1713077425956726,Q4,test
subject swung|city_code,subject swung,city_code,loomed,test-0,subject swung|city_code,True,0.8551228642463684,subject swung|city_code,True,1,0.7933739423751831,0.7790027856826782,0.014371156692504883,Q4,test
subject swung|city_code,subject swung,city_code,loomed,test-1,subject swung|access_code,False,0.9235484600067139,subject swung|access_code,False,2,0.850134551525116,0.9005205631256104,-0.050386011600494385,Q4,test
subject swung|city_code,subject swung,city_code,loomed,test-2,subject swung|access_code,False,0.9321329593658447,subject swung|access_code,False,2,0.8677478432655334,0.9281254410743713,-0.06037759780883789,Q4,test
subject swung|city_code,subject swung,city_code,loomed,test-3,subject deter|registry_id,False,0.8560900688171387,subject deter|registry_id,False,3,0.7430080771446228,0.8146917819976807,-0.07168370485305786,Q4,test
subject swung|access_code,subject swung,access_code,heavy,test-0,subject swung|city_code,False,0.8156478404998779,subject swung|city_code,False,2,0.6983448266983032,0.7684810757637024,-0.07013624906539917,Q4,test
subject swung|access_code,subject swung,access_code,heavy,test-1,subject swung|access_code,True,0.9158347249031067,subject swung|access_code,True,1,0.9150771498680115,0.8023268580436707,0.11275029182434082,Q4,test
subject swung|access_code,subject swung,access_code,heavy,test-2,subject swung|access_code,True,0.9459579586982727,subject swung|access_code,True,1,0.9520596861839294,0.814485490322113,0.1375741958618164,Q4,test
subject swung|access_code,subject swung,access_code,heavy,test-3,subject swung|access_code,True,0.8660775423049927,subject swung|access_code,True,1,0.8360138535499573,0.7878787517547607,0.04813510179519653,Q4,test
subject lovely|registry_id,subject lovely,registry_id,swayed,test-0,subject lovely|registry_id,True,0.9656462073326111,subject lovely|registry_id,True,1,0.9596427083015442,0.8708084225654602,0.08883428573608398,Q4,test
subject lovely|registry_id,subject lovely,registry_id,swayed,test-1,subject lovely|registry_id,True,0.8648591041564941,subject lovely|registry_id,True,1,0.8136838674545288,0.7966578006744385,0.017026066780090332,Q4,test
subject lovely|registry_id,subject lovely,registry_id,swayed,test-2,subject lovely|registry_id,True,0.9104230999946594,subject lovely|registry_id,True,1,0.9120878577232361,0.8815909028053284,0.030496954917907715,Q4,test
subject lovely|registry_id,subject lovely,registry_id,swayed,test-3,subject lovely|registry_id,True,0.9539954662322998,subject lovely|registry_id,True,1,0.9545904397964478,0.8853916525840759,0.06919878721237183,Q4,test
subject lovely|city_code,subject lovely,city_code,favorite,test-0,subject lovely|city_code,True,0.9283257722854614,subject lovely|city_code,True,1,0.8806020021438599,0.8149462342262268,0.06565576791763306,Q4,test
subject lovely|city_code,subject lovely,city_code,favorite,test-1,subject lovely|access_code,False,0.9465925097465515,subject lovely|access_code,False,2,0.9027523994445801,0.9096322655677795,-0.006879866123199463,Q4,test
subject lovely|city_code,subject lovely,city_code,favorite,test-2,subject lovely|access_code,False,0.9286286234855652,subject lovely|city_code,True,1,0.9094893932342529,0.9055340886116028,0.0039553046226501465,Q4,test
subject lovely|city_code,subject lovely,city_code,favorite,test-3,subject lovely|city_code,True,0.7777844667434692,subject lovely|city_code,True,1,0.738503098487854,0.7210433483123779,0.017459750175476074,Q4,test
subject lovely|access_code,subject lovely,access_code,higher,test-0,subject lovely|city_code,False,0.8475458025932312,subject lovely|city_code,False,3,0.7248536348342896,0.7895680665969849,-0.06471443176269531,Q4,test
subject lovely|access_code,subject lovely,access_code,higher,test-1,subject lovely|access_code,True,0.940599262714386,subject lovely|access_code,True,1,0.9506077766418457,0.9108431935310364,0.039764583110809326,Q4,test
subject lovely|access_code,subject lovely,access_code,higher,test-2,subject lovely|access_code,True,0.9323303699493408,subject lovely|access_code,True,1,0.9432470798492432,0.9058290123939514,0.03741806745529175,Q4,test
subject lovely|access_code,subject lovely,access_code,higher,test-3,subject lovely|access_code,True,0.8939527869224548,subject lovely|access_code,True,1,0.8701965808868408,0.8430188894271851,0.02717769145965576,Q4,test
