access_code_score,candidate_set,city_code_score,registry_id_score,row_id,split,variant
-0.10192441940307617,registry_id,0.0736432746052742,0.9617297053337097,c23-development:validation:registry_id:registry_official_register_identifier:validation-f0:validation-e0,historical_c23_public_development_diagnostic,R0
0.13568231463432312,registry_id,-0.013305078260600567,0.8110713362693787,c23-development:validation:registry_id:registry_official_register_identifier:validation-f1:validation-e1,historical_c23_public_development_diagnostic,R0
-0.1885417401790619,registry_id,-0.024478783831000328,1.1464691162109375,c23-development:validation:registry_id:registry_official_register_identifier:validation-f2:validation-e2,historical_c23_public_development_diagnostic,R0
0.02800549566745758,registry_id,-0.0686410516500473,0.9740841388702393,c23-development:validation:registry_id:registry_official_register_identifier:validation-f3:validation-e3,historical_c23_public_development_diagnostic,R0
0.06906682252883911,registry_id,0.055154070258140564,0.809227705001831,c23-development:validation:registry_id:registry_official_register_identifier:validation-f4:validation-e4,historical_c23_public_development_diagnostic,R0
0.08796512335538864,registry_id,0.1071806252002716,0.7383028268814087,c23-development:validation:registry_id:registry_official_register_identifier:validation-f5:validation-e5,historical_c23_public_development_diagnostic,R0
-0.18354979157447815,registry_id,-0.09546216577291489,1.2124605178833008,c23-development:validation:registry_id:registry_registration_database_number:validation-f0:validation-e1,historical_c23_public_development_diagnostic,R0
0.03334159031510353,registry_id,-0.10500196367502213,1.0051089525222778,c23-development:validation:registry_id:registry_registration_database_number:validation-f1:validation-e2,historical_c23_public_development_diagnostic,R0
-0.24075743556022644,registry_id,-0.16164763271808624,1.3358536958694458,c23-development:validation:registry_id:registry_registration_database_number:validation-f2:validation-e3,historical_c23_public_development_diagnostic,R0
-0.06273843348026276,registry_id,-0.22175748646259308,1.2179445028305054,c23-development:validation:registry_id:registry_registration_database_number:validation-f3:validation-e4,historical_c23_public_development_diagnostic,R0
-0.05477605387568474,registry_id,-0.04538341239094734,1.033608078956604,c23-development:validation:registry_id:registry_registration_database_number:validation-f4:validation-e5,historical_c23_public_development_diagnostic,R0
-0.05440088361501694,registry_id,-0.0738549456000328,1.061704397201538,c23-development:validation:registry_id:registry_registration_database_number:validation-f5:validation-e0,historical_c23_public_development_diagnostic,R0
-0.014420218765735626,registry_id,0.07329850643873215,0.8745703101158142,c23-development:validation:registry_id:registry_entry_serial:validation-f0:validation-e2,historical_c23_public_development_diagnostic,R0
0.15650534629821777,registry_id,0.10767508298158646,0.6692681312561035,c23-development:validation:registry_id:registry_entry_serial:validation-f1:validation-e3,historical_c23_public_development_diagnostic,R0
-0.0923081636428833,registry_id,0.11501889675855637,0.9107378721237183,c23-development:validation:registry_id:registry_entry_serial:validation-f2:validation-e4,historical_c23_public_development_diagnostic,R0
0.06633975356817245,registry_id,0.06158896163105965,0.8055198788642883,c23-development:validation:registry_id:registry_entry_serial:validation-f3:validation-e5,historical_c23_public_development_diagnostic,R0
0.060866743326187134,registry_id,0.1398874670267105,0.7326943874359131,c23-development:validation:registry_id:registry_entry_serial:validation-f4:validation-e0,historical_c23_public_development_diagnostic,R0
0.12541691958904266,registry_id,0.14913314580917358,0.6588985323905945,c23-development:validation:registry_id:registry_entry_serial:validation-f5:validation-e1,historical_c23_public_development_diagnostic,R0
-0.31247976422309875,registry_id,0.2010534703731537,1.044874906539917,c23-development:validation:registry_id:registry_records_office_id:validation-f0:validation-e3,historical_c23_public_development_diagnostic,R0
-0.022961309179663658,registry_id,0.14456263184547424,0.8118472695350647,c23-development:validation:registry_id:registry_records_office_id:validation-f1:validation-e4,historical_c23_public_development_diagnostic,R0
-0.4024580717086792,registry_id,0.2012576460838318,1.1346490383148193,c23-development:validation:registry_id:registry_records_office_id:validation-f2:validation-e5,historical_c23_public_development_diagnostic,R0
-0.21569383144378662,registry_id,0.09437372535467148,1.054768681526184,c23-development:validation:registry_id:registry_records_office_id:validation-f3:validation-e0,historical_c23_public_development_diagnostic,R0
-0.09702951461076736,registry_id,0.24047330021858215,0.7900047898292542,c23-development:validation:registry_id:registry_records_office_id:validation-f4:validation-e1,historical_c23_public_development_diagnostic,R0
-0.07115488499403,registry_id,0.20943202078342438,0.7951714396476746,c23-development:validation:registry_id:registry_records_office_id:validation-f5:validation-e2,historical_c23_public_development_diagnostic,R0
-0.06557806581258774,registry_id,0.0632137581706047,0.9358128905296326,c23-development:validation:registry_id:registry_recordkeeping_index:validation-f0:validation-e4,historical_c23_public_development_diagnostic,R0
0.22168469429016113,registry_id,0.029869047924876213,0.681894838809967,c23-development:validation:registry_id:registry_recordkeeping_index:validation-f1:validation-e5,historical_c23_public_development_diagnostic,R0
-0.037364661693573,registry_id,0.013762150891125202,0.9570510983467102,c23-development:validation:registry_id:registry_recordkeeping_index:validation-f2:validation-e0,historical_c23_public_development_diagnostic,R0
0.1045684963464737,registry_id,-0.07825876772403717,0.9071388244628906,c23-development:validation:registry_id:registry_recordkeeping_index:validation-f3:validation-e1,historical_c23_public_development_diagnostic,R0
0.019286813214421272,registry_id,0.11046425998210907,0.8036975264549255,c23-development:validation:registry_id:registry_recordkeeping_index:validation-f4:validation-e2,historical_c23_public_development_diagnostic,R0
0.05335136502981186,registry_id,0.10082937031984329,0.7792678475379944,c23-development:validation:registry_id:registry_recordkeeping_index:validation-f5:validation-e3,historical_c23_public_development_diagnostic,R0
-0.18036219477653503,registry_id,0.4609929621219635,0.6528177857398987,c23-development:validation:registry_id:registry_formal_filing_reference:validation-f0:validation-e5,historical_c23_public_development_diagnostic,R0
0.08665923774242401,registry_id,0.33965417742729187,0.5071351528167725,c23-development:validation:registry_id:registry_formal_filing_reference:validation-f1:validation-e0,historical_c23_public_development_diagnostic,R0
-0.20605289936065674,registry_id,0.42201218008995056,0.7174893021583557,c23-development:validation:registry_id:registry_formal_filing_reference:validation-f2:validation-e1,historical_c23_public_development_diagnostic,R0
-0.021755173802375793,registry_id,0.3765611946582794,0.5786425471305847,c23-development:validation:registry_id:registry_formal_filing_reference:validation-f3:validation-e2,historical_c23_public_development_diagnostic,R0
-0.013878364115953445,registry_id,0.4204546809196472,0.5268722772598267,c23-development:validation:registry_id:registry_formal_filing_reference:validation-f4:validation-e3,historical_c23_public_development_diagnostic,R0
-0.09520889818668365,registry_id,0.5077192187309265,0.5209382772445679,c23-development:validation:registry_id:registry_formal_filing_reference:validation-f5:validation-e4,historical_c23_public_development_diagnostic,R0
0.18482838571071625,registry_id,0.17227785289287567,0.5763423442840576,c23-development:validation:registry_id:registry_master_roster_serial:validation-f0:validation-e0,historical_c23_public_development_diagnostic,R0
0.29669812321662903,registry_id,0.19248194992542267,0.44426849484443665,c23-development:validation:registry_id:registry_master_roster_serial:validation-f1:validation-e1,historical_c23_public_development_diagnostic,R0
0.10051339864730835,registry_id,0.18954969942569733,0.6433854699134827,c23-development:validation:registry_id:registry_master_roster_serial:validation-f2:validation-e2,historical_c23_public_development_diagnostic,R0
0.26316776871681213,registry_id,0.1381589025259018,0.5321218967437744,c23-development:validation:registry_id:registry_master_roster_serial:validation-f3:validation-e3,historical_c23_public_development_diagnostic,R0
0.24918276071548462,registry_id,0.21058586239814758,0.47367995977401733,c23-development:validation:registry_id:registry_master_roster_serial:validation-f4:validation-e4,historical_c23_public_development_diagnostic,R0
0.2876076400279999,registry_id,0.2269073724746704,0.41893357038497925,c23-development:validation:registry_id:registry_master_roster_serial:validation-f5:validation-e5,historical_c23_public_development_diagnostic,R0
0.03610597550868988,registry_id,0.14418329298496246,0.7531592845916748,c23-development:validation:registry_id:registry_official_roll_index:validation-f0:validation-e1,historical_c23_public_development_diagnostic,R0
0.1805252730846405,registry_id,0.11998506635427475,0.6329382061958313,c23-development:validation:registry_id:registry_official_roll_index:validation-f1:validation-e2,historical_c23_public_development_diagnostic,R0
-0.08780742436647415,registry_id,0.14923900365829468,0.872016966342926,c23-development:validation:registry_id:registry_official_roll_index:validation-f2:validation-e3,historical_c23_public_development_diagnostic,R0
0.12273446470499039,registry_id,0.04460148513317108,0.7661126255989075,c23-development:validation:registry_id:registry_official_roll_index:validation-f3:validation-e4,historical_c23_public_development_diagnostic,R0
0.12490534037351608,registry_id,0.14070147275924683,0.6678417921066284,c23-development:validation:registry_id:registry_official_roll_index:validation-f4:validation-e5,historical_c23_public_development_diagnostic,R0
0.11976241320371628,registry_id,0.20532459020614624,0.608361542224884,c23-development:validation:registry_id:registry_official_roll_index:validation-f5:validation-e0,historical_c23_public_development_diagnostic,R0
0.13663607835769653,registry_id,0.07604191452264786,0.7207705974578857,c23-development:validation:registry_id:registry_catalogue_accession:validation-f0:validation-e2,historical_c23_public_development_diagnostic,R0
0.29619985818862915,registry_id,0.1382012814283371,0.4990474283695221,c23-development:validation:registry_id:registry_catalogue_accession:validation-f1:validation-e3,historical_c23_public_development_diagnostic,R0
0.03250342234969139,registry_id,0.09366746991872787,0.8072776794433594,c23-development:validation:registry_id:registry_catalogue_accession:validation-f2:validation-e4,historical_c23_public_development_diagnostic,R0
0.21109701693058014,registry_id,0.029080217704176903,0.6932713389396667,c23-development:validation:registry_id:registry_catalogue_accession:validation-f3:validation-e5,historical_c23_public_development_diagnostic,R0
0.15677064657211304,registry_id,0.16999125480651855,0.6066866517066956,c23-development:validation:registry_id:registry_catalogue_accession:validation-f4:validation-e0,historical_c23_public_development_diagnostic,R0
0.2472274750471115,registry_id,0.14655998349189758,0.5396611094474792,c23-development:validation:registry_id:registry_catalogue_accession:validation-f5:validation-e1,historical_c23_public_development_diagnostic,R0
0.13520024716854095,registry_id,0.17298249900341034,0.6252658367156982,c23-development:validation:registry_id:registry_master_list_folio:validation-f0:validation-e3,historical_c23_public_development_diagnostic,R0
0.3677951693534851,registry_id,0.10749951750040054,0.4581538736820221,c23-development:validation:registry_id:registry_master_list_folio:validation-f1:validation-e4,historical_c23_public_development_diagnostic,R0
0.17826701700687408,registry_id,0.16261738538742065,0.5925641655921936,c23-development:validation:registry_id:registry_master_list_folio:validation-f2:validation-e5,historical_c23_public_development_diagnostic,R0
0.3307459056377411,registry_id,0.09265124052762985,0.510051429271698,c23-development:validation:registry_id:registry_master_list_folio:validation-f3:validation-e0,historical_c23_public_development_diagnostic,R0
0.28179964423179626,registry_id,0.18025633692741394,0.47139260172843933,c23-development:validation:registry_id:registry_master_list_folio:validation-f4:validation-e1,historical_c23_public_development_diagnostic,R0
0.26957568526268005,registry_id,0.18481074273586273,0.47906213998794556,c23-development:validation:registry_id:registry_master_list_folio:validation-f5:validation-e2,historical_c23_public_development_diagnostic,R0
0.029529383406043053,registry_id,0.35652315616607666,0.5473960638046265,c23-development:validation:registry_id:registry_subject_docket_reference:validation-f0:validation-e4,historical_c23_public_development_diagnostic,R0
0.261831670999527,registry_id,0.22878748178482056,0.442829430103302,c23-development:validation:registry_id:registry_subject_docket_reference:validation-f1:validation-e5,historical_c23_public_development_diagnostic,R0
-0.03584806248545647,registry_id,0.3748992681503296,0.5943973660469055,c23-development:validation:registry_id:registry_subject_docket_reference:validation-f2:validation-e0,historical_c23_public_development_diagnostic,R0
0.18014340102672577,registry_id,0.26266103982925415,0.4906441271305084,c23-development:validation:registry_id:registry_subject_docket_reference:validation-f3:validation-e1,historical_c23_public_development_diagnostic,R0
0.1574597805738449,registry_id,0.3487861752510071,0.42720261216163635,c23-development:validation:registry_id:registry_subject_docket_reference:validation-f4:validation-e2,historical_c23_public_development_diagnostic,R0
0.15774750709533691,city_code,0.3933655619621277,0.38233551383018494,c23-development:validation:registry_id:registry_subject_docket_reference:validation-f5:validation-e3,historical_c23_public_development_diagnostic,R0
0.06495092809200287,registry_id,0.2048364281654358,0.6636612415313721,c23-development:validation:registry_id:registry_official_listing_index:validation-f0:validation-e5,historical_c23_public_development_diagnostic,R0
0.2099541276693344,registry_id,0.16446280479431152,0.5590316653251648,c23-development:validation:registry_id:registry_official_listing_index:validation-f1:validation-e0,historical_c23_public_development_diagnostic,R0
-0.034509316086769104,registry_id,0.17340824007987976,0.7945496439933777,c23-development:validation:registry_id:registry_official_listing_index:validation-f2:validation-e1,historical_c23_public_development_diagnostic,R0
0.1305646151304245,registry_id,0.10746052861213684,0.695423424243927,c23-development:validation:registry_id:registry_official_listing_index:validation-f3:validation-e2,historical_c23_public_development_diagnostic,R0
0.1752932071685791,registry_id,0.20884136855602264,0.549314022064209,c23-development:validation:registry_id:registry_official_listing_index:validation-f4:validation-e3,historical_c23_public_development_diagnostic,R0
0.14086049795150757,registry_id,0.2765430808067322,0.5160449743270874,c23-development:validation:registry_id:registry_official_listing_index:validation-f5:validation-e4,historical_c23_public_development_diagnostic,R0
-0.01360221579670906,city_code,1.0385297536849976,-0.09147901833057404,c23-development:validation:city_code:city_named_municipality_code:validation-f0:validation-e1,historical_c23_public_development_diagnostic,R0
0.2778586447238922,city_code,0.8980547785758972,-0.2424648404121399,c23-development:validation:city_code:city_named_municipality_code:validation-f1:validation-e2,historical_c23_public_development_diagnostic,R0
-0.00257765781134367,city_code,0.9847694039344788,-0.048743195831775665,c23-development:validation:city_code:city_named_municipality_code:validation-f2:validation-e3,historical_c23_public_development_diagnostic,R0
0.0634990707039833,city_code,1.0407938957214355,-0.17084439098834991,c23-development:validation:city_code:city_named_municipality_code:validation-f3:validation-e4,historical_c23_public_development_diagnostic,R0
0.1653258055448532,city_code,0.9971188902854919,-0.22899609804153442,c23-development:validation:city_code:city_named_municipality_code:validation-f4:validation-e5,historical_c23_public_development_diagnostic,R0
0.07918623089790344,city_code,1.086907982826233,-0.23264561593532562,c23-development:validation:city_code:city_named_municipality_code:validation-f5:validation-e0,historical_c23_public_development_diagnostic,R0
0.05434008687734604,city_code,0.5700398087501526,0.3090686500072479,c23-development:validation:city_code:city_populated_place_identifier:validation-f0:validation-e2,historical_c23_public_development_diagnostic,R0
0.25061267614364624,city_code,0.4505552351474762,0.2322806417942047,c23-development:validation:city_code:city_populated_place_identifier:validation-f1:validation-e3,historical_c23_public_development_diagnostic,R0
0.0026835922617465258,city_code,0.5185313820838928,0.4122336208820343,c23-development:validation:city_code:city_populated_place_identifier:validation-f2:validation-e4,historical_c23_public_development_diagnostic,R0
0.18383023142814636,city_code,0.40482398867607117,0.3447943329811096,c23-development:validation:city_code:city_populated_place_identifier:validation-f3:validation-e5,historical_c23_public_development_diagnostic,R0
0.1767743080854416,city_code,0.5617876648902893,0.19488659501075745,c23-development:validation:city_code:city_populated_place_identifier:validation-f4:validation-e0,historical_c23_public_development_diagnostic,R0
0.14970281720161438,city_code,0.6101904511451721,0.17355528473854065,c23-development:validation:city_code:city_populated_place_identifier:validation-f5:validation-e1,historical_c23_public_development_diagnostic,R0
-0.12910901010036469,city_code,0.8690468668937683,0.19351069629192352,c23-development:validation:city_code:city_local_jurisdiction_number:validation-f0:validation-e3,historical_c23_public_development_diagnostic,R0
0.1121535673737526,city_code,0.7896480560302734,0.031646978110075,c23-development:validation:city_code:city_local_jurisdiction_number:validation-f1:validation-e4,historical_c23_public_development_diagnostic,R0
-0.22694720327854156,city_code,0.8338199257850647,0.3265758454799652,c23-development:validation:city_code:city_local_jurisdiction_number:validation-f2:validation-e5,historical_c23_public_development_diagnostic,R0
-0.017846638336777687,city_code,0.8496035933494568,0.10169163346290588,c23-development:validation:city_code:city_local_jurisdiction_number:validation-f3:validation-e0,historical_c23_public_development_diagnostic,R0
0.061523109674453735,city_code,0.8404551148414612,0.03147033229470253,c23-development:validation:city_code:city_local_jurisdiction_number:validation-f4:validation-e1,historical_c23_public_development_diagnostic,R0
-0.06305348128080368,city_code,0.9554839134216309,0.04101811349391937,c23-development:validation:city_code:city_local_jurisdiction_number:validation-f5:validation-e2,historical_c23_public_development_diagnostic,R0
-0.14273588359355927,city_code,1.0375949144363403,0.03858959302306175,c23-development:validation:city_code:city_administrative_area_id:validation-f0:validation-e4,historical_c23_public_development_diagnostic,R0
-0.020042533054947853,city_code,0.9826759099960327,-0.029184814542531967,c23-development:validation:city_code:city_administrative_area_id:validation-f1:validation-e5,historical_c23_public_development_diagnostic,R0
-0.2877642512321472,city_code,0.9782393574714661,0.24297349154949188,c23-development:validation:city_code:city_administrative_area_id:validation-f2:validation-e0,historical_c23_public_development_diagnostic,R0
-0.08205185830593109,city_code,0.9579702019691467,0.05753021314740181,c23-development:validation:city_code:city_administrative_area_id:validation-f3:validation-e1,historical_c23_public_development_diagnostic,R0
0.0025910786353051662,city_code,0.9899293184280396,-0.05907184258103371,c23-development:validation:city_code:city_administrative_area_id:validation-f4:validation-e2,historical_c23_public_development_diagnostic,R0
-0.03347453102469444,city_code,1.0556262731552124,-0.08870313316583633,c23-development:validation:city_code:city_administrative_area_id:validation-f5:validation-e3,historical_c23_public_development_diagnostic,R0
-0.21683423221111298,city_code,1.2081576585769653,-0.057874895632267,c23-development:validation:city_code:city_named_locality_code:validation-f0:validation-e5,historical_c23_public_development_diagnostic,R0
0.07855477929115295,city_code,1.026198387145996,-0.1713045984506607,c23-development:validation:city_code:city_named_locality_code:validation-f1:validation-e0,historical_c23_public_development_diagnostic,R0
-0.17702090740203857,city_code,1.172201156616211,-0.06173161789774895,c23-development:validation:city_code:city_named_locality_code:validation-f2:validation-e1,historical_c23_public_development_diagnostic,R0
-0.18291495740413666,city_code,1.2098833322525024,-0.09351984411478043,c23-development:validation:city_code:city_named_locality_code:validation-f3:validation-e2,historical_c23_public_development_diagnostic,R0
-0.08161649107933044,city_code,1.124477505683899,-0.10941249132156372,c23-development:validation:city_code:city_named_locality_code:validation-f4:validation-e3,historical_c23_public_development_diagnostic,R0
-0.19946934282779694,city_code,1.3187402486801147,-0.18582236766815186,c23-development:validation:city_code:city_named_locality_code:validation-f5:validation-e4,historical_c23_public_development_diagnostic,R0
-0.16129116714000702,city_code,1.092921495437622,0.001818233635276556,c23-development:validation:city_code:city_local_government_identifier:validation-f0:validation-e0,historical_c23_public_development_diagnostic,R0
0.15070492029190063,city_code,0.8776634931564331,-0.0949198305606842,c23-development:validation:city_code:city_local_government_identifier:validation-f1:validation-e1,historical_c23_public_development_diagnostic,R0
-0.18174682557582855,city_code,0.8821859955787659,0.23300941288471222,c23-development:validation:city_code:city_local_government_identifier:validation-f2:validation-e2,historical_c23_public_development_diagnostic,R0
-0.04614848643541336,city_code,0.9615561962127686,0.018040888011455536,c23-development:validation:city_code:city_local_government_identifier:validation-f3:validation-e3,historical_c23_public_development_diagnostic,R0
0.047980550676584244,city_code,0.9842672348022461,-0.0987992137670517,c23-development:validation:city_code:city_local_government_identifier:validation-f4:validation-e4,historical_c23_public_development_diagnostic,R0
-0.04408124089241028,city_code,1.143792986869812,-0.16626319289207458,c23-development:validation:city_code:city_local_government_identifier:validation-f5:validation-e5,historical_c23_public_development_diagnostic,R0
0.05345337092876434,city_code,1.155785322189331,-0.27579009532928467,c23-development:validation:city_code:city_town_geocode:validation-f0:validation-e1,historical_c23_public_development_diagnostic,R0
0.2595376968383789,city_code,0.9879459738731384,-0.3140351176261902,c23-development:validation:city_code:city_town_geocode:validation-f1:validation-e2,historical_c23_public_development_diagnostic,R0
0.07070989161729813,city_code,1.0618312358856201,-0.19909252226352692,c23-development:validation:city_code:city_town_geocode:validation-f2:validation-e3,historical_c23_public_development_diagnostic,R0
0.16167934238910675,city_code,1.1735987663269043,-0.4018295109272003,c23-development:validation:city_code:city_town_geocode:validation-f3:validation-e4,historical_c23_public_development_diagnostic,R0
0.163394957780838,city_code,1.0856977701187134,-0.31564411520957947,c23-development:validation:city_code:city_town_geocode:validation-f4:validation-e5,historical_c23_public_development_diagnostic,R0
0.12031475454568863,city_code,1.2546745538711548,-0.4415407180786133,c23-development:validation:city_code:city_town_geocode:validation-f5:validation-e0,historical_c23_public_development_diagnostic,R0
-0.22365398705005646,city_code,1.204572319984436,-0.04746976122260094,c23-development:validation:city_code:city_metropolitan_designation:validation-f0:validation-e2,historical_c23_public_development_diagnostic,R0
-0.007841271348297596,city_code,1.0017011165618896,-0.06041125953197479,c23-development:validation:city_code:city_metropolitan_designation:validation-f1:validation-e3,historical_c23_public_development_diagnostic,R0
-0.24590812623500824,city_code,1.0388962030410767,0.14046046137809753,c23-development:validation:city_code:city_metropolitan_designation:validation-f2:validation-e4,historical_c23_public_development_diagnostic,R0
-0.08113637566566467,city_code,1.0198320150375366,-0.005247080698609352,c23-development:validation:city_code:city_metropolitan_designation:validation-f3:validation-e5,historical_c23_public_development_diagnostic,R0
-0.07942458987236023,city_code,1.121820330619812,-0.10894712805747986,c23-development:validation:city_code:city_metropolitan_designation:validation-f4:validation-e0,historical_c23_public_development_diagnostic,R0
-0.1502024233341217,city_code,1.2581703662872314,-0.174519345164299,c23-development:validation:city_code:city_metropolitan_designation:validation-f5:validation-e1,historical_c23_public_development_diagnostic,R0
-0.19176584482192993,city_code,1.0166516304016113,0.10856282711029053,c23-development:validation:city_code:city_urban_district_number:validation-f0:validation-e3,historical_c23_public_development_diagnostic,R0
-0.016349244862794876,city_code,0.9332920908927917,0.016505751758813858,c23-development:validation:city_code:city_urban_district_number:validation-f1:validation-e4,historical_c23_public_development_diagnostic,R0
-0.26824527978897095,city_code,0.9643968343734741,0.23729699850082397,c23-development:validation:city_code:city_urban_district_number:validation-f2:validation-e5,historical_c23_public_development_diagnostic,R0
-0.11790372431278229,city_code,0.9423193335533142,0.10903294384479523,c23-development:validation:city_code:city_urban_district_number:validation-f3:validation-e0,historical_c23_public_development_diagnostic,R0
-0.05585169792175293,city_code,1.0091066360473633,-0.019806379452347755,c23-development:validation:city_code:city_urban_district_number:validation-f4:validation-e1,historical_c23_public_development_diagnostic,R0
-0.08402489870786667,city_code,1.1569851636886597,-0.13951173424720764,c23-development:validation:city_code:city_urban_district_number:validation-f5:validation-e2,historical_c23_public_development_diagnostic,R0
-0.06170716881752014,city_code,0.6417179107666016,0.3534378409385681,c23-development:validation:city_code:city_civic_region_label:validation-f0:validation-e4,historical_c23_public_development_diagnostic,R0
0.07772123068571091,city_code,0.5884962677955627,0.2672310769557953,c23-development:validation:city_code:city_civic_region_label:validation-f1:validation-e5,historical_c23_public_development_diagnostic,R0
-0.16720767319202423,city_code,0.658332884311676,0.44232332706451416,c23-development:validation:city_code:city_civic_region_label:validation-f2:validation-e0,historical_c23_public_development_diagnostic,R0
-0.00025110418209806085,city_code,0.5975343585014343,0.33616530895233154,c23-development:validation:city_code:city_civic_region_label:validation-f3:validation-e1,historical_c23_public_development_diagnostic,R0
0.08013608306646347,city_code,0.6702204942703247,0.18309198319911957,c23-development:validation:city_code:city_civic_region_label:validation-f4:validation-e2,historical_c23_public_development_diagnostic,R0
-0.020469922572374344,city_code,0.8012218475341797,0.1526966243982315,c23-development:validation:city_code:city_civic_region_label:validation-f5:validation-e3,historical_c23_public_development_diagnostic,R0
0.040772948414087296,city_code,1.1171118021011353,-0.22443613409996033,c23-development:validation:city_code:city_town_place_code:validation-f0:validation-e5,historical_c23_public_development_diagnostic,R0
0.2126501053571701,city_code,1.0168898105621338,-0.29609134793281555,c23-development:validation:city_code:city_town_place_code:validation-f1:validation-e0,historical_c23_public_development_diagnostic,R0
-0.007965078577399254,city_code,1.0434792041778564,-0.10206558555364609,c23-development:validation:city_code:city_town_place_code:validation-f2:validation-e1,historical_c23_public_development_diagnostic,R0
0.06555958837270737,city_code,1.0530245304107666,-0.1851355880498886,c23-development:validation:city_code:city_town_place_code:validation-f3:validation-e2,historical_c23_public_development_diagnostic,R0
0.1431248039007187,city_code,1.0402621030807495,-0.24993830919265747,c23-development:validation:city_code:city_town_place_code:validation-f4:validation-e3,historical_c23_public_development_diagnostic,R0
0.13651098310947418,city_code,1.1875090599060059,-0.3905714452266693,c23-development:validation:city_code:city_town_place_code:validation-f5:validation-e4,historical_c23_public_development_diagnostic,R0
0.00666056526824832,city_code,0.9484025835990906,-0.021614594385027885,c23-development:validation:city_code:city_community_area_identifier:validation-f0:validation-e0,historical_c23_public_development_diagnostic,R0
0.22077323496341705,city_code,0.8144370317459106,-0.10176169872283936,c23-development:validation:city_code:city_community_area_identifier:validation-f1:validation-e1,historical_c23_public_development_diagnostic,R0
-0.04150886833667755,city_code,0.7704814076423645,0.20447604358196259,c23-development:validation:city_code:city_community_area_identifier:validation-f2:validation-e2,historical_c23_public_development_diagnostic,R0
0.14675553143024445,city_code,0.8495195508003235,-0.0628264844417572,c23-development:validation:city_code:city_community_area_identifier:validation-f3:validation-e3,historical_c23_public_development_diagnostic,R0
0.18158718943595886,city_code,0.8599970936775208,-0.10813572257757187,c23-development:validation:city_code:city_community_area_identifier:validation-f4:validation-e4,historical_c23_public_development_diagnostic,R0
0.14193221926689148,city_code,0.979556679725647,-0.18804030120372772,c23-development:validation:city_code:city_community_area_identifier:validation-f5:validation-e5,historical_c23_public_development_diagnostic,R0
0.980453372001648,access_code,0.016238832846283913,-0.06324363499879837,c23-development:validation:access_code:access_required_credential:validation-f0:validation-e2,historical_c23_public_development_diagnostic,R0
1.0332571268081665,access_code,-0.005582886282354593,-0.09422565996646881,c23-development:validation:access_code:access_required_credential:validation-f1:validation-e3,historical_c23_public_development_diagnostic,R0
0.7683819532394409,access_code,0.04470542445778847,0.12036120891571045,c23-development:validation:access_code:access_required_credential:validation-f2:validation-e4,historical_c23_public_development_diagnostic,R0
1.0060139894485474,access_code,-0.03544187545776367,-0.03712349757552147,c23-development:validation:access_code:access_required_credential:validation-f3:validation-e5,historical_c23_public_development_diagnostic,R0
0.9856733083724976,access_code,0.01958581432700157,-0.07181056588888168,c23-development:validation:access_code:access_required_credential:validation-f4:validation-e0,historical_c23_public_development_diagnostic,R0
1.0813199281692505,access_code,0.013347722589969635,-0.1612190455198288,c23-development:validation:access_code:access_required_credential:validation-f5:validation-e1,historical_c23_public_development_diagnostic,R0
1.0192910432815552,access_code,-0.08973628282546997,0.003893762594088912,c23-development:validation:access_code:access_protected_account_password:validation-f0:validation-e3,historical_c23_public_development_diagnostic,R0
1.1096317768096924,access_code,-0.06956008821725845,-0.10662305355072021,c23-development:validation:access_code:access_protected_account_password:validation-f1:validation-e4,historical_c23_public_development_diagnostic,R0
0.8824160099029541,access_code,-0.06757401674985886,0.1186065673828125,c23-development:validation:access_code:access_protected_account_password:validation-f2:validation-e5,historical_c23_public_development_diagnostic,R0
1.1048606634140015,access_code,-0.12723900377750397,-0.04417308419942856,c23-development:validation:access_code:access_protected_account_password:validation-f3:validation-e0,historical_c23_public_development_diagnostic,R0
1.0203059911727905,access_code,-0.057861849665641785,-0.028995614498853683,c23-development:validation:access_code:access_protected_account_password:validation-f4:validation-e1,historical_c23_public_development_diagnostic,R0
1.2213575839996338,access_code,-0.038296863436698914,-0.24961219727993011,c23-development:validation:access_code:access_protected_account_password:validation-f5:validation-e2,historical_c23_public_development_diagnostic,R0
1.2911783456802368,access_code,-0.05111602321267128,-0.3066138029098511,c23-development:validation:access_code:access_service_unlock_passcode:validation-f0:validation-e4,historical_c23_public_development_diagnostic,R0
1.4050471782684326,access_code,-0.06438665837049484,-0.40721192955970764,c23-development:validation:access_code:access_service_unlock_passcode:validation-f1:validation-e5,historical_c23_public_development_diagnostic,R0
1.1862659454345703,access_code,-0.003904713084921241,-0.24891264736652374,c23-development:validation:access_code:access_service_unlock_passcode:validation-f2:validation-e0,historical_c23_public_development_diagnostic,R0
1.4156051874160767,access_code,-0.017157817259430885,-0.46499884128570557,c23-development:validation:access_code:access_service_unlock_passcode:validation-f3:validation-e1,historical_c23_public_development_diagnostic,R0
1.3911703824996948,access_code,-0.04455922544002533,-0.41316255927085876,c23-development:validation:access_code:access_service_unlock_passcode:validation-f4:validation-e2,historical_c23_public_development_diagnostic,R0
1.4976937770843506,access_code,-0.0070146843791007996,-0.5572304725646973,c23-development:validation:access_code:access_service_unlock_passcode:validation-f5:validation-e3,historical_c23_public_development_diagnostic,R0
0.5773895978927612,access_code,0.1163124218583107,0.239746555685997,c23-development:validation:access_code:access_subject_signon_secret:validation-f0:validation-e5,historical_c23_public_development_diagnostic,R0
0.7603458166122437,access_code,0.053463906049728394,0.1196388378739357,c23-development:validation:access_code:access_subject_signon_secret:validation-f1:validation-e0,historical_c23_public_development_diagnostic,R0
0.4884029030799866,access_code,0.08699379861354828,0.3580518662929535,c23-development:validation:access_code:access_subject_signon_secret:validation-f2:validation-e1,historical_c23_public_development_diagnostic,R0
0.7061809301376343,access_code,-0.023745588958263397,0.25101324915885925,c23-development:validation:access_code:access_subject_signon_secret:validation-f3:validation-e2,historical_c23_public_development_diagnostic,R0
0.7234454154968262,access_code,0.08894328773021698,0.121059849858284,c23-development:validation:access_code:access_subject_signon_secret:validation-f4:validation-e3,historical_c23_public_development_diagnostic,R0
0.7155380845069885,access_code,0.18677186965942383,0.03113863617181778,c23-development:validation:access_code:access_subject_signon_secret:validation-f5:validation-e4,historical_c23_public_development_diagnostic,R0
0.8727608323097229,access_code,0.17110155522823334,-0.1104138121008873,c23-development:validation:access_code:access_resource_authentication_secret:validation-f0:validation-e0,historical_c23_public_development_diagnostic,R0
0.9592117071151733,access_code,0.128835529088974,-0.1545986384153366,c23-development:validation:access_code:access_resource_authentication_secret:validation-f1:validation-e1,historical_c23_public_development_diagnostic,R0
0.7315860390663147,access_code,0.18462951481342316,0.017233015969395638,c23-development:validation:access_code:access_resource_authentication_secret:validation-f2:validation-e2,historical_c23_public_development_diagnostic,R0
0.9787425398826599,access_code,0.12587301433086395,-0.17116700112819672,c23-development:validation:access_code:access_resource_authentication_secret:validation-f3:validation-e3,historical_c23_public_development_diagnostic,R0
0.8555238246917725,access_code,0.18859803676605225,-0.11067327857017517,c23-development:validation:access_code:access_resource_authentication_secret:validation-f4:validation-e4,historical_c23_public_development_diagnostic,R0
1.0114136934280396,access_code,0.2199244350194931,-0.2978895306587219,c23-development:validation:access_code:access_resource_authentication_secret:validation-f5:validation-e5,historical_c23_public_development_diagnostic,R0
0.626681387424469,access_code,0.13770726323127747,0.16905991733074188,c23-development:validation:access_code:access_lock_screen_code:validation-f0:validation-e1,historical_c23_public_development_diagnostic,R0
0.7562701106071472,access_code,0.08712080866098404,0.09005763381719589,c23-development:validation:access_code:access_lock_screen_code:validation-f1:validation-e2,historical_c23_public_development_diagnostic,R0
0.5228456258773804,access_code,0.16311348974704742,0.24748943746089935,c23-development:validation:access_code:access_lock_screen_code:validation-f2:validation-e3,historical_c23_public_development_diagnostic,R0
0.7289815545082092,access_code,0.13823843002319336,0.06622859090566635,c23-development:validation:access_code:access_lock_screen_code:validation-f3:validation-e4,historical_c23_public_development_diagnostic,R0
0.7113485932350159,access_code,0.1482866108417511,0.07381337881088257,c23-development:validation:access_code:access_lock_screen_code:validation-f4:validation-e5,historical_c23_public_development_diagnostic,R0
0.7214388251304626,access_code,0.17176158726215363,0.040248170495033264,c23-development:validation:access_code:access_lock_screen_code:validation-f5:validation-e0,historical_c23_public_development_diagnostic,R0
0.5194434523582458,access_code,0.22968648374080658,0.1843186318874359,c23-development:validation:access_code:access_secure_gate_pin:validation-f0:validation-e2,historical_c23_public_development_diagnostic,R0
0.6384918689727783,access_code,0.19797773659229279,0.09697896987199783,c23-development:validation:access_code:access_secure_gate_pin:validation-f1:validation-e3,historical_c23_public_development_diagnostic,R0
0.4073183834552765,access_code,0.28067201375961304,0.24545815587043762,c23-development:validation:access_code:access_secure_gate_pin:validation-f2:validation-e4,historical_c23_public_development_diagnostic,R0
0.6067891120910645,access_code,0.18777215480804443,0.13888730108737946,c23-development:validation:access_code:access_secure_gate_pin:validation-f3:validation-e5,historical_c23_public_development_diagnostic,R0
0.6331543326377869,access_code,0.21057333052158356,0.08972091972827911,c23-development:validation:access_code:access_secure_gate_pin:validation-f4:validation-e0,historical_c23_public_development_diagnostic,R0
0.6490043997764587,access_code,0.26527613401412964,0.01916802115738392,c23-development:validation:access_code:access_secure_gate_pin:validation-f5:validation-e1,historical_c23_public_development_diagnostic,R0
0.8208916187286377,access_code,0.07373315095901489,0.03882377967238426,c23-development:validation:access_code:access_resource_unlock_combination:validation-f0:validation-e3,historical_c23_public_development_diagnostic,R0
0.9185439944267273,access_code,0.0009825864108279347,0.013921970501542091,c23-development:validation:access_code:access_resource_unlock_combination:validation-f1:validation-e4,historical_c23_public_development_diagnostic,R0
0.7087870240211487,access_code,0.09854573756456375,0.1261158138513565,c23-development:validation:access_code:access_resource_unlock_combination:validation-f2:validation-e5,historical_c23_public_development_diagnostic,R0
0.929461658000946,access_code,-0.013506929390132427,0.01749381609261036,c23-development:validation:access_code:access_resource_unlock_combination:validation-f3:validation-e0,historical_c23_public_development_diagnostic,R0
0.8202307820320129,access_code,0.09848354756832123,0.014734216034412384,c23-development:validation:access_code:access_resource_unlock_combination:validation-f4:validation-e1,historical_c23_public_development_diagnostic,R0
0.9271122813224792,access_code,0.05593114718794823,-0.04959484934806824,c23-development:validation:access_code:access_resource_unlock_combination:validation-f5:validation-e2,historical_c23_public_development_diagnostic,R0
0.8833307027816772,access_code,-0.07263630628585815,0.12275417894124985,c23-development:validation:access_code:access_account_keyphrase:validation-f0:validation-e4,historical_c23_public_development_diagnostic,R0
0.9995027780532837,access_code,-0.08594014495611191,0.019885927438735962,c23-development:validation:access_code:access_account_keyphrase:validation-f1:validation-e5,historical_c23_public_development_diagnostic,R0
0.7525307536125183,access_code,-0.06491796672344208,0.2458358108997345,c23-development:validation:access_code:access_account_keyphrase:validation-f2:validation-e0,historical_c23_public_development_diagnostic,R0
0.9159875512123108,access_code,-0.08366315811872482,0.10112417489290237,c23-development:validation:access_code:access_account_keyphrase:validation-f3:validation-e1,historical_c23_public_development_diagnostic,R0
0.9391028881072998,access_code,-0.040252864360809326,0.034598566591739655,c23-development:validation:access_code:access_account_keyphrase:validation-f4:validation-e2,historical_c23_public_development_diagnostic,R0
0.9737464785575867,access_code,-0.0055432808585464954,-0.034754637628793716,c23-development:validation:access_code:access_account_keyphrase:validation-f5:validation-e3,historical_c23_public_development_diagnostic,R0
0.7097427845001221,access_code,0.13700520992279053,0.08670058846473694,c23-development:validation:access_code:access_secured_area_keypad_sequence:validation-f0:validation-e5,historical_c23_public_development_diagnostic,R0
0.7931157946586609,access_code,0.10730301588773727,0.03302977234125137,c23-development:validation:access_code:access_secured_area_keypad_sequence:validation-f1:validation-e0,historical_c23_public_development_diagnostic,R0
0.5897775888442993,access_code,0.15987010300159454,0.1838008612394333,c23-development:validation:access_code:access_secured_area_keypad_sequence:validation-f2:validation-e1,historical_c23_public_development_diagnostic,R0
0.7855133414268494,access_code,0.1186712309718132,0.029264014214277267,c23-development:validation:access_code:access_secured_area_keypad_sequence:validation-f3:validation-e2,historical_c23_public_development_diagnostic,R0
0.7633941173553467,access_code,0.16856393218040466,0.001490547088906169,c23-development:validation:access_code:access_secured_area_keypad_sequence:validation-f4:validation-e3,historical_c23_public_development_diagnostic,R0
0.7934648990631104,access_code,0.21062102913856506,-0.07063735276460648,c23-development:validation:access_code:access_secured_area_keypad_sequence:validation-f5:validation-e4,historical_c23_public_development_diagnostic,R0
0.8006677031517029,access_code,0.21184822916984558,-0.07906737923622131,c23-development:validation:access_code:access_lock_bearer_secret:validation-f0:validation-e0,historical_c23_public_development_diagnostic,R0
0.9198126196861267,access_code,0.1288023293018341,-0.11516637355089188,c23-development:validation:access_code:access_lock_bearer_secret:validation-f1:validation-e1,historical_c23_public_development_diagnostic,R0
0.6682671308517456,access_code,0.18956786394119263,0.07561355829238892,c23-development:validation:access_code:access_lock_bearer_secret:validation-f2:validation-e2,historical_c23_public_development_diagnostic,R0
0.936704695224762,access_code,0.108945831656456,-0.11220194399356842,c23-development:validation:access_code:access_lock_bearer_secret:validation-f3:validation-e3,historical_c23_public_development_diagnostic,R0
0.8454061150550842,access_code,0.19224107265472412,-0.1041986346244812,c23-development:validation:access_code:access_lock_bearer_secret:validation-f4:validation-e4,historical_c23_public_development_diagnostic,R0
0.9406026005744934,access_code,0.2053857445716858,-0.21253976225852966,c23-development:validation:access_code:access_lock_bearer_secret:validation-f5:validation-e5,historical_c23_public_development_diagnostic,R0
0.5573009848594666,access_code,0.18168778717517853,0.19445979595184326,c23-development:validation:access_code:access_service_challenge_response:validation-f0:validation-e1,historical_c23_public_development_diagnostic,R0
0.677277684211731,access_code,0.09717542678117752,0.15899546444416046,c23-development:validation:access_code:access_service_challenge_response:validation-f1:validation-e2,historical_c23_public_development_diagnostic,R0
0.4488532245159149,access_code,0.19948872923851013,0.2851066291332245,c23-development:validation:access_code:access_service_challenge_response:validation-f2:validation-e3,historical_c23_public_development_diagnostic,R0
0.6574899554252625,access_code,0.14729011058807373,0.12866848707199097,c23-development:validation:access_code:access_service_challenge_response:validation-f3:validation-e4,historical_c23_public_development_diagnostic,R0
0.618018388748169,access_code,0.1729772984981537,0.1424528807401657,c23-development:validation:access_code:access_service_challenge_response:validation-f4:validation-e5,historical_c23_public_development_diagnostic,R0
0.6732655763626099,access_code,0.19653348624706268,0.06364952027797699,c23-development:validation:access_code:access_service_challenge_response:validation-f5:validation-e0,historical_c23_public_development_diagnostic,R0
0.15147580206394196,registry_id,0.33771947026252747,0.4442532956600189,c23-development:reject:ambiguous:ambiguous_identifier:validation-f0:validation-e0,historical_c23_public_development_diagnostic,R0
0.46271249651908875,access_code,0.2025585025548935,0.2681775987148285,c23-development:reject:ambiguous:ambiguous_identifier:validation-f1:validation-e1,historical_c23_public_development_diagnostic,R0
0.09953414648771286,registry_id,0.2829897701740265,0.5509246587753296,c23-development:reject:ambiguous:ambiguous_identifier:validation-f2:validation-e2,historical_c23_public_development_diagnostic,R0
0.34274154901504517,registry_id,0.20663653314113617,0.3840705156326294,c23-development:reject:ambiguous:ambiguous_identifier:validation-f3:validation-e3,historical_c23_public_development_diagnostic,R0
0.33486437797546387,access_code,0.304176926612854,0.29440727829933167,c23-development:reject:ambiguous:ambiguous_identifier:validation-f4:validation-e4,historical_c23_public_development_diagnostic,R0
0.4123081862926483,access_code,0.33934199810028076,0.18179839849472046,c23-development:reject:ambiguous:ambiguous_identifier:validation-f5:validation-e5,historical_c23_public_development_diagnostic,R0
0.09265562891960144,registry_id,0.3734264373779297,0.467366486787796,c23-development:reject:ambiguous:ambiguous_reference_number:validation-f0:validation-e1,historical_c23_public_development_diagnostic,R0
0.2973061800003052,registry_id,0.3083212673664093,0.32782110571861267,c23-development:reject:ambiguous:ambiguous_reference_number:validation-f1:validation-e2,historical_c23_public_development_diagnostic,R0
0.017211252823472023,registry_id,0.3794156014919281,0.536821722984314,c23-development:reject:ambiguous:ambiguous_reference_number:validation-f2:validation-e3,historical_c23_public_development_diagnostic,R0
0.20084506273269653,registry_id,0.2906797230243683,0.44192376732826233,c23-development:reject:ambiguous:ambiguous_reference_number:validation-f3:validation-e4,historical_c23_public_development_diagnostic,R0
0.2252320647239685,city_code,0.3761923313140869,0.33202415704727173,c23-development:reject:ambiguous:ambiguous_reference_number:validation-f4:validation-e5,historical_c23_public_development_diagnostic,R0
0.24201226234436035,city_code,0.4544351398944855,0.2370011806488037,c23-development:reject:ambiguous:ambiguous_reference_number:validation-f5:validation-e0,historical_c23_public_development_diagnostic,R0
0.11773647367954254,registry_id,0.2688586115837097,0.5468534827232361,c23-development:reject:ambiguous:ambiguous_assigned_code:validation-f0:validation-e2,historical_c23_public_development_diagnostic,R0
0.3954092264175415,access_code,0.20529547333717346,0.3327438533306122,c23-development:reject:ambiguous:ambiguous_assigned_code:validation-f1:validation-e3,historical_c23_public_development_diagnostic,R0
0.11172570288181305,registry_id,0.26059404015541077,0.5611288547515869,c23-development:reject:ambiguous:ambiguous_assigned_code:validation-f2:validation-e4,historical_c23_public_development_diagnostic,R0
0.3072876036167145,registry_id,0.17141008377075195,0.4547508955001831,c23-development:reject:ambiguous:ambiguous_assigned_code:validation-f3:validation-e5,historical_c23_public_development_diagnostic,R0
0.2847939431667328,registry_id,0.2753601372241974,0.37329450249671936,c23-development:reject:ambiguous:ambiguous_assigned_code:validation-f4:validation-e0,historical_c23_public_development_diagnostic,R0
0.29426109790802,city_code,0.34027016162872314,0.298917293548584,c23-development:reject:ambiguous:ambiguous_assigned_code:validation-f5:validation-e1,historical_c23_public_development_diagnostic,R0
0.6625037789344788,access_code,0.19805698096752167,0.07288777828216553,c23-development:reject:ambiguous:ambiguous_profile_key:validation-f0:validation-e3,historical_c23_public_development_diagnostic,R0
0.6753711700439453,access_code,0.17933768033981323,0.07873973250389099,c23-development:reject:ambiguous:ambiguous_profile_key:validation-f1:validation-e4,historical_c23_public_development_diagnostic,R0
0.5096167325973511,access_code,0.2243896871805191,0.19944214820861816,c23-development:reject:ambiguous:ambiguous_profile_key:validation-f2:validation-e5,historical_c23_public_development_diagnostic,R0
0.735470712184906,access_code,0.13913458585739136,0.05884324759244919,c23-development:reject:ambiguous:ambiguous_profile_key:validation-f3:validation-e0,historical_c23_public_development_diagnostic,R0
0.5903759598731995,access_code,0.1887771636247635,0.15429545938968658,c23-development:reject:ambiguous:ambiguous_profile_key:validation-f4:validation-e1,historical_c23_public_development_diagnostic,R0
0.8154276013374329,access_code,0.22356462478637695,-0.10554367303848267,c23-development:reject:ambiguous:ambiguous_profile_key:validation-f5:validation-e2,historical_c23_public_development_diagnostic,R0
0.028137413784861565,registry_id,-0.07699382305145264,0.9823049902915955,c23-development:reject:ambiguous:ambiguous_record_value:validation-f0:validation-e4,historical_c23_public_development_diagnostic,R0
0.288338840007782,registry_id,-0.0696108341217041,0.7147205471992493,c23-development:reject:ambiguous:ambiguous_record_value:validation-f1:validation-e5,historical_c23_public_development_diagnostic,R0
-0.10129084438085556,registry_id,0.009043959900736809,1.0256954431533813,c23-development:reject:ambiguous:ambiguous_record_value:validation-f2:validation-e0,historical_c23_public_development_diagnostic,R0
0.0884702205657959,registry_id,-0.1902785301208496,1.0352568626403809,c23-development:reject:ambiguous:ambiguous_record_value:validation-f3:validation-e1,historical_c23_public_development_diagnostic,R0
0.1299477070569992,registry_id,0.06746775656938553,0.7360330820083618,c23-development:reject:ambiguous:ambiguous_record_value:validation-f4:validation-e2,historical_c23_public_development_diagnostic,R0
0.18607690930366516,registry_id,-0.025251949205994606,0.772623598575592,c23-development:reject:ambiguous:ambiguous_record_value:validation-f5:validation-e3,historical_c23_public_development_diagnostic,R0
0.22831608355045319,registry_id,0.15275372564792633,0.55237877368927,c23-development:reject:ambiguous:ambiguous_account_number:validation-f0:validation-e5,historical_c23_public_development_diagnostic,R0
0.33345726132392883,registry_id,0.17968331277370453,0.42030802369117737,c23-development:reject:ambiguous:ambiguous_account_number:validation-f1:validation-e0,historical_c23_public_development_diagnostic,R0
0.039554446935653687,registry_id,0.22355085611343384,0.670343279838562,c23-development:reject:ambiguous:ambiguous_account_number:validation-f2:validation-e1,historical_c23_public_development_diagnostic,R0
0.2346695363521576,registry_id,0.098167784512043,0.6006112694740295,c23-development:reject:ambiguous:ambiguous_account_number:validation-f3:validation-e2,historical_c23_public_development_diagnostic,R0
0.317741334438324,registry_id,0.19077083468437195,0.4249364137649536,c23-development:reject:ambiguous:ambiguous_account_number:validation-f4:validation-e3,historical_c23_public_development_diagnostic,R0
0.4303221106529236,access_code,0.218412846326828,0.28471359610557556,c23-development:reject:ambiguous:ambiguous_account_number:validation-f5:validation-e4,historical_c23_public_development_diagnostic,R0
0.3013424277305603,registry_id,0.16544921696186066,0.4666569232940674,c23-development:reject:ambiguous:ambiguous_internal_tag:validation-f0:validation-e0,historical_c23_public_development_diagnostic,R0
0.45487964153289795,access_code,0.11976981163024902,0.35879912972450256,c23-development:reject:ambiguous:ambiguous_internal_tag:validation-f1:validation-e1,historical_c23_public_development_diagnostic,R0
0.2039145529270172,registry_id,0.24170538783073425,0.48782864212989807,c23-development:reject:ambiguous:ambiguous_internal_tag:validation-f2:validation-e2,historical_c23_public_development_diagnostic,R0
0.42243555188179016,access_code,0.15029224753379822,0.36072078347206116,c23-development:reject:ambiguous:ambiguous_internal_tag:validation-f3:validation-e3,historical_c23_public_development_diagnostic,R0
0.3995122015476227,access_code,0.20511534810066223,0.3288210332393646,c23-development:reject:ambiguous:ambiguous_internal_tag:validation-f4:validation-e4,historical_c23_public_development_diagnostic,R0
0.45375311374664307,access_code,0.2223905473947525,0.2573049068450928,c23-development:reject:ambiguous:ambiguous_internal_tag:validation-f5:validation-e5,historical_c23_public_development_diagnostic,R0
0.4794500172138214,access_code,0.1306982785463333,0.3233002722263336,c23-development:reject:ambiguous:ambiguous_service_code:validation-f0:validation-e1,historical_c23_public_development_diagnostic,R0
0.6302459239959717,access_code,0.16934563219547272,0.13385704159736633,c23-development:reject:ambiguous:ambiguous_service_code:validation-f1:validation-e2,historical_c23_public_development_diagnostic,R0
0.36236050724983215,access_code,0.23883755505084991,0.3322505056858063,c23-development:reject:ambiguous:ambiguous_service_code:validation-f2:validation-e3,historical_c23_public_development_diagnostic,R0
0.5838177800178528,access_code,0.10600592941045761,0.24362485110759735,c23-development:reject:ambiguous:ambiguous_service_code:validation-f3:validation-e4,historical_c23_public_development_diagnostic,R0
0.5303901433944702,access_code,0.2015855461359024,0.2014729082584381,c23-development:reject:ambiguous:ambiguous_service_code:validation-f4:validation-e5,historical_c23_public_development_diagnostic,R0
0.6743779182434082,access_code,0.21949942409992218,0.039571210741996765,c23-development:reject:ambiguous:ambiguous_service_code:validation-f5:validation-e0,historical_c23_public_development_diagnostic,R0
0.17431668937206268,registry_id,0.31065288186073303,0.4484789967536926,c23-development:reject:ambiguous:ambiguous_subject_marker:validation-f0:validation-e2,historical_c23_public_development_diagnostic,R0
0.3575376272201538,access_code,0.24256014823913574,0.33335080742836,c23-development:reject:ambiguous:ambiguous_subject_marker:validation-f1:validation-e3,historical_c23_public_development_diagnostic,R0
0.08452059328556061,registry_id,0.30665501952171326,0.5422729849815369,c23-development:reject:ambiguous:ambiguous_subject_marker:validation-f2:validation-e4,historical_c23_public_development_diagnostic,R0
0.3099285364151001,registry_id,0.23615746200084686,0.38736259937286377,c23-development:reject:ambiguous:ambiguous_subject_marker:validation-f3:validation-e5,historical_c23_public_development_diagnostic,R0
0.26858457922935486,registry_id,0.3212154507637024,0.3436485826969147,c23-development:reject:ambiguous:ambiguous_subject_marker:validation-f4:validation-e0,historical_c23_public_development_diagnostic,R0
0.29570162296295166,city_code,0.4094492793083191,0.2282976657152176,c23-development:reject:ambiguous:ambiguous_subject_marker:validation-f5:validation-e1,historical_c23_public_development_diagnostic,R0
0.5236570239067078,access_code,0.19387152791023254,0.21592003107070923,c23-development:reject:ambiguous:ambiguous_database_key:validation-f0:validation-e3,historical_c23_public_development_diagnostic,R0
0.6304459571838379,access_code,0.1685323268175125,0.13447028398513794,c23-development:reject:ambiguous:ambiguous_database_key:validation-f1:validation-e4,historical_c23_public_development_diagnostic,R0
0.34669408202171326,access_code,0.25554710626602173,0.33120736479759216,c23-development:reject:ambiguous:ambiguous_database_key:validation-f2:validation-e5,historical_c23_public_development_diagnostic,R0
0.6048026084899902,access_code,0.10664954036474228,0.22199644148349762,c23-development:reject:ambiguous:ambiguous_database_key:validation-f3:validation-e0,historical_c23_public_development_diagnostic,R0
0.5213865637779236,access_code,0.20230962336063385,0.2097524255514145,c23-development:reject:ambiguous:ambiguous_database_key:validation-f4:validation-e1,historical_c23_public_development_diagnostic,R0
0.7570121884346008,access_code,0.23811668157577515,-0.06168031319975853,c23-development:reject:ambiguous:ambiguous_database_key:validation-f5:validation-e2,historical_c23_public_development_diagnostic,R0
0.481624573469162,access_code,0.1428450644016266,0.3089789152145386,c23-development:reject:ambiguous:ambiguous_lookup_handle:validation-f0:validation-e4,historical_c23_public_development_diagnostic,R0
0.6797068119049072,access_code,0.08551006019115448,0.16823169589042664,c23-development:reject:ambiguous:ambiguous_lookup_handle:validation-f1:validation-e5,historical_c23_public_development_diagnostic,R0
0.4078330397605896,access_code,0.21732789278030396,0.3082876205444336,c23-development:reject:ambiguous:ambiguous_lookup_handle:validation-f2:validation-e0,historical_c23_public_development_diagnostic,R0
0.4754731059074402,access_code,0.13585242629051208,0.3221230208873749,c23-development:reject:ambiguous:ambiguous_lookup_handle:validation-f3:validation-e1,historical_c23_public_development_diagnostic,R0
0.6070665121078491,access_code,0.1864883154630661,0.1398937702178955,c23-development:reject:ambiguous:ambiguous_lookup_handle:validation-f4:validation-e2,historical_c23_public_development_diagnostic,R0
0.6462339758872986,access_code,0.19242559373378754,0.09478898346424103,c23-development:reject:ambiguous:ambiguous_lookup_handle:validation-f5:validation-e3,historical_c23_public_development_diagnostic,R0
0.27426886558532715,registry_id,0.11362267285585403,0.5455570220947266,c23-development:reject:ambiguous:ambiguous_verification_value:validation-f0:validation-e5,historical_c23_public_development_diagnostic,R0
0.46869656443595886,access_code,0.06723980605602264,0.3975122272968292,c23-development:reject:ambiguous:ambiguous_verification_value:validation-f1:validation-e0,historical_c23_public_development_diagnostic,R0
0.14064675569534302,registry_id,0.18103936314582825,0.6117624640464783,c23-development:reject:ambiguous:ambiguous_verification_value:validation-f2:validation-e1,historical_c23_public_development_diagnostic,R0
0.36371955275535583,registry_id,0.0588567778468132,0.5108722448348999,c23-development:reject:ambiguous:ambiguous_verification_value:validation-f3:validation-e2,historical_c23_public_development_diagnostic,R0
0.4033215641975403,access_code,0.1495615690946579,0.38056546449661255,c23-development:reject:ambiguous:ambiguous_verification_value:validation-f4:validation-e3,historical_c23_public_development_diagnostic,R0
0.4255801737308502,access_code,0.17550618946552277,0.33236220479011536,c23-development:reject:ambiguous:ambiguous_verification_value:validation-f5:validation-e4,historical_c23_public_development_diagnostic,R0
0.1410568505525589,registry_id,0.19826599955558777,0.5941257476806641,c23-development:reject:unrelated:unrelated_birth_date:validation-f0:validation-e0,historical_c23_public_development_diagnostic,R0
0.31385329365730286,registry_id,0.09398123621940613,0.5256140828132629,c23-development:reject:unrelated:unrelated_birth_date:validation-f1:validation-e1,historical_c23_public_development_diagnostic,R0
0.08011876046657562,registry_id,0.11940638720989227,0.7339234352111816,c23-development:reject:unrelated:unrelated_birth_date:validation-f2:validation-e2,historical_c23_public_development_diagnostic,R0
0.3024207353591919,registry_id,0.05721801519393921,0.573809802532196,c23-development:reject:unrelated:unrelated_birth_date:validation-f3:validation-e3,historical_c23_public_development_diagnostic,R0
0.2046194225549698,registry_id,0.2043803483247757,0.524448812007904,c23-development:reject:unrelated:unrelated_birth_date:validation-f4:validation-e4,historical_c23_public_development_diagnostic,R0
0.30875012278556824,registry_id,0.2579355835914612,0.36676284670829773,c23-development:reject:unrelated:unrelated_birth_date:validation-f5:validation-e5,historical_c23_public_development_diagnostic,R0
0.23542383313179016,registry_id,0.2744078040122986,0.4236169457435608,c23-development:reject:unrelated:unrelated_contact_email:validation-f0:validation-e1,historical_c23_public_development_diagnostic,R0
0.37714120745658875,access_code,0.29325079917907715,0.26305657625198364,c23-development:reject:unrelated:unrelated_contact_email:validation-f1:validation-e2,historical_c23_public_development_diagnostic,R0
0.10511383414268494,registry_id,0.32764187455177307,0.5006928443908691,c23-development:reject:unrelated:unrelated_contact_email:validation-f2:validation-e3,historical_c23_public_development_diagnostic,R0
0.30515486001968384,registry_id,0.23611345887184143,0.39218026399612427,c23-development:reject:unrelated:unrelated_contact_email:validation-f3:validation-e4,historical_c23_public_development_diagnostic,R0
0.3137980103492737,access_code,0.3073224425315857,0.31232813000679016,c23-development:reject:unrelated:unrelated_contact_email:validation-f4:validation-e5,historical_c23_public_development_diagnostic,R0
0.45351043343544006,access_code,0.3929859697818756,0.08695217967033386,c23-development:reject:unrelated:unrelated_contact_email:validation-f5:validation-e0,historical_c23_public_development_diagnostic,R0
0.15272711217403412,city_code,0.447873592376709,0.33284786343574524,c23-development:reject:unrelated:unrelated_telephone_number:validation-f0:validation-e2,historical_c23_public_development_diagnostic,R0
0.28218480944633484,city_code,0.47900694608688354,0.17225682735443115,c23-development:reject:unrelated:unrelated_telephone_number:validation-f1:validation-e3,historical_c23_public_development_diagnostic,R0
0.03500049188733101,city_code,0.4556073844432831,0.44284069538116455,c23-development:reject:unrelated:unrelated_telephone_number:validation-f2:validation-e4,historical_c23_public_development_diagnostic,R0
0.23824606835842133,city_code,0.42984694242477417,0.26535555720329285,c23-development:reject:unrelated:unrelated_telephone_number:validation-f3:validation-e5,historical_c23_public_development_diagnostic,R0
0.20487338304519653,city_code,0.505208432674408,0.22336679697036743,c23-development:reject:unrelated:unrelated_telephone_number:validation-f4:validation-e0,historical_c23_public_development_diagnostic,R0
0.3161134123802185,city_code,0.5098662376403809,0.10746894776821136,c23-development:reject:unrelated:unrelated_telephone_number:validation-f5:validation-e1,historical_c23_public_development_diagnostic,R0
-0.106425441801548,registry_id,0.5095745325088501,0.5302994847297668,c23-development:reject:unrelated:unrelated_postal_address:validation-f0:validation-e3,historical_c23_public_development_diagnostic,R0
0.07947918027639389,city_code,0.43680712580680847,0.4171622693538666,c23-development:reject:unrelated:unrelated_postal_address:validation-f1:validation-e4,historical_c23_public_development_diagnostic,R0
-0.2047661691904068,registry_id,0.5072327852249146,0.630981981754303,c23-development:reject:unrelated:unrelated_postal_address:validation-f2:validation-e5,historical_c23_public_development_diagnostic,R0
0.00395228574052453,registry_id,0.4314907491207123,0.49800553917884827,c23-development:reject:unrelated:unrelated_postal_address:validation-f3:validation-e0,historical_c23_public_development_diagnostic,R0
0.07552841305732727,city_code,0.4402998685836792,0.41762030124664307,c23-development:reject:unrelated:unrelated_postal_address:validation-f4:validation-e1,historical_c23_public_development_diagnostic,R0
0.04449855908751488,city_code,0.5701760053634644,0.3187740445137024,c23-development:reject:unrelated:unrelated_postal_address:validation-f5:validation-e2,historical_c23_public_development_diagnostic,R0
0.3137352168560028,registry_id,0.09271860867738724,0.5269947648048401,c23-development:reject:unrelated:unrelated_account_balance:validation-f0:validation-e4,historical_c23_public_development_diagnostic,R0
0.44670209288597107,access_code,0.06066364422440529,0.4260828495025635,c23-development:reject:unrelated:unrelated_account_balance:validation-f1:validation-e5,historical_c23_public_development_diagnostic,R0
0.15909765660762787,registry_id,0.10933913290500641,0.6650117635726929,c23-development:reject:unrelated:unrelated_account_balance:validation-f2:validation-e0,historical_c23_public_development_diagnostic,R0
0.3788115382194519,registry_id,0.05042319744825363,0.5042138695716858,c23-development:reject:unrelated:unrelated_account_balance:validation-f3:validation-e1,historical_c23_public_development_diagnostic,R0
0.38932591676712036,registry_id,0.10765733569860458,0.436465322971344,c23-development:reject:unrelated:unrelated_account_balance:validation-f4:validation-e2,historical_c23_public_development_diagnostic,R0
0.5093517303466797,access_code,0.10056823492050171,0.32352861762046814,c23-development:reject:unrelated:unrelated_account_balance:validation-f5:validation-e3,historical_c23_public_development_diagnostic,R0
0.3001421391963959,registry_id,0.2946721017360687,0.33863434195518494,c23-development:reject:unrelated:unrelated_favorite_color:validation-f0:validation-e5,historical_c23_public_development_diagnostic,R0
0.45934566855430603,access_code,0.17266947031021118,0.3014334440231323,c23-development:reject:unrelated:unrelated_favorite_color:validation-f1:validation-e0,historical_c23_public_development_diagnostic,R0
0.25232744216918945,registry_id,0.2635469436645508,0.4175741672515869,c23-development:reject:unrelated:unrelated_favorite_color:validation-f2:validation-e1,historical_c23_public_development_diagnostic,R0
0.4039452373981476,access_code,0.15862172842025757,0.370881587266922,c23-development:reject:unrelated:unrelated_favorite_color:validation-f3:validation-e2,historical_c23_public_development_diagnostic,R0
0.3790443539619446,access_code,0.23276139795780182,0.32164281606674194,c23-development:reject:unrelated:unrelated_favorite_color:validation-f4:validation-e3,historical_c23_public_development_diagnostic,R0
0.43355822563171387,access_code,0.3437216877937317,0.15616866946220398,c23-development:reject:unrelated:unrelated_favorite_color:validation-f5:validation-e4,historical_c23_public_development_diagnostic,R0
0.3988884389400482,access_code,0.26902082562446594,0.2655393183231354,c23-development:reject:unrelated:unrelated_preferred_language:validation-f0:validation-e0,historical_c23_public_development_diagnostic,R0
0.6245030164718628,access_code,0.14390844106674194,0.1650371104478836,c23-development:reject:unrelated:unrelated_preferred_language:validation-f1:validation-e1,historical_c23_public_development_diagnostic,R0
0.3346690535545349,registry_id,0.23067252337932587,0.36810702085494995,c23-development:reject:unrelated:unrelated_preferred_language:validation-f2:validation-e2,historical_c23_public_development_diagnostic,R0
0.5147136449813843,access_code,0.11938788741827011,0.29934707283973694,c23-development:reject:unrelated:unrelated_preferred_language:validation-f3:validation-e3,historical_c23_public_development_diagnostic,R0
0.5747504830360413,access_code,0.19648370146751404,0.16221441328525543,c23-development:reject:unrelated:unrelated_preferred_language:validation-f4:validation-e4,historical_c23_public_development_diagnostic,R0
0.5815770030021667,access_code,0.3171519935131073,0.0347195528447628,c23-development:reject:unrelated:unrelated_preferred_language:validation-f5:validation-e5,historical_c23_public_development_diagnostic,R0
0.2819584012031555,registry_id,0.22180461883544922,0.4296855628490448,c23-development:reject:unrelated:unrelated_owner_name:validation-f0:validation-e1,historical_c23_public_development_diagnostic,R0
0.43571701645851135,access_code,0.20354115962982178,0.2941904067993164,c23-development:reject:unrelated:unrelated_owner_name:validation-f1:validation-e2,historical_c23_public_development_diagnostic,R0
0.13359974324703217,registry_id,0.251404732465744,0.5484440922737122,c23-development:reject:unrelated:unrelated_owner_name:validation-f2:validation-e3,historical_c23_public_development_diagnostic,R0
0.38276323676109314,registry_id,0.13939101994037628,0.4112943112850189,c23-development:reject:unrelated:unrelated_owner_name:validation-f3:validation-e4,historical_c23_public_development_diagnostic,R0
0.38898327946662903,access_code,0.23458673059940338,0.30987855792045593,c23-development:reject:unrelated:unrelated_owner_name:validation-f4:validation-e5,historical_c23_public_development_diagnostic,R0
0.4547936022281647,access_code,0.28455784916877747,0.1940971463918686,c23-development:reject:unrelated:unrelated_owner_name:validation-f5:validation-e0,historical_c23_public_development_diagnostic,R0
0.0945415198802948,registry_id,0.3293997645378113,0.5095072984695435,c23-development:reject:unrelated:unrelated_creation_timestamp:validation-f0:validation-e2,historical_c23_public_development_diagnostic,R0
0.2420283854007721,registry_id,0.28605273365974426,0.4053674638271332,c23-development:reject:unrelated:unrelated_creation_timestamp:validation-f1:validation-e3,historical_c23_public_development_diagnostic,R0
-0.005457487888634205,registry_id,0.3697701096534729,0.5691359639167786,c23-development:reject:unrelated:unrelated_creation_timestamp:validation-f2:validation-e4,historical_c23_public_development_diagnostic,R0
0.1618010550737381,registry_id,0.2824210822582245,0.48922643065452576,c23-development:reject:unrelated:unrelated_creation_timestamp:validation-f3:validation-e5,historical_c23_public_development_diagnostic,R0
0.17912589013576508,registry_id,0.34343764185905457,0.4108850359916687,c23-development:reject:unrelated:unrelated_creation_timestamp:validation-f4:validation-e0,historical_c23_public_development_diagnostic,R0
0.13185814023017883,registry_id,0.3757946789264679,0.4257957637310028,c23-development:reject:unrelated:unrelated_creation_timestamp:validation-f5:validation-e1,historical_c23_public_development_diagnostic,R0
0.318890243768692,city_code,0.32464489340782166,0.28991344571113586,c23-development:reject:unrelated:unrelated_current_status:validation-f0:validation-e3,historical_c23_public_development_diagnostic,R0
0.4499526023864746,access_code,0.2088560163974762,0.27463996410369873,c23-development:reject:unrelated:unrelated_current_status:validation-f1:validation-e4,historical_c23_public_development_diagnostic,R0
0.1122894212603569,registry_id,0.32605496048927307,0.49510419368743896,c23-development:reject:unrelated:unrelated_current_status:validation-f2:validation-e5,historical_c23_public_development_diagnostic,R0
0.4012363851070404,access_code,0.21709629893302917,0.31511586904525757,c23-development:reject:unrelated:unrelated_current_status:validation-f3:validation-e0,historical_c23_public_development_diagnostic,R0
0.38893941044807434,access_code,0.30311256647109985,0.24139660596847534,c23-development:reject:unrelated:unrelated_current_status:validation-f4:validation-e1,historical_c23_public_development_diagnostic,R0
0.4892994165420532,access_code,0.38327255845069885,0.060876600444316864,c23-development:reject:unrelated:unrelated_current_status:validation-f5:validation-e2,historical_c23_public_development_diagnostic,R0
0.13810260593891144,city_code,0.40287894010543823,0.39246705174446106,c23-development:reject:unrelated:unrelated_category_description:validation-f0:validation-e4,historical_c23_public_development_diagnostic,R0
0.2974083423614502,city_code,0.3726826608181,0.263357549905777,c23-development:reject:unrelated:unrelated_category_description:validation-f1:validation-e5,historical_c23_public_development_diagnostic,R0
0.025090808048844337,city_code,0.46345657110214233,0.4449011981487274,c23-development:reject:unrelated:unrelated_category_description:validation-f2:validation-e0,historical_c23_public_development_diagnostic,R0
0.27974072098731995,city_code,0.334279865026474,0.3194279968738556,c23-development:reject:unrelated:unrelated_category_description:validation-f3:validation-e1,historical_c23_public_development_diagnostic,R0
0.22752845287322998,city_code,0.4119833707809448,0.29393675923347473,c23-development:reject:unrelated:unrelated_category_description:validation-f4:validation-e2,historical_c23_public_development_diagnostic,R0
0.2977200448513031,city_code,0.47180721163749695,0.1639213263988495,c23-development:reject:unrelated:unrelated_category_description:validation-f5:validation-e3,historical_c23_public_development_diagnostic,R0
0.22905610501766205,registry_id,0.18359719216823578,0.5207952857017517,c23-development:reject:unrelated:unrelated_last_update_date:validation-f0:validation-e5,historical_c23_public_development_diagnostic,R0
0.3049616515636444,registry_id,0.13477489352226257,0.49371200799942017,c23-development:reject:unrelated:unrelated_last_update_date:validation-f1:validation-e0,historical_c23_public_development_diagnostic,R0
0.05432550981640816,registry_id,0.25337690114974976,0.6257461905479431,c23-development:reject:unrelated:unrelated_last_update_date:validation-f2:validation-e1,historical_c23_public_development_diagnostic,R0
0.3151143789291382,registry_id,0.13791806995868683,0.48041611909866333,c23-development:reject:unrelated:unrelated_last_update_date:validation-f3:validation-e2,historical_c23_public_development_diagnostic,R0
0.2959659695625305,registry_id,0.2085759937763214,0.4289066195487976,c23-development:reject:unrelated:unrelated_last_update_date:validation-f4:validation-e3,historical_c23_public_development_diagnostic,R0
0.38461223244667053,access_code,0.26509541273117065,0.28374090790748596,c23-development:reject:unrelated:unrelated_last_update_date:validation-f5:validation-e4,historical_c23_public_development_diagnostic,R0
0.29315313696861267,registry_id,0.28563326597213745,0.35978880524635315,c23-development:validation:registry_id:registry_official_register_identifier:validation-f0:validation-e0,historical_c23_public_development_diagnostic,R1
0.29315313696861267,registry_id,0.28563326597213745,0.35978880524635315,c23-development:validation:registry_id:registry_official_register_identifier:validation-f1:validation-e1,historical_c23_public_development_diagnostic,R1
0.29315313696861267,registry_id,0.28563326597213745,0.35978880524635315,c23-development:validation:registry_id:registry_official_register_identifier:validation-f2:validation-e2,historical_c23_public_development_diagnostic,R1
0.29315313696861267,registry_id,0.28563326597213745,0.35978880524635315,c23-development:validation:registry_id:registry_official_register_identifier:validation-f3:validation-e3,historical_c23_public_development_diagnostic,R1
0.29315313696861267,registry_id,0.28563326597213745,0.35978880524635315,c23-development:validation:registry_id:registry_official_register_identifier:validation-f4:validation-e4,historical_c23_public_development_diagnostic,R1
0.29315313696861267,registry_id,0.28563326597213745,0.35978880524635315,c23-development:validation:registry_id:registry_official_register_identifier:validation-f5:validation-e5,historical_c23_public_development_diagnostic,R1
0.18484337627887726,registry_id,0.17357538640499115,0.2506310045719147,c23-development:validation:registry_id:registry_registration_database_number:validation-f0:validation-e1,historical_c23_public_development_diagnostic,R1
0.18484337627887726,registry_id,0.17357538640499115,0.2506310045719147,c23-development:validation:registry_id:registry_registration_database_number:validation-f1:validation-e2,historical_c23_public_development_diagnostic,R1
0.18484337627887726,registry_id,0.17357538640499115,0.2506310045719147,c23-development:validation:registry_id:registry_registration_database_number:validation-f2:validation-e3,historical_c23_public_development_diagnostic,R1
0.18484337627887726,registry_id,0.17357538640499115,0.2506310045719147,c23-development:validation:registry_id:registry_registration_database_number:validation-f3:validation-e4,historical_c23_public_development_diagnostic,R1
0.18484337627887726,registry_id,0.17357538640499115,0.2506310045719147,c23-development:validation:registry_id:registry_registration_database_number:validation-f4:validation-e5,historical_c23_public_development_diagnostic,R1
0.18484337627887726,registry_id,0.17357538640499115,0.2506310045719147,c23-development:validation:registry_id:registry_registration_database_number:validation-f5:validation-e0,historical_c23_public_development_diagnostic,R1
0.22077523171901703,registry_id,0.1848202496767044,0.2618548572063446,c23-development:validation:registry_id:registry_entry_serial:validation-f0:validation-e2,historical_c23_public_development_diagnostic,R1
0.22077523171901703,registry_id,0.1848202496767044,0.2618548572063446,c23-development:validation:registry_id:registry_entry_serial:validation-f1:validation-e3,historical_c23_public_development_diagnostic,R1
0.22077523171901703,registry_id,0.1848202496767044,0.2618548572063446,c23-development:validation:registry_id:registry_entry_serial:validation-f2:validation-e4,historical_c23_public_development_diagnostic,R1
0.22077523171901703,registry_id,0.1848202496767044,0.2618548572063446,c23-development:validation:registry_id:registry_entry_serial:validation-f3:validation-e5,historical_c23_public_development_diagnostic,R1
0.22077523171901703,registry_id,0.1848202496767044,0.2618548572063446,c23-development:validation:registry_id:registry_entry_serial:validation-f4:validation-e0,historical_c23_public_development_diagnostic,R1
0.22077523171901703,registry_id,0.1848202496767044,0.2618548572063446,c23-development:validation:registry_id:registry_entry_serial:validation-f5:validation-e1,historical_c23_public_development_diagnostic,R1
0.2984074354171753,registry_id,0.23217390477657318,0.32788702845573425,c23-development:validation:registry_id:registry_records_office_id:validation-f0:validation-e3,historical_c23_public_development_diagnostic,R1
0.2984074354171753,registry_id,0.23217390477657318,0.32788702845573425,c23-development:validation:registry_id:registry_records_office_id:validation-f1:validation-e4,historical_c23_public_development_diagnostic,R1
0.2984074354171753,registry_id,0.23217390477657318,0.32788702845573425,c23-development:validation:registry_id:registry_records_office_id:validation-f2:validation-e5,historical_c23_public_development_diagnostic,R1
0.2984074354171753,registry_id,0.23217390477657318,0.32788702845573425,c23-development:validation:registry_id:registry_records_office_id:validation-f3:validation-e0,historical_c23_public_development_diagnostic,R1
0.2984074354171753,registry_id,0.23217390477657318,0.32788702845573425,c23-development:validation:registry_id:registry_records_office_id:validation-f4:validation-e1,historical_c23_public_development_diagnostic,R1
0.2984074354171753,registry_id,0.23217390477657318,0.32788702845573425,c23-development:validation:registry_id:registry_records_office_id:validation-f5:validation-e2,historical_c23_public_development_diagnostic,R1
0.1817285567522049,registry_id,0.18092642724514008,0.3415626585483551,c23-development:validation:registry_id:registry_recordkeeping_index:validation-f0:validation-e4,historical_c23_public_development_diagnostic,R1
0.1817285567522049,registry_id,0.18092642724514008,0.3415626585483551,c23-development:validation:registry_id:registry_recordkeeping_index:validation-f1:validation-e5,historical_c23_public_development_diagnostic,R1
0.1817285567522049,registry_id,0.18092642724514008,0.3415626585483551,c23-development:validation:registry_id:registry_recordkeeping_index:validation-f2:validation-e0,historical_c23_public_development_diagnostic,R1
0.1817285567522049,registry_id,0.18092642724514008,0.3415626585483551,c23-development:validation:registry_id:registry_recordkeeping_index:validation-f3:validation-e1,historical_c23_public_development_diagnostic,R1
0.1817285567522049,registry_id,0.18092642724514008,0.3415626585483551,c23-development:validation:registry_id:registry_recordkeeping_index:validation-f4:validation-e2,historical_c23_public_development_diagnostic,R1
0.1817285567522049,registry_id,0.18092642724514008,0.3415626585483551,c23-development:validation:registry_id:registry_recordkeeping_index:validation-f5:validation-e3,historical_c23_public_development_diagnostic,R1
0.17002499103546143,registry_id,0.15839548408985138,0.32746824622154236,c23-development:validation:registry_id:registry_formal_filing_reference:validation-f0:validation-e5,historical_c23_public_development_diagnostic,R1
0.17002499103546143,registry_id,0.15839548408985138,0.32746824622154236,c23-development:validation:registry_id:registry_formal_filing_reference:validation-f1:validation-e0,historical_c23_public_development_diagnostic,R1
0.17002499103546143,registry_id,0.15839548408985138,0.32746824622154236,c23-development:validation:registry_id:registry_formal_filing_reference:validation-f2:validation-e1,historical_c23_public_development_diagnostic,R1
0.17002499103546143,registry_id,0.15839548408985138,0.32746824622154236,c23-development:validation:registry_id:registry_formal_filing_reference:validation-f3:validation-e2,historical_c23_public_development_diagnostic,R1
0.17002499103546143,registry_id,0.15839548408985138,0.32746824622154236,c23-development:validation:registry_id:registry_formal_filing_reference:validation-f4:validation-e3,historical_c23_public_development_diagnostic,R1
0.17002499103546143,registry_id,0.15839548408985138,0.32746824622154236,c23-development:validation:registry_id:registry_formal_filing_reference:validation-f5:validation-e4,historical_c23_public_development_diagnostic,R1
0.12885096669197083,registry_id,0.1406090259552002,0.1868186593055725,c23-development:validation:registry_id:registry_master_roster_serial:validation-f0:validation-e0,historical_c23_public_development_diagnostic,R1
0.12885096669197083,registry_id,0.1406090259552002,0.1868186593055725,c23-development:validation:registry_id:registry_master_roster_serial:validation-f1:validation-e1,historical_c23_public_development_diagnostic,R1
0.12885096669197083,registry_id,0.1406090259552002,0.1868186593055725,c23-development:validation:registry_id:registry_master_roster_serial:validation-f2:validation-e2,historical_c23_public_development_diagnostic,R1
0.12885096669197083,registry_id,0.1406090259552002,0.1868186593055725,c23-development:validation:registry_id:registry_master_roster_serial:validation-f3:validation-e3,historical_c23_public_development_diagnostic,R1
0.12885096669197083,registry_id,0.1406090259552002,0.1868186593055725,c23-development:validation:registry_id:registry_master_roster_serial:validation-f4:validation-e4,historical_c23_public_development_diagnostic,R1
0.12885096669197083,registry_id,0.1406090259552002,0.1868186593055725,c23-development:validation:registry_id:registry_master_roster_serial:validation-f5:validation-e5,historical_c23_public_development_diagnostic,R1
0.12786105275154114,registry_id,0.13778245449066162,0.2574314773082733,c23-development:validation:registry_id:registry_official_roll_index:validation-f0:validation-e1,historical_c23_public_development_diagnostic,R1
0.12786105275154114,registry_id,0.13778245449066162,0.2574314773082733,c23-development:validation:registry_id:registry_official_roll_index:validation-f1:validation-e2,historical_c23_public_development_diagnostic,R1
0.12786105275154114,registry_id,0.13778245449066162,0.2574314773082733,c23-development:validation:registry_id:registry_official_roll_index:validation-f2:validation-e3,historical_c23_public_development_diagnostic,R1
0.12786105275154114,registry_id,0.13778245449066162,0.2574314773082733,c23-development:validation:registry_id:registry_official_roll_index:validation-f3:validation-e4,historical_c23_public_development_diagnostic,R1
0.12786105275154114,registry_id,0.13778245449066162,0.2574314773082733,c23-development:validation:registry_id:registry_official_roll_index:validation-f4:validation-e5,historical_c23_public_development_diagnostic,R1
0.12786105275154114,registry_id,0.13778245449066162,0.2574314773082733,c23-development:validation:registry_id:registry_official_roll_index:validation-f5:validation-e0,historical_c23_public_development_diagnostic,R1
0.31181439757347107,registry_id,0.28062811493873596,0.3755733072757721,c23-development:validation:registry_id:registry_catalogue_accession:validation-f0:validation-e2,historical_c23_public_development_diagnostic,R1
0.31181439757347107,registry_id,0.28062811493873596,0.3755733072757721,c23-development:validation:registry_id:registry_catalogue_accession:validation-f1:validation-e3,historical_c23_public_development_diagnostic,R1
0.31181439757347107,registry_id,0.28062811493873596,0.3755733072757721,c23-development:validation:registry_id:registry_catalogue_accession:validation-f2:validation-e4,historical_c23_public_development_diagnostic,R1
0.31181439757347107,registry_id,0.28062811493873596,0.3755733072757721,c23-development:validation:registry_id:registry_catalogue_accession:validation-f3:validation-e5,historical_c23_public_development_diagnostic,R1
0.31181439757347107,registry_id,0.28062811493873596,0.3755733072757721,c23-development:validation:registry_id:registry_catalogue_accession:validation-f4:validation-e0,historical_c23_public_development_diagnostic,R1
0.31181439757347107,registry_id,0.28062811493873596,0.3755733072757721,c23-development:validation:registry_id:registry_catalogue_accession:validation-f5:validation-e1,historical_c23_public_development_diagnostic,R1
0.14915546774864197,registry_id,0.15135368704795837,0.18023379147052765,c23-development:validation:registry_id:registry_master_list_folio:validation-f0:validation-e3,historical_c23_public_development_diagnostic,R1
0.14915546774864197,registry_id,0.15135368704795837,0.18023379147052765,c23-development:validation:registry_id:registry_master_list_folio:validation-f1:validation-e4,historical_c23_public_development_diagnostic,R1
0.14915546774864197,registry_id,0.15135368704795837,0.18023379147052765,c23-development:validation:registry_id:registry_master_list_folio:validation-f2:validation-e5,historical_c23_public_development_diagnostic,R1
0.14915546774864197,registry_id,0.15135368704795837,0.18023379147052765,c23-development:validation:registry_id:registry_master_list_folio:validation-f3:validation-e0,historical_c23_public_development_diagnostic,R1
0.14915546774864197,registry_id,0.15135368704795837,0.18023379147052765,c23-development:validation:registry_id:registry_master_list_folio:validation-f4:validation-e1,historical_c23_public_development_diagnostic,R1
0.14915546774864197,registry_id,0.15135368704795837,0.18023379147052765,c23-development:validation:registry_id:registry_master_list_folio:validation-f5:validation-e2,historical_c23_public_development_diagnostic,R1
0.08448594808578491,registry_id,0.0746820941567421,0.15188127756118774,c23-development:validation:registry_id:registry_subject_docket_reference:validation-f0:validation-e4,historical_c23_public_development_diagnostic,R1
0.08448594808578491,registry_id,0.0746820941567421,0.15188127756118774,c23-development:validation:registry_id:registry_subject_docket_reference:validation-f1:validation-e5,historical_c23_public_development_diagnostic,R1
0.08448594808578491,registry_id,0.0746820941567421,0.15188127756118774,c23-development:validation:registry_id:registry_subject_docket_reference:validation-f2:validation-e0,historical_c23_public_development_diagnostic,R1
0.08448594808578491,registry_id,0.0746820941567421,0.15188127756118774,c23-development:validation:registry_id:registry_subject_docket_reference:validation-f3:validation-e1,historical_c23_public_development_diagnostic,R1
0.08448594808578491,registry_id,0.0746820941567421,0.15188127756118774,c23-development:validation:registry_id:registry_subject_docket_reference:validation-f4:validation-e2,historical_c23_public_development_diagnostic,R1
0.08448594808578491,registry_id,0.0746820941567421,0.15188127756118774,c23-development:validation:registry_id:registry_subject_docket_reference:validation-f5:validation-e3,historical_c23_public_development_diagnostic,R1
0.12811176478862762,registry_id,0.17923597991466522,0.26425090432167053,c23-development:validation:registry_id:registry_official_listing_index:validation-f0:validation-e5,historical_c23_public_development_diagnostic,R1
0.12811176478862762,registry_id,0.17923597991466522,0.26425090432167053,c23-development:validation:registry_id:registry_official_listing_index:validation-f1:validation-e0,historical_c23_public_development_diagnostic,R1
0.12811176478862762,registry_id,0.17923597991466522,0.26425090432167053,c23-development:validation:registry_id:registry_official_listing_index:validation-f2:validation-e1,historical_c23_public_development_diagnostic,R1
0.12811176478862762,registry_id,0.17923597991466522,0.26425090432167053,c23-development:validation:registry_id:registry_official_listing_index:validation-f3:validation-e2,historical_c23_public_development_diagnostic,R1
0.12811176478862762,registry_id,0.17923597991466522,0.26425090432167053,c23-development:validation:registry_id:registry_official_listing_index:validation-f4:validation-e3,historical_c23_public_development_diagnostic,R1
0.12811176478862762,registry_id,0.17923597991466522,0.26425090432167053,c23-development:validation:registry_id:registry_official_listing_index:validation-f5:validation-e4,historical_c23_public_development_diagnostic,R1
0.20957718789577484,city_code,0.3395107090473175,0.2719896137714386,c23-development:validation:city_code:city_named_municipality_code:validation-f0:validation-e1,historical_c23_public_development_diagnostic,R1
0.20957718789577484,city_code,0.3395107090473175,0.2719896137714386,c23-development:validation:city_code:city_named_municipality_code:validation-f1:validation-e2,historical_c23_public_development_diagnostic,R1
0.20957718789577484,city_code,0.3395107090473175,0.2719896137714386,c23-development:validation:city_code:city_named_municipality_code:validation-f2:validation-e3,historical_c23_public_development_diagnostic,R1
0.20957718789577484,city_code,0.3395107090473175,0.2719896137714386,c23-development:validation:city_code:city_named_municipality_code:validation-f3:validation-e4,historical_c23_public_development_diagnostic,R1
0.20957718789577484,city_code,0.3395107090473175,0.2719896137714386,c23-development:validation:city_code:city_named_municipality_code:validation-f4:validation-e5,historical_c23_public_development_diagnostic,R1
0.20957718789577484,city_code,0.3395107090473175,0.2719896137714386,c23-development:validation:city_code:city_named_municipality_code:validation-f5:validation-e0,historical_c23_public_development_diagnostic,R1
0.21464383602142334,registry_id,0.25620749592781067,0.3013681173324585,c23-development:validation:city_code:city_populated_place_identifier:validation-f0:validation-e2,historical_c23_public_development_diagnostic,R1
0.21464383602142334,registry_id,0.25620749592781067,0.3013681173324585,c23-development:validation:city_code:city_populated_place_identifier:validation-f1:validation-e3,historical_c23_public_development_diagnostic,R1
0.21464383602142334,registry_id,0.25620749592781067,0.3013681173324585,c23-development:validation:city_code:city_populated_place_identifier:validation-f2:validation-e4,historical_c23_public_development_diagnostic,R1
0.21464383602142334,registry_id,0.25620749592781067,0.3013681173324585,c23-development:validation:city_code:city_populated_place_identifier:validation-f3:validation-e5,historical_c23_public_development_diagnostic,R1
0.21464383602142334,registry_id,0.25620749592781067,0.3013681173324585,c23-development:validation:city_code:city_populated_place_identifier:validation-f4:validation-e0,historical_c23_public_development_diagnostic,R1
0.21464383602142334,registry_id,0.25620749592781067,0.3013681173324585,c23-development:validation:city_code:city_populated_place_identifier:validation-f5:validation-e1,historical_c23_public_development_diagnostic,R1
0.30336809158325195,registry_id,0.3150597810745239,0.3589114248752594,c23-development:validation:city_code:city_local_jurisdiction_number:validation-f0:validation-e3,historical_c23_public_development_diagnostic,R1
0.30336809158325195,registry_id,0.3150597810745239,0.3589114248752594,c23-development:validation:city_code:city_local_jurisdiction_number:validation-f1:validation-e4,historical_c23_public_development_diagnostic,R1
0.30336809158325195,registry_id,0.3150597810745239,0.3589114248752594,c23-development:validation:city_code:city_local_jurisdiction_number:validation-f2:validation-e5,historical_c23_public_development_diagnostic,R1
0.30336809158325195,registry_id,0.3150597810745239,0.3589114248752594,c23-development:validation:city_code:city_local_jurisdiction_number:validation-f3:validation-e0,historical_c23_public_development_diagnostic,R1
0.30336809158325195,registry_id,0.3150597810745239,0.3589114248752594,c23-development:validation:city_code:city_local_jurisdiction_number:validation-f4:validation-e1,historical_c23_public_development_diagnostic,R1
0.30336809158325195,registry_id,0.3150597810745239,0.3589114248752594,c23-development:validation:city_code:city_local_jurisdiction_number:validation-f5:validation-e2,historical_c23_public_development_diagnostic,R1
0.30006420612335205,city_code,0.3948296308517456,0.3047310709953308,c23-development:validation:city_code:city_administrative_area_id:validation-f0:validation-e4,historical_c23_public_development_diagnostic,R1
0.30006420612335205,city_code,0.3948296308517456,0.3047310709953308,c23-development:validation:city_code:city_administrative_area_id:validation-f1:validation-e5,historical_c23_public_development_diagnostic,R1
0.30006420612335205,city_code,0.3948296308517456,0.3047310709953308,c23-development:validation:city_code:city_administrative_area_id:validation-f2:validation-e0,historical_c23_public_development_diagnostic,R1
0.30006420612335205,city_code,0.3948296308517456,0.3047310709953308,c23-development:validation:city_code:city_administrative_area_id:validation-f3:validation-e1,historical_c23_public_development_diagnostic,R1
0.30006420612335205,city_code,0.3948296308517456,0.3047310709953308,c23-development:validation:city_code:city_administrative_area_id:validation-f4:validation-e2,historical_c23_public_development_diagnostic,R1
0.30006420612335205,city_code,0.3948296308517456,0.3047310709953308,c23-development:validation:city_code:city_administrative_area_id:validation-f5:validation-e3,historical_c23_public_development_diagnostic,R1
0.1356782466173172,registry_id,0.19967883825302124,0.223136305809021,c23-development:validation:city_code:city_named_locality_code:validation-f0:validation-e5,historical_c23_public_development_diagnostic,R1
0.1356782466173172,registry_id,0.19967883825302124,0.223136305809021,c23-development:validation:city_code:city_named_locality_code:validation-f1:validation-e0,historical_c23_public_development_diagnostic,R1
0.1356782466173172,registry_id,0.19967883825302124,0.223136305809021,c23-development:validation:city_code:city_named_locality_code:validation-f2:validation-e1,historical_c23_public_development_diagnostic,R1
0.1356782466173172,registry_id,0.19967883825302124,0.223136305809021,c23-development:validation:city_code:city_named_locality_code:validation-f3:validation-e2,historical_c23_public_development_diagnostic,R1
0.1356782466173172,registry_id,0.19967883825302124,0.223136305809021,c23-development:validation:city_code:city_named_locality_code:validation-f4:validation-e3,historical_c23_public_development_diagnostic,R1
0.1356782466173172,registry_id,0.19967883825302124,0.223136305809021,c23-development:validation:city_code:city_named_locality_code:validation-f5:validation-e4,historical_c23_public_development_diagnostic,R1
0.32880350947380066,city_code,0.42947864532470703,0.3323974907398224,c23-development:validation:city_code:city_local_government_identifier:validation-f0:validation-e0,historical_c23_public_development_diagnostic,R1
0.32880350947380066,city_code,0.42947864532470703,0.3323974907398224,c23-development:validation:city_code:city_local_government_identifier:validation-f1:validation-e1,historical_c23_public_development_diagnostic,R1
0.32880350947380066,city_code,0.42947864532470703,0.3323974907398224,c23-development:validation:city_code:city_local_government_identifier:validation-f2:validation-e2,historical_c23_public_development_diagnostic,R1
0.32880350947380066,city_code,0.42947864532470703,0.3323974907398224,c23-development:validation:city_code:city_local_government_identifier:validation-f3:validation-e3,historical_c23_public_development_diagnostic,R1
0.32880350947380066,city_code,0.42947864532470703,0.3323974907398224,c23-development:validation:city_code:city_local_government_identifier:validation-f4:validation-e4,historical_c23_public_development_diagnostic,R1
0.32880350947380066,city_code,0.42947864532470703,0.3323974907398224,c23-development:validation:city_code:city_local_government_identifier:validation-f5:validation-e5,historical_c23_public_development_diagnostic,R1
0.13456885516643524,city_code,0.2820715308189392,0.18474900722503662,c23-development:validation:city_code:city_town_geocode:validation-f0:validation-e1,historical_c23_public_development_diagnostic,R1
0.13456885516643524,city_code,0.2820715308189392,0.18474900722503662,c23-development:validation:city_code:city_town_geocode:validation-f1:validation-e2,historical_c23_public_development_diagnostic,R1
0.13456885516643524,city_code,0.2820715308189392,0.18474900722503662,c23-development:validation:city_code:city_town_geocode:validation-f2:validation-e3,historical_c23_public_development_diagnostic,R1
0.13456885516643524,city_code,0.2820715308189392,0.18474900722503662,c23-development:validation:city_code:city_town_geocode:validation-f3:validation-e4,historical_c23_public_development_diagnostic,R1
0.13456885516643524,city_code,0.2820715308189392,0.18474900722503662,c23-development:validation:city_code:city_town_geocode:validation-f4:validation-e5,historical_c23_public_development_diagnostic,R1
0.13456885516643524,city_code,0.2820715308189392,0.18474900722503662,c23-development:validation:city_code:city_town_geocode:validation-f5:validation-e0,historical_c23_public_development_diagnostic,R1
0.18716783821582794,city_code,0.31983330845832825,0.19145478308200836,c23-development:validation:city_code:city_metropolitan_designation:validation-f0:validation-e2,historical_c23_public_development_diagnostic,R1
0.18716783821582794,city_code,0.31983330845832825,0.19145478308200836,c23-development:validation:city_code:city_metropolitan_designation:validation-f1:validation-e3,historical_c23_public_development_diagnostic,R1
0.18716783821582794,city_code,0.31983330845832825,0.19145478308200836,c23-development:validation:city_code:city_metropolitan_designation:validation-f2:validation-e4,historical_c23_public_development_diagnostic,R1
0.18716783821582794,city_code,0.31983330845832825,0.19145478308200836,c23-development:validation:city_code:city_metropolitan_designation:validation-f3:validation-e5,historical_c23_public_development_diagnostic,R1
0.18716783821582794,city_code,0.31983330845832825,0.19145478308200836,c23-development:validation:city_code:city_metropolitan_designation:validation-f4:validation-e0,historical_c23_public_development_diagnostic,R1
0.18716783821582794,city_code,0.31983330845832825,0.19145478308200836,c23-development:validation:city_code:city_metropolitan_designation:validation-f5:validation-e1,historical_c23_public_development_diagnostic,R1
0.16529850661754608,city_code,0.299048513174057,0.15574564039707184,c23-development:validation:city_code:city_urban_district_number:validation-f0:validation-e3,historical_c23_public_development_diagnostic,R1
0.16529850661754608,city_code,0.299048513174057,0.15574564039707184,c23-development:validation:city_code:city_urban_district_number:validation-f1:validation-e4,historical_c23_public_development_diagnostic,R1
0.16529850661754608,city_code,0.299048513174057,0.15574564039707184,c23-development:validation:city_code:city_urban_district_number:validation-f2:validation-e5,historical_c23_public_development_diagnostic,R1
0.16529850661754608,city_code,0.299048513174057,0.15574564039707184,c23-development:validation:city_code:city_urban_district_number:validation-f3:validation-e0,historical_c23_public_development_diagnostic,R1
0.16529850661754608,city_code,0.299048513174057,0.15574564039707184,c23-development:validation:city_code:city_urban_district_number:validation-f4:validation-e1,historical_c23_public_development_diagnostic,R1
0.16529850661754608,city_code,0.299048513174057,0.15574564039707184,c23-development:validation:city_code:city_urban_district_number:validation-f5:validation-e2,historical_c23_public_development_diagnostic,R1
0.16448163986206055,city_code,0.27583423256874084,0.2004789561033249,c23-development:validation:city_code:city_civic_region_label:validation-f0:validation-e4,historical_c23_public_development_diagnostic,R1
0.16448163986206055,city_code,0.27583423256874084,0.2004789561033249,c23-development:validation:city_code:city_civic_region_label:validation-f1:validation-e5,historical_c23_public_development_diagnostic,R1
0.16448163986206055,city_code,0.27583423256874084,0.2004789263010025,c23-development:validation:city_code:city_civic_region_label:validation-f2:validation-e0,historical_c23_public_development_diagnostic,R1
0.16448163986206055,city_code,0.27583423256874084,0.2004789263010025,c23-development:validation:city_code:city_civic_region_label:validation-f3:validation-e1,historical_c23_public_development_diagnostic,R1
0.16448163986206055,city_code,0.27583423256874084,0.2004789263010025,c23-development:validation:city_code:city_civic_region_label:validation-f4:validation-e2,historical_c23_public_development_diagnostic,R1
0.16448163986206055,city_code,0.27583423256874084,0.2004789263010025,c23-development:validation:city_code:city_civic_region_label:validation-f5:validation-e3,historical_c23_public_development_diagnostic,R1
0.14750325679779053,city_code,0.22415536642074585,0.1670246571302414,c23-development:validation:city_code:city_town_place_code:validation-f0:validation-e5,historical_c23_public_development_diagnostic,R1
0.14750325679779053,city_code,0.22415536642074585,0.1670246571302414,c23-development:validation:city_code:city_town_place_code:validation-f1:validation-e0,historical_c23_public_development_diagnostic,R1
0.14750325679779053,city_code,0.22415536642074585,0.1670246571302414,c23-development:validation:city_code:city_town_place_code:validation-f2:validation-e1,historical_c23_public_development_diagnostic,R1
0.14750325679779053,city_code,0.22415536642074585,0.1670246571302414,c23-development:validation:city_code:city_town_place_code:validation-f3:validation-e2,historical_c23_public_development_diagnostic,R1
0.14750325679779053,city_code,0.22415536642074585,0.1670246571302414,c23-development:validation:city_code:city_town_place_code:validation-f4:validation-e3,historical_c23_public_development_diagnostic,R1
0.14750325679779053,city_code,0.22415536642074585,0.1670246571302414,c23-development:validation:city_code:city_town_place_code:validation-f5:validation-e4,historical_c23_public_development_diagnostic,R1
0.24126110970973969,city_code,0.3226999342441559,0.2519684135913849,c23-development:validation:city_code:city_community_area_identifier:validation-f0:validation-e0,historical_c23_public_development_diagnostic,R1
0.24126110970973969,city_code,0.3226999342441559,0.2519684135913849,c23-development:validation:city_code:city_community_area_identifier:validation-f1:validation-e1,historical_c23_public_development_diagnostic,R1
0.24126110970973969,city_code,0.3226999342441559,0.2519684135913849,c23-development:validation:city_code:city_community_area_identifier:validation-f2:validation-e2,historical_c23_public_development_diagnostic,R1
0.24126110970973969,city_code,0.3226999342441559,0.2519684135913849,c23-development:validation:city_code:city_community_area_identifier:validation-f3:validation-e3,historical_c23_public_development_diagnostic,R1
0.24126110970973969,city_code,0.3226999342441559,0.2519684135913849,c23-development:validation:city_code:city_community_area_identifier:validation-f4:validation-e4,historical_c23_public_development_diagnostic,R1
0.24126110970973969,city_code,0.3226999342441559,0.2519684135913849,c23-development:validation:city_code:city_community_area_identifier:validation-f5:validation-e5,historical_c23_public_development_diagnostic,R1
0.4896668493747711,access_code,0.223549485206604,0.1495429426431656,c23-development:validation:access_code:access_required_credential:validation-f0:validation-e2,historical_c23_public_development_diagnostic,R1
0.4896668493747711,access_code,0.223549485206604,0.1495429426431656,c23-development:validation:access_code:access_required_credential:validation-f1:validation-e3,historical_c23_public_development_diagnostic,R1
0.4896668493747711,access_code,0.223549485206604,0.1495429426431656,c23-development:validation:access_code:access_required_credential:validation-f2:validation-e4,historical_c23_public_development_diagnostic,R1
0.4896668493747711,access_code,0.223549485206604,0.1495429426431656,c23-development:validation:access_code:access_required_credential:validation-f3:validation-e5,historical_c23_public_development_diagnostic,R1
0.4896668493747711,access_code,0.223549485206604,0.1495429426431656,c23-development:validation:access_code:access_required_credential:validation-f4:validation-e0,historical_c23_public_development_diagnostic,R1
0.4896668493747711,access_code,0.223549485206604,0.1495429426431656,c23-development:validation:access_code:access_required_credential:validation-f5:validation-e1,historical_c23_public_development_diagnostic,R1
0.480001300573349,access_code,0.11749088764190674,0.10271257907152176,c23-development:validation:access_code:access_protected_account_password:validation-f0:validation-e3,historical_c23_public_development_diagnostic,R1
0.480001300573349,access_code,0.11749088764190674,0.10271257907152176,c23-development:validation:access_code:access_protected_account_password:validation-f1:validation-e4,historical_c23_public_development_diagnostic,R1
0.480001300573349,access_code,0.11749088764190674,0.10271257907152176,c23-development:validation:access_code:access_protected_account_password:validation-f2:validation-e5,historical_c23_public_development_diagnostic,R1
0.480001300573349,access_code,0.11749088764190674,0.10271257907152176,c23-development:validation:access_code:access_protected_account_password:validation-f3:validation-e0,historical_c23_public_development_diagnostic,R1
0.480001300573349,access_code,0.11749088764190674,0.10271257907152176,c23-development:validation:access_code:access_protected_account_password:validation-f4:validation-e1,historical_c23_public_development_diagnostic,R1
0.480001300573349,access_code,0.11749088764190674,0.10271257907152176,c23-development:validation:access_code:access_protected_account_password:validation-f5:validation-e2,historical_c23_public_development_diagnostic,R1
0.3378327786922455,access_code,0.09126602858304977,0.11857738345861435,c23-development:validation:access_code:access_service_unlock_passcode:validation-f0:validation-e4,historical_c23_public_development_diagnostic,R1
0.3378327786922455,access_code,0.09126602858304977,0.11857738345861435,c23-development:validation:access_code:access_service_unlock_passcode:validation-f1:validation-e5,historical_c23_public_development_diagnostic,R1
0.3378327786922455,access_code,0.09126602858304977,0.11857738345861435,c23-development:validation:access_code:access_service_unlock_passcode:validation-f2:validation-e0,historical_c23_public_development_diagnostic,R1
0.3378327786922455,access_code,0.09126602858304977,0.11857738345861435,c23-development:validation:access_code:access_service_unlock_passcode:validation-f3:validation-e1,historical_c23_public_development_diagnostic,R1
0.3378327786922455,access_code,0.09126602858304977,0.11857738345861435,c23-development:validation:access_code:access_service_unlock_passcode:validation-f4:validation-e2,historical_c23_public_development_diagnostic,R1
0.3378327786922455,access_code,0.09126602858304977,0.11857738345861435,c23-development:validation:access_code:access_service_unlock_passcode:validation-f5:validation-e3,historical_c23_public_development_diagnostic,R1
0.3693554401397705,access_code,0.17273539304733276,0.17597343027591705,c23-development:validation:access_code:access_subject_signon_secret:validation-f0:validation-e5,historical_c23_public_development_diagnostic,R1
0.3693554401397705,access_code,0.17273539304733276,0.17597343027591705,c23-development:validation:access_code:access_subject_signon_secret:validation-f1:validation-e0,historical_c23_public_development_diagnostic,R1
0.3693554401397705,access_code,0.17273539304733276,0.17597343027591705,c23-development:validation:access_code:access_subject_signon_secret:validation-f2:validation-e1,historical_c23_public_development_diagnostic,R1
0.3693554401397705,access_code,0.17273539304733276,0.17597343027591705,c23-development:validation:access_code:access_subject_signon_secret:validation-f3:validation-e2,historical_c23_public_development_diagnostic,R1
0.3693554401397705,access_code,0.17273539304733276,0.17597343027591705,c23-development:validation:access_code:access_subject_signon_secret:validation-f4:validation-e3,historical_c23_public_development_diagnostic,R1
0.3693554401397705,access_code,0.17273539304733276,0.17597343027591705,c23-development:validation:access_code:access_subject_signon_secret:validation-f5:validation-e4,historical_c23_public_development_diagnostic,R1
0.5112612247467041,access_code,0.16170839965343475,0.16224148869514465,c23-development:validation:access_code:access_resource_authentication_secret:validation-f0:validation-e0,historical_c23_public_development_diagnostic,R1
0.5112612247467041,access_code,0.16170839965343475,0.16224148869514465,c23-development:validation:access_code:access_resource_authentication_secret:validation-f1:validation-e1,historical_c23_public_development_diagnostic,R1
0.5112612247467041,access_code,0.16170839965343475,0.16224148869514465,c23-development:validation:access_code:access_resource_authentication_secret:validation-f2:validation-e2,historical_c23_public_development_diagnostic,R1
0.5112612247467041,access_code,0.16170839965343475,0.16224148869514465,c23-development:validation:access_code:access_resource_authentication_secret:validation-f3:validation-e3,historical_c23_public_development_diagnostic,R1
0.5112612247467041,access_code,0.16170839965343475,0.16224148869514465,c23-development:validation:access_code:access_resource_authentication_secret:validation-f4:validation-e4,historical_c23_public_development_diagnostic,R1
0.5112612247467041,access_code,0.16170839965343475,0.16224148869514465,c23-development:validation:access_code:access_resource_authentication_secret:validation-f5:validation-e5,historical_c23_public_development_diagnostic,R1
0.29078999161720276,access_code,0.1234869733452797,0.10342663526535034,c23-development:validation:access_code:access_lock_screen_code:validation-f0:validation-e1,historical_c23_public_development_diagnostic,R1
0.29078999161720276,access_code,0.1234869733452797,0.10342663526535034,c23-development:validation:access_code:access_lock_screen_code:validation-f1:validation-e2,historical_c23_public_development_diagnostic,R1
0.29078999161720276,access_code,0.1234869733452797,0.10342663526535034,c23-development:validation:access_code:access_lock_screen_code:validation-f2:validation-e3,historical_c23_public_development_diagnostic,R1
0.29078999161720276,access_code,0.1234869733452797,0.10342663526535034,c23-development:validation:access_code:access_lock_screen_code:validation-f3:validation-e4,historical_c23_public_development_diagnostic,R1
0.29078999161720276,access_code,0.1234869733452797,0.10342663526535034,c23-development:validation:access_code:access_lock_screen_code:validation-f4:validation-e5,historical_c23_public_development_diagnostic,R1
0.29078999161720276,access_code,0.1234869733452797,0.10342663526535034,c23-development:validation:access_code:access_lock_screen_code:validation-f5:validation-e0,historical_c23_public_development_diagnostic,R1
0.2317863553762436,access_code,0.0925888642668724,0.04329177737236023,c23-development:validation:access_code:access_secure_gate_pin:validation-f0:validation-e2,historical_c23_public_development_diagnostic,R1
0.2317863553762436,access_code,0.0925888642668724,0.04329177737236023,c23-development:validation:access_code:access_secure_gate_pin:validation-f1:validation-e3,historical_c23_public_development_diagnostic,R1
0.2317863553762436,access_code,0.0925888642668724,0.04329177737236023,c23-development:validation:access_code:access_secure_gate_pin:validation-f2:validation-e4,historical_c23_public_development_diagnostic,R1
0.2317863553762436,access_code,0.0925888642668724,0.04329177737236023,c23-development:validation:access_code:access_secure_gate_pin:validation-f3:validation-e5,historical_c23_public_development_diagnostic,R1
0.2317863553762436,access_code,0.0925888642668724,0.04329177737236023,c23-development:validation:access_code:access_secure_gate_pin:validation-f4:validation-e0,historical_c23_public_development_diagnostic,R1
0.2317863553762436,access_code,0.0925888642668724,0.04329177737236023,c23-development:validation:access_code:access_secure_gate_pin:validation-f5:validation-e1,historical_c23_public_development_diagnostic,R1
0.28026172518730164,access_code,0.08812782913446426,0.10371962189674377,c23-development:validation:access_code:access_resource_unlock_combination:validation-f0:validation-e3,historical_c23_public_development_diagnostic,R1
0.28026172518730164,access_code,0.08812782913446426,0.10371962189674377,c23-development:validation:access_code:access_resource_unlock_combination:validation-f1:validation-e4,historical_c23_public_development_diagnostic,R1
0.28026172518730164,access_code,0.08812782913446426,0.10371962189674377,c23-development:validation:access_code:access_resource_unlock_combination:validation-f2:validation-e5,historical_c23_public_development_diagnostic,R1
0.28026172518730164,access_code,0.08812782913446426,0.10371962189674377,c23-development:validation:access_code:access_resource_unlock_combination:validation-f3:validation-e0,historical_c23_public_development_diagnostic,R1
0.28026172518730164,access_code,0.08812782913446426,0.10371962189674377,c23-development:validation:access_code:access_resource_unlock_combination:validation-f4:validation-e1,historical_c23_public_development_diagnostic,R1
0.28026172518730164,access_code,0.08812782913446426,0.10371962189674377,c23-development:validation:access_code:access_resource_unlock_combination:validation-f5:validation-e2,historical_c23_public_development_diagnostic,R1
0.29354938864707947,access_code,0.040641896426677704,0.02216142602264881,c23-development:validation:access_code:access_account_keyphrase:validation-f0:validation-e4,historical_c23_public_development_diagnostic,R1
0.29354938864707947,access_code,0.040641896426677704,0.02216142602264881,c23-development:validation:access_code:access_account_keyphrase:validation-f1:validation-e5,historical_c23_public_development_diagnostic,R1
0.29354938864707947,access_code,0.040641896426677704,0.02216142602264881,c23-development:validation:access_code:access_account_keyphrase:validation-f2:validation-e0,historical_c23_public_development_diagnostic,R1
0.29354938864707947,access_code,0.040641896426677704,0.02216142602264881,c23-development:validation:access_code:access_account_keyphrase:validation-f3:validation-e1,historical_c23_public_development_diagnostic,R1
0.29354938864707947,access_code,0.040641896426677704,0.02216142602264881,c23-development:validation:access_code:access_account_keyphrase:validation-f4:validation-e2,historical_c23_public_development_diagnostic,R1
0.29354938864707947,access_code,0.040641896426677704,0.02216142602264881,c23-development:validation:access_code:access_account_keyphrase:validation-f5:validation-e3,historical_c23_public_development_diagnostic,R1
0.27487486600875854,access_code,0.13520967960357666,0.09754139184951782,c23-development:validation:access_code:access_secured_area_keypad_sequence:validation-f0:validation-e5,historical_c23_public_development_diagnostic,R1
0.27487486600875854,access_code,0.13520967960357666,0.09754139184951782,c23-development:validation:access_code:access_secured_area_keypad_sequence:validation-f1:validation-e0,historical_c23_public_development_diagnostic,R1
0.27487486600875854,access_code,0.13520967960357666,0.09754139184951782,c23-development:validation:access_code:access_secured_area_keypad_sequence:validation-f2:validation-e1,historical_c23_public_development_diagnostic,R1
0.27487486600875854,access_code,0.13520967960357666,0.09754139184951782,c23-development:validation:access_code:access_secured_area_keypad_sequence:validation-f3:validation-e2,historical_c23_public_development_diagnostic,R1
0.27487486600875854,access_code,0.13520967960357666,0.09754139184951782,c23-development:validation:access_code:access_secured_area_keypad_sequence:validation-f4:validation-e3,historical_c23_public_development_diagnostic,R1
0.27487486600875854,access_code,0.13520967960357666,0.09754139184951782,c23-development:validation:access_code:access_secured_area_keypad_sequence:validation-f5:validation-e4,historical_c23_public_development_diagnostic,R1
0.3104475438594818,access_code,0.08015980571508408,0.14013195037841797,c23-development:validation:access_code:access_lock_bearer_secret:validation-f0:validation-e0,historical_c23_public_development_diagnostic,R1
0.3104475438594818,access_code,0.08015980571508408,0.14013195037841797,c23-development:validation:access_code:access_lock_bearer_secret:validation-f1:validation-e1,historical_c23_public_development_diagnostic,R1
0.3104475438594818,access_code,0.08015980571508408,0.14013195037841797,c23-development:validation:access_code:access_lock_bearer_secret:validation-f2:validation-e2,historical_c23_public_development_diagnostic,R1
0.3104475438594818,access_code,0.08015980571508408,0.14013195037841797,c23-development:validation:access_code:access_lock_bearer_secret:validation-f3:validation-e3,historical_c23_public_development_diagnostic,R1
0.3104475438594818,access_code,0.08015980571508408,0.14013195037841797,c23-development:validation:access_code:access_lock_bearer_secret:validation-f4:validation-e4,historical_c23_public_development_diagnostic,R1
0.3104475438594818,access_code,0.08015980571508408,0.14013195037841797,c23-development:validation:access_code:access_lock_bearer_secret:validation-f5:validation-e5,historical_c23_public_development_diagnostic,R1
0.29717859625816345,access_code,0.09961340576410294,0.1388229876756668,c23-development:validation:access_code:access_service_challenge_response:validation-f0:validation-e1,historical_c23_public_development_diagnostic,R1
0.29717859625816345,access_code,0.09961340576410294,0.1388229876756668,c23-development:validation:access_code:access_service_challenge_response:validation-f1:validation-e2,historical_c23_public_development_diagnostic,R1
0.29717859625816345,access_code,0.09961340576410294,0.1388229876756668,c23-development:validation:access_code:access_service_challenge_response:validation-f2:validation-e3,historical_c23_public_development_diagnostic,R1
0.29717859625816345,access_code,0.09961340576410294,0.1388229876756668,c23-development:validation:access_code:access_service_challenge_response:validation-f3:validation-e4,historical_c23_public_development_diagnostic,R1
0.29717859625816345,access_code,0.09961340576410294,0.1388229876756668,c23-development:validation:access_code:access_service_challenge_response:validation-f4:validation-e5,historical_c23_public_development_diagnostic,R1
0.29717859625816345,access_code,0.09961340576410294,0.1388229876756668,c23-development:validation:access_code:access_service_challenge_response:validation-f5:validation-e0,historical_c23_public_development_diagnostic,R1
0.2119714468717575,registry_id,0.23442375659942627,0.2723540961742401,c23-development:reject:ambiguous:ambiguous_identifier:validation-f0:validation-e0,historical_c23_public_development_diagnostic,R1
0.2119714468717575,registry_id,0.23442375659942627,0.2723540961742401,c23-development:reject:ambiguous:ambiguous_identifier:validation-f1:validation-e1,historical_c23_public_development_diagnostic,R1
0.2119714468717575,registry_id,0.23442375659942627,0.2723540961742401,c23-development:reject:ambiguous:ambiguous_identifier:validation-f2:validation-e2,historical_c23_public_development_diagnostic,R1
0.2119714468717575,registry_id,0.23442375659942627,0.2723540961742401,c23-development:reject:ambiguous:ambiguous_identifier:validation-f3:validation-e3,historical_c23_public_development_diagnostic,R1
0.2119714468717575,registry_id,0.23442375659942627,0.2723540961742401,c23-development:reject:ambiguous:ambiguous_identifier:validation-f4:validation-e4,historical_c23_public_development_diagnostic,R1
0.2119714468717575,registry_id,0.23442375659942627,0.2723540961742401,c23-development:reject:ambiguous:ambiguous_identifier:validation-f5:validation-e5,historical_c23_public_development_diagnostic,R1
0.13289982080459595,registry_id,0.1165565773844719,0.17911596596240997,c23-development:reject:ambiguous:ambiguous_reference_number:validation-f0:validation-e1,historical_c23_public_development_diagnostic,R1
0.13289982080459595,registry_id,0.1165565773844719,0.17911596596240997,c23-development:reject:ambiguous:ambiguous_reference_number:validation-f1:validation-e2,historical_c23_public_development_diagnostic,R1
0.13289982080459595,registry_id,0.1165565773844719,0.17911596596240997,c23-development:reject:ambiguous:ambiguous_reference_number:validation-f2:validation-e3,historical_c23_public_development_diagnostic,R1
0.13289982080459595,registry_id,0.1165565773844719,0.17911596596240997,c23-development:reject:ambiguous:ambiguous_reference_number:validation-f3:validation-e4,historical_c23_public_development_diagnostic,R1
0.13289982080459595,registry_id,0.1165565773844719,0.17911596596240997,c23-development:reject:ambiguous:ambiguous_reference_number:validation-f4:validation-e5,historical_c23_public_development_diagnostic,R1
0.13289982080459595,registry_id,0.1165565773844719,0.17911596596240997,c23-development:reject:ambiguous:ambiguous_reference_number:validation-f5:validation-e0,historical_c23_public_development_diagnostic,R1
0.10409658402204514,registry_id,0.1252024620771408,0.147856667637825,c23-development:reject:ambiguous:ambiguous_assigned_code:validation-f0:validation-e2,historical_c23_public_development_diagnostic,R1
0.10409658402204514,registry_id,0.1252024620771408,0.147856667637825,c23-development:reject:ambiguous:ambiguous_assigned_code:validation-f1:validation-e3,historical_c23_public_development_diagnostic,R1
0.10409658402204514,registry_id,0.1252024620771408,0.147856667637825,c23-development:reject:ambiguous:ambiguous_assigned_code:validation-f2:validation-e4,historical_c23_public_development_diagnostic,R1
0.10409658402204514,registry_id,0.1252024620771408,0.147856667637825,c23-development:reject:ambiguous:ambiguous_assigned_code:validation-f3:validation-e5,historical_c23_public_development_diagnostic,R1
0.10409658402204514,registry_id,0.1252024620771408,0.147856667637825,c23-development:reject:ambiguous:ambiguous_assigned_code:validation-f4:validation-e0,historical_c23_public_development_diagnostic,R1
0.10409658402204514,registry_id,0.1252024620771408,0.147856667637825,c23-development:reject:ambiguous:ambiguous_assigned_code:validation-f5:validation-e1,historical_c23_public_development_diagnostic,R1
0.2150450497865677,access_code,0.14743641018867493,0.09701573103666306,c23-development:reject:ambiguous:ambiguous_profile_key:validation-f0:validation-e3,historical_c23_public_development_diagnostic,R1
0.2150450497865677,access_code,0.14743641018867493,0.09701573103666306,c23-development:reject:ambiguous:ambiguous_profile_key:validation-f1:validation-e4,historical_c23_public_development_diagnostic,R1
0.2150450497865677,access_code,0.14743641018867493,0.09701573103666306,c23-development:reject:ambiguous:ambiguous_profile_key:validation-f2:validation-e5,historical_c23_public_development_diagnostic,R1
0.2150450497865677,access_code,0.14743641018867493,0.09701573103666306,c23-development:reject:ambiguous:ambiguous_profile_key:validation-f3:validation-e0,historical_c23_public_development_diagnostic,R1
0.2150450497865677,access_code,0.14743641018867493,0.09701573103666306,c23-development:reject:ambiguous:ambiguous_profile_key:validation-f4:validation-e1,historical_c23_public_development_diagnostic,R1
0.2150450497865677,access_code,0.14743641018867493,0.09701573103666306,c23-development:reject:ambiguous:ambiguous_profile_key:validation-f5:validation-e2,historical_c23_public_development_diagnostic,R1
0.22661244869232178,registry_id,0.19930118322372437,0.3251305818557739,c23-development:reject:ambiguous:ambiguous_record_value:validation-f0:validation-e4,historical_c23_public_development_diagnostic,R1
0.22661244869232178,registry_id,0.19930118322372437,0.3251305818557739,c23-development:reject:ambiguous:ambiguous_record_value:validation-f1:validation-e5,historical_c23_public_development_diagnostic,R1
0.22661244869232178,registry_id,0.19930118322372437,0.3251305818557739,c23-development:reject:ambiguous:ambiguous_record_value:validation-f2:validation-e0,historical_c23_public_development_diagnostic,R1
0.22661244869232178,registry_id,0.19930118322372437,0.3251305818557739,c23-development:reject:ambiguous:ambiguous_record_value:validation-f3:validation-e1,historical_c23_public_development_diagnostic,R1
0.22661244869232178,registry_id,0.19930118322372437,0.3251305818557739,c23-development:reject:ambiguous:ambiguous_record_value:validation-f4:validation-e2,historical_c23_public_development_diagnostic,R1
0.22661244869232178,registry_id,0.19930118322372437,0.3251305818557739,c23-development:reject:ambiguous:ambiguous_record_value:validation-f5:validation-e3,historical_c23_public_development_diagnostic,R1
0.2151869386434555,access_code,0.13827580213546753,0.12668706476688385,c23-development:reject:ambiguous:ambiguous_account_number:validation-f0:validation-e5,historical_c23_public_development_diagnostic,R1
0.2151869386434555,access_code,0.13827580213546753,0.12668706476688385,c23-development:reject:ambiguous:ambiguous_account_number:validation-f1:validation-e0,historical_c23_public_development_diagnostic,R1
0.2151869386434555,access_code,0.13827580213546753,0.12668706476688385,c23-development:reject:ambiguous:ambiguous_account_number:validation-f2:validation-e1,historical_c23_public_development_diagnostic,R1
0.2151869386434555,access_code,0.13827580213546753,0.12668706476688385,c23-development:reject:ambiguous:ambiguous_account_number:validation-f3:validation-e2,historical_c23_public_development_diagnostic,R1
0.2151869386434555,access_code,0.13827580213546753,0.12668706476688385,c23-development:reject:ambiguous:ambiguous_account_number:validation-f4:validation-e3,historical_c23_public_development_diagnostic,R1
0.2151869386434555,access_code,0.13827580213546753,0.12668706476688385,c23-development:reject:ambiguous:ambiguous_account_number:validation-f5:validation-e4,historical_c23_public_development_diagnostic,R1
0.1240050196647644,registry_id,0.13955993950366974,0.16910527646541595,c23-development:reject:ambiguous:ambiguous_internal_tag:validation-f0:validation-e0,historical_c23_public_development_diagnostic,R1
0.1240050196647644,registry_id,0.13955993950366974,0.16910527646541595,c23-development:reject:ambiguous:ambiguous_internal_tag:validation-f1:validation-e1,historical_c23_public_development_diagnostic,R1
0.1240050196647644,registry_id,0.13955993950366974,0.16910527646541595,c23-development:reject:ambiguous:ambiguous_internal_tag:validation-f2:validation-e2,historical_c23_public_development_diagnostic,R1
0.1240050196647644,registry_id,0.13955993950366974,0.16910527646541595,c23-development:reject:ambiguous:ambiguous_internal_tag:validation-f3:validation-e3,historical_c23_public_development_diagnostic,R1
0.12400505691766739,registry_id,0.13955996930599213,0.16910529136657715,c23-development:reject:ambiguous:ambiguous_internal_tag:validation-f4:validation-e4,historical_c23_public_development_diagnostic,R1
0.12400505691766739,registry_id,0.13955996930599213,0.16910529136657715,c23-development:reject:ambiguous:ambiguous_internal_tag:validation-f5:validation-e5,historical_c23_public_development_diagnostic,R1
0.19012326002120972,access_code,0.11541292071342468,0.14293625950813293,c23-development:reject:ambiguous:ambiguous_service_code:validation-f0:validation-e1,historical_c23_public_development_diagnostic,R1
0.19012326002120972,access_code,0.11541292071342468,0.14293625950813293,c23-development:reject:ambiguous:ambiguous_service_code:validation-f1:validation-e2,historical_c23_public_development_diagnostic,R1
0.19012326002120972,access_code,0.11541292071342468,0.14293625950813293,c23-development:reject:ambiguous:ambiguous_service_code:validation-f2:validation-e3,historical_c23_public_development_diagnostic,R1
0.19012326002120972,access_code,0.11541292071342468,0.14293625950813293,c23-development:reject:ambiguous:ambiguous_service_code:validation-f3:validation-e4,historical_c23_public_development_diagnostic,R1
0.19012326002120972,access_code,0.11541292071342468,0.14293625950813293,c23-development:reject:ambiguous:ambiguous_service_code:validation-f4:validation-e5,historical_c23_public_development_diagnostic,R1
0.19012326002120972,access_code,0.11541292071342468,0.14293625950813293,c23-development:reject:ambiguous:ambiguous_service_code:validation-f5:validation-e0,historical_c23_public_development_diagnostic,R1
0.09448211640119553,registry_id,0.17662419378757477,0.23285788297653198,c23-development:reject:ambiguous:ambiguous_subject_marker:validation-f0:validation-e2,historical_c23_public_development_diagnostic,R1
0.09448211640119553,registry_id,0.17662419378757477,0.23285788297653198,c23-development:reject:ambiguous:ambiguous_subject_marker:validation-f1:validation-e3,historical_c23_public_development_diagnostic,R1
0.09448211640119553,registry_id,0.17662419378757477,0.23285788297653198,c23-development:reject:ambiguous:ambiguous_subject_marker:validation-f2:validation-e4,historical_c23_public_development_diagnostic,R1
0.09448211640119553,registry_id,0.17662419378757477,0.23285788297653198,c23-development:reject:ambiguous:ambiguous_subject_marker:validation-f3:validation-e5,historical_c23_public_development_diagnostic,R1
0.09448211640119553,registry_id,0.17662419378757477,0.23285788297653198,c23-development:reject:ambiguous:ambiguous_subject_marker:validation-f4:validation-e0,historical_c23_public_development_diagnostic,R1
0.09448211640119553,registry_id,0.17662419378757477,0.23285788297653198,c23-development:reject:ambiguous:ambiguous_subject_marker:validation-f5:validation-e1,historical_c23_public_development_diagnostic,R1
0.1849663108587265,access_code,0.1076260432600975,0.08824532479047775,c23-development:reject:ambiguous:ambiguous_database_key:validation-f0:validation-e3,historical_c23_public_development_diagnostic,R1
0.1849663108587265,access_code,0.1076260432600975,0.08824532479047775,c23-development:reject:ambiguous:ambiguous_database_key:validation-f1:validation-e4,historical_c23_public_development_diagnostic,R1
0.1849663108587265,access_code,0.1076260432600975,0.08824532479047775,c23-development:reject:ambiguous:ambiguous_database_key:validation-f2:validation-e5,historical_c23_public_development_diagnostic,R1
0.1849663108587265,access_code,0.1076260432600975,0.08824532479047775,c23-development:reject:ambiguous:ambiguous_database_key:validation-f3:validation-e0,historical_c23_public_development_diagnostic,R1
0.1849663108587265,access_code,0.1076260432600975,0.08824532479047775,c23-development:reject:ambiguous:ambiguous_database_key:validation-f4:validation-e1,historical_c23_public_development_diagnostic,R1
0.1849663108587265,access_code,0.1076260432600975,0.08824532479047775,c23-development:reject:ambiguous:ambiguous_database_key:validation-f5:validation-e2,historical_c23_public_development_diagnostic,R1
0.12868981063365936,registry_id,0.15858566761016846,0.2085837721824646,c23-development:reject:ambiguous:ambiguous_lookup_handle:validation-f0:validation-e4,historical_c23_public_development_diagnostic,R1
0.12868981063365936,registry_id,0.15858566761016846,0.2085837721824646,c23-development:reject:ambiguous:ambiguous_lookup_handle:validation-f1:validation-e5,historical_c23_public_development_diagnostic,R1
0.12868981063365936,registry_id,0.15858566761016846,0.2085837721824646,c23-development:reject:ambiguous:ambiguous_lookup_handle:validation-f2:validation-e0,historical_c23_public_development_diagnostic,R1
0.12868981063365936,registry_id,0.15858566761016846,0.2085837721824646,c23-development:reject:ambiguous:ambiguous_lookup_handle:validation-f3:validation-e1,historical_c23_public_development_diagnostic,R1
0.12868981063365936,registry_id,0.15858566761016846,0.2085837721824646,c23-development:reject:ambiguous:ambiguous_lookup_handle:validation-f4:validation-e2,historical_c23_public_development_diagnostic,R1
0.12868981063365936,registry_id,0.15858566761016846,0.2085837721824646,c23-development:reject:ambiguous:ambiguous_lookup_handle:validation-f5:validation-e3,historical_c23_public_development_diagnostic,R1
0.2826891243457794,access_code,0.22125764191150665,0.2309199720621109,c23-development:reject:ambiguous:ambiguous_verification_value:validation-f0:validation-e5,historical_c23_public_development_diagnostic,R1
0.2826891243457794,access_code,0.22125764191150665,0.2309199720621109,c23-development:reject:ambiguous:ambiguous_verification_value:validation-f1:validation-e0,historical_c23_public_development_diagnostic,R1
0.2826891243457794,access_code,0.22125764191150665,0.2309199720621109,c23-development:reject:ambiguous:ambiguous_verification_value:validation-f2:validation-e1,historical_c23_public_development_diagnostic,R1
0.2826891243457794,access_code,0.22125764191150665,0.2309199720621109,c23-development:reject:ambiguous:ambiguous_verification_value:validation-f3:validation-e2,historical_c23_public_development_diagnostic,R1
0.2826891243457794,access_code,0.22125764191150665,0.2309199720621109,c23-development:reject:ambiguous:ambiguous_verification_value:validation-f4:validation-e3,historical_c23_public_development_diagnostic,R1
0.2826891243457794,access_code,0.22125764191150665,0.2309199720621109,c23-development:reject:ambiguous:ambiguous_verification_value:validation-f5:validation-e4,historical_c23_public_development_diagnostic,R1
0.07055506855249405,registry_id,0.022782588377594948,0.09987052530050278,c23-development:reject:unrelated:unrelated_birth_date:validation-f0:validation-e0,historical_c23_public_development_diagnostic,R1
0.07055506855249405,registry_id,0.022782588377594948,0.09987052530050278,c23-development:reject:unrelated:unrelated_birth_date:validation-f1:validation-e1,historical_c23_public_development_diagnostic,R1
0.07055506855249405,registry_id,0.022782588377594948,0.09987052530050278,c23-development:reject:unrelated:unrelated_birth_date:validation-f2:validation-e2,historical_c23_public_development_diagnostic,R1
0.07055506855249405,registry_id,0.022782588377594948,0.09987052530050278,c23-development:reject:unrelated:unrelated_birth_date:validation-f3:validation-e3,historical_c23_public_development_diagnostic,R1
0.07055506855249405,registry_id,0.022782588377594948,0.09987052530050278,c23-development:reject:unrelated:unrelated_birth_date:validation-f4:validation-e4,historical_c23_public_development_diagnostic,R1
0.07055506855249405,registry_id,0.022782588377594948,0.09987052530050278,c23-development:reject:unrelated:unrelated_birth_date:validation-f5:validation-e5,historical_c23_public_development_diagnostic,R1
0.037382762879133224,registry_id,0.031058073043823242,0.04683573544025421,c23-development:reject:unrelated:unrelated_contact_email:validation-f0:validation-e1,historical_c23_public_development_diagnostic,R1
0.037382762879133224,registry_id,0.031058073043823242,0.04683573544025421,c23-development:reject:unrelated:unrelated_contact_email:validation-f1:validation-e2,historical_c23_public_development_diagnostic,R1
0.037382762879133224,registry_id,0.031058073043823242,0.04683573544025421,c23-development:reject:unrelated:unrelated_contact_email:validation-f2:validation-e3,historical_c23_public_development_diagnostic,R1
0.037382762879133224,registry_id,0.031058073043823242,0.04683573544025421,c23-development:reject:unrelated:unrelated_contact_email:validation-f3:validation-e4,historical_c23_public_development_diagnostic,R1
0.037382762879133224,registry_id,0.031058073043823242,0.04683573544025421,c23-development:reject:unrelated:unrelated_contact_email:validation-f4:validation-e5,historical_c23_public_development_diagnostic,R1
0.037382762879133224,registry_id,0.031058073043823242,0.04683573544025421,c23-development:reject:unrelated:unrelated_contact_email:validation-f5:validation-e0,historical_c23_public_development_diagnostic,R1
0.07561293989419937,access_code,0.04337103292346001,0.057875361293554306,c23-development:reject:unrelated:unrelated_telephone_number:validation-f0:validation-e2,historical_c23_public_development_diagnostic,R1
0.07561293989419937,access_code,0.04337103292346001,0.057875361293554306,c23-development:reject:unrelated:unrelated_telephone_number:validation-f1:validation-e3,historical_c23_public_development_diagnostic,R1
0.07561293989419937,access_code,0.04337103292346001,0.057875361293554306,c23-development:reject:unrelated:unrelated_telephone_number:validation-f2:validation-e4,historical_c23_public_development_diagnostic,R1
0.07561293989419937,access_code,0.04337103292346001,0.057875361293554306,c23-development:reject:unrelated:unrelated_telephone_number:validation-f3:validation-e5,historical_c23_public_development_diagnostic,R1
0.07561293989419937,access_code,0.04337103292346001,0.057875361293554306,c23-development:reject:unrelated:unrelated_telephone_number:validation-f4:validation-e0,historical_c23_public_development_diagnostic,R1
0.07561293989419937,access_code,0.04337103292346001,0.057875361293554306,c23-development:reject:unrelated:unrelated_telephone_number:validation-f5:validation-e1,historical_c23_public_development_diagnostic,R1
0.1528632640838623,registry_id,0.18289588391780853,0.22114719450473785,c23-development:reject:unrelated:unrelated_postal_address:validation-f0:validation-e3,historical_c23_public_development_diagnostic,R1
0.1528632640838623,registry_id,0.18289588391780853,0.22114719450473785,c23-development:reject:unrelated:unrelated_postal_address:validation-f1:validation-e4,historical_c23_public_development_diagnostic,R1
0.1528632640838623,registry_id,0.18289588391780853,0.22114719450473785,c23-development:reject:unrelated:unrelated_postal_address:validation-f2:validation-e5,historical_c23_public_development_diagnostic,R1
0.1528632640838623,registry_id,0.18289588391780853,0.22114719450473785,c23-development:reject:unrelated:unrelated_postal_address:validation-f3:validation-e0,historical_c23_public_development_diagnostic,R1
0.1528632640838623,registry_id,0.18289588391780853,0.22114719450473785,c23-development:reject:unrelated:unrelated_postal_address:validation-f4:validation-e1,historical_c23_public_development_diagnostic,R1
0.1528632640838623,registry_id,0.18289588391780853,0.22114719450473785,c23-development:reject:unrelated:unrelated_postal_address:validation-f5:validation-e2,historical_c23_public_development_diagnostic,R1
0.12983442842960358,access_code,0.03895696625113487,0.08086732774972916,c23-development:reject:unrelated:unrelated_account_balance:validation-f0:validation-e4,historical_c23_public_development_diagnostic,R1
0.12983442842960358,access_code,0.03895696625113487,0.08086732774972916,c23-development:reject:unrelated:unrelated_account_balance:validation-f1:validation-e5,historical_c23_public_development_diagnostic,R1
0.12983442842960358,access_code,0.03895696625113487,0.08086732774972916,c23-development:reject:unrelated:unrelated_account_balance:validation-f2:validation-e0,historical_c23_public_development_diagnostic,R1
0.12983442842960358,access_code,0.03895696625113487,0.08086732774972916,c23-development:reject:unrelated:unrelated_account_balance:validation-f3:validation-e1,historical_c23_public_development_diagnostic,R1
0.12983442842960358,access_code,0.03895696625113487,0.08086732774972916,c23-development:reject:unrelated:unrelated_account_balance:validation-f4:validation-e2,historical_c23_public_development_diagnostic,R1
0.12983442842960358,access_code,0.03895696625113487,0.08086732774972916,c23-development:reject:unrelated:unrelated_account_balance:validation-f5:validation-e3,historical_c23_public_development_diagnostic,R1
0.001295755268074572,access_code,-0.02850150503218174,-0.01981975883245468,c23-development:reject:unrelated:unrelated_favorite_color:validation-f0:validation-e5,historical_c23_public_development_diagnostic,R1
0.001295755268074572,access_code,-0.02850150503218174,-0.01981975883245468,c23-development:reject:unrelated:unrelated_favorite_color:validation-f1:validation-e0,historical_c23_public_development_diagnostic,R1
0.001295755268074572,access_code,-0.02850150503218174,-0.01981975883245468,c23-development:reject:unrelated:unrelated_favorite_color:validation-f2:validation-e1,historical_c23_public_development_diagnostic,R1
0.001295755268074572,access_code,-0.02850150503218174,-0.01981975883245468,c23-development:reject:unrelated:unrelated_favorite_color:validation-f3:validation-e2,historical_c23_public_development_diagnostic,R1
0.001295755268074572,access_code,-0.02850150503218174,-0.01981975883245468,c23-development:reject:unrelated:unrelated_favorite_color:validation-f4:validation-e3,historical_c23_public_development_diagnostic,R1
0.001295755268074572,access_code,-0.02850150503218174,-0.01981975883245468,c23-development:reject:unrelated:unrelated_favorite_color:validation-f5:validation-e4,historical_c23_public_development_diagnostic,R1
0.06548406928777695,registry_id,0.07870189100503922,0.08756162971258163,c23-development:reject:unrelated:unrelated_preferred_language:validation-f0:validation-e0,historical_c23_public_development_diagnostic,R1
0.06548406928777695,registry_id,0.07870189100503922,0.08756162971258163,c23-development:reject:unrelated:unrelated_preferred_language:validation-f1:validation-e1,historical_c23_public_development_diagnostic,R1
0.06548406928777695,registry_id,0.07870189100503922,0.08756162971258163,c23-development:reject:unrelated:unrelated_preferred_language:validation-f2:validation-e2,historical_c23_public_development_diagnostic,R1
0.06548406928777695,registry_id,0.07870189100503922,0.08756162971258163,c23-development:reject:unrelated:unrelated_preferred_language:validation-f3:validation-e3,historical_c23_public_development_diagnostic,R1
0.06548406928777695,registry_id,0.07870189100503922,0.08756162971258163,c23-development:reject:unrelated:unrelated_preferred_language:validation-f4:validation-e4,historical_c23_public_development_diagnostic,R1
0.06548406928777695,registry_id,0.07870189100503922,0.08756162971258163,c23-development:reject:unrelated:unrelated_preferred_language:validation-f5:validation-e5,historical_c23_public_development_diagnostic,R1
0.1365562081336975,registry_id,0.15645410120487213,0.20192556083202362,c23-development:reject:unrelated:unrelated_owner_name:validation-f0:validation-e1,historical_c23_public_development_diagnostic,R1
0.1365562081336975,registry_id,0.15645410120487213,0.20192556083202362,c23-development:reject:unrelated:unrelated_owner_name:validation-f1:validation-e2,historical_c23_public_development_diagnostic,R1
0.1365562081336975,registry_id,0.15645410120487213,0.20192556083202362,c23-development:reject:unrelated:unrelated_owner_name:validation-f2:validation-e3,historical_c23_public_development_diagnostic,R1
0.1365562081336975,registry_id,0.15645410120487213,0.20192556083202362,c23-development:reject:unrelated:unrelated_owner_name:validation-f3:validation-e4,historical_c23_public_development_diagnostic,R1
0.1365562081336975,registry_id,0.15645410120487213,0.20192556083202362,c23-development:reject:unrelated:unrelated_owner_name:validation-f4:validation-e5,historical_c23_public_development_diagnostic,R1
0.1365562081336975,registry_id,0.15645410120487213,0.20192556083202362,c23-development:reject:unrelated:unrelated_owner_name:validation-f5:validation-e0,historical_c23_public_development_diagnostic,R1
0.053099919110536575,registry_id,0.06020427867770195,0.113737553358078,c23-development:reject:unrelated:unrelated_creation_timestamp:validation-f0:validation-e2,historical_c23_public_development_diagnostic,R1
0.053099919110536575,registry_id,0.06020427867770195,0.113737553358078,c23-development:reject:unrelated:unrelated_creation_timestamp:validation-f1:validation-e3,historical_c23_public_development_diagnostic,R1
0.053099919110536575,registry_id,0.06020427867770195,0.113737553358078,c23-development:reject:unrelated:unrelated_creation_timestamp:validation-f2:validation-e4,historical_c23_public_development_diagnostic,R1
0.053099919110536575,registry_id,0.06020427867770195,0.113737553358078,c23-development:reject:unrelated:unrelated_creation_timestamp:validation-f3:validation-e5,historical_c23_public_development_diagnostic,R1
0.053099919110536575,registry_id,0.06020427867770195,0.113737553358078,c23-development:reject:unrelated:unrelated_creation_timestamp:validation-f4:validation-e0,historical_c23_public_development_diagnostic,R1
0.053099919110536575,registry_id,0.06020427867770195,0.113737553358078,c23-development:reject:unrelated:unrelated_creation_timestamp:validation-f5:validation-e1,historical_c23_public_development_diagnostic,R1
0.09554517269134521,registry_id,0.0799039974808693,0.16210274398326874,c23-development:reject:unrelated:unrelated_current_status:validation-f0:validation-e3,historical_c23_public_development_diagnostic,R1
0.09554517269134521,registry_id,0.0799039974808693,0.16210274398326874,c23-development:reject:unrelated:unrelated_current_status:validation-f1:validation-e4,historical_c23_public_development_diagnostic,R1
0.09554517269134521,registry_id,0.0799039974808693,0.16210274398326874,c23-development:reject:unrelated:unrelated_current_status:validation-f2:validation-e5,historical_c23_public_development_diagnostic,R1
0.09554517269134521,registry_id,0.0799039974808693,0.16210274398326874,c23-development:reject:unrelated:unrelated_current_status:validation-f3:validation-e0,historical_c23_public_development_diagnostic,R1
0.09554517269134521,registry_id,0.0799039974808693,0.16210274398326874,c23-development:reject:unrelated:unrelated_current_status:validation-f4:validation-e1,historical_c23_public_development_diagnostic,R1
0.09554517269134521,registry_id,0.0799039974808693,0.16210274398326874,c23-development:reject:unrelated:unrelated_current_status:validation-f5:validation-e2,historical_c23_public_development_diagnostic,R1
0.10403323173522949,registry_id,0.1510385423898697,0.18101435899734497,c23-development:reject:unrelated:unrelated_category_description:validation-f0:validation-e4,historical_c23_public_development_diagnostic,R1
0.10403323173522949,registry_id,0.1510385423898697,0.18101435899734497,c23-development:reject:unrelated:unrelated_category_description:validation-f1:validation-e5,historical_c23_public_development_diagnostic,R1
0.10403323173522949,registry_id,0.1510385423898697,0.18101435899734497,c23-development:reject:unrelated:unrelated_category_description:validation-f2:validation-e0,historical_c23_public_development_diagnostic,R1
0.10403323173522949,registry_id,0.1510385423898697,0.18101435899734497,c23-development:reject:unrelated:unrelated_category_description:validation-f3:validation-e1,historical_c23_public_development_diagnostic,R1
0.10403323173522949,registry_id,0.1510385423898697,0.18101435899734497,c23-development:reject:unrelated:unrelated_category_description:validation-f4:validation-e2,historical_c23_public_development_diagnostic,R1
0.10403323173522949,registry_id,0.1510385423898697,0.18101435899734497,c23-development:reject:unrelated:unrelated_category_description:validation-f5:validation-e3,historical_c23_public_development_diagnostic,R1
-0.013299219310283661,registry_id,-0.028627073392271996,0.03860199823975563,c23-development:reject:unrelated:unrelated_last_update_date:validation-f0:validation-e5,historical_c23_public_development_diagnostic,R1
-0.013299219310283661,registry_id,-0.028627073392271996,0.03860199823975563,c23-development:reject:unrelated:unrelated_last_update_date:validation-f1:validation-e0,historical_c23_public_development_diagnostic,R1
-0.013299219310283661,registry_id,-0.028627073392271996,0.03860199823975563,c23-development:reject:unrelated:unrelated_last_update_date:validation-f2:validation-e1,historical_c23_public_development_diagnostic,R1
-0.013299219310283661,registry_id,-0.028627073392271996,0.03860199823975563,c23-development:reject:unrelated:unrelated_last_update_date:validation-f3:validation-e2,historical_c23_public_development_diagnostic,R1
-0.013299219310283661,registry_id,-0.028627073392271996,0.03860199823975563,c23-development:reject:unrelated:unrelated_last_update_date:validation-f4:validation-e3,historical_c23_public_development_diagnostic,R1
-0.013299219310283661,registry_id,-0.028627073392271996,0.03860199823975563,c23-development:reject:unrelated:unrelated_last_update_date:validation-f5:validation-e4,historical_c23_public_development_diagnostic,R1
-0.08200348168611526,registry_id,-0.1720844954252243,0.5121300220489502,c23-development:validation:registry_id:registry_official_register_identifier:validation-f0:validation-e0,historical_c23_public_development_diagnostic,R2
-0.08200348168611526,registry_id,-0.1720844954252243,0.5121300220489502,c23-development:validation:registry_id:registry_official_register_identifier:validation-f1:validation-e1,historical_c23_public_development_diagnostic,R2
-0.08200348168611526,registry_id,-0.1720844954252243,0.5121300220489502,c23-development:validation:registry_id:registry_official_register_identifier:validation-f2:validation-e2,historical_c23_public_development_diagnostic,R2
-0.08200348168611526,registry_id,-0.1720844954252243,0.5121300220489502,c23-development:validation:registry_id:registry_official_register_identifier:validation-f3:validation-e3,historical_c23_public_development_diagnostic,R2
-0.08200348168611526,registry_id,-0.1720844954252243,0.5121300220489502,c23-development:validation:registry_id:registry_official_register_identifier:validation-f4:validation-e4,historical_c23_public_development_diagnostic,R2
-0.08200348168611526,registry_id,-0.1720844954252243,0.5121300220489502,c23-development:validation:registry_id:registry_official_register_identifier:validation-f5:validation-e5,historical_c23_public_development_diagnostic,R2
-0.09786073863506317,registry_id,-0.26449885964393616,0.5951955914497375,c23-development:validation:registry_id:registry_registration_database_number:validation-f0:validation-e1,historical_c23_public_development_diagnostic,R2
-0.09786073863506317,registry_id,-0.26449885964393616,0.5951955914497375,c23-development:validation:registry_id:registry_registration_database_number:validation-f1:validation-e2,historical_c23_public_development_diagnostic,R2
-0.09786073863506317,registry_id,-0.26449885964393616,0.5951955914497375,c23-development:validation:registry_id:registry_registration_database_number:validation-f2:validation-e3,historical_c23_public_development_diagnostic,R2
-0.09786073863506317,registry_id,-0.26449885964393616,0.5951955914497375,c23-development:validation:registry_id:registry_registration_database_number:validation-f3:validation-e4,historical_c23_public_development_diagnostic,R2
-0.09786073863506317,registry_id,-0.26449885964393616,0.5951955914497375,c23-development:validation:registry_id:registry_registration_database_number:validation-f4:validation-e5,historical_c23_public_development_diagnostic,R2
-0.09786073863506317,registry_id,-0.26449885964393616,0.5951955914497375,c23-development:validation:registry_id:registry_registration_database_number:validation-f5:validation-e0,historical_c23_public_development_diagnostic,R2
0.10333231091499329,registry_id,-0.22826434671878815,0.37352633476257324,c23-development:validation:registry_id:registry_entry_serial:validation-f0:validation-e2,historical_c23_public_development_diagnostic,R2
0.10333231091499329,registry_id,-0.22826434671878815,0.37352633476257324,c23-development:validation:registry_id:registry_entry_serial:validation-f1:validation-e3,historical_c23_public_development_diagnostic,R2
0.10333231091499329,registry_id,-0.22826434671878815,0.37352633476257324,c23-development:validation:registry_id:registry_entry_serial:validation-f2:validation-e4,historical_c23_public_development_diagnostic,R2
0.10333231091499329,registry_id,-0.22826434671878815,0.37352633476257324,c23-development:validation:registry_id:registry_entry_serial:validation-f3:validation-e5,historical_c23_public_development_diagnostic,R2
0.10333231091499329,registry_id,-0.22826434671878815,0.37352633476257324,c23-development:validation:registry_id:registry_entry_serial:validation-f4:validation-e0,historical_c23_public_development_diagnostic,R2
0.10333231091499329,registry_id,-0.22826434671878815,0.37352633476257324,c23-development:validation:registry_id:registry_entry_serial:validation-f5:validation-e1,historical_c23_public_development_diagnostic,R2
0.043603911995887756,registry_id,-0.1648273766040802,0.3501831591129303,c23-development:validation:registry_id:registry_records_office_id:validation-f0:validation-e3,historical_c23_public_development_diagnostic,R2
0.043603911995887756,registry_id,-0.1648273766040802,0.3501831591129303,c23-development:validation:registry_id:registry_records_office_id:validation-f1:validation-e4,historical_c23_public_development_diagnostic,R2
0.043603911995887756,registry_id,-0.1648273766040802,0.3501831591129303,c23-development:validation:registry_id:registry_records_office_id:validation-f2:validation-e5,historical_c23_public_development_diagnostic,R2
0.043603911995887756,registry_id,-0.1648273766040802,0.3501831591129303,c23-development:validation:registry_id:registry_records_office_id:validation-f3:validation-e0,historical_c23_public_development_diagnostic,R2
0.043603911995887756,registry_id,-0.1648273766040802,0.3501831591129303,c23-development:validation:registry_id:registry_records_office_id:validation-f4:validation-e1,historical_c23_public_development_diagnostic,R2
0.043603911995887756,registry_id,-0.1648273766040802,0.3501831591129303,c23-development:validation:registry_id:registry_records_office_id:validation-f5:validation-e2,historical_c23_public_development_diagnostic,R2
-0.03944054991006851,registry_id,-0.19114726781845093,0.4447978734970093,c23-development:validation:registry_id:registry_recordkeeping_index:validation-f0:validation-e4,historical_c23_public_development_diagnostic,R2
-0.03944054991006851,registry_id,-0.19114726781845093,0.4447978734970093,c23-development:validation:registry_id:registry_recordkeeping_index:validation-f1:validation-e5,historical_c23_public_development_diagnostic,R2
-0.03944054991006851,registry_id,-0.19114726781845093,0.4447978734970093,c23-development:validation:registry_id:registry_recordkeeping_index:validation-f2:validation-e0,historical_c23_public_development_diagnostic,R2
-0.03944054991006851,registry_id,-0.19114726781845093,0.4447978734970093,c23-development:validation:registry_id:registry_recordkeeping_index:validation-f3:validation-e1,historical_c23_public_development_diagnostic,R2
-0.03944054991006851,registry_id,-0.19114726781845093,0.4447978734970093,c23-development:validation:registry_id:registry_recordkeeping_index:validation-f4:validation-e2,historical_c23_public_development_diagnostic,R2
-0.03944054991006851,registry_id,-0.19114726781845093,0.4447978734970093,c23-development:validation:registry_id:registry_recordkeeping_index:validation-f5:validation-e3,historical_c23_public_development_diagnostic,R2
-0.10873827338218689,registry_id,-0.15463407337665558,0.5150592923164368,c23-development:validation:registry_id:registry_formal_filing_reference:validation-f0:validation-e5,historical_c23_public_development_diagnostic,R2
-0.10873827338218689,registry_id,-0.15463407337665558,0.5150592923164368,c23-development:validation:registry_id:registry_formal_filing_reference:validation-f1:validation-e0,historical_c23_public_development_diagnostic,R2
-0.10873827338218689,registry_id,-0.15463407337665558,0.5150592923164368,c23-development:validation:registry_id:registry_formal_filing_reference:validation-f2:validation-e1,historical_c23_public_development_diagnostic,R2
-0.10873827338218689,registry_id,-0.15463407337665558,0.5150592923164368,c23-development:validation:registry_id:registry_formal_filing_reference:validation-f3:validation-e2,historical_c23_public_development_diagnostic,R2
-0.10873827338218689,registry_id,-0.15463407337665558,0.5150592923164368,c23-development:validation:registry_id:registry_formal_filing_reference:validation-f4:validation-e3,historical_c23_public_development_diagnostic,R2
-0.10873827338218689,registry_id,-0.15463407337665558,0.5150592923164368,c23-development:validation:registry_id:registry_formal_filing_reference:validation-f5:validation-e4,historical_c23_public_development_diagnostic,R2
0.05129329487681389,registry_id,-0.042977407574653625,0.20619963109493256,c23-development:validation:registry_id:registry_master_roster_serial:validation-f0:validation-e0,historical_c23_public_development_diagnostic,R2
0.05129329487681389,registry_id,-0.042977407574653625,0.20619963109493256,c23-development:validation:registry_id:registry_master_roster_serial:validation-f1:validation-e1,historical_c23_public_development_diagnostic,R2
0.05129329487681389,registry_id,-0.042977407574653625,0.20619963109493256,c23-development:validation:registry_id:registry_master_roster_serial:validation-f2:validation-e2,historical_c23_public_development_diagnostic,R2
0.05129329487681389,registry_id,-0.042977407574653625,0.20619963109493256,c23-development:validation:registry_id:registry_master_roster_serial:validation-f3:validation-e3,historical_c23_public_development_diagnostic,R2
0.05129329487681389,registry_id,-0.042977407574653625,0.20619963109493256,c23-development:validation:registry_id:registry_master_roster_serial:validation-f4:validation-e4,historical_c23_public_development_diagnostic,R2
0.05129329487681389,registry_id,-0.042977407574653625,0.20619963109493256,c23-development:validation:registry_id:registry_master_roster_serial:validation-f5:validation-e5,historical_c23_public_development_diagnostic,R2
-0.1915137767791748,registry_id,-0.08782713115215302,0.5000548958778381,c23-development:validation:registry_id:registry_official_roll_index:validation-f0:validation-e1,historical_c23_public_development_diagnostic,R2
-0.1915137767791748,registry_id,-0.08782713115215302,0.5000548958778381,c23-development:validation:registry_id:registry_official_roll_index:validation-f1:validation-e2,historical_c23_public_development_diagnostic,R2
-0.1915137767791748,registry_id,-0.08782713115215302,0.5000548958778381,c23-development:validation:registry_id:registry_official_roll_index:validation-f2:validation-e3,historical_c23_public_development_diagnostic,R2
-0.1915137767791748,registry_id,-0.08782713115215302,0.5000548958778381,c23-development:validation:registry_id:registry_official_roll_index:validation-f3:validation-e4,historical_c23_public_development_diagnostic,R2
-0.1915137767791748,registry_id,-0.08782713115215302,0.5000548958778381,c23-development:validation:registry_id:registry_official_roll_index:validation-f4:validation-e5,historical_c23_public_development_diagnostic,R2
-0.1915137767791748,registry_id,-0.08782713115215302,0.5000548958778381,c23-development:validation:registry_id:registry_official_roll_index:validation-f5:validation-e0,historical_c23_public_development_diagnostic,R2
0.05215838551521301,registry_id,-0.06419392675161362,0.27560779452323914,c23-development:validation:registry_id:registry_catalogue_accession:validation-f0:validation-e2,historical_c23_public_development_diagnostic,R2
0.05215838551521301,registry_id,-0.06419392675161362,0.27560779452323914,c23-development:validation:registry_id:registry_catalogue_accession:validation-f1:validation-e3,historical_c23_public_development_diagnostic,R2
0.05215838551521301,registry_id,-0.06419392675161362,0.27560779452323914,c23-development:validation:registry_id:registry_catalogue_accession:validation-f2:validation-e4,historical_c23_public_development_diagnostic,R2
0.05215838551521301,registry_id,-0.06419392675161362,0.27560779452323914,c23-development:validation:registry_id:registry_catalogue_accession:validation-f3:validation-e5,historical_c23_public_development_diagnostic,R2
0.05215838551521301,registry_id,-0.06419392675161362,0.27560779452323914,c23-development:validation:registry_id:registry_catalogue_accession:validation-f4:validation-e0,historical_c23_public_development_diagnostic,R2
0.05215838551521301,registry_id,-0.06419392675161362,0.27560779452323914,c23-development:validation:registry_id:registry_catalogue_accession:validation-f5:validation-e1,historical_c23_public_development_diagnostic,R2
0.08541572839021683,registry_id,-0.08839539438486099,0.20328906178474426,c23-development:validation:registry_id:registry_master_list_folio:validation-f0:validation-e3,historical_c23_public_development_diagnostic,R2
0.08541572839021683,registry_id,-0.08839539438486099,0.20328906178474426,c23-development:validation:registry_id:registry_master_list_folio:validation-f1:validation-e4,historical_c23_public_development_diagnostic,R2
0.08541572839021683,registry_id,-0.08839539438486099,0.20328906178474426,c23-development:validation:registry_id:registry_master_list_folio:validation-f2:validation-e5,historical_c23_public_development_diagnostic,R2
0.08541572839021683,registry_id,-0.08839539438486099,0.20328906178474426,c23-development:validation:registry_id:registry_master_list_folio:validation-f3:validation-e0,historical_c23_public_development_diagnostic,R2
0.08541572839021683,registry_id,-0.08839539438486099,0.20328906178474426,c23-development:validation:registry_id:registry_master_list_folio:validation-f4:validation-e1,historical_c23_public_development_diagnostic,R2
0.08541572839021683,registry_id,-0.08839539438486099,0.20328906178474426,c23-development:validation:registry_id:registry_master_list_folio:validation-f5:validation-e2,historical_c23_public_development_diagnostic,R2
-0.19401171803474426,registry_id,-0.059377238154411316,0.49505722522735596,c23-development:validation:registry_id:registry_subject_docket_reference:validation-f0:validation-e4,historical_c23_public_development_diagnostic,R2
-0.19401171803474426,registry_id,-0.059377238154411316,0.49505722522735596,c23-development:validation:registry_id:registry_subject_docket_reference:validation-f1:validation-e5,historical_c23_public_development_diagnostic,R2
-0.19401171803474426,registry_id,-0.059377238154411316,0.49505722522735596,c23-development:validation:registry_id:registry_subject_docket_reference:validation-f2:validation-e0,historical_c23_public_development_diagnostic,R2
-0.19401171803474426,registry_id,-0.059377238154411316,0.49505722522735596,c23-development:validation:registry_id:registry_subject_docket_reference:validation-f3:validation-e1,historical_c23_public_development_diagnostic,R2
-0.19401171803474426,registry_id,-0.059377238154411316,0.49505722522735596,c23-development:validation:registry_id:registry_subject_docket_reference:validation-f4:validation-e2,historical_c23_public_development_diagnostic,R2
-0.19401171803474426,registry_id,-0.059377238154411316,0.49505722522735596,c23-development:validation:registry_id:registry_subject_docket_reference:validation-f5:validation-e3,historical_c23_public_development_diagnostic,R2
-0.21362945437431335,registry_id,-0.0941738486289978,0.548835277557373,c23-development:validation:registry_id:registry_official_listing_index:validation-f0:validation-e5,historical_c23_public_development_diagnostic,R2
-0.21362945437431335,registry_id,-0.0941738486289978,0.548835277557373,c23-development:validation:registry_id:registry_official_listing_index:validation-f1:validation-e0,historical_c23_public_development_diagnostic,R2
-0.21362945437431335,registry_id,-0.0941738486289978,0.548835277557373,c23-development:validation:registry_id:registry_official_listing_index:validation-f2:validation-e1,historical_c23_public_development_diagnostic,R2
-0.21362945437431335,registry_id,-0.0941738486289978,0.548835277557373,c23-development:validation:registry_id:registry_official_listing_index:validation-f3:validation-e2,historical_c23_public_development_diagnostic,R2
-0.21362945437431335,registry_id,-0.0941738486289978,0.548835277557373,c23-development:validation:registry_id:registry_official_listing_index:validation-f4:validation-e3,historical_c23_public_development_diagnostic,R2
-0.21362945437431335,registry_id,-0.0941738486289978,0.548835277557373,c23-development:validation:registry_id:registry_official_listing_index:validation-f5:validation-e4,historical_c23_public_development_diagnostic,R2
-0.2179945558309555,city_code,0.5904859900474548,-0.1303311437368393,c23-development:validation:city_code:city_named_municipality_code:validation-f0:validation-e1,historical_c23_public_development_diagnostic,R2
-0.2179945558309555,city_code,0.5904859900474548,-0.1303311437368393,c23-development:validation:city_code:city_named_municipality_code:validation-f1:validation-e2,historical_c23_public_development_diagnostic,R2
-0.2179945558309555,city_code,0.5904859900474548,-0.1303311437368393,c23-development:validation:city_code:city_named_municipality_code:validation-f2:validation-e3,historical_c23_public_development_diagnostic,R2
-0.2179945558309555,city_code,0.5904859900474548,-0.1303311437368393,c23-development:validation:city_code:city_named_municipality_code:validation-f3:validation-e4,historical_c23_public_development_diagnostic,R2
-0.2179945558309555,city_code,0.5904859900474548,-0.1303311437368393,c23-development:validation:city_code:city_named_municipality_code:validation-f4:validation-e5,historical_c23_public_development_diagnostic,R2
-0.2179945558309555,city_code,0.5904859900474548,-0.1303311437368393,c23-development:validation:city_code:city_named_municipality_code:validation-f5:validation-e0,historical_c23_public_development_diagnostic,R2
-0.134924054145813,city_code,0.36447447538375854,0.042359884828329086,c23-development:validation:city_code:city_populated_place_identifier:validation-f0:validation-e2,historical_c23_public_development_diagnostic,R2
-0.134924054145813,city_code,0.36447447538375854,0.042359884828329086,c23-development:validation:city_code:city_populated_place_identifier:validation-f1:validation-e3,historical_c23_public_development_diagnostic,R2
-0.134924054145813,city_code,0.36447447538375854,0.042359884828329086,c23-development:validation:city_code:city_populated_place_identifier:validation-f2:validation-e4,historical_c23_public_development_diagnostic,R2
-0.134924054145813,city_code,0.36447447538375854,0.042359884828329086,c23-development:validation:city_code:city_populated_place_identifier:validation-f3:validation-e5,historical_c23_public_development_diagnostic,R2
-0.134924054145813,city_code,0.36447447538375854,0.042359884828329086,c23-development:validation:city_code:city_populated_place_identifier:validation-f4:validation-e0,historical_c23_public_development_diagnostic,R2
-0.134924054145813,city_code,0.36447447538375854,0.042359884828329086,c23-development:validation:city_code:city_populated_place_identifier:validation-f5:validation-e1,historical_c23_public_development_diagnostic,R2
-0.25649207830429077,city_code,0.31912317872047424,0.2291799783706665,c23-development:validation:city_code:city_local_jurisdiction_number:validation-f0:validation-e3,historical_c23_public_development_diagnostic,R2
-0.25649207830429077,city_code,0.31912317872047424,0.2291799783706665,c23-development:validation:city_code:city_local_jurisdiction_number:validation-f1:validation-e4,historical_c23_public_development_diagnostic,R2
-0.25649207830429077,city_code,0.31912317872047424,0.2291799783706665,c23-development:validation:city_code:city_local_jurisdiction_number:validation-f2:validation-e5,historical_c23_public_development_diagnostic,R2
-0.25649207830429077,city_code,0.31912317872047424,0.2291799783706665,c23-development:validation:city_code:city_local_jurisdiction_number:validation-f3:validation-e0,historical_c23_public_development_diagnostic,R2
-0.25649207830429077,city_code,0.31912317872047424,0.2291799783706665,c23-development:validation:city_code:city_local_jurisdiction_number:validation-f4:validation-e1,historical_c23_public_development_diagnostic,R2
-0.25649207830429077,city_code,0.31912317872047424,0.2291799783706665,c23-development:validation:city_code:city_local_jurisdiction_number:validation-f5:validation-e2,historical_c23_public_development_diagnostic,R2
-0.09495877474546432,city_code,0.3881019055843353,0.001364435418508947,c23-development:validation:city_code:city_administrative_area_id:validation-f0:validation-e4,historical_c23_public_development_diagnostic,R2
-0.09495877474546432,city_code,0.3881019055843353,0.001364435418508947,c23-development:validation:city_code:city_administrative_area_id:validation-f1:validation-e5,historical_c23_public_development_diagnostic,R2
-0.09495877474546432,city_code,0.3881019055843353,0.001364435418508947,c23-development:validation:city_code:city_administrative_area_id:validation-f2:validation-e0,historical_c23_public_development_diagnostic,R2
-0.09495877474546432,city_code,0.3881019055843353,0.001364435418508947,c23-development:validation:city_code:city_administrative_area_id:validation-f3:validation-e1,historical_c23_public_development_diagnostic,R2
-0.09495877474546432,city_code,0.3881019055843353,0.001364435418508947,c23-development:validation:city_code:city_administrative_area_id:validation-f4:validation-e2,historical_c23_public_development_diagnostic,R2
-0.09495877474546432,city_code,0.3881019055843353,0.001364435418508947,c23-development:validation:city_code:city_administrative_area_id:validation-f5:validation-e3,historical_c23_public_development_diagnostic,R2
-0.20758284628391266,city_code,0.609899640083313,-0.1276547908782959,c23-development:validation:city_code:city_named_locality_code:validation-f0:validation-e5,historical_c23_public_development_diagnostic,R2
-0.20758284628391266,city_code,0.609899640083313,-0.1276547908782959,c23-development:validation:city_code:city_named_locality_code:validation-f1:validation-e0,historical_c23_public_development_diagnostic,R2
-0.20758284628391266,city_code,0.609899640083313,-0.1276547908782959,c23-development:validation:city_code:city_named_locality_code:validation-f2:validation-e1,historical_c23_public_development_diagnostic,R2
-0.20758284628391266,city_code,0.609899640083313,-0.1276547908782959,c23-development:validation:city_code:city_named_locality_code:validation-f3:validation-e2,historical_c23_public_development_diagnostic,R2
-0.20758284628391266,city_code,0.609899640083313,-0.1276547908782959,c23-development:validation:city_code:city_named_locality_code:validation-f4:validation-e3,historical_c23_public_development_diagnostic,R2
-0.20758284628391266,city_code,0.609899640083313,-0.1276547908782959,c23-development:validation:city_code:city_named_locality_code:validation-f5:validation-e4,historical_c23_public_development_diagnostic,R2
-0.12746359407901764,city_code,0.440888375043869,-0.031199133023619652,c23-development:validation:city_code:city_local_government_identifier:validation-f0:validation-e0,historical_c23_public_development_diagnostic,R2
-0.12746359407901764,city_code,0.440888375043869,-0.031199133023619652,c23-development:validation:city_code:city_local_government_identifier:validation-f1:validation-e1,historical_c23_public_development_diagnostic,R2
-0.12746359407901764,city_code,0.440888375043869,-0.031199133023619652,c23-development:validation:city_code:city_local_government_identifier:validation-f2:validation-e2,historical_c23_public_development_diagnostic,R2
-0.12746359407901764,city_code,0.440888375043869,-0.031199133023619652,c23-development:validation:city_code:city_local_government_identifier:validation-f3:validation-e3,historical_c23_public_development_diagnostic,R2
-0.12746359407901764,city_code,0.440888375043869,-0.031199133023619652,c23-development:validation:city_code:city_local_government_identifier:validation-f4:validation-e4,historical_c23_public_development_diagnostic,R2
-0.12746359407901764,city_code,0.440888375043869,-0.031199133023619652,c23-development:validation:city_code:city_local_government_identifier:validation-f5:validation-e5,historical_c23_public_development_diagnostic,R2
-0.09479723125696182,city_code,0.5670589208602905,-0.22878096997737885,c23-development:validation:city_code:city_town_geocode:validation-f0:validation-e1,historical_c23_public_development_diagnostic,R2
-0.09479723125696182,city_code,0.5670589208602905,-0.22878096997737885,c23-development:validation:city_code:city_town_geocode:validation-f1:validation-e2,historical_c23_public_development_diagnostic,R2
-0.09479723125696182,city_code,0.5670589208602905,-0.22878096997737885,c23-development:validation:city_code:city_town_geocode:validation-f2:validation-e3,historical_c23_public_development_diagnostic,R2
-0.09479723125696182,city_code,0.5670589208602905,-0.22878096997737885,c23-development:validation:city_code:city_town_geocode:validation-f3:validation-e4,historical_c23_public_development_diagnostic,R2
-0.09479723125696182,city_code,0.5670589208602905,-0.22878096997737885,c23-development:validation:city_code:city_town_geocode:validation-f4:validation-e5,historical_c23_public_development_diagnostic,R2
-0.09479723125696182,city_code,0.5670589208602905,-0.22878096997737885,c23-development:validation:city_code:city_town_geocode:validation-f5:validation-e0,historical_c23_public_development_diagnostic,R2
-0.049393944442272186,city_code,0.5595371127128601,-0.24217109382152557,c23-development:validation:city_code:city_metropolitan_designation:validation-f0:validation-e2,historical_c23_public_development_diagnostic,R2
-0.049393944442272186,city_code,0.5595371127128601,-0.24217109382152557,c23-development:validation:city_code:city_metropolitan_designation:validation-f1:validation-e3,historical_c23_public_development_diagnostic,R2
-0.049393944442272186,city_code,0.5595371127128601,-0.24217109382152557,c23-development:validation:city_code:city_metropolitan_designation:validation-f2:validation-e4,historical_c23_public_development_diagnostic,R2
-0.049393944442272186,city_code,0.5595371127128601,-0.24217109382152557,c23-development:validation:city_code:city_metropolitan_designation:validation-f3:validation-e5,historical_c23_public_development_diagnostic,R2
-0.049393944442272186,city_code,0.5595371127128601,-0.24217109382152557,c23-development:validation:city_code:city_metropolitan_designation:validation-f4:validation-e0,historical_c23_public_development_diagnostic,R2
-0.049393944442272186,city_code,0.5595371127128601,-0.24217109382152557,c23-development:validation:city_code:city_metropolitan_designation:validation-f5:validation-e1,historical_c23_public_development_diagnostic,R2
-0.2331150770187378,city_code,0.4468095898628235,0.015725893899798393,c23-development:validation:city_code:city_urban_district_number:validation-f0:validation-e3,historical_c23_public_development_diagnostic,R2
-0.2331150770187378,city_code,0.4468095898628235,0.015725893899798393,c23-development:validation:city_code:city_urban_district_number:validation-f1:validation-e4,historical_c23_public_development_diagnostic,R2
-0.2331150770187378,city_code,0.4468095898628235,0.015725893899798393,c23-development:validation:city_code:city_urban_district_number:validation-f2:validation-e5,historical_c23_public_development_diagnostic,R2
-0.2331150770187378,city_code,0.4468095898628235,0.015725893899798393,c23-development:validation:city_code:city_urban_district_number:validation-f3:validation-e0,historical_c23_public_development_diagnostic,R2
-0.2331150770187378,city_code,0.4468095898628235,0.015725893899798393,c23-development:validation:city_code:city_urban_district_number:validation-f4:validation-e1,historical_c23_public_development_diagnostic,R2
-0.2331150770187378,city_code,0.4468095898628235,0.015725893899798393,c23-development:validation:city_code:city_urban_district_number:validation-f5:validation-e2,historical_c23_public_development_diagnostic,R2
-0.17192183434963226,city_code,0.5801874995231628,-0.1772860884666443,c23-development:validation:city_code:city_civic_region_label:validation-f0:validation-e4,historical_c23_public_development_diagnostic,R2
-0.17192183434963226,city_code,0.5801874995231628,-0.1772860884666443,c23-development:validation:city_code:city_civic_region_label:validation-f1:validation-e5,historical_c23_public_development_diagnostic,R2
-0.17192183434963226,city_code,0.5801874995231628,-0.1772860884666443,c23-development:validation:city_code:city_civic_region_label:validation-f2:validation-e0,historical_c23_public_development_diagnostic,R2
-0.17192183434963226,city_code,0.5801874995231628,-0.1772860884666443,c23-development:validation:city_code:city_civic_region_label:validation-f3:validation-e1,historical_c23_public_development_diagnostic,R2
-0.17192183434963226,city_code,0.5801874995231628,-0.1772860884666443,c23-development:validation:city_code:city_civic_region_label:validation-f4:validation-e2,historical_c23_public_development_diagnostic,R2
-0.17192183434963226,city_code,0.5801874995231628,-0.1772860884666443,c23-development:validation:city_code:city_civic_region_label:validation-f5:validation-e3,historical_c23_public_development_diagnostic,R2
-0.15759597718715668,city_code,0.5564144253730774,-0.1751503050327301,c23-development:validation:city_code:city_town_place_code:validation-f0:validation-e5,historical_c23_public_development_diagnostic,R2
-0.15759597718715668,city_code,0.5564144253730774,-0.1751503050327301,c23-development:validation:city_code:city_town_place_code:validation-f1:validation-e0,historical_c23_public_development_diagnostic,R2
-0.15759597718715668,city_code,0.5564144253730774,-0.1751503050327301,c23-development:validation:city_code:city_town_place_code:validation-f2:validation-e1,historical_c23_public_development_diagnostic,R2
-0.15759597718715668,city_code,0.5564144253730774,-0.1751503050327301,c23-development:validation:city_code:city_town_place_code:validation-f3:validation-e2,historical_c23_public_development_diagnostic,R2
-0.15759597718715668,city_code,0.5564144253730774,-0.1751503050327301,c23-development:validation:city_code:city_town_place_code:validation-f4:validation-e3,historical_c23_public_development_diagnostic,R2
-0.15759597718715668,city_code,0.5564144253730774,-0.1751503050327301,c23-development:validation:city_code:city_town_place_code:validation-f5:validation-e4,historical_c23_public_development_diagnostic,R2
-0.11268602311611176,city_code,0.49351590871810913,-0.08958639949560165,c23-development:validation:city_code:city_community_area_identifier:validation-f0:validation-e0,historical_c23_public_development_diagnostic,R2
-0.11268602311611176,city_code,0.49351590871810913,-0.08958639949560165,c23-development:validation:city_code:city_community_area_identifier:validation-f1:validation-e1,historical_c23_public_development_diagnostic,R2
-0.11268602311611176,city_code,0.49351590871810913,-0.08958639949560165,c23-development:validation:city_code:city_community_area_identifier:validation-f2:validation-e2,historical_c23_public_development_diagnostic,R2
-0.11268602311611176,city_code,0.49351590871810913,-0.08958639949560165,c23-development:validation:city_code:city_community_area_identifier:validation-f3:validation-e3,historical_c23_public_development_diagnostic,R2
-0.11268602311611176,city_code,0.49351590871810913,-0.08958639949560165,c23-development:validation:city_code:city_community_area_identifier:validation-f4:validation-e4,historical_c23_public_development_diagnostic,R2
-0.11268602311611176,city_code,0.49351590871810913,-0.08958639949560165,c23-development:validation:city_code:city_community_area_identifier:validation-f5:validation-e5,historical_c23_public_development_diagnostic,R2
0.4961273968219757,access_code,-0.2618839144706726,0.05537516996264458,c23-development:validation:access_code:access_required_credential:validation-f0:validation-e2,historical_c23_public_development_diagnostic,R2
0.4961273968219757,access_code,-0.2618839144706726,0.05537516996264458,c23-development:validation:access_code:access_required_credential:validation-f1:validation-e3,historical_c23_public_development_diagnostic,R2
0.4961273968219757,access_code,-0.2618839144706726,0.05537516996264458,c23-development:validation:access_code:access_required_credential:validation-f2:validation-e4,historical_c23_public_development_diagnostic,R2
0.4961273968219757,access_code,-0.2618839144706726,0.05537516996264458,c23-development:validation:access_code:access_required_credential:validation-f3:validation-e5,historical_c23_public_development_diagnostic,R2
0.4961273968219757,access_code,-0.2618839144706726,0.05537516996264458,c23-development:validation:access_code:access_required_credential:validation-f4:validation-e0,historical_c23_public_development_diagnostic,R2
0.4961273968219757,access_code,-0.2618839144706726,0.05537516996264458,c23-development:validation:access_code:access_required_credential:validation-f5:validation-e1,historical_c23_public_development_diagnostic,R2
0.6962814927101135,access_code,-0.2933511734008789,-0.1565667986869812,c23-development:validation:access_code:access_protected_account_password:validation-f0:validation-e3,historical_c23_public_development_diagnostic,R2
0.6962814927101135,access_code,-0.2933511734008789,-0.1565667986869812,c23-development:validation:access_code:access_protected_account_password:validation-f1:validation-e4,historical_c23_public_development_diagnostic,R2
0.6962814927101135,access_code,-0.2933511734008789,-0.1565667986869812,c23-development:validation:access_code:access_protected_account_password:validation-f2:validation-e5,historical_c23_public_development_diagnostic,R2
0.6962814927101135,access_code,-0.2933511734008789,-0.1565667986869812,c23-development:validation:access_code:access_protected_account_password:validation-f3:validation-e0,historical_c23_public_development_diagnostic,R2
0.6962814927101135,access_code,-0.2933511734008789,-0.1565667986869812,c23-development:validation:access_code:access_protected_account_password:validation-f4:validation-e1,historical_c23_public_development_diagnostic,R2
0.6962814927101135,access_code,-0.2933511734008789,-0.1565667986869812,c23-development:validation:access_code:access_protected_account_password:validation-f5:validation-e2,historical_c23_public_development_diagnostic,R2
0.685845673084259,access_code,-0.16727252304553986,-0.3103347420692444,c23-development:validation:access_code:access_service_unlock_passcode:validation-f0:validation-e4,historical_c23_public_development_diagnostic,R2
0.685845673084259,access_code,-0.16727252304553986,-0.3103347420692444,c23-development:validation:access_code:access_service_unlock_passcode:validation-f1:validation-e5,historical_c23_public_development_diagnostic,R2
0.685845673084259,access_code,-0.16727252304553986,-0.3103347420692444,c23-development:validation:access_code:access_service_unlock_passcode:validation-f2:validation-e0,historical_c23_public_development_diagnostic,R2
0.685845673084259,access_code,-0.16727252304553986,-0.3103347420692444,c23-development:validation:access_code:access_service_unlock_passcode:validation-f3:validation-e1,historical_c23_public_development_diagnostic,R2
0.685845673084259,access_code,-0.16727252304553986,-0.3103347420692444,c23-development:validation:access_code:access_service_unlock_passcode:validation-f4:validation-e2,historical_c23_public_development_diagnostic,R2
0.685845673084259,access_code,-0.16727252304553986,-0.3103347420692444,c23-development:validation:access_code:access_service_unlock_passcode:validation-f5:validation-e3,historical_c23_public_development_diagnostic,R2
0.5843363404273987,access_code,-0.3064116835594177,-0.030676836147904396,c23-development:validation:access_code:access_subject_signon_secret:validation-f0:validation-e5,historical_c23_public_development_diagnostic,R2
0.5843363404273987,access_code,-0.3064116835594177,-0.030676836147904396,c23-development:validation:access_code:access_subject_signon_secret:validation-f1:validation-e0,historical_c23_public_development_diagnostic,R2
0.5843363404273987,access_code,-0.3064116835594177,-0.030676836147904396,c23-development:validation:access_code:access_subject_signon_secret:validation-f2:validation-e1,historical_c23_public_development_diagnostic,R2
0.5843363404273987,access_code,-0.3064116835594177,-0.030676836147904396,c23-development:validation:access_code:access_subject_signon_secret:validation-f3:validation-e2,historical_c23_public_development_diagnostic,R2
0.5843363404273987,access_code,-0.3064116835594177,-0.030676836147904396,c23-development:validation:access_code:access_subject_signon_secret:validation-f4:validation-e3,historical_c23_public_development_diagnostic,R2
0.5843363404273987,access_code,-0.3064116835594177,-0.030676836147904396,c23-development:validation:access_code:access_subject_signon_secret:validation-f5:validation-e4,historical_c23_public_development_diagnostic,R2
0.6572522521018982,access_code,-0.2034715712070465,-0.19087304174900055,c23-development:validation:access_code:access_resource_authentication_secret:validation-f0:validation-e0,historical_c23_public_development_diagnostic,R2
0.6572522521018982,access_code,-0.2034715712070465,-0.19087304174900055,c23-development:validation:access_code:access_resource_authentication_secret:validation-f1:validation-e1,historical_c23_public_development_diagnostic,R2
0.6572522521018982,access_code,-0.2034715712070465,-0.19087304174900055,c23-development:validation:access_code:access_resource_authentication_secret:validation-f2:validation-e2,historical_c23_public_development_diagnostic,R2
0.6572522521018982,access_code,-0.2034715712070465,-0.19087304174900055,c23-development:validation:access_code:access_resource_authentication_secret:validation-f3:validation-e3,historical_c23_public_development_diagnostic,R2
0.6572522521018982,access_code,-0.2034715712070465,-0.19087304174900055,c23-development:validation:access_code:access_resource_authentication_secret:validation-f4:validation-e4,historical_c23_public_development_diagnostic,R2
0.6572522521018982,access_code,-0.2034715712070465,-0.19087304174900055,c23-development:validation:access_code:access_resource_authentication_secret:validation-f5:validation-e5,historical_c23_public_development_diagnostic,R2
0.45482924580574036,access_code,-0.01093072909861803,-0.21169152855873108,c23-development:validation:access_code:access_lock_screen_code:validation-f0:validation-e1,historical_c23_public_development_diagnostic,R2
0.45482924580574036,access_code,-0.01093072909861803,-0.21169152855873108,c23-development:validation:access_code:access_lock_screen_code:validation-f1:validation-e2,historical_c23_public_development_diagnostic,R2
0.45482924580574036,access_code,-0.01093072909861803,-0.21169152855873108,c23-development:validation:access_code:access_lock_screen_code:validation-f2:validation-e3,historical_c23_public_development_diagnostic,R2
0.45482924580574036,access_code,-0.01093072909861803,-0.21169152855873108,c23-development:validation:access_code:access_lock_screen_code:validation-f3:validation-e4,historical_c23_public_development_diagnostic,R2
0.45482924580574036,access_code,-0.01093072909861803,-0.21169152855873108,c23-development:validation:access_code:access_lock_screen_code:validation-f4:validation-e5,historical_c23_public_development_diagnostic,R2
0.45482924580574036,access_code,-0.01093072909861803,-0.21169152855873108,c23-development:validation:access_code:access_lock_screen_code:validation-f5:validation-e0,historical_c23_public_development_diagnostic,R2
0.4105859100818634,access_code,-0.1388174593448639,-0.03270711004734039,c23-development:validation:access_code:access_secure_gate_pin:validation-f0:validation-e2,historical_c23_public_development_diagnostic,R2
0.4105859100818634,access_code,-0.1388174593448639,-0.03270711004734039,c23-development:validation:access_code:access_secure_gate_pin:validation-f1:validation-e3,historical_c23_public_development_diagnostic,R2
0.4105859100818634,access_code,-0.1388174593448639,-0.03270711004734039,c23-development:validation:access_code:access_secure_gate_pin:validation-f2:validation-e4,historical_c23_public_development_diagnostic,R2
0.4105859100818634,access_code,-0.1388174593448639,-0.03270711004734039,c23-development:validation:access_code:access_secure_gate_pin:validation-f3:validation-e5,historical_c23_public_development_diagnostic,R2
0.4105859100818634,access_code,-0.1388174593448639,-0.03270711004734039,c23-development:validation:access_code:access_secure_gate_pin:validation-f4:validation-e0,historical_c23_public_development_diagnostic,R2
0.4105859100818634,access_code,-0.1388174593448639,-0.03270711004734039,c23-development:validation:access_code:access_secure_gate_pin:validation-f5:validation-e1,historical_c23_public_development_diagnostic,R2
0.3658011257648468,access_code,-0.06974981725215912,-0.06161869689822197,c23-development:validation:access_code:access_resource_unlock_combination:validation-f0:validation-e3,historical_c23_public_development_diagnostic,R2
0.3658011257648468,access_code,-0.06974981725215912,-0.06161869689822197,c23-development:validation:access_code:access_resource_unlock_combination:validation-f1:validation-e4,historical_c23_public_development_diagnostic,R2
0.3658011257648468,access_code,-0.06974981725215912,-0.06161869689822197,c23-development:validation:access_code:access_resource_unlock_combination:validation-f2:validation-e5,historical_c23_public_development_diagnostic,R2
0.3658011257648468,access_code,-0.06974981725215912,-0.06161869689822197,c23-development:validation:access_code:access_resource_unlock_combination:validation-f3:validation-e0,historical_c23_public_development_diagnostic,R2
0.3658011257648468,access_code,-0.06974981725215912,-0.06161869689822197,c23-development:validation:access_code:access_resource_unlock_combination:validation-f4:validation-e1,historical_c23_public_development_diagnostic,R2
0.3658011257648468,access_code,-0.06974981725215912,-0.06161869689822197,c23-development:validation:access_code:access_resource_unlock_combination:validation-f5:validation-e2,historical_c23_public_development_diagnostic,R2
0.5557429194450378,access_code,-0.24651549756526947,-0.1304340809583664,c23-development:validation:access_code:access_account_keyphrase:validation-f0:validation-e4,historical_c23_public_development_diagnostic,R2
0.5557429194450378,access_code,-0.24651549756526947,-0.1304340809583664,c23-development:validation:access_code:access_account_keyphrase:validation-f1:validation-e5,historical_c23_public_development_diagnostic,R2
0.5557429194450378,access_code,-0.24651549756526947,-0.1304340809583664,c23-development:validation:access_code:access_account_keyphrase:validation-f2:validation-e0,historical_c23_public_development_diagnostic,R2
0.5557429194450378,access_code,-0.24651549756526947,-0.1304340809583664,c23-development:validation:access_code:access_account_keyphrase:validation-f3:validation-e1,historical_c23_public_development_diagnostic,R2
0.5557429194450378,access_code,-0.24651549756526947,-0.1304340809583664,c23-development:validation:access_code:access_account_keyphrase:validation-f4:validation-e2,historical_c23_public_development_diagnostic,R2
0.5557429194450378,access_code,-0.24651549756526947,-0.1304340809583664,c23-development:validation:access_code:access_account_keyphrase:validation-f5:validation-e3,historical_c23_public_development_diagnostic,R2
0.6550306677818298,access_code,-0.08320200443267822,-0.3779367506504059,c23-development:validation:access_code:access_secured_area_keypad_sequence:validation-f0:validation-e5,historical_c23_public_development_diagnostic,R2
0.6550306677818298,access_code,-0.08320200443267822,-0.3779367506504059,c23-development:validation:access_code:access_secured_area_keypad_sequence:validation-f1:validation-e0,historical_c23_public_development_diagnostic,R2
0.6550306677818298,access_code,-0.08320200443267822,-0.3779367506504059,c23-development:validation:access_code:access_secured_area_keypad_sequence:validation-f2:validation-e1,historical_c23_public_development_diagnostic,R2
0.6550306677818298,access_code,-0.08320200443267822,-0.3779367506504059,c23-development:validation:access_code:access_secured_area_keypad_sequence:validation-f3:validation-e2,historical_c23_public_development_diagnostic,R2
0.6550306677818298,access_code,-0.08320200443267822,-0.3779367506504059,c23-development:validation:access_code:access_secured_area_keypad_sequence:validation-f4:validation-e3,historical_c23_public_development_diagnostic,R2
0.6550306677818298,access_code,-0.08320200443267822,-0.3779367506504059,c23-development:validation:access_code:access_secured_area_keypad_sequence:validation-f5:validation-e4,historical_c23_public_development_diagnostic,R2
0.419299453496933,access_code,-0.2523248493671417,0.10232218354940414,c23-development:validation:access_code:access_lock_bearer_secret:validation-f0:validation-e0,historical_c23_public_development_diagnostic,R2
0.419299453496933,access_code,-0.2523248493671417,0.10232218354940414,c23-development:validation:access_code:access_lock_bearer_secret:validation-f1:validation-e1,historical_c23_public_development_diagnostic,R2
0.419299453496933,access_code,-0.2523248493671417,0.10232218354940414,c23-development:validation:access_code:access_lock_bearer_secret:validation-f2:validation-e2,historical_c23_public_development_diagnostic,R2
0.419299453496933,access_code,-0.2523248493671417,0.10232218354940414,c23-development:validation:access_code:access_lock_bearer_secret:validation-f3:validation-e3,historical_c23_public_development_diagnostic,R2
0.419299453496933,access_code,-0.2523248493671417,0.10232218354940414,c23-development:validation:access_code:access_lock_bearer_secret:validation-f4:validation-e4,historical_c23_public_development_diagnostic,R2
0.419299453496933,access_code,-0.2523248493671417,0.10232218354940414,c23-development:validation:access_code:access_lock_bearer_secret:validation-f5:validation-e5,historical_c23_public_development_diagnostic,R2
0.3363584876060486,access_code,-0.10397017747163773,-0.0028822701424360275,c23-development:validation:access_code:access_service_challenge_response:validation-f0:validation-e1,historical_c23_public_development_diagnostic,R2
0.3363584876060486,access_code,-0.10397017747163773,-0.0028822701424360275,c23-development:validation:access_code:access_service_challenge_response:validation-f1:validation-e2,historical_c23_public_development_diagnostic,R2
0.3363584876060486,access_code,-0.10397017747163773,-0.0028822701424360275,c23-development:validation:access_code:access_service_challenge_response:validation-f2:validation-e3,historical_c23_public_development_diagnostic,R2
0.3363584876060486,access_code,-0.10397017747163773,-0.0028822701424360275,c23-development:validation:access_code:access_service_challenge_response:validation-f3:validation-e4,historical_c23_public_development_diagnostic,R2
0.3363584876060486,access_code,-0.10397017747163773,-0.0028822701424360275,c23-development:validation:access_code:access_service_challenge_response:validation-f4:validation-e5,historical_c23_public_development_diagnostic,R2
0.3363584876060486,access_code,-0.10397017747163773,-0.0028822701424360275,c23-development:validation:access_code:access_service_challenge_response:validation-f5:validation-e0,historical_c23_public_development_diagnostic,R2
0.024633508175611496,registry_id,0.01026191096752882,0.2596745193004608,c23-development:reject:ambiguous:ambiguous_identifier:validation-f0:validation-e0,historical_c23_public_development_diagnostic,R2
0.024633508175611496,registry_id,0.01026191096752882,0.2596745193004608,c23-development:reject:ambiguous:ambiguous_identifier:validation-f1:validation-e1,historical_c23_public_development_diagnostic,R2
0.024633508175611496,registry_id,0.01026191096752882,0.2596745193004608,c23-development:reject:ambiguous:ambiguous_identifier:validation-f2:validation-e2,historical_c23_public_development_diagnostic,R2
0.024633508175611496,registry_id,0.01026191096752882,0.2596745193004608,c23-development:reject:ambiguous:ambiguous_identifier:validation-f3:validation-e3,historical_c23_public_development_diagnostic,R2
0.024633508175611496,registry_id,0.01026191096752882,0.2596745193004608,c23-development:reject:ambiguous:ambiguous_identifier:validation-f4:validation-e4,historical_c23_public_development_diagnostic,R2
0.024633508175611496,registry_id,0.01026191096752882,0.2596745193004608,c23-development:reject:ambiguous:ambiguous_identifier:validation-f5:validation-e5,historical_c23_public_development_diagnostic,R2
-0.11914299428462982,registry_id,-0.04873118922114372,0.4242415726184845,c23-development:reject:ambiguous:ambiguous_reference_number:validation-f0:validation-e1,historical_c23_public_development_diagnostic,R2
-0.11914299428462982,registry_id,-0.04873118922114372,0.4242415726184845,c23-development:reject:ambiguous:ambiguous_reference_number:validation-f1:validation-e2,historical_c23_public_development_diagnostic,R2
-0.11914299428462982,registry_id,-0.04873118922114372,0.4242415726184845,c23-development:reject:ambiguous:ambiguous_reference_number:validation-f2:validation-e3,historical_c23_public_development_diagnostic,R2
-0.11914299428462982,registry_id,-0.04873118922114372,0.4242415726184845,c23-development:reject:ambiguous:ambiguous_reference_number:validation-f3:validation-e4,historical_c23_public_development_diagnostic,R2
-0.11914299428462982,registry_id,-0.04873118922114372,0.4242415726184845,c23-development:reject:ambiguous:ambiguous_reference_number:validation-f4:validation-e5,historical_c23_public_development_diagnostic,R2
-0.11914299428462982,registry_id,-0.04873118922114372,0.4242415726184845,c23-development:reject:ambiguous:ambiguous_reference_number:validation-f5:validation-e0,historical_c23_public_development_diagnostic,R2
0.05143183097243309,city_code,0.17654640972614288,0.0163942389190197,c23-development:reject:ambiguous:ambiguous_assigned_code:validation-f0:validation-e2,historical_c23_public_development_diagnostic,R2
0.05143183097243309,city_code,0.17654640972614288,0.0163942389190197,c23-development:reject:ambiguous:ambiguous_assigned_code:validation-f1:validation-e3,historical_c23_public_development_diagnostic,R2
0.05143183097243309,city_code,0.17654640972614288,0.0163942389190197,c23-development:reject:ambiguous:ambiguous_assigned_code:validation-f2:validation-e4,historical_c23_public_development_diagnostic,R2
0.05143183097243309,city_code,0.17654640972614288,0.0163942389190197,c23-development:reject:ambiguous:ambiguous_assigned_code:validation-f3:validation-e5,historical_c23_public_development_diagnostic,R2
0.05143183097243309,city_code,0.17654640972614288,0.0163942389190197,c23-development:reject:ambiguous:ambiguous_assigned_code:validation-f4:validation-e0,historical_c23_public_development_diagnostic,R2
0.05143183097243309,city_code,0.17654640972614288,0.0163942389190197,c23-development:reject:ambiguous:ambiguous_assigned_code:validation-f5:validation-e1,historical_c23_public_development_diagnostic,R2
0.23548491299152374,access_code,-0.09115531295537949,0.07963292300701141,c23-development:reject:ambiguous:ambiguous_profile_key:validation-f0:validation-e3,historical_c23_public_development_diagnostic,R2
0.23548491299152374,access_code,-0.09115531295537949,0.07963292300701141,c23-development:reject:ambiguous:ambiguous_profile_key:validation-f1:validation-e4,historical_c23_public_development_diagnostic,R2
0.23548491299152374,access_code,-0.09115531295537949,0.07963292300701141,c23-development:reject:ambiguous:ambiguous_profile_key:validation-f2:validation-e5,historical_c23_public_development_diagnostic,R2
0.23548491299152374,access_code,-0.09115531295537949,0.07963292300701141,c23-development:reject:ambiguous:ambiguous_profile_key:validation-f3:validation-e0,historical_c23_public_development_diagnostic,R2
0.23548491299152374,access_code,-0.09115531295537949,0.07963292300701141,c23-development:reject:ambiguous:ambiguous_profile_key:validation-f4:validation-e1,historical_c23_public_development_diagnostic,R2
0.23548491299152374,access_code,-0.09115531295537949,0.07963292300701141,c23-development:reject:ambiguous:ambiguous_profile_key:validation-f5:validation-e2,historical_c23_public_development_diagnostic,R2
0.05467268079519272,registry_id,-0.09468580037355423,0.29616424441337585,c23-development:reject:ambiguous:ambiguous_record_value:validation-f0:validation-e4,historical_c23_public_development_diagnostic,R2
0.05467268079519272,registry_id,-0.09468580037355423,0.29616424441337585,c23-development:reject:ambiguous:ambiguous_record_value:validation-f1:validation-e5,historical_c23_public_development_diagnostic,R2
0.05467268079519272,registry_id,-0.09468580037355423,0.29616424441337585,c23-development:reject:ambiguous:ambiguous_record_value:validation-f2:validation-e0,historical_c23_public_development_diagnostic,R2
0.05467268079519272,registry_id,-0.09468580037355423,0.29616424441337585,c23-development:reject:ambiguous:ambiguous_record_value:validation-f3:validation-e1,historical_c23_public_development_diagnostic,R2
0.05467268079519272,registry_id,-0.09468580037355423,0.29616424441337585,c23-development:reject:ambiguous:ambiguous_record_value:validation-f4:validation-e2,historical_c23_public_development_diagnostic,R2
0.05467268079519272,registry_id,-0.09468580037355423,0.29616424441337585,c23-development:reject:ambiguous:ambiguous_record_value:validation-f5:validation-e3,historical_c23_public_development_diagnostic,R2
0.009267786517739296,registry_id,-0.17617487907409668,0.4207965135574341,c23-development:reject:ambiguous:ambiguous_account_number:validation-f0:validation-e5,historical_c23_public_development_diagnostic,R2
0.009267786517739296,registry_id,-0.17617487907409668,0.4207965135574341,c23-development:reject:ambiguous:ambiguous_account_number:validation-f1:validation-e0,historical_c23_public_development_diagnostic,R2
0.009267786517739296,registry_id,-0.17617487907409668,0.4207965135574341,c23-development:reject:ambiguous:ambiguous_account_number:validation-f2:validation-e1,historical_c23_public_development_diagnostic,R2
0.009267786517739296,registry_id,-0.17617487907409668,0.4207965135574341,c23-development:reject:ambiguous:ambiguous_account_number:validation-f3:validation-e2,historical_c23_public_development_diagnostic,R2
0.009267786517739296,registry_id,-0.17617487907409668,0.4207965135574341,c23-development:reject:ambiguous:ambiguous_account_number:validation-f4:validation-e3,historical_c23_public_development_diagnostic,R2
0.009267786517739296,registry_id,-0.17617487907409668,0.4207965135574341,c23-development:reject:ambiguous:ambiguous_account_number:validation-f5:validation-e4,historical_c23_public_development_diagnostic,R2
0.18094006180763245,access_code,0.05337035655975342,0.044604942202568054,c23-development:reject:ambiguous:ambiguous_internal_tag:validation-f0:validation-e0,historical_c23_public_development_diagnostic,R2
0.18094006180763245,access_code,0.05337035655975342,0.044604942202568054,c23-development:reject:ambiguous:ambiguous_internal_tag:validation-f1:validation-e1,historical_c23_public_development_diagnostic,R2
0.18094006180763245,access_code,0.05337035655975342,0.044604942202568054,c23-development:reject:ambiguous:ambiguous_internal_tag:validation-f2:validation-e2,historical_c23_public_development_diagnostic,R2
0.18094006180763245,access_code,0.05337035655975342,0.044604942202568054,c23-development:reject:ambiguous:ambiguous_internal_tag:validation-f3:validation-e3,historical_c23_public_development_diagnostic,R2
0.18094013631343842,access_code,0.053370364010334015,0.044604863971471786,c23-development:reject:ambiguous:ambiguous_internal_tag:validation-f4:validation-e4,historical_c23_public_development_diagnostic,R2
0.18094013631343842,access_code,0.053370364010334015,0.044604863971471786,c23-development:reject:ambiguous:ambiguous_internal_tag:validation-f5:validation-e5,historical_c23_public_development_diagnostic,R2
0.13897942006587982,access_code,0.060154180973768234,0.04484855756163597,c23-development:reject:ambiguous:ambiguous_service_code:validation-f0:validation-e1,historical_c23_public_development_diagnostic,R2
0.13897942006587982,access_code,0.060154180973768234,0.04484855756163597,c23-development:reject:ambiguous:ambiguous_service_code:validation-f1:validation-e2,historical_c23_public_development_diagnostic,R2
0.13897942006587982,access_code,0.060154180973768234,0.04484855756163597,c23-development:reject:ambiguous:ambiguous_service_code:validation-f2:validation-e3,historical_c23_public_development_diagnostic,R2
0.13897942006587982,access_code,0.060154180973768234,0.04484855756163597,c23-development:reject:ambiguous:ambiguous_service_code:validation-f3:validation-e4,historical_c23_public_development_diagnostic,R2
0.13897942006587982,access_code,0.060154180973768234,0.04484855756163597,c23-development:reject:ambiguous:ambiguous_service_code:validation-f4:validation-e5,historical_c23_public_development_diagnostic,R2
0.13897942006587982,access_code,0.060154180973768234,0.04484855756163597,c23-development:reject:ambiguous:ambiguous_service_code:validation-f5:validation-e0,historical_c23_public_development_diagnostic,R2
-0.04620688781142235,registry_id,0.014985079877078533,0.29004985094070435,c23-development:reject:ambiguous:ambiguous_subject_marker:validation-f0:validation-e2,historical_c23_public_development_diagnostic,R2
-0.04620688781142235,registry_id,0.014985079877078533,0.29004985094070435,c23-development:reject:ambiguous:ambiguous_subject_marker:validation-f1:validation-e3,historical_c23_public_development_diagnostic,R2
-0.04620688781142235,registry_id,0.014985079877078533,0.29004985094070435,c23-development:reject:ambiguous:ambiguous_subject_marker:validation-f2:validation-e4,historical_c23_public_development_diagnostic,R2
-0.04620688781142235,registry_id,0.014985079877078533,0.29004985094070435,c23-development:reject:ambiguous:ambiguous_subject_marker:validation-f3:validation-e5,historical_c23_public_development_diagnostic,R2
-0.04620688781142235,registry_id,0.014985079877078533,0.29004985094070435,c23-development:reject:ambiguous:ambiguous_subject_marker:validation-f4:validation-e0,historical_c23_public_development_diagnostic,R2
-0.04620688781142235,registry_id,0.014985079877078533,0.29004985094070435,c23-development:reject:ambiguous:ambiguous_subject_marker:validation-f5:validation-e1,historical_c23_public_development_diagnostic,R2
0.3200448155403137,access_code,-0.14206983149051666,0.0334642268717289,c23-development:reject:ambiguous:ambiguous_database_key:validation-f0:validation-e3,historical_c23_public_development_diagnostic,R2
0.3200448155403137,access_code,-0.14206983149051666,0.0334642268717289,c23-development:reject:ambiguous:ambiguous_database_key:validation-f1:validation-e4,historical_c23_public_development_diagnostic,R2
0.3200448155403137,access_code,-0.14206983149051666,0.0334642268717289,c23-development:reject:ambiguous:ambiguous_database_key:validation-f2:validation-e5,historical_c23_public_development_diagnostic,R2
0.3200448155403137,access_code,-0.14206983149051666,0.0334642268717289,c23-development:reject:ambiguous:ambiguous_database_key:validation-f3:validation-e0,historical_c23_public_development_diagnostic,R2
0.3200448155403137,access_code,-0.14206983149051666,0.0334642268717289,c23-development:reject:ambiguous:ambiguous_database_key:validation-f4:validation-e1,historical_c23_public_development_diagnostic,R2
0.3200448155403137,access_code,-0.14206983149051666,0.0334642268717289,c23-development:reject:ambiguous:ambiguous_database_key:validation-f5:validation-e2,historical_c23_public_development_diagnostic,R2
0.14436736702919006,registry_id,-0.05178362876176834,0.14635996520519257,c23-development:reject:ambiguous:ambiguous_lookup_handle:validation-f0:validation-e4,historical_c23_public_development_diagnostic,R2
0.14436736702919006,registry_id,-0.05178362876176834,0.14635996520519257,c23-development:reject:ambiguous:ambiguous_lookup_handle:validation-f1:validation-e5,historical_c23_public_development_diagnostic,R2
0.14436736702919006,registry_id,-0.05178362876176834,0.14635996520519257,c23-development:reject:ambiguous:ambiguous_lookup_handle:validation-f2:validation-e0,historical_c23_public_development_diagnostic,R2
0.14436736702919006,registry_id,-0.05178362876176834,0.14635996520519257,c23-development:reject:ambiguous:ambiguous_lookup_handle:validation-f3:validation-e1,historical_c23_public_development_diagnostic,R2
0.14436736702919006,registry_id,-0.05178362876176834,0.14635996520519257,c23-development:reject:ambiguous:ambiguous_lookup_handle:validation-f4:validation-e2,historical_c23_public_development_diagnostic,R2
0.14436736702919006,registry_id,-0.05178362876176834,0.14635996520519257,c23-development:reject:ambiguous:ambiguous_lookup_handle:validation-f5:validation-e3,historical_c23_public_development_diagnostic,R2
0.1660521924495697,access_code,-0.023849504068493843,0.13341735303401947,c23-development:reject:ambiguous:ambiguous_verification_value:validation-f0:validation-e5,historical_c23_public_development_diagnostic,R2
0.1660521924495697,access_code,-0.023849504068493843,0.13341735303401947,c23-development:reject:ambiguous:ambiguous_verification_value:validation-f1:validation-e0,historical_c23_public_development_diagnostic,R2
0.1660521924495697,access_code,-0.023849504068493843,0.13341735303401947,c23-development:reject:ambiguous:ambiguous_verification_value:validation-f2:validation-e1,historical_c23_public_development_diagnostic,R2
0.1660521924495697,access_code,-0.023849504068493843,0.13341735303401947,c23-development:reject:ambiguous:ambiguous_verification_value:validation-f3:validation-e2,historical_c23_public_development_diagnostic,R2
0.1660521924495697,access_code,-0.023849504068493843,0.13341735303401947,c23-development:reject:ambiguous:ambiguous_verification_value:validation-f4:validation-e3,historical_c23_public_development_diagnostic,R2
0.1660521924495697,access_code,-0.023849504068493843,0.13341735303401947,c23-development:reject:ambiguous:ambiguous_verification_value:validation-f5:validation-e4,historical_c23_public_development_diagnostic,R2
-0.027812102809548378,registry_id,-0.03900813311338425,0.3326251208782196,c23-development:reject:unrelated:unrelated_birth_date:validation-f0:validation-e0,historical_c23_public_development_diagnostic,R2
-0.027812102809548378,registry_id,-0.03900813311338425,0.3326251208782196,c23-development:reject:unrelated:unrelated_birth_date:validation-f1:validation-e1,historical_c23_public_development_diagnostic,R2
-0.027812102809548378,registry_id,-0.03900813311338425,0.3326251208782196,c23-development:reject:unrelated:unrelated_birth_date:validation-f2:validation-e2,historical_c23_public_development_diagnostic,R2
-0.027812102809548378,registry_id,-0.03900813311338425,0.3326251208782196,c23-development:reject:unrelated:unrelated_birth_date:validation-f3:validation-e3,historical_c23_public_development_diagnostic,R2
-0.027812102809548378,registry_id,-0.03900813311338425,0.3326251208782196,c23-development:reject:unrelated:unrelated_birth_date:validation-f4:validation-e4,historical_c23_public_development_diagnostic,R2
-0.027812102809548378,registry_id,-0.03900813311338425,0.3326251208782196,c23-development:reject:unrelated:unrelated_birth_date:validation-f5:validation-e5,historical_c23_public_development_diagnostic,R2
0.13521580398082733,access_code,-0.04625352844595909,0.11327838152647018,c23-development:reject:unrelated:unrelated_contact_email:validation-f0:validation-e1,historical_c23_public_development_diagnostic,R2
0.13521580398082733,access_code,-0.04625352844595909,0.11327838152647018,c23-development:reject:unrelated:unrelated_contact_email:validation-f1:validation-e2,historical_c23_public_development_diagnostic,R2
0.13521580398082733,access_code,-0.04625352844595909,0.11327838152647018,c23-development:reject:unrelated:unrelated_contact_email:validation-f2:validation-e3,historical_c23_public_development_diagnostic,R2
0.13521580398082733,access_code,-0.04625352844595909,0.11327838152647018,c23-development:reject:unrelated:unrelated_contact_email:validation-f3:validation-e4,historical_c23_public_development_diagnostic,R2
0.13521580398082733,access_code,-0.04625352844595909,0.11327838152647018,c23-development:reject:unrelated:unrelated_contact_email:validation-f4:validation-e5,historical_c23_public_development_diagnostic,R2
0.13521580398082733,access_code,-0.04625352844595909,0.11327838152647018,c23-development:reject:unrelated:unrelated_contact_email:validation-f5:validation-e0,historical_c23_public_development_diagnostic,R2
-0.10002930462360382,registry_id,0.06753689050674438,0.28260308504104614,c23-development:reject:unrelated:unrelated_telephone_number:validation-f0:validation-e2,historical_c23_public_development_diagnostic,R2
-0.10002930462360382,registry_id,0.06753689050674438,0.28260308504104614,c23-development:reject:unrelated:unrelated_telephone_number:validation-f1:validation-e3,historical_c23_public_development_diagnostic,R2
-0.10002930462360382,registry_id,0.06753689050674438,0.28260308504104614,c23-development:reject:unrelated:unrelated_telephone_number:validation-f2:validation-e4,historical_c23_public_development_diagnostic,R2
-0.10002930462360382,registry_id,0.06753689050674438,0.28260308504104614,c23-development:reject:unrelated:unrelated_telephone_number:validation-f3:validation-e5,historical_c23_public_development_diagnostic,R2
-0.10002930462360382,registry_id,0.06753689050674438,0.28260308504104614,c23-development:reject:unrelated:unrelated_telephone_number:validation-f4:validation-e0,historical_c23_public_development_diagnostic,R2
-0.10002930462360382,registry_id,0.06753689050674438,0.28260308504104614,c23-development:reject:unrelated:unrelated_telephone_number:validation-f5:validation-e1,historical_c23_public_development_diagnostic,R2
-0.08697744458913803,city_code,0.2863615155220032,0.049196384847164154,c23-development:reject:unrelated:unrelated_postal_address:validation-f0:validation-e3,historical_c23_public_development_diagnostic,R2
-0.08697744458913803,city_code,0.2863615155220032,0.049196384847164154,c23-development:reject:unrelated:unrelated_postal_address:validation-f1:validation-e4,historical_c23_public_development_diagnostic,R2
-0.08697744458913803,city_code,0.2863615155220032,0.049196384847164154,c23-development:reject:unrelated:unrelated_postal_address:validation-f2:validation-e5,historical_c23_public_development_diagnostic,R2
-0.08697744458913803,city_code,0.2863615155220032,0.049196384847164154,c23-development:reject:unrelated:unrelated_postal_address:validation-f3:validation-e0,historical_c23_public_development_diagnostic,R2
-0.08697744458913803,city_code,0.2863615155220032,0.049196384847164154,c23-development:reject:unrelated:unrelated_postal_address:validation-f4:validation-e1,historical_c23_public_development_diagnostic,R2
-0.08697744458913803,city_code,0.2863615155220032,0.049196384847164154,c23-development:reject:unrelated:unrelated_postal_address:validation-f5:validation-e2,historical_c23_public_development_diagnostic,R2
0.049066510051488876,registry_id,-0.024447759613394737,0.2554614841938019,c23-development:reject:unrelated:unrelated_account_balance:validation-f0:validation-e4,historical_c23_public_development_diagnostic,R2
0.049066510051488876,registry_id,-0.024447759613394737,0.2554614841938019,c23-development:reject:unrelated:unrelated_account_balance:validation-f1:validation-e5,historical_c23_public_development_diagnostic,R2
0.049066510051488876,registry_id,-0.024447759613394737,0.2554614841938019,c23-development:reject:unrelated:unrelated_account_balance:validation-f2:validation-e0,historical_c23_public_development_diagnostic,R2
0.049066510051488876,registry_id,-0.024447759613394737,0.2554614841938019,c23-development:reject:unrelated:unrelated_account_balance:validation-f3:validation-e1,historical_c23_public_development_diagnostic,R2
0.049066510051488876,registry_id,-0.024447759613394737,0.2554614841938019,c23-development:reject:unrelated:unrelated_account_balance:validation-f4:validation-e2,historical_c23_public_development_diagnostic,R2
0.049066510051488876,registry_id,-0.024447759613394737,0.2554614841938019,c23-development:reject:unrelated:unrelated_account_balance:validation-f5:validation-e3,historical_c23_public_development_diagnostic,R2
0.07527725398540497,registry_id,0.06281966716051102,0.09552488476037979,c23-development:reject:unrelated:unrelated_favorite_color:validation-f0:validation-e5,historical_c23_public_development_diagnostic,R2
0.07527725398540497,registry_id,0.06281966716051102,0.09552488476037979,c23-development:reject:unrelated:unrelated_favorite_color:validation-f1:validation-e0,historical_c23_public_development_diagnostic,R2
0.07527726143598557,registry_id,0.0628196969628334,0.09552488476037979,c23-development:reject:unrelated:unrelated_favorite_color:validation-f2:validation-e1,historical_c23_public_development_diagnostic,R2
0.07527726143598557,registry_id,0.0628196969628334,0.09552488476037979,c23-development:reject:unrelated:unrelated_favorite_color:validation-f3:validation-e2,historical_c23_public_development_diagnostic,R2
0.07527726143598557,registry_id,0.0628196969628334,0.09552488476037979,c23-development:reject:unrelated:unrelated_favorite_color:validation-f4:validation-e3,historical_c23_public_development_diagnostic,R2
0.07527726143598557,registry_id,0.0628196969628334,0.09552488476037979,c23-development:reject:unrelated:unrelated_favorite_color:validation-f5:validation-e4,historical_c23_public_development_diagnostic,R2
0.10334191471338272,access_code,0.07217024266719818,0.024338874965906143,c23-development:reject:unrelated:unrelated_preferred_language:validation-f0:validation-e0,historical_c23_public_development_diagnostic,R2
0.10334191471338272,access_code,0.07217024266719818,0.024338874965906143,c23-development:reject:unrelated:unrelated_preferred_language:validation-f1:validation-e1,historical_c23_public_development_diagnostic,R2
0.10334191471338272,access_code,0.07217024266719818,0.024338874965906143,c23-development:reject:unrelated:unrelated_preferred_language:validation-f2:validation-e2,historical_c23_public_development_diagnostic,R2
0.10334191471338272,access_code,0.07217024266719818,0.024338874965906143,c23-development:reject:unrelated:unrelated_preferred_language:validation-f3:validation-e3,historical_c23_public_development_diagnostic,R2
0.10334191471338272,access_code,0.07217024266719818,0.024338874965906143,c23-development:reject:unrelated:unrelated_preferred_language:validation-f4:validation-e4,historical_c23_public_development_diagnostic,R2
0.10334191471338272,access_code,0.07217024266719818,0.024338874965906143,c23-development:reject:unrelated:unrelated_preferred_language:validation-f5:validation-e5,historical_c23_public_development_diagnostic,R2
0.10653902590274811,registry_id,-0.13315637409687042,0.3245146572589874,c23-development:reject:unrelated:unrelated_owner_name:validation-f0:validation-e1,historical_c23_public_development_diagnostic,R2
0.10653902590274811,registry_id,-0.13315637409687042,0.3245146572589874,c23-development:reject:unrelated:unrelated_owner_name:validation-f1:validation-e2,historical_c23_public_development_diagnostic,R2
0.10653902590274811,registry_id,-0.13315637409687042,0.3245146572589874,c23-development:reject:unrelated:unrelated_owner_name:validation-f2:validation-e3,historical_c23_public_development_diagnostic,R2
0.10653902590274811,registry_id,-0.13315637409687042,0.3245146572589874,c23-development:reject:unrelated:unrelated_owner_name:validation-f3:validation-e4,historical_c23_public_development_diagnostic,R2
0.10653902590274811,registry_id,-0.13315637409687042,0.3245146572589874,c23-development:reject:unrelated:unrelated_owner_name:validation-f4:validation-e5,historical_c23_public_development_diagnostic,R2
0.10653902590274811,registry_id,-0.13315637409687042,0.3245146572589874,c23-development:reject:unrelated:unrelated_owner_name:validation-f5:validation-e0,historical_c23_public_development_diagnostic,R2
0.06858452409505844,registry_id,0.053601834923028946,0.10814454406499863,c23-development:reject:unrelated:unrelated_creation_timestamp:validation-f0:validation-e2,historical_c23_public_development_diagnostic,R2
0.06858452409505844,registry_id,0.053601834923028946,0.10814454406499863,c23-development:reject:unrelated:unrelated_creation_timestamp:validation-f1:validation-e3,historical_c23_public_development_diagnostic,R2
0.06858452409505844,registry_id,0.053601834923028946,0.10814454406499863,c23-development:reject:unrelated:unrelated_creation_timestamp:validation-f2:validation-e4,historical_c23_public_development_diagnostic,R2
0.06858452409505844,registry_id,0.053601834923028946,0.10814454406499863,c23-development:reject:unrelated:unrelated_creation_timestamp:validation-f3:validation-e5,historical_c23_public_development_diagnostic,R2
0.06858452409505844,registry_id,0.053601834923028946,0.10814454406499863,c23-development:reject:unrelated:unrelated_creation_timestamp:validation-f4:validation-e0,historical_c23_public_development_diagnostic,R2
0.06858452409505844,registry_id,0.053601834923028946,0.10814454406499863,c23-development:reject:unrelated:unrelated_creation_timestamp:validation-f5:validation-e1,historical_c23_public_development_diagnostic,R2
0.07387861609458923,registry_id,0.05601009353995323,0.11214975267648697,c23-development:reject:unrelated:unrelated_current_status:validation-f0:validation-e3,historical_c23_public_development_diagnostic,R2
0.07387861609458923,registry_id,0.05601009353995323,0.11214975267648697,c23-development:reject:unrelated:unrelated_current_status:validation-f1:validation-e4,historical_c23_public_development_diagnostic,R2
0.07387861609458923,registry_id,0.05601009353995323,0.11214975267648697,c23-development:reject:unrelated:unrelated_current_status:validation-f2:validation-e5,historical_c23_public_development_diagnostic,R2
0.07387861609458923,registry_id,0.05601009353995323,0.11214975267648697,c23-development:reject:unrelated:unrelated_current_status:validation-f3:validation-e0,historical_c23_public_development_diagnostic,R2
0.07387861609458923,registry_id,0.05601009353995323,0.11214975267648697,c23-development:reject:unrelated:unrelated_current_status:validation-f4:validation-e1,historical_c23_public_development_diagnostic,R2
0.07387861609458923,registry_id,0.05601009353995323,0.11214975267648697,c23-development:reject:unrelated:unrelated_current_status:validation-f5:validation-e2,historical_c23_public_development_diagnostic,R2
-0.07012995332479477,city_code,0.23426231741905212,0.11137861013412476,c23-development:reject:unrelated:unrelated_category_description:validation-f0:validation-e4,historical_c23_public_development_diagnostic,R2
-0.07012995332479477,city_code,0.23426231741905212,0.11137861013412476,c23-development:reject:unrelated:unrelated_category_description:validation-f1:validation-e5,historical_c23_public_development_diagnostic,R2
-0.07012995332479477,city_code,0.23426231741905212,0.11137861013412476,c23-development:reject:unrelated:unrelated_category_description:validation-f2:validation-e0,historical_c23_public_development_diagnostic,R2
-0.07012995332479477,city_code,0.23426231741905212,0.11137861013412476,c23-development:reject:unrelated:unrelated_category_description:validation-f3:validation-e1,historical_c23_public_development_diagnostic,R2
-0.07012995332479477,city_code,0.23426231741905212,0.11137861013412476,c23-development:reject:unrelated:unrelated_category_description:validation-f4:validation-e2,historical_c23_public_development_diagnostic,R2
-0.07012995332479477,city_code,0.23426231741905212,0.11137861013412476,c23-development:reject:unrelated:unrelated_category_description:validation-f5:validation-e3,historical_c23_public_development_diagnostic,R2
0.08618076145648956,registry_id,0.013817176222801208,0.14269869029521942,c23-development:reject:unrelated:unrelated_last_update_date:validation-f0:validation-e5,historical_c23_public_development_diagnostic,R2
0.08618076145648956,registry_id,0.013817176222801208,0.14269869029521942,c23-development:reject:unrelated:unrelated_last_update_date:validation-f1:validation-e0,historical_c23_public_development_diagnostic,R2
0.08618076145648956,registry_id,0.013817176222801208,0.14269869029521942,c23-development:reject:unrelated:unrelated_last_update_date:validation-f2:validation-e1,historical_c23_public_development_diagnostic,R2
0.08618076145648956,registry_id,0.013817176222801208,0.14269869029521942,c23-development:reject:unrelated:unrelated_last_update_date:validation-f3:validation-e2,historical_c23_public_development_diagnostic,R2
0.08618076145648956,registry_id,0.013817176222801208,0.14269869029521942,c23-development:reject:unrelated:unrelated_last_update_date:validation-f4:validation-e3,historical_c23_public_development_diagnostic,R2
0.08618076145648956,registry_id,0.013817176222801208,0.14269869029521942,c23-development:reject:unrelated:unrelated_last_update_date:validation-f5:validation-e4,historical_c23_public_development_diagnostic,R2
-0.08200348168611526,registry_id,-0.1720844954252243,0.5121300220489502,c23-development:validation:registry_id:registry_official_register_identifier:validation-f0:validation-e0,historical_c23_public_development_diagnostic,R3
-0.08200348168611526,registry_id,-0.1720844954252243,0.5121300220489502,c23-development:validation:registry_id:registry_official_register_identifier:validation-f1:validation-e1,historical_c23_public_development_diagnostic,R3
-0.08200348168611526,registry_id,-0.1720844954252243,0.5121300220489502,c23-development:validation:registry_id:registry_official_register_identifier:validation-f2:validation-e2,historical_c23_public_development_diagnostic,R3
-0.08200348168611526,registry_id,-0.1720844954252243,0.5121300220489502,c23-development:validation:registry_id:registry_official_register_identifier:validation-f3:validation-e3,historical_c23_public_development_diagnostic,R3
-0.08200348168611526,registry_id,-0.1720844954252243,0.5121300220489502,c23-development:validation:registry_id:registry_official_register_identifier:validation-f4:validation-e4,historical_c23_public_development_diagnostic,R3
-0.08200348168611526,registry_id,-0.1720844954252243,0.5121300220489502,c23-development:validation:registry_id:registry_official_register_identifier:validation-f5:validation-e5,historical_c23_public_development_diagnostic,R3
-0.09786073863506317,registry_id,-0.26449885964393616,0.5951955914497375,c23-development:validation:registry_id:registry_registration_database_number:validation-f0:validation-e1,historical_c23_public_development_diagnostic,R3
-0.09786073863506317,registry_id,-0.26449885964393616,0.5951955914497375,c23-development:validation:registry_id:registry_registration_database_number:validation-f1:validation-e2,historical_c23_public_development_diagnostic,R3
-0.09786073863506317,registry_id,-0.26449885964393616,0.5951955914497375,c23-development:validation:registry_id:registry_registration_database_number:validation-f2:validation-e3,historical_c23_public_development_diagnostic,R3
-0.09786073863506317,registry_id,-0.26449885964393616,0.5951955914497375,c23-development:validation:registry_id:registry_registration_database_number:validation-f3:validation-e4,historical_c23_public_development_diagnostic,R3
-0.09786073863506317,registry_id,-0.26449885964393616,0.5951955914497375,c23-development:validation:registry_id:registry_registration_database_number:validation-f4:validation-e5,historical_c23_public_development_diagnostic,R3
-0.09786073863506317,registry_id,-0.26449885964393616,0.5951955914497375,c23-development:validation:registry_id:registry_registration_database_number:validation-f5:validation-e0,historical_c23_public_development_diagnostic,R3
0.10333231091499329,registry_id,-0.22826434671878815,0.37352633476257324,c23-development:validation:registry_id:registry_entry_serial:validation-f0:validation-e2,historical_c23_public_development_diagnostic,R3
0.10333231091499329,registry_id,-0.22826434671878815,0.37352633476257324,c23-development:validation:registry_id:registry_entry_serial:validation-f1:validation-e3,historical_c23_public_development_diagnostic,R3
0.10333231091499329,registry_id,-0.22826434671878815,0.37352633476257324,c23-development:validation:registry_id:registry_entry_serial:validation-f2:validation-e4,historical_c23_public_development_diagnostic,R3
0.10333231091499329,registry_id,-0.22826434671878815,0.37352633476257324,c23-development:validation:registry_id:registry_entry_serial:validation-f3:validation-e5,historical_c23_public_development_diagnostic,R3
0.10333231091499329,registry_id,-0.22826434671878815,0.37352633476257324,c23-development:validation:registry_id:registry_entry_serial:validation-f4:validation-e0,historical_c23_public_development_diagnostic,R3
0.10333231091499329,registry_id,-0.22826434671878815,0.37352633476257324,c23-development:validation:registry_id:registry_entry_serial:validation-f5:validation-e1,historical_c23_public_development_diagnostic,R3
0.043603911995887756,registry_id,-0.1648273766040802,0.3501831591129303,c23-development:validation:registry_id:registry_records_office_id:validation-f0:validation-e3,historical_c23_public_development_diagnostic,R3
0.043603911995887756,registry_id,-0.1648273766040802,0.3501831591129303,c23-development:validation:registry_id:registry_records_office_id:validation-f1:validation-e4,historical_c23_public_development_diagnostic,R3
0.043603911995887756,registry_id,-0.1648273766040802,0.3501831591129303,c23-development:validation:registry_id:registry_records_office_id:validation-f2:validation-e5,historical_c23_public_development_diagnostic,R3
0.043603911995887756,registry_id,-0.1648273766040802,0.3501831591129303,c23-development:validation:registry_id:registry_records_office_id:validation-f3:validation-e0,historical_c23_public_development_diagnostic,R3
0.043603911995887756,registry_id,-0.1648273766040802,0.3501831591129303,c23-development:validation:registry_id:registry_records_office_id:validation-f4:validation-e1,historical_c23_public_development_diagnostic,R3
0.043603911995887756,registry_id,-0.1648273766040802,0.3501831591129303,c23-development:validation:registry_id:registry_records_office_id:validation-f5:validation-e2,historical_c23_public_development_diagnostic,R3
-0.03944054991006851,registry_id,-0.19114726781845093,0.4447978734970093,c23-development:validation:registry_id:registry_recordkeeping_index:validation-f0:validation-e4,historical_c23_public_development_diagnostic,R3
-0.03944054991006851,registry_id,-0.19114726781845093,0.4447978734970093,c23-development:validation:registry_id:registry_recordkeeping_index:validation-f1:validation-e5,historical_c23_public_development_diagnostic,R3
-0.03944054991006851,registry_id,-0.19114726781845093,0.4447978734970093,c23-development:validation:registry_id:registry_recordkeeping_index:validation-f2:validation-e0,historical_c23_public_development_diagnostic,R3
-0.03944054991006851,registry_id,-0.19114726781845093,0.4447978734970093,c23-development:validation:registry_id:registry_recordkeeping_index:validation-f3:validation-e1,historical_c23_public_development_diagnostic,R3
-0.03944054991006851,registry_id,-0.19114726781845093,0.4447978734970093,c23-development:validation:registry_id:registry_recordkeeping_index:validation-f4:validation-e2,historical_c23_public_development_diagnostic,R3
-0.03944054991006851,registry_id,-0.19114726781845093,0.4447978734970093,c23-development:validation:registry_id:registry_recordkeeping_index:validation-f5:validation-e3,historical_c23_public_development_diagnostic,R3
-0.10873827338218689,registry_id,-0.15463407337665558,0.5150592923164368,c23-development:validation:registry_id:registry_formal_filing_reference:validation-f0:validation-e5,historical_c23_public_development_diagnostic,R3
-0.10873827338218689,registry_id,-0.15463407337665558,0.5150592923164368,c23-development:validation:registry_id:registry_formal_filing_reference:validation-f1:validation-e0,historical_c23_public_development_diagnostic,R3
-0.10873827338218689,registry_id,-0.15463407337665558,0.5150592923164368,c23-development:validation:registry_id:registry_formal_filing_reference:validation-f2:validation-e1,historical_c23_public_development_diagnostic,R3
-0.10873827338218689,registry_id,-0.15463407337665558,0.5150592923164368,c23-development:validation:registry_id:registry_formal_filing_reference:validation-f3:validation-e2,historical_c23_public_development_diagnostic,R3
-0.10873827338218689,registry_id,-0.15463407337665558,0.5150592923164368,c23-development:validation:registry_id:registry_formal_filing_reference:validation-f4:validation-e3,historical_c23_public_development_diagnostic,R3
-0.10873827338218689,registry_id,-0.15463407337665558,0.5150592923164368,c23-development:validation:registry_id:registry_formal_filing_reference:validation-f5:validation-e4,historical_c23_public_development_diagnostic,R3
0.05129329487681389,registry_id,-0.042977407574653625,0.20619963109493256,c23-development:validation:registry_id:registry_master_roster_serial:validation-f0:validation-e0,historical_c23_public_development_diagnostic,R3
0.05129329487681389,registry_id,-0.042977407574653625,0.20619963109493256,c23-development:validation:registry_id:registry_master_roster_serial:validation-f1:validation-e1,historical_c23_public_development_diagnostic,R3
0.05129329487681389,registry_id,-0.042977407574653625,0.20619963109493256,c23-development:validation:registry_id:registry_master_roster_serial:validation-f2:validation-e2,historical_c23_public_development_diagnostic,R3
0.05129329487681389,registry_id,-0.042977407574653625,0.20619963109493256,c23-development:validation:registry_id:registry_master_roster_serial:validation-f3:validation-e3,historical_c23_public_development_diagnostic,R3
0.05129329487681389,registry_id,-0.042977407574653625,0.20619963109493256,c23-development:validation:registry_id:registry_master_roster_serial:validation-f4:validation-e4,historical_c23_public_development_diagnostic,R3
0.05129329487681389,registry_id,-0.042977407574653625,0.20619963109493256,c23-development:validation:registry_id:registry_master_roster_serial:validation-f5:validation-e5,historical_c23_public_development_diagnostic,R3
-0.1915137767791748,registry_id,-0.08782713115215302,0.5000548958778381,c23-development:validation:registry_id:registry_official_roll_index:validation-f0:validation-e1,historical_c23_public_development_diagnostic,R3
-0.1915137767791748,registry_id,-0.08782713115215302,0.5000548958778381,c23-development:validation:registry_id:registry_official_roll_index:validation-f1:validation-e2,historical_c23_public_development_diagnostic,R3
-0.1915137767791748,registry_id,-0.08782713115215302,0.5000548958778381,c23-development:validation:registry_id:registry_official_roll_index:validation-f2:validation-e3,historical_c23_public_development_diagnostic,R3
-0.1915137767791748,registry_id,-0.08782713115215302,0.5000548958778381,c23-development:validation:registry_id:registry_official_roll_index:validation-f3:validation-e4,historical_c23_public_development_diagnostic,R3
-0.1915137767791748,registry_id,-0.08782713115215302,0.5000548958778381,c23-development:validation:registry_id:registry_official_roll_index:validation-f4:validation-e5,historical_c23_public_development_diagnostic,R3
-0.1915137767791748,registry_id,-0.08782713115215302,0.5000548958778381,c23-development:validation:registry_id:registry_official_roll_index:validation-f5:validation-e0,historical_c23_public_development_diagnostic,R3
0.05215838551521301,registry_id,-0.06419392675161362,0.27560779452323914,c23-development:validation:registry_id:registry_catalogue_accession:validation-f0:validation-e2,historical_c23_public_development_diagnostic,R3
0.05215838551521301,registry_id,-0.06419392675161362,0.27560779452323914,c23-development:validation:registry_id:registry_catalogue_accession:validation-f1:validation-e3,historical_c23_public_development_diagnostic,R3
0.05215838551521301,registry_id,-0.06419392675161362,0.27560779452323914,c23-development:validation:registry_id:registry_catalogue_accession:validation-f2:validation-e4,historical_c23_public_development_diagnostic,R3
0.05215838551521301,registry_id,-0.06419392675161362,0.27560779452323914,c23-development:validation:registry_id:registry_catalogue_accession:validation-f3:validation-e5,historical_c23_public_development_diagnostic,R3
0.05215838551521301,registry_id,-0.06419392675161362,0.27560779452323914,c23-development:validation:registry_id:registry_catalogue_accession:validation-f4:validation-e0,historical_c23_public_development_diagnostic,R3
0.05215838551521301,registry_id,-0.06419392675161362,0.27560779452323914,c23-development:validation:registry_id:registry_catalogue_accession:validation-f5:validation-e1,historical_c23_public_development_diagnostic,R3
0.08541572839021683,registry_id,-0.08839539438486099,0.20328906178474426,c23-development:validation:registry_id:registry_master_list_folio:validation-f0:validation-e3,historical_c23_public_development_diagnostic,R3
0.08541572839021683,registry_id,-0.08839539438486099,0.20328906178474426,c23-development:validation:registry_id:registry_master_list_folio:validation-f1:validation-e4,historical_c23_public_development_diagnostic,R3
0.08541572839021683,registry_id,-0.08839539438486099,0.20328906178474426,c23-development:validation:registry_id:registry_master_list_folio:validation-f2:validation-e5,historical_c23_public_development_diagnostic,R3
0.08541572839021683,registry_id,-0.08839539438486099,0.20328906178474426,c23-development:validation:registry_id:registry_master_list_folio:validation-f3:validation-e0,historical_c23_public_development_diagnostic,R3
0.08541572839021683,registry_id,-0.08839539438486099,0.20328906178474426,c23-development:validation:registry_id:registry_master_list_folio:validation-f4:validation-e1,historical_c23_public_development_diagnostic,R3
0.08541572839021683,registry_id,-0.08839539438486099,0.20328906178474426,c23-development:validation:registry_id:registry_master_list_folio:validation-f5:validation-e2,historical_c23_public_development_diagnostic,R3
-0.19401171803474426,registry_id,-0.059377238154411316,0.49505722522735596,c23-development:validation:registry_id:registry_subject_docket_reference:validation-f0:validation-e4,historical_c23_public_development_diagnostic,R3
-0.19401171803474426,registry_id,-0.059377238154411316,0.49505722522735596,c23-development:validation:registry_id:registry_subject_docket_reference:validation-f1:validation-e5,historical_c23_public_development_diagnostic,R3
-0.19401171803474426,registry_id,-0.059377238154411316,0.49505722522735596,c23-development:validation:registry_id:registry_subject_docket_reference:validation-f2:validation-e0,historical_c23_public_development_diagnostic,R3
-0.19401171803474426,registry_id,-0.059377238154411316,0.49505722522735596,c23-development:validation:registry_id:registry_subject_docket_reference:validation-f3:validation-e1,historical_c23_public_development_diagnostic,R3
-0.19401171803474426,registry_id,-0.059377238154411316,0.49505722522735596,c23-development:validation:registry_id:registry_subject_docket_reference:validation-f4:validation-e2,historical_c23_public_development_diagnostic,R3
-0.19401171803474426,registry_id,-0.059377238154411316,0.49505722522735596,c23-development:validation:registry_id:registry_subject_docket_reference:validation-f5:validation-e3,historical_c23_public_development_diagnostic,R3
-0.21362945437431335,registry_id,-0.0941738486289978,0.548835277557373,c23-development:validation:registry_id:registry_official_listing_index:validation-f0:validation-e5,historical_c23_public_development_diagnostic,R3
-0.21362945437431335,registry_id,-0.0941738486289978,0.548835277557373,c23-development:validation:registry_id:registry_official_listing_index:validation-f1:validation-e0,historical_c23_public_development_diagnostic,R3
-0.21362945437431335,registry_id,-0.0941738486289978,0.548835277557373,c23-development:validation:registry_id:registry_official_listing_index:validation-f2:validation-e1,historical_c23_public_development_diagnostic,R3
-0.21362945437431335,registry_id,-0.0941738486289978,0.548835277557373,c23-development:validation:registry_id:registry_official_listing_index:validation-f3:validation-e2,historical_c23_public_development_diagnostic,R3
-0.21362945437431335,registry_id,-0.0941738486289978,0.548835277557373,c23-development:validation:registry_id:registry_official_listing_index:validation-f4:validation-e3,historical_c23_public_development_diagnostic,R3
-0.21362945437431335,registry_id,-0.0941738486289978,0.548835277557373,c23-development:validation:registry_id:registry_official_listing_index:validation-f5:validation-e4,historical_c23_public_development_diagnostic,R3
-0.2179945558309555,city_code,0.5904859900474548,-0.1303311437368393,c23-development:validation:city_code:city_named_municipality_code:validation-f0:validation-e1,historical_c23_public_development_diagnostic,R3
-0.2179945558309555,city_code,0.5904859900474548,-0.1303311437368393,c23-development:validation:city_code:city_named_municipality_code:validation-f1:validation-e2,historical_c23_public_development_diagnostic,R3
-0.2179945558309555,city_code,0.5904859900474548,-0.1303311437368393,c23-development:validation:city_code:city_named_municipality_code:validation-f2:validation-e3,historical_c23_public_development_diagnostic,R3
-0.2179945558309555,city_code,0.5904859900474548,-0.1303311437368393,c23-development:validation:city_code:city_named_municipality_code:validation-f3:validation-e4,historical_c23_public_development_diagnostic,R3
-0.2179945558309555,city_code,0.5904859900474548,-0.1303311437368393,c23-development:validation:city_code:city_named_municipality_code:validation-f4:validation-e5,historical_c23_public_development_diagnostic,R3
-0.2179945558309555,city_code,0.5904859900474548,-0.1303311437368393,c23-development:validation:city_code:city_named_municipality_code:validation-f5:validation-e0,historical_c23_public_development_diagnostic,R3
-0.134924054145813,,0.36447447538375854,0.042359884828329086,c23-development:validation:city_code:city_populated_place_identifier:validation-f0:validation-e2,historical_c23_public_development_diagnostic,R3
-0.134924054145813,,0.36447447538375854,0.042359884828329086,c23-development:validation:city_code:city_populated_place_identifier:validation-f1:validation-e3,historical_c23_public_development_diagnostic,R3
-0.134924054145813,,0.36447447538375854,0.042359884828329086,c23-development:validation:city_code:city_populated_place_identifier:validation-f2:validation-e4,historical_c23_public_development_diagnostic,R3
-0.134924054145813,,0.36447447538375854,0.042359884828329086,c23-development:validation:city_code:city_populated_place_identifier:validation-f3:validation-e5,historical_c23_public_development_diagnostic,R3
-0.134924054145813,,0.36447447538375854,0.042359884828329086,c23-development:validation:city_code:city_populated_place_identifier:validation-f4:validation-e0,historical_c23_public_development_diagnostic,R3
-0.134924054145813,,0.36447447538375854,0.042359884828329086,c23-development:validation:city_code:city_populated_place_identifier:validation-f5:validation-e1,historical_c23_public_development_diagnostic,R3
-0.25649207830429077,registry_id,0.31912317872047424,0.2291799783706665,c23-development:validation:city_code:city_local_jurisdiction_number:validation-f0:validation-e3,historical_c23_public_development_diagnostic,R3
-0.25649207830429077,registry_id,0.31912317872047424,0.2291799783706665,c23-development:validation:city_code:city_local_jurisdiction_number:validation-f1:validation-e4,historical_c23_public_development_diagnostic,R3
-0.25649207830429077,registry_id,0.31912317872047424,0.2291799783706665,c23-development:validation:city_code:city_local_jurisdiction_number:validation-f2:validation-e5,historical_c23_public_development_diagnostic,R3
-0.25649207830429077,registry_id,0.31912317872047424,0.2291799783706665,c23-development:validation:city_code:city_local_jurisdiction_number:validation-f3:validation-e0,historical_c23_public_development_diagnostic,R3
-0.25649207830429077,registry_id,0.31912317872047424,0.2291799783706665,c23-development:validation:city_code:city_local_jurisdiction_number:validation-f4:validation-e1,historical_c23_public_development_diagnostic,R3
-0.25649207830429077,registry_id,0.31912317872047424,0.2291799783706665,c23-development:validation:city_code:city_local_jurisdiction_number:validation-f5:validation-e2,historical_c23_public_development_diagnostic,R3
-0.09495877474546432,,0.3881019055843353,0.001364435418508947,c23-development:validation:city_code:city_administrative_area_id:validation-f0:validation-e4,historical_c23_public_development_diagnostic,R3
-0.09495877474546432,,0.3881019055843353,0.001364435418508947,c23-development:validation:city_code:city_administrative_area_id:validation-f1:validation-e5,historical_c23_public_development_diagnostic,R3
-0.09495877474546432,,0.3881019055843353,0.001364435418508947,c23-development:validation:city_code:city_administrative_area_id:validation-f2:validation-e0,historical_c23_public_development_diagnostic,R3
-0.09495877474546432,,0.3881019055843353,0.001364435418508947,c23-development:validation:city_code:city_administrative_area_id:validation-f3:validation-e1,historical_c23_public_development_diagnostic,R3
-0.09495877474546432,,0.3881019055843353,0.001364435418508947,c23-development:validation:city_code:city_administrative_area_id:validation-f4:validation-e2,historical_c23_public_development_diagnostic,R3
-0.09495877474546432,,0.3881019055843353,0.001364435418508947,c23-development:validation:city_code:city_administrative_area_id:validation-f5:validation-e3,historical_c23_public_development_diagnostic,R3
-0.20758284628391266,city_code,0.609899640083313,-0.1276547908782959,c23-development:validation:city_code:city_named_locality_code:validation-f0:validation-e5,historical_c23_public_development_diagnostic,R3
-0.20758284628391266,city_code,0.609899640083313,-0.1276547908782959,c23-development:validation:city_code:city_named_locality_code:validation-f1:validation-e0,historical_c23_public_development_diagnostic,R3
-0.20758284628391266,city_code,0.609899640083313,-0.1276547908782959,c23-development:validation:city_code:city_named_locality_code:validation-f2:validation-e1,historical_c23_public_development_diagnostic,R3
-0.20758284628391266,city_code,0.609899640083313,-0.1276547908782959,c23-development:validation:city_code:city_named_locality_code:validation-f3:validation-e2,historical_c23_public_development_diagnostic,R3
-0.20758284628391266,city_code,0.609899640083313,-0.1276547908782959,c23-development:validation:city_code:city_named_locality_code:validation-f4:validation-e3,historical_c23_public_development_diagnostic,R3
-0.20758284628391266,city_code,0.609899640083313,-0.1276547908782959,c23-development:validation:city_code:city_named_locality_code:validation-f5:validation-e4,historical_c23_public_development_diagnostic,R3
-0.12746359407901764,city_code,0.440888375043869,-0.031199133023619652,c23-development:validation:city_code:city_local_government_identifier:validation-f0:validation-e0,historical_c23_public_development_diagnostic,R3
-0.12746359407901764,city_code,0.440888375043869,-0.031199133023619652,c23-development:validation:city_code:city_local_government_identifier:validation-f1:validation-e1,historical_c23_public_development_diagnostic,R3
-0.12746359407901764,city_code,0.440888375043869,-0.031199133023619652,c23-development:validation:city_code:city_local_government_identifier:validation-f2:validation-e2,historical_c23_public_development_diagnostic,R3
-0.12746359407901764,city_code,0.440888375043869,-0.031199133023619652,c23-development:validation:city_code:city_local_government_identifier:validation-f3:validation-e3,historical_c23_public_development_diagnostic,R3
-0.12746359407901764,city_code,0.440888375043869,-0.031199133023619652,c23-development:validation:city_code:city_local_government_identifier:validation-f4:validation-e4,historical_c23_public_development_diagnostic,R3
-0.12746359407901764,city_code,0.440888375043869,-0.031199133023619652,c23-development:validation:city_code:city_local_government_identifier:validation-f5:validation-e5,historical_c23_public_development_diagnostic,R3
-0.09479723125696182,city_code,0.5670589208602905,-0.22878096997737885,c23-development:validation:city_code:city_town_geocode:validation-f0:validation-e1,historical_c23_public_development_diagnostic,R3
-0.09479723125696182,city_code,0.5670589208602905,-0.22878096997737885,c23-development:validation:city_code:city_town_geocode:validation-f1:validation-e2,historical_c23_public_development_diagnostic,R3
-0.09479723125696182,city_code,0.5670589208602905,-0.22878096997737885,c23-development:validation:city_code:city_town_geocode:validation-f2:validation-e3,historical_c23_public_development_diagnostic,R3
-0.09479723125696182,city_code,0.5670589208602905,-0.22878096997737885,c23-development:validation:city_code:city_town_geocode:validation-f3:validation-e4,historical_c23_public_development_diagnostic,R3
-0.09479723125696182,city_code,0.5670589208602905,-0.22878096997737885,c23-development:validation:city_code:city_town_geocode:validation-f4:validation-e5,historical_c23_public_development_diagnostic,R3
-0.09479723125696182,city_code,0.5670589208602905,-0.22878096997737885,c23-development:validation:city_code:city_town_geocode:validation-f5:validation-e0,historical_c23_public_development_diagnostic,R3
-0.049393944442272186,city_code,0.5595371127128601,-0.24217109382152557,c23-development:validation:city_code:city_metropolitan_designation:validation-f0:validation-e2,historical_c23_public_development_diagnostic,R3
-0.049393944442272186,city_code,0.5595371127128601,-0.24217109382152557,c23-development:validation:city_code:city_metropolitan_designation:validation-f1:validation-e3,historical_c23_public_development_diagnostic,R3
-0.049393944442272186,city_code,0.5595371127128601,-0.24217109382152557,c23-development:validation:city_code:city_metropolitan_designation:validation-f2:validation-e4,historical_c23_public_development_diagnostic,R3
-0.049393944442272186,city_code,0.5595371127128601,-0.24217109382152557,c23-development:validation:city_code:city_metropolitan_designation:validation-f3:validation-e5,historical_c23_public_development_diagnostic,R3
-0.049393944442272186,city_code,0.5595371127128601,-0.24217109382152557,c23-development:validation:city_code:city_metropolitan_designation:validation-f4:validation-e0,historical_c23_public_development_diagnostic,R3
-0.049393944442272186,city_code,0.5595371127128601,-0.24217109382152557,c23-development:validation:city_code:city_metropolitan_designation:validation-f5:validation-e1,historical_c23_public_development_diagnostic,R3
-0.2331150770187378,city_code,0.4468095898628235,0.015725893899798393,c23-development:validation:city_code:city_urban_district_number:validation-f0:validation-e3,historical_c23_public_development_diagnostic,R3
-0.2331150770187378,city_code,0.4468095898628235,0.015725893899798393,c23-development:validation:city_code:city_urban_district_number:validation-f1:validation-e4,historical_c23_public_development_diagnostic,R3
-0.2331150770187378,city_code,0.4468095898628235,0.015725893899798393,c23-development:validation:city_code:city_urban_district_number:validation-f2:validation-e5,historical_c23_public_development_diagnostic,R3
-0.2331150770187378,city_code,0.4468095898628235,0.015725893899798393,c23-development:validation:city_code:city_urban_district_number:validation-f3:validation-e0,historical_c23_public_development_diagnostic,R3
-0.2331150770187378,city_code,0.4468095898628235,0.015725893899798393,c23-development:validation:city_code:city_urban_district_number:validation-f4:validation-e1,historical_c23_public_development_diagnostic,R3
-0.2331150770187378,city_code,0.4468095898628235,0.015725893899798393,c23-development:validation:city_code:city_urban_district_number:validation-f5:validation-e2,historical_c23_public_development_diagnostic,R3
-0.17192183434963226,city_code,0.5801874995231628,-0.1772860884666443,c23-development:validation:city_code:city_civic_region_label:validation-f0:validation-e4,historical_c23_public_development_diagnostic,R3
-0.17192183434963226,city_code,0.5801874995231628,-0.1772860884666443,c23-development:validation:city_code:city_civic_region_label:validation-f1:validation-e5,historical_c23_public_development_diagnostic,R3
-0.17192183434963226,city_code,0.5801874995231628,-0.1772860884666443,c23-development:validation:city_code:city_civic_region_label:validation-f2:validation-e0,historical_c23_public_development_diagnostic,R3
-0.17192183434963226,city_code,0.5801874995231628,-0.1772860884666443,c23-development:validation:city_code:city_civic_region_label:validation-f3:validation-e1,historical_c23_public_development_diagnostic,R3
-0.17192183434963226,city_code,0.5801874995231628,-0.1772860884666443,c23-development:validation:city_code:city_civic_region_label:validation-f4:validation-e2,historical_c23_public_development_diagnostic,R3
-0.17192183434963226,city_code,0.5801874995231628,-0.1772860884666443,c23-development:validation:city_code:city_civic_region_label:validation-f5:validation-e3,historical_c23_public_development_diagnostic,R3
-0.15759597718715668,city_code,0.5564144253730774,-0.1751503050327301,c23-development:validation:city_code:city_town_place_code:validation-f0:validation-e5,historical_c23_public_development_diagnostic,R3
-0.15759597718715668,city_code,0.5564144253730774,-0.1751503050327301,c23-development:validation:city_code:city_town_place_code:validation-f1:validation-e0,historical_c23_public_development_diagnostic,R3
-0.15759597718715668,city_code,0.5564144253730774,-0.1751503050327301,c23-development:validation:city_code:city_town_place_code:validation-f2:validation-e1,historical_c23_public_development_diagnostic,R3
-0.15759597718715668,city_code,0.5564144253730774,-0.1751503050327301,c23-development:validation:city_code:city_town_place_code:validation-f3:validation-e2,historical_c23_public_development_diagnostic,R3
-0.15759597718715668,city_code,0.5564144253730774,-0.1751503050327301,c23-development:validation:city_code:city_town_place_code:validation-f4:validation-e3,historical_c23_public_development_diagnostic,R3
-0.15759597718715668,city_code,0.5564144253730774,-0.1751503050327301,c23-development:validation:city_code:city_town_place_code:validation-f5:validation-e4,historical_c23_public_development_diagnostic,R3
-0.11268602311611176,city_code,0.49351590871810913,-0.08958639949560165,c23-development:validation:city_code:city_community_area_identifier:validation-f0:validation-e0,historical_c23_public_development_diagnostic,R3
-0.11268602311611176,city_code,0.49351590871810913,-0.08958639949560165,c23-development:validation:city_code:city_community_area_identifier:validation-f1:validation-e1,historical_c23_public_development_diagnostic,R3
-0.11268602311611176,city_code,0.49351590871810913,-0.08958639949560165,c23-development:validation:city_code:city_community_area_identifier:validation-f2:validation-e2,historical_c23_public_development_diagnostic,R3
-0.11268602311611176,city_code,0.49351590871810913,-0.08958639949560165,c23-development:validation:city_code:city_community_area_identifier:validation-f3:validation-e3,historical_c23_public_development_diagnostic,R3
-0.11268602311611176,city_code,0.49351590871810913,-0.08958639949560165,c23-development:validation:city_code:city_community_area_identifier:validation-f4:validation-e4,historical_c23_public_development_diagnostic,R3
-0.11268602311611176,city_code,0.49351590871810913,-0.08958639949560165,c23-development:validation:city_code:city_community_area_identifier:validation-f5:validation-e5,historical_c23_public_development_diagnostic,R3
0.4961273968219757,access_code,-0.2618839144706726,0.05537516996264458,c23-development:validation:access_code:access_required_credential:validation-f0:validation-e2,historical_c23_public_development_diagnostic,R3
0.4961273968219757,access_code,-0.2618839144706726,0.05537516996264458,c23-development:validation:access_code:access_required_credential:validation-f1:validation-e3,historical_c23_public_development_diagnostic,R3
0.4961273968219757,access_code,-0.2618839144706726,0.05537516996264458,c23-development:validation:access_code:access_required_credential:validation-f2:validation-e4,historical_c23_public_development_diagnostic,R3
0.4961273968219757,access_code,-0.2618839144706726,0.05537516996264458,c23-development:validation:access_code:access_required_credential:validation-f3:validation-e5,historical_c23_public_development_diagnostic,R3
0.4961273968219757,access_code,-0.2618839144706726,0.05537516996264458,c23-development:validation:access_code:access_required_credential:validation-f4:validation-e0,historical_c23_public_development_diagnostic,R3
0.4961273968219757,access_code,-0.2618839144706726,0.05537516996264458,c23-development:validation:access_code:access_required_credential:validation-f5:validation-e1,historical_c23_public_development_diagnostic,R3
0.6962814927101135,access_code,-0.2933511734008789,-0.1565667986869812,c23-development:validation:access_code:access_protected_account_password:validation-f0:validation-e3,historical_c23_public_development_diagnostic,R3
0.6962814927101135,access_code,-0.2933511734008789,-0.1565667986869812,c23-development:validation:access_code:access_protected_account_password:validation-f1:validation-e4,historical_c23_public_development_diagnostic,R3
0.6962814927101135,access_code,-0.2933511734008789,-0.1565667986869812,c23-development:validation:access_code:access_protected_account_password:validation-f2:validation-e5,historical_c23_public_development_diagnostic,R3
0.6962814927101135,access_code,-0.2933511734008789,-0.1565667986869812,c23-development:validation:access_code:access_protected_account_password:validation-f3:validation-e0,historical_c23_public_development_diagnostic,R3
0.6962814927101135,access_code,-0.2933511734008789,-0.1565667986869812,c23-development:validation:access_code:access_protected_account_password:validation-f4:validation-e1,historical_c23_public_development_diagnostic,R3
0.6962814927101135,access_code,-0.2933511734008789,-0.1565667986869812,c23-development:validation:access_code:access_protected_account_password:validation-f5:validation-e2,historical_c23_public_development_diagnostic,R3
0.685845673084259,access_code,-0.16727252304553986,-0.3103347420692444,c23-development:validation:access_code:access_service_unlock_passcode:validation-f0:validation-e4,historical_c23_public_development_diagnostic,R3
0.685845673084259,access_code,-0.16727252304553986,-0.3103347420692444,c23-development:validation:access_code:access_service_unlock_passcode:validation-f1:validation-e5,historical_c23_public_development_diagnostic,R3
0.685845673084259,access_code,-0.16727252304553986,-0.3103347420692444,c23-development:validation:access_code:access_service_unlock_passcode:validation-f2:validation-e0,historical_c23_public_development_diagnostic,R3
0.685845673084259,access_code,-0.16727252304553986,-0.3103347420692444,c23-development:validation:access_code:access_service_unlock_passcode:validation-f3:validation-e1,historical_c23_public_development_diagnostic,R3
0.685845673084259,access_code,-0.16727252304553986,-0.3103347420692444,c23-development:validation:access_code:access_service_unlock_passcode:validation-f4:validation-e2,historical_c23_public_development_diagnostic,R3
0.685845673084259,access_code,-0.16727252304553986,-0.3103347420692444,c23-development:validation:access_code:access_service_unlock_passcode:validation-f5:validation-e3,historical_c23_public_development_diagnostic,R3
0.5843363404273987,access_code,-0.3064116835594177,-0.030676836147904396,c23-development:validation:access_code:access_subject_signon_secret:validation-f0:validation-e5,historical_c23_public_development_diagnostic,R3
0.5843363404273987,access_code,-0.3064116835594177,-0.030676836147904396,c23-development:validation:access_code:access_subject_signon_secret:validation-f1:validation-e0,historical_c23_public_development_diagnostic,R3
0.5843363404273987,access_code,-0.3064116835594177,-0.030676836147904396,c23-development:validation:access_code:access_subject_signon_secret:validation-f2:validation-e1,historical_c23_public_development_diagnostic,R3
0.5843363404273987,access_code,-0.3064116835594177,-0.030676836147904396,c23-development:validation:access_code:access_subject_signon_secret:validation-f3:validation-e2,historical_c23_public_development_diagnostic,R3
0.5843363404273987,access_code,-0.3064116835594177,-0.030676836147904396,c23-development:validation:access_code:access_subject_signon_secret:validation-f4:validation-e3,historical_c23_public_development_diagnostic,R3
0.5843363404273987,access_code,-0.3064116835594177,-0.030676836147904396,c23-development:validation:access_code:access_subject_signon_secret:validation-f5:validation-e4,historical_c23_public_development_diagnostic,R3
0.6572522521018982,access_code,-0.2034715712070465,-0.19087304174900055,c23-development:validation:access_code:access_resource_authentication_secret:validation-f0:validation-e0,historical_c23_public_development_diagnostic,R3
0.6572522521018982,access_code,-0.2034715712070465,-0.19087304174900055,c23-development:validation:access_code:access_resource_authentication_secret:validation-f1:validation-e1,historical_c23_public_development_diagnostic,R3
0.6572522521018982,access_code,-0.2034715712070465,-0.19087304174900055,c23-development:validation:access_code:access_resource_authentication_secret:validation-f2:validation-e2,historical_c23_public_development_diagnostic,R3
0.6572522521018982,access_code,-0.2034715712070465,-0.19087304174900055,c23-development:validation:access_code:access_resource_authentication_secret:validation-f3:validation-e3,historical_c23_public_development_diagnostic,R3
0.6572522521018982,access_code,-0.2034715712070465,-0.19087304174900055,c23-development:validation:access_code:access_resource_authentication_secret:validation-f4:validation-e4,historical_c23_public_development_diagnostic,R3
0.6572522521018982,access_code,-0.2034715712070465,-0.19087304174900055,c23-development:validation:access_code:access_resource_authentication_secret:validation-f5:validation-e5,historical_c23_public_development_diagnostic,R3
0.45482924580574036,access_code,-0.01093072909861803,-0.21169152855873108,c23-development:validation:access_code:access_lock_screen_code:validation-f0:validation-e1,historical_c23_public_development_diagnostic,R3
0.45482924580574036,access_code,-0.01093072909861803,-0.21169152855873108,c23-development:validation:access_code:access_lock_screen_code:validation-f1:validation-e2,historical_c23_public_development_diagnostic,R3
0.45482924580574036,access_code,-0.01093072909861803,-0.21169152855873108,c23-development:validation:access_code:access_lock_screen_code:validation-f2:validation-e3,historical_c23_public_development_diagnostic,R3
0.45482924580574036,access_code,-0.01093072909861803,-0.21169152855873108,c23-development:validation:access_code:access_lock_screen_code:validation-f3:validation-e4,historical_c23_public_development_diagnostic,R3
0.45482924580574036,access_code,-0.01093072909861803,-0.21169152855873108,c23-development:validation:access_code:access_lock_screen_code:validation-f4:validation-e5,historical_c23_public_development_diagnostic,R3
0.45482924580574036,access_code,-0.01093072909861803,-0.21169152855873108,c23-development:validation:access_code:access_lock_screen_code:validation-f5:validation-e0,historical_c23_public_development_diagnostic,R3
0.4105859100818634,access_code,-0.1388174593448639,-0.03270711004734039,c23-development:validation:access_code:access_secure_gate_pin:validation-f0:validation-e2,historical_c23_public_development_diagnostic,R3
0.4105859100818634,access_code,-0.1388174593448639,-0.03270711004734039,c23-development:validation:access_code:access_secure_gate_pin:validation-f1:validation-e3,historical_c23_public_development_diagnostic,R3
0.4105859100818634,access_code,-0.1388174593448639,-0.03270711004734039,c23-development:validation:access_code:access_secure_gate_pin:validation-f2:validation-e4,historical_c23_public_development_diagnostic,R3
0.4105859100818634,access_code,-0.1388174593448639,-0.03270711004734039,c23-development:validation:access_code:access_secure_gate_pin:validation-f3:validation-e5,historical_c23_public_development_diagnostic,R3
0.4105859100818634,access_code,-0.1388174593448639,-0.03270711004734039,c23-development:validation:access_code:access_secure_gate_pin:validation-f4:validation-e0,historical_c23_public_development_diagnostic,R3
0.4105859100818634,access_code,-0.1388174593448639,-0.03270711004734039,c23-development:validation:access_code:access_secure_gate_pin:validation-f5:validation-e1,historical_c23_public_development_diagnostic,R3
0.3658011257648468,,-0.06974981725215912,-0.06161869689822197,c23-development:validation:access_code:access_resource_unlock_combination:validation-f0:validation-e3,historical_c23_public_development_diagnostic,R3
0.3658011257648468,,-0.06974981725215912,-0.06161869689822197,c23-development:validation:access_code:access_resource_unlock_combination:validation-f1:validation-e4,historical_c23_public_development_diagnostic,R3
0.3658011257648468,,-0.06974981725215912,-0.06161869689822197,c23-development:validation:access_code:access_resource_unlock_combination:validation-f2:validation-e5,historical_c23_public_development_diagnostic,R3
0.3658011257648468,,-0.06974981725215912,-0.06161869689822197,c23-development:validation:access_code:access_resource_unlock_combination:validation-f3:validation-e0,historical_c23_public_development_diagnostic,R3
0.3658011257648468,,-0.06974981725215912,-0.06161869689822197,c23-development:validation:access_code:access_resource_unlock_combination:validation-f4:validation-e1,historical_c23_public_development_diagnostic,R3
0.3658011257648468,,-0.06974981725215912,-0.06161869689822197,c23-development:validation:access_code:access_resource_unlock_combination:validation-f5:validation-e2,historical_c23_public_development_diagnostic,R3
0.5557429194450378,access_code,-0.24651549756526947,-0.1304340809583664,c23-development:validation:access_code:access_account_keyphrase:validation-f0:validation-e4,historical_c23_public_development_diagnostic,R3
0.5557429194450378,access_code,-0.24651549756526947,-0.1304340809583664,c23-development:validation:access_code:access_account_keyphrase:validation-f1:validation-e5,historical_c23_public_development_diagnostic,R3
0.5557429194450378,access_code,-0.24651549756526947,-0.1304340809583664,c23-development:validation:access_code:access_account_keyphrase:validation-f2:validation-e0,historical_c23_public_development_diagnostic,R3
0.5557429194450378,access_code,-0.24651549756526947,-0.1304340809583664,c23-development:validation:access_code:access_account_keyphrase:validation-f3:validation-e1,historical_c23_public_development_diagnostic,R3
0.5557429194450378,access_code,-0.24651549756526947,-0.1304340809583664,c23-development:validation:access_code:access_account_keyphrase:validation-f4:validation-e2,historical_c23_public_development_diagnostic,R3
0.5557429194450378,access_code,-0.24651549756526947,-0.1304340809583664,c23-development:validation:access_code:access_account_keyphrase:validation-f5:validation-e3,historical_c23_public_development_diagnostic,R3
0.6550306677818298,access_code,-0.08320200443267822,-0.3779367506504059,c23-development:validation:access_code:access_secured_area_keypad_sequence:validation-f0:validation-e5,historical_c23_public_development_diagnostic,R3
0.6550306677818298,access_code,-0.08320200443267822,-0.3779367506504059,c23-development:validation:access_code:access_secured_area_keypad_sequence:validation-f1:validation-e0,historical_c23_public_development_diagnostic,R3
0.6550306677818298,access_code,-0.08320200443267822,-0.3779367506504059,c23-development:validation:access_code:access_secured_area_keypad_sequence:validation-f2:validation-e1,historical_c23_public_development_diagnostic,R3
0.6550306677818298,access_code,-0.08320200443267822,-0.3779367506504059,c23-development:validation:access_code:access_secured_area_keypad_sequence:validation-f3:validation-e2,historical_c23_public_development_diagnostic,R3
0.6550306677818298,access_code,-0.08320200443267822,-0.3779367506504059,c23-development:validation:access_code:access_secured_area_keypad_sequence:validation-f4:validation-e3,historical_c23_public_development_diagnostic,R3
0.6550306677818298,access_code,-0.08320200443267822,-0.3779367506504059,c23-development:validation:access_code:access_secured_area_keypad_sequence:validation-f5:validation-e4,historical_c23_public_development_diagnostic,R3
0.419299453496933,access_code,-0.2523248493671417,0.10232218354940414,c23-development:validation:access_code:access_lock_bearer_secret:validation-f0:validation-e0,historical_c23_public_development_diagnostic,R3
0.419299453496933,access_code,-0.2523248493671417,0.10232218354940414,c23-development:validation:access_code:access_lock_bearer_secret:validation-f1:validation-e1,historical_c23_public_development_diagnostic,R3
0.419299453496933,access_code,-0.2523248493671417,0.10232218354940414,c23-development:validation:access_code:access_lock_bearer_secret:validation-f2:validation-e2,historical_c23_public_development_diagnostic,R3
0.419299453496933,access_code,-0.2523248493671417,0.10232218354940414,c23-development:validation:access_code:access_lock_bearer_secret:validation-f3:validation-e3,historical_c23_public_development_diagnostic,R3
0.419299453496933,access_code,-0.2523248493671417,0.10232218354940414,c23-development:validation:access_code:access_lock_bearer_secret:validation-f4:validation-e4,historical_c23_public_development_diagnostic,R3
0.419299453496933,access_code,-0.2523248493671417,0.10232218354940414,c23-development:validation:access_code:access_lock_bearer_secret:validation-f5:validation-e5,historical_c23_public_development_diagnostic,R3
0.3363584876060486,,-0.10397017747163773,-0.0028822701424360275,c23-development:validation:access_code:access_service_challenge_response:validation-f0:validation-e1,historical_c23_public_development_diagnostic,R3
0.3363584876060486,,-0.10397017747163773,-0.0028822701424360275,c23-development:validation:access_code:access_service_challenge_response:validation-f1:validation-e2,historical_c23_public_development_diagnostic,R3
0.3363584876060486,,-0.10397017747163773,-0.0028822701424360275,c23-development:validation:access_code:access_service_challenge_response:validation-f2:validation-e3,historical_c23_public_development_diagnostic,R3
0.3363584876060486,,-0.10397017747163773,-0.0028822701424360275,c23-development:validation:access_code:access_service_challenge_response:validation-f3:validation-e4,historical_c23_public_development_diagnostic,R3
0.3363584876060486,,-0.10397017747163773,-0.0028822701424360275,c23-development:validation:access_code:access_service_challenge_response:validation-f4:validation-e5,historical_c23_public_development_diagnostic,R3
0.3363584876060486,,-0.10397017747163773,-0.0028822701424360275,c23-development:validation:access_code:access_service_challenge_response:validation-f5:validation-e0,historical_c23_public_development_diagnostic,R3
0.024633508175611496,registry_id,0.01026191096752882,0.2596745193004608,c23-development:reject:ambiguous:ambiguous_identifier:validation-f0:validation-e0,historical_c23_public_development_diagnostic,R3
0.024633508175611496,registry_id,0.01026191096752882,0.2596745193004608,c23-development:reject:ambiguous:ambiguous_identifier:validation-f1:validation-e1,historical_c23_public_development_diagnostic,R3
0.024633508175611496,registry_id,0.01026191096752882,0.2596745193004608,c23-development:reject:ambiguous:ambiguous_identifier:validation-f2:validation-e2,historical_c23_public_development_diagnostic,R3
0.024633508175611496,registry_id,0.01026191096752882,0.2596745193004608,c23-development:reject:ambiguous:ambiguous_identifier:validation-f3:validation-e3,historical_c23_public_development_diagnostic,R3
0.024633508175611496,registry_id,0.01026191096752882,0.2596745193004608,c23-development:reject:ambiguous:ambiguous_identifier:validation-f4:validation-e4,historical_c23_public_development_diagnostic,R3
0.024633508175611496,registry_id,0.01026191096752882,0.2596745193004608,c23-development:reject:ambiguous:ambiguous_identifier:validation-f5:validation-e5,historical_c23_public_development_diagnostic,R3
-0.11914299428462982,registry_id,-0.04873118922114372,0.4242415726184845,c23-development:reject:ambiguous:ambiguous_reference_number:validation-f0:validation-e1,historical_c23_public_development_diagnostic,R3
-0.11914299428462982,registry_id,-0.04873118922114372,0.4242415726184845,c23-development:reject:ambiguous:ambiguous_reference_number:validation-f1:validation-e2,historical_c23_public_development_diagnostic,R3
-0.11914299428462982,registry_id,-0.04873118922114372,0.4242415726184845,c23-development:reject:ambiguous:ambiguous_reference_number:validation-f2:validation-e3,historical_c23_public_development_diagnostic,R3
-0.11914299428462982,registry_id,-0.04873118922114372,0.4242415726184845,c23-development:reject:ambiguous:ambiguous_reference_number:validation-f3:validation-e4,historical_c23_public_development_diagnostic,R3
-0.11914299428462982,registry_id,-0.04873118922114372,0.4242415726184845,c23-development:reject:ambiguous:ambiguous_reference_number:validation-f4:validation-e5,historical_c23_public_development_diagnostic,R3
-0.11914299428462982,registry_id,-0.04873118922114372,0.4242415726184845,c23-development:reject:ambiguous:ambiguous_reference_number:validation-f5:validation-e0,historical_c23_public_development_diagnostic,R3
0.05143183097243309,,0.17654640972614288,0.0163942389190197,c23-development:reject:ambiguous:ambiguous_assigned_code:validation-f0:validation-e2,historical_c23_public_development_diagnostic,R3
0.05143183097243309,,0.17654640972614288,0.0163942389190197,c23-development:reject:ambiguous:ambiguous_assigned_code:validation-f1:validation-e3,historical_c23_public_development_diagnostic,R3
0.05143183097243309,,0.17654640972614288,0.0163942389190197,c23-development:reject:ambiguous:ambiguous_assigned_code:validation-f2:validation-e4,historical_c23_public_development_diagnostic,R3
0.05143183097243309,,0.17654640972614288,0.0163942389190197,c23-development:reject:ambiguous:ambiguous_assigned_code:validation-f3:validation-e5,historical_c23_public_development_diagnostic,R3
0.05143183097243309,,0.17654640972614288,0.0163942389190197,c23-development:reject:ambiguous:ambiguous_assigned_code:validation-f4:validation-e0,historical_c23_public_development_diagnostic,R3
0.05143183097243309,,0.17654640972614288,0.0163942389190197,c23-development:reject:ambiguous:ambiguous_assigned_code:validation-f5:validation-e1,historical_c23_public_development_diagnostic,R3
0.23548491299152374,,-0.09115531295537949,0.07963292300701141,c23-development:reject:ambiguous:ambiguous_profile_key:validation-f0:validation-e3,historical_c23_public_development_diagnostic,R3
0.23548491299152374,,-0.09115531295537949,0.07963292300701141,c23-development:reject:ambiguous:ambiguous_profile_key:validation-f1:validation-e4,historical_c23_public_development_diagnostic,R3
0.23548491299152374,,-0.09115531295537949,0.07963292300701141,c23-development:reject:ambiguous:ambiguous_profile_key:validation-f2:validation-e5,historical_c23_public_development_diagnostic,R3
0.23548491299152374,,-0.09115531295537949,0.07963292300701141,c23-development:reject:ambiguous:ambiguous_profile_key:validation-f3:validation-e0,historical_c23_public_development_diagnostic,R3
0.23548491299152374,,-0.09115531295537949,0.07963292300701141,c23-development:reject:ambiguous:ambiguous_profile_key:validation-f4:validation-e1,historical_c23_public_development_diagnostic,R3
0.23548491299152374,,-0.09115531295537949,0.07963292300701141,c23-development:reject:ambiguous:ambiguous_profile_key:validation-f5:validation-e2,historical_c23_public_development_diagnostic,R3
0.05467268079519272,registry_id,-0.09468580037355423,0.29616424441337585,c23-development:reject:ambiguous:ambiguous_record_value:validation-f0:validation-e4,historical_c23_public_development_diagnostic,R3
0.05467268079519272,registry_id,-0.09468580037355423,0.29616424441337585,c23-development:reject:ambiguous:ambiguous_record_value:validation-f1:validation-e5,historical_c23_public_development_diagnostic,R3
0.05467268079519272,registry_id,-0.09468580037355423,0.29616424441337585,c23-development:reject:ambiguous:ambiguous_record_value:validation-f2:validation-e0,historical_c23_public_development_diagnostic,R3
0.05467268079519272,registry_id,-0.09468580037355423,0.29616424441337585,c23-development:reject:ambiguous:ambiguous_record_value:validation-f3:validation-e1,historical_c23_public_development_diagnostic,R3
0.05467268079519272,registry_id,-0.09468580037355423,0.29616424441337585,c23-development:reject:ambiguous:ambiguous_record_value:validation-f4:validation-e2,historical_c23_public_development_diagnostic,R3
0.05467268079519272,registry_id,-0.09468580037355423,0.29616424441337585,c23-development:reject:ambiguous:ambiguous_record_value:validation-f5:validation-e3,historical_c23_public_development_diagnostic,R3
0.009267786517739296,registry_id,-0.17617487907409668,0.4207965135574341,c23-development:reject:ambiguous:ambiguous_account_number:validation-f0:validation-e5,historical_c23_public_development_diagnostic,R3
0.009267786517739296,registry_id,-0.17617487907409668,0.4207965135574341,c23-development:reject:ambiguous:ambiguous_account_number:validation-f1:validation-e0,historical_c23_public_development_diagnostic,R3
0.009267786517739296,registry_id,-0.17617487907409668,0.4207965135574341,c23-development:reject:ambiguous:ambiguous_account_number:validation-f2:validation-e1,historical_c23_public_development_diagnostic,R3
0.009267786517739296,registry_id,-0.17617487907409668,0.4207965135574341,c23-development:reject:ambiguous:ambiguous_account_number:validation-f3:validation-e2,historical_c23_public_development_diagnostic,R3
0.009267786517739296,registry_id,-0.17617487907409668,0.4207965135574341,c23-development:reject:ambiguous:ambiguous_account_number:validation-f4:validation-e3,historical_c23_public_development_diagnostic,R3
0.009267786517739296,registry_id,-0.17617487907409668,0.4207965135574341,c23-development:reject:ambiguous:ambiguous_account_number:validation-f5:validation-e4,historical_c23_public_development_diagnostic,R3
0.18094006180763245,,0.05337035655975342,0.044604942202568054,c23-development:reject:ambiguous:ambiguous_internal_tag:validation-f0:validation-e0,historical_c23_public_development_diagnostic,R3
0.18094006180763245,,0.05337035655975342,0.044604942202568054,c23-development:reject:ambiguous:ambiguous_internal_tag:validation-f1:validation-e1,historical_c23_public_development_diagnostic,R3
0.18094006180763245,,0.05337035655975342,0.044604942202568054,c23-development:reject:ambiguous:ambiguous_internal_tag:validation-f2:validation-e2,historical_c23_public_development_diagnostic,R3
0.18094006180763245,,0.05337035655975342,0.044604942202568054,c23-development:reject:ambiguous:ambiguous_internal_tag:validation-f3:validation-e3,historical_c23_public_development_diagnostic,R3
0.18094013631343842,,0.053370364010334015,0.044604863971471786,c23-development:reject:ambiguous:ambiguous_internal_tag:validation-f4:validation-e4,historical_c23_public_development_diagnostic,R3
0.18094013631343842,,0.053370364010334015,0.044604863971471786,c23-development:reject:ambiguous:ambiguous_internal_tag:validation-f5:validation-e5,historical_c23_public_development_diagnostic,R3
0.13897942006587982,,0.060154180973768234,0.04484855756163597,c23-development:reject:ambiguous:ambiguous_service_code:validation-f0:validation-e1,historical_c23_public_development_diagnostic,R3
0.13897942006587982,,0.060154180973768234,0.04484855756163597,c23-development:reject:ambiguous:ambiguous_service_code:validation-f1:validation-e2,historical_c23_public_development_diagnostic,R3
0.13897942006587982,,0.060154180973768234,0.04484855756163597,c23-development:reject:ambiguous:ambiguous_service_code:validation-f2:validation-e3,historical_c23_public_development_diagnostic,R3
0.13897942006587982,,0.060154180973768234,0.04484855756163597,c23-development:reject:ambiguous:ambiguous_service_code:validation-f3:validation-e4,historical_c23_public_development_diagnostic,R3
0.13897942006587982,,0.060154180973768234,0.04484855756163597,c23-development:reject:ambiguous:ambiguous_service_code:validation-f4:validation-e5,historical_c23_public_development_diagnostic,R3
0.13897942006587982,,0.060154180973768234,0.04484855756163597,c23-development:reject:ambiguous:ambiguous_service_code:validation-f5:validation-e0,historical_c23_public_development_diagnostic,R3
-0.04620688781142235,registry_id,0.014985079877078533,0.29004985094070435,c23-development:reject:ambiguous:ambiguous_subject_marker:validation-f0:validation-e2,historical_c23_public_development_diagnostic,R3
-0.04620688781142235,registry_id,0.014985079877078533,0.29004985094070435,c23-development:reject:ambiguous:ambiguous_subject_marker:validation-f1:validation-e3,historical_c23_public_development_diagnostic,R3
-0.04620688781142235,registry_id,0.014985079877078533,0.29004985094070435,c23-development:reject:ambiguous:ambiguous_subject_marker:validation-f2:validation-e4,historical_c23_public_development_diagnostic,R3
-0.04620688781142235,registry_id,0.014985079877078533,0.29004985094070435,c23-development:reject:ambiguous:ambiguous_subject_marker:validation-f3:validation-e5,historical_c23_public_development_diagnostic,R3
-0.04620688781142235,registry_id,0.014985079877078533,0.29004985094070435,c23-development:reject:ambiguous:ambiguous_subject_marker:validation-f4:validation-e0,historical_c23_public_development_diagnostic,R3
-0.04620688781142235,registry_id,0.014985079877078533,0.29004985094070435,c23-development:reject:ambiguous:ambiguous_subject_marker:validation-f5:validation-e1,historical_c23_public_development_diagnostic,R3
0.3200448155403137,,-0.14206983149051666,0.0334642268717289,c23-development:reject:ambiguous:ambiguous_database_key:validation-f0:validation-e3,historical_c23_public_development_diagnostic,R3
0.3200448155403137,,-0.14206983149051666,0.0334642268717289,c23-development:reject:ambiguous:ambiguous_database_key:validation-f1:validation-e4,historical_c23_public_development_diagnostic,R3
0.3200448155403137,,-0.14206983149051666,0.0334642268717289,c23-development:reject:ambiguous:ambiguous_database_key:validation-f2:validation-e5,historical_c23_public_development_diagnostic,R3
0.3200448155403137,,-0.14206983149051666,0.0334642268717289,c23-development:reject:ambiguous:ambiguous_database_key:validation-f3:validation-e0,historical_c23_public_development_diagnostic,R3
0.3200448155403137,,-0.14206983149051666,0.0334642268717289,c23-development:reject:ambiguous:ambiguous_database_key:validation-f4:validation-e1,historical_c23_public_development_diagnostic,R3
0.3200448155403137,,-0.14206983149051666,0.0334642268717289,c23-development:reject:ambiguous:ambiguous_database_key:validation-f5:validation-e2,historical_c23_public_development_diagnostic,R3
0.14436736702919006,,-0.05178362876176834,0.14635996520519257,c23-development:reject:ambiguous:ambiguous_lookup_handle:validation-f0:validation-e4,historical_c23_public_development_diagnostic,R3
0.14436736702919006,,-0.05178362876176834,0.14635996520519257,c23-development:reject:ambiguous:ambiguous_lookup_handle:validation-f1:validation-e5,historical_c23_public_development_diagnostic,R3
0.14436736702919006,,-0.05178362876176834,0.14635996520519257,c23-development:reject:ambiguous:ambiguous_lookup_handle:validation-f2:validation-e0,historical_c23_public_development_diagnostic,R3
0.14436736702919006,,-0.05178362876176834,0.14635996520519257,c23-development:reject:ambiguous:ambiguous_lookup_handle:validation-f3:validation-e1,historical_c23_public_development_diagnostic,R3
0.14436736702919006,,-0.05178362876176834,0.14635996520519257,c23-development:reject:ambiguous:ambiguous_lookup_handle:validation-f4:validation-e2,historical_c23_public_development_diagnostic,R3
0.14436736702919006,,-0.05178362876176834,0.14635996520519257,c23-development:reject:ambiguous:ambiguous_lookup_handle:validation-f5:validation-e3,historical_c23_public_development_diagnostic,R3
0.1660521924495697,,-0.023849504068493843,0.13341735303401947,c23-development:reject:ambiguous:ambiguous_verification_value:validation-f0:validation-e5,historical_c23_public_development_diagnostic,R3
0.1660521924495697,,-0.023849504068493843,0.13341735303401947,c23-development:reject:ambiguous:ambiguous_verification_value:validation-f1:validation-e0,historical_c23_public_development_diagnostic,R3
0.1660521924495697,,-0.023849504068493843,0.13341735303401947,c23-development:reject:ambiguous:ambiguous_verification_value:validation-f2:validation-e1,historical_c23_public_development_diagnostic,R3
0.1660521924495697,,-0.023849504068493843,0.13341735303401947,c23-development:reject:ambiguous:ambiguous_verification_value:validation-f3:validation-e2,historical_c23_public_development_diagnostic,R3
0.1660521924495697,,-0.023849504068493843,0.13341735303401947,c23-development:reject:ambiguous:ambiguous_verification_value:validation-f4:validation-e3,historical_c23_public_development_diagnostic,R3
0.1660521924495697,,-0.023849504068493843,0.13341735303401947,c23-development:reject:ambiguous:ambiguous_verification_value:validation-f5:validation-e4,historical_c23_public_development_diagnostic,R3
-0.027812102809548378,registry_id,-0.03900813311338425,0.3326251208782196,c23-development:reject:unrelated:unrelated_birth_date:validation-f0:validation-e0,historical_c23_public_development_diagnostic,R3
-0.027812102809548378,registry_id,-0.03900813311338425,0.3326251208782196,c23-development:reject:unrelated:unrelated_birth_date:validation-f1:validation-e1,historical_c23_public_development_diagnostic,R3
-0.027812102809548378,registry_id,-0.03900813311338425,0.3326251208782196,c23-development:reject:unrelated:unrelated_birth_date:validation-f2:validation-e2,historical_c23_public_development_diagnostic,R3
-0.027812102809548378,registry_id,-0.03900813311338425,0.3326251208782196,c23-development:reject:unrelated:unrelated_birth_date:validation-f3:validation-e3,historical_c23_public_development_diagnostic,R3
-0.027812102809548378,registry_id,-0.03900813311338425,0.3326251208782196,c23-development:reject:unrelated:unrelated_birth_date:validation-f4:validation-e4,historical_c23_public_development_diagnostic,R3
-0.027812102809548378,registry_id,-0.03900813311338425,0.3326251208782196,c23-development:reject:unrelated:unrelated_birth_date:validation-f5:validation-e5,historical_c23_public_development_diagnostic,R3
0.13521580398082733,,-0.04625352844595909,0.11327838152647018,c23-development:reject:unrelated:unrelated_contact_email:validation-f0:validation-e1,historical_c23_public_development_diagnostic,R3
0.13521580398082733,,-0.04625352844595909,0.11327838152647018,c23-development:reject:unrelated:unrelated_contact_email:validation-f1:validation-e2,historical_c23_public_development_diagnostic,R3
0.13521580398082733,,-0.04625352844595909,0.11327838152647018,c23-development:reject:unrelated:unrelated_contact_email:validation-f2:validation-e3,historical_c23_public_development_diagnostic,R3
0.13521580398082733,,-0.04625352844595909,0.11327838152647018,c23-development:reject:unrelated:unrelated_contact_email:validation-f3:validation-e4,historical_c23_public_development_diagnostic,R3
0.13521580398082733,,-0.04625352844595909,0.11327838152647018,c23-development:reject:unrelated:unrelated_contact_email:validation-f4:validation-e5,historical_c23_public_development_diagnostic,R3
0.13521580398082733,,-0.04625352844595909,0.11327838152647018,c23-development:reject:unrelated:unrelated_contact_email:validation-f5:validation-e0,historical_c23_public_development_diagnostic,R3
-0.10002930462360382,registry_id,0.06753689050674438,0.28260308504104614,c23-development:reject:unrelated:unrelated_telephone_number:validation-f0:validation-e2,historical_c23_public_development_diagnostic,R3
-0.10002930462360382,registry_id,0.06753689050674438,0.28260308504104614,c23-development:reject:unrelated:unrelated_telephone_number:validation-f1:validation-e3,historical_c23_public_development_diagnostic,R3
-0.10002930462360382,registry_id,0.06753689050674438,0.28260308504104614,c23-development:reject:unrelated:unrelated_telephone_number:validation-f2:validation-e4,historical_c23_public_development_diagnostic,R3
-0.10002930462360382,registry_id,0.06753689050674438,0.28260308504104614,c23-development:reject:unrelated:unrelated_telephone_number:validation-f3:validation-e5,historical_c23_public_development_diagnostic,R3
-0.10002930462360382,registry_id,0.06753689050674438,0.28260308504104614,c23-development:reject:unrelated:unrelated_telephone_number:validation-f4:validation-e0,historical_c23_public_development_diagnostic,R3
-0.10002930462360382,registry_id,0.06753689050674438,0.28260308504104614,c23-development:reject:unrelated:unrelated_telephone_number:validation-f5:validation-e1,historical_c23_public_development_diagnostic,R3
-0.08697744458913803,,0.2863615155220032,0.049196384847164154,c23-development:reject:unrelated:unrelated_postal_address:validation-f0:validation-e3,historical_c23_public_development_diagnostic,R3
-0.08697744458913803,,0.2863615155220032,0.049196384847164154,c23-development:reject:unrelated:unrelated_postal_address:validation-f1:validation-e4,historical_c23_public_development_diagnostic,R3
-0.08697744458913803,,0.2863615155220032,0.049196384847164154,c23-development:reject:unrelated:unrelated_postal_address:validation-f2:validation-e5,historical_c23_public_development_diagnostic,R3
-0.08697744458913803,,0.2863615155220032,0.049196384847164154,c23-development:reject:unrelated:unrelated_postal_address:validation-f3:validation-e0,historical_c23_public_development_diagnostic,R3
-0.08697744458913803,,0.2863615155220032,0.049196384847164154,c23-development:reject:unrelated:unrelated_postal_address:validation-f4:validation-e1,historical_c23_public_development_diagnostic,R3
-0.08697744458913803,,0.2863615155220032,0.049196384847164154,c23-development:reject:unrelated:unrelated_postal_address:validation-f5:validation-e2,historical_c23_public_development_diagnostic,R3
0.049066510051488876,registry_id,-0.024447759613394737,0.2554614841938019,c23-development:reject:unrelated:unrelated_account_balance:validation-f0:validation-e4,historical_c23_public_development_diagnostic,R3
0.049066510051488876,registry_id,-0.024447759613394737,0.2554614841938019,c23-development:reject:unrelated:unrelated_account_balance:validation-f1:validation-e5,historical_c23_public_development_diagnostic,R3
0.049066510051488876,registry_id,-0.024447759613394737,0.2554614841938019,c23-development:reject:unrelated:unrelated_account_balance:validation-f2:validation-e0,historical_c23_public_development_diagnostic,R3
0.049066510051488876,registry_id,-0.024447759613394737,0.2554614841938019,c23-development:reject:unrelated:unrelated_account_balance:validation-f3:validation-e1,historical_c23_public_development_diagnostic,R3
0.049066510051488876,registry_id,-0.024447759613394737,0.2554614841938019,c23-development:reject:unrelated:unrelated_account_balance:validation-f4:validation-e2,historical_c23_public_development_diagnostic,R3
0.049066510051488876,registry_id,-0.024447759613394737,0.2554614841938019,c23-development:reject:unrelated:unrelated_account_balance:validation-f5:validation-e3,historical_c23_public_development_diagnostic,R3
0.07527725398540497,,0.06281966716051102,0.09552488476037979,c23-development:reject:unrelated:unrelated_favorite_color:validation-f0:validation-e5,historical_c23_public_development_diagnostic,R3
0.07527725398540497,,0.06281966716051102,0.09552488476037979,c23-development:reject:unrelated:unrelated_favorite_color:validation-f1:validation-e0,historical_c23_public_development_diagnostic,R3
0.07527726143598557,,0.0628196969628334,0.09552488476037979,c23-development:reject:unrelated:unrelated_favorite_color:validation-f2:validation-e1,historical_c23_public_development_diagnostic,R3
0.07527726143598557,,0.0628196969628334,0.09552488476037979,c23-development:reject:unrelated:unrelated_favorite_color:validation-f3:validation-e2,historical_c23_public_development_diagnostic,R3
0.07527726143598557,,0.0628196969628334,0.09552488476037979,c23-development:reject:unrelated:unrelated_favorite_color:validation-f4:validation-e3,historical_c23_public_development_diagnostic,R3
0.07527726143598557,,0.0628196969628334,0.09552488476037979,c23-development:reject:unrelated:unrelated_favorite_color:validation-f5:validation-e4,historical_c23_public_development_diagnostic,R3
0.10334191471338272,,0.07217024266719818,0.024338874965906143,c23-development:reject:unrelated:unrelated_preferred_language:validation-f0:validation-e0,historical_c23_public_development_diagnostic,R3
0.10334191471338272,,0.07217024266719818,0.024338874965906143,c23-development:reject:unrelated:unrelated_preferred_language:validation-f1:validation-e1,historical_c23_public_development_diagnostic,R3
0.10334191471338272,,0.07217024266719818,0.024338874965906143,c23-development:reject:unrelated:unrelated_preferred_language:validation-f2:validation-e2,historical_c23_public_development_diagnostic,R3
0.10334191471338272,,0.07217024266719818,0.024338874965906143,c23-development:reject:unrelated:unrelated_preferred_language:validation-f3:validation-e3,historical_c23_public_development_diagnostic,R3
0.10334191471338272,,0.07217024266719818,0.024338874965906143,c23-development:reject:unrelated:unrelated_preferred_language:validation-f4:validation-e4,historical_c23_public_development_diagnostic,R3
0.10334191471338272,,0.07217024266719818,0.024338874965906143,c23-development:reject:unrelated:unrelated_preferred_language:validation-f5:validation-e5,historical_c23_public_development_diagnostic,R3
0.10653902590274811,registry_id,-0.13315637409687042,0.3245146572589874,c23-development:reject:unrelated:unrelated_owner_name:validation-f0:validation-e1,historical_c23_public_development_diagnostic,R3
0.10653902590274811,registry_id,-0.13315637409687042,0.3245146572589874,c23-development:reject:unrelated:unrelated_owner_name:validation-f1:validation-e2,historical_c23_public_development_diagnostic,R3
0.10653902590274811,registry_id,-0.13315637409687042,0.3245146572589874,c23-development:reject:unrelated:unrelated_owner_name:validation-f2:validation-e3,historical_c23_public_development_diagnostic,R3
0.10653902590274811,registry_id,-0.13315637409687042,0.3245146572589874,c23-development:reject:unrelated:unrelated_owner_name:validation-f3:validation-e4,historical_c23_public_development_diagnostic,R3
0.10653902590274811,registry_id,-0.13315637409687042,0.3245146572589874,c23-development:reject:unrelated:unrelated_owner_name:validation-f4:validation-e5,historical_c23_public_development_diagnostic,R3
0.10653902590274811,registry_id,-0.13315637409687042,0.3245146572589874,c23-development:reject:unrelated:unrelated_owner_name:validation-f5:validation-e0,historical_c23_public_development_diagnostic,R3
0.06858452409505844,,0.053601834923028946,0.10814454406499863,c23-development:reject:unrelated:unrelated_creation_timestamp:validation-f0:validation-e2,historical_c23_public_development_diagnostic,R3
0.06858452409505844,,0.053601834923028946,0.10814454406499863,c23-development:reject:unrelated:unrelated_creation_timestamp:validation-f1:validation-e3,historical_c23_public_development_diagnostic,R3
0.06858452409505844,,0.053601834923028946,0.10814454406499863,c23-development:reject:unrelated:unrelated_creation_timestamp:validation-f2:validation-e4,historical_c23_public_development_diagnostic,R3
0.06858452409505844,,0.053601834923028946,0.10814454406499863,c23-development:reject:unrelated:unrelated_creation_timestamp:validation-f3:validation-e5,historical_c23_public_development_diagnostic,R3
0.06858452409505844,,0.053601834923028946,0.10814454406499863,c23-development:reject:unrelated:unrelated_creation_timestamp:validation-f4:validation-e0,historical_c23_public_development_diagnostic,R3
0.06858452409505844,,0.053601834923028946,0.10814454406499863,c23-development:reject:unrelated:unrelated_creation_timestamp:validation-f5:validation-e1,historical_c23_public_development_diagnostic,R3
0.07387861609458923,,0.05601009353995323,0.11214975267648697,c23-development:reject:unrelated:unrelated_current_status:validation-f0:validation-e3,historical_c23_public_development_diagnostic,R3
0.07387861609458923,,0.05601009353995323,0.11214975267648697,c23-development:reject:unrelated:unrelated_current_status:validation-f1:validation-e4,historical_c23_public_development_diagnostic,R3
0.07387861609458923,,0.05601009353995323,0.11214975267648697,c23-development:reject:unrelated:unrelated_current_status:validation-f2:validation-e5,historical_c23_public_development_diagnostic,R3
0.07387861609458923,,0.05601009353995323,0.11214975267648697,c23-development:reject:unrelated:unrelated_current_status:validation-f3:validation-e0,historical_c23_public_development_diagnostic,R3
0.07387861609458923,,0.05601009353995323,0.11214975267648697,c23-development:reject:unrelated:unrelated_current_status:validation-f4:validation-e1,historical_c23_public_development_diagnostic,R3
0.07387861609458923,,0.05601009353995323,0.11214975267648697,c23-development:reject:unrelated:unrelated_current_status:validation-f5:validation-e2,historical_c23_public_development_diagnostic,R3
-0.07012995332479477,,0.23426231741905212,0.11137861013412476,c23-development:reject:unrelated:unrelated_category_description:validation-f0:validation-e4,historical_c23_public_development_diagnostic,R3
-0.07012995332479477,,0.23426231741905212,0.11137861013412476,c23-development:reject:unrelated:unrelated_category_description:validation-f1:validation-e5,historical_c23_public_development_diagnostic,R3
-0.07012995332479477,,0.23426231741905212,0.11137861013412476,c23-development:reject:unrelated:unrelated_category_description:validation-f2:validation-e0,historical_c23_public_development_diagnostic,R3
-0.07012995332479477,,0.23426231741905212,0.11137861013412476,c23-development:reject:unrelated:unrelated_category_description:validation-f3:validation-e1,historical_c23_public_development_diagnostic,R3
-0.07012995332479477,,0.23426231741905212,0.11137861013412476,c23-development:reject:unrelated:unrelated_category_description:validation-f4:validation-e2,historical_c23_public_development_diagnostic,R3
-0.07012995332479477,,0.23426231741905212,0.11137861013412476,c23-development:reject:unrelated:unrelated_category_description:validation-f5:validation-e3,historical_c23_public_development_diagnostic,R3
0.08618076145648956,,0.013817176222801208,0.14269869029521942,c23-development:reject:unrelated:unrelated_last_update_date:validation-f0:validation-e5,historical_c23_public_development_diagnostic,R3
0.08618076145648956,,0.013817176222801208,0.14269869029521942,c23-development:reject:unrelated:unrelated_last_update_date:validation-f1:validation-e0,historical_c23_public_development_diagnostic,R3
0.08618076145648956,,0.013817176222801208,0.14269869029521942,c23-development:reject:unrelated:unrelated_last_update_date:validation-f2:validation-e1,historical_c23_public_development_diagnostic,R3
0.08618076145648956,,0.013817176222801208,0.14269869029521942,c23-development:reject:unrelated:unrelated_last_update_date:validation-f3:validation-e2,historical_c23_public_development_diagnostic,R3
0.08618076145648956,,0.013817176222801208,0.14269869029521942,c23-development:reject:unrelated:unrelated_last_update_date:validation-f4:validation-e3,historical_c23_public_development_diagnostic,R3
0.08618076145648956,,0.013817176222801208,0.14269869029521942,c23-development:reject:unrelated:unrelated_last_update_date:validation-f5:validation-e4,historical_c23_public_development_diagnostic,R3
-0.08200348168611526,registry_id,-0.1720844954252243,0.5121300220489502,c23-development:validation:registry_id:registry_official_register_identifier:validation-f0:validation-e0,historical_c23_public_development_diagnostic,R4
-0.08200348168611526,registry_id,-0.1720844954252243,0.5121300220489502,c23-development:validation:registry_id:registry_official_register_identifier:validation-f1:validation-e1,historical_c23_public_development_diagnostic,R4
-0.08200348168611526,registry_id,-0.1720844954252243,0.5121300220489502,c23-development:validation:registry_id:registry_official_register_identifier:validation-f2:validation-e2,historical_c23_public_development_diagnostic,R4
-0.08200348168611526,registry_id,-0.1720844954252243,0.5121300220489502,c23-development:validation:registry_id:registry_official_register_identifier:validation-f3:validation-e3,historical_c23_public_development_diagnostic,R4
-0.08200348168611526,registry_id,-0.1720844954252243,0.5121300220489502,c23-development:validation:registry_id:registry_official_register_identifier:validation-f4:validation-e4,historical_c23_public_development_diagnostic,R4
-0.08200348168611526,registry_id,-0.1720844954252243,0.5121300220489502,c23-development:validation:registry_id:registry_official_register_identifier:validation-f5:validation-e5,historical_c23_public_development_diagnostic,R4
-0.09786073863506317,registry_id,-0.26449885964393616,0.5951955914497375,c23-development:validation:registry_id:registry_registration_database_number:validation-f0:validation-e1,historical_c23_public_development_diagnostic,R4
-0.09786073863506317,registry_id,-0.26449885964393616,0.5951955914497375,c23-development:validation:registry_id:registry_registration_database_number:validation-f1:validation-e2,historical_c23_public_development_diagnostic,R4
-0.09786073863506317,registry_id,-0.26449885964393616,0.5951955914497375,c23-development:validation:registry_id:registry_registration_database_number:validation-f2:validation-e3,historical_c23_public_development_diagnostic,R4
-0.09786073863506317,registry_id,-0.26449885964393616,0.5951955914497375,c23-development:validation:registry_id:registry_registration_database_number:validation-f3:validation-e4,historical_c23_public_development_diagnostic,R4
-0.09786073863506317,registry_id,-0.26449885964393616,0.5951955914497375,c23-development:validation:registry_id:registry_registration_database_number:validation-f4:validation-e5,historical_c23_public_development_diagnostic,R4
-0.09786073863506317,registry_id,-0.26449885964393616,0.5951955914497375,c23-development:validation:registry_id:registry_registration_database_number:validation-f5:validation-e0,historical_c23_public_development_diagnostic,R4
0.10333231091499329,registry_id,-0.22826434671878815,0.37352633476257324,c23-development:validation:registry_id:registry_entry_serial:validation-f0:validation-e2,historical_c23_public_development_diagnostic,R4
0.10333231091499329,registry_id,-0.22826434671878815,0.37352633476257324,c23-development:validation:registry_id:registry_entry_serial:validation-f1:validation-e3,historical_c23_public_development_diagnostic,R4
0.10333231091499329,registry_id,-0.22826434671878815,0.37352633476257324,c23-development:validation:registry_id:registry_entry_serial:validation-f2:validation-e4,historical_c23_public_development_diagnostic,R4
0.10333231091499329,registry_id,-0.22826434671878815,0.37352633476257324,c23-development:validation:registry_id:registry_entry_serial:validation-f3:validation-e5,historical_c23_public_development_diagnostic,R4
0.10333231091499329,registry_id,-0.22826434671878815,0.37352633476257324,c23-development:validation:registry_id:registry_entry_serial:validation-f4:validation-e0,historical_c23_public_development_diagnostic,R4
0.10333231091499329,registry_id,-0.22826434671878815,0.37352633476257324,c23-development:validation:registry_id:registry_entry_serial:validation-f5:validation-e1,historical_c23_public_development_diagnostic,R4
0.043603911995887756,registry_id,-0.1648273766040802,0.3501831591129303,c23-development:validation:registry_id:registry_records_office_id:validation-f0:validation-e3,historical_c23_public_development_diagnostic,R4
0.043603911995887756,registry_id,-0.1648273766040802,0.3501831591129303,c23-development:validation:registry_id:registry_records_office_id:validation-f1:validation-e4,historical_c23_public_development_diagnostic,R4
0.043603911995887756,registry_id,-0.1648273766040802,0.3501831591129303,c23-development:validation:registry_id:registry_records_office_id:validation-f2:validation-e5,historical_c23_public_development_diagnostic,R4
0.043603911995887756,registry_id,-0.1648273766040802,0.3501831591129303,c23-development:validation:registry_id:registry_records_office_id:validation-f3:validation-e0,historical_c23_public_development_diagnostic,R4
0.043603911995887756,registry_id,-0.1648273766040802,0.3501831591129303,c23-development:validation:registry_id:registry_records_office_id:validation-f4:validation-e1,historical_c23_public_development_diagnostic,R4
0.043603911995887756,registry_id,-0.1648273766040802,0.3501831591129303,c23-development:validation:registry_id:registry_records_office_id:validation-f5:validation-e2,historical_c23_public_development_diagnostic,R4
-0.03944054991006851,registry_id,-0.19114726781845093,0.4447978734970093,c23-development:validation:registry_id:registry_recordkeeping_index:validation-f0:validation-e4,historical_c23_public_development_diagnostic,R4
-0.03944054991006851,registry_id,-0.19114726781845093,0.4447978734970093,c23-development:validation:registry_id:registry_recordkeeping_index:validation-f1:validation-e5,historical_c23_public_development_diagnostic,R4
-0.03944054991006851,registry_id,-0.19114726781845093,0.4447978734970093,c23-development:validation:registry_id:registry_recordkeeping_index:validation-f2:validation-e0,historical_c23_public_development_diagnostic,R4
-0.03944054991006851,registry_id,-0.19114726781845093,0.4447978734970093,c23-development:validation:registry_id:registry_recordkeeping_index:validation-f3:validation-e1,historical_c23_public_development_diagnostic,R4
-0.03944054991006851,registry_id,-0.19114726781845093,0.4447978734970093,c23-development:validation:registry_id:registry_recordkeeping_index:validation-f4:validation-e2,historical_c23_public_development_diagnostic,R4
-0.03944054991006851,registry_id,-0.19114726781845093,0.4447978734970093,c23-development:validation:registry_id:registry_recordkeeping_index:validation-f5:validation-e3,historical_c23_public_development_diagnostic,R4
-0.10873827338218689,registry_id,-0.15463407337665558,0.5150592923164368,c23-development:validation:registry_id:registry_formal_filing_reference:validation-f0:validation-e5,historical_c23_public_development_diagnostic,R4
-0.10873827338218689,registry_id,-0.15463407337665558,0.5150592923164368,c23-development:validation:registry_id:registry_formal_filing_reference:validation-f1:validation-e0,historical_c23_public_development_diagnostic,R4
-0.10873827338218689,registry_id,-0.15463407337665558,0.5150592923164368,c23-development:validation:registry_id:registry_formal_filing_reference:validation-f2:validation-e1,historical_c23_public_development_diagnostic,R4
-0.10873827338218689,registry_id,-0.15463407337665558,0.5150592923164368,c23-development:validation:registry_id:registry_formal_filing_reference:validation-f3:validation-e2,historical_c23_public_development_diagnostic,R4
-0.10873827338218689,registry_id,-0.15463407337665558,0.5150592923164368,c23-development:validation:registry_id:registry_formal_filing_reference:validation-f4:validation-e3,historical_c23_public_development_diagnostic,R4
-0.10873827338218689,registry_id,-0.15463407337665558,0.5150592923164368,c23-development:validation:registry_id:registry_formal_filing_reference:validation-f5:validation-e4,historical_c23_public_development_diagnostic,R4
0.05129329487681389,,-0.042977407574653625,0.20619963109493256,c23-development:validation:registry_id:registry_master_roster_serial:validation-f0:validation-e0,historical_c23_public_development_diagnostic,R4
0.05129329487681389,,-0.042977407574653625,0.20619963109493256,c23-development:validation:registry_id:registry_master_roster_serial:validation-f1:validation-e1,historical_c23_public_development_diagnostic,R4
0.05129329487681389,,-0.042977407574653625,0.20619963109493256,c23-development:validation:registry_id:registry_master_roster_serial:validation-f2:validation-e2,historical_c23_public_development_diagnostic,R4
0.05129329487681389,,-0.042977407574653625,0.20619963109493256,c23-development:validation:registry_id:registry_master_roster_serial:validation-f3:validation-e3,historical_c23_public_development_diagnostic,R4
0.05129329487681389,,-0.042977407574653625,0.20619963109493256,c23-development:validation:registry_id:registry_master_roster_serial:validation-f4:validation-e4,historical_c23_public_development_diagnostic,R4
0.05129329487681389,,-0.042977407574653625,0.20619963109493256,c23-development:validation:registry_id:registry_master_roster_serial:validation-f5:validation-e5,historical_c23_public_development_diagnostic,R4
-0.1915137767791748,registry_id,-0.08782713115215302,0.5000548958778381,c23-development:validation:registry_id:registry_official_roll_index:validation-f0:validation-e1,historical_c23_public_development_diagnostic,R4
-0.1915137767791748,registry_id,-0.08782713115215302,0.5000548958778381,c23-development:validation:registry_id:registry_official_roll_index:validation-f1:validation-e2,historical_c23_public_development_diagnostic,R4
-0.1915137767791748,registry_id,-0.08782713115215302,0.5000548958778381,c23-development:validation:registry_id:registry_official_roll_index:validation-f2:validation-e3,historical_c23_public_development_diagnostic,R4
-0.1915137767791748,registry_id,-0.08782713115215302,0.5000548958778381,c23-development:validation:registry_id:registry_official_roll_index:validation-f3:validation-e4,historical_c23_public_development_diagnostic,R4
-0.1915137767791748,registry_id,-0.08782713115215302,0.5000548958778381,c23-development:validation:registry_id:registry_official_roll_index:validation-f4:validation-e5,historical_c23_public_development_diagnostic,R4
-0.1915137767791748,registry_id,-0.08782713115215302,0.5000548958778381,c23-development:validation:registry_id:registry_official_roll_index:validation-f5:validation-e0,historical_c23_public_development_diagnostic,R4
0.05215838551521301,,-0.06419392675161362,0.27560779452323914,c23-development:validation:registry_id:registry_catalogue_accession:validation-f0:validation-e2,historical_c23_public_development_diagnostic,R4
0.05215838551521301,,-0.06419392675161362,0.27560779452323914,c23-development:validation:registry_id:registry_catalogue_accession:validation-f1:validation-e3,historical_c23_public_development_diagnostic,R4
0.05215838551521301,,-0.06419392675161362,0.27560779452323914,c23-development:validation:registry_id:registry_catalogue_accession:validation-f2:validation-e4,historical_c23_public_development_diagnostic,R4
0.05215838551521301,,-0.06419392675161362,0.27560779452323914,c23-development:validation:registry_id:registry_catalogue_accession:validation-f3:validation-e5,historical_c23_public_development_diagnostic,R4
0.05215838551521301,,-0.06419392675161362,0.27560779452323914,c23-development:validation:registry_id:registry_catalogue_accession:validation-f4:validation-e0,historical_c23_public_development_diagnostic,R4
0.05215838551521301,,-0.06419392675161362,0.27560779452323914,c23-development:validation:registry_id:registry_catalogue_accession:validation-f5:validation-e1,historical_c23_public_development_diagnostic,R4
0.08541572839021683,,-0.08839539438486099,0.20328906178474426,c23-development:validation:registry_id:registry_master_list_folio:validation-f0:validation-e3,historical_c23_public_development_diagnostic,R4
0.08541572839021683,,-0.08839539438486099,0.20328906178474426,c23-development:validation:registry_id:registry_master_list_folio:validation-f1:validation-e4,historical_c23_public_development_diagnostic,R4
0.08541572839021683,,-0.08839539438486099,0.20328906178474426,c23-development:validation:registry_id:registry_master_list_folio:validation-f2:validation-e5,historical_c23_public_development_diagnostic,R4
0.08541572839021683,,-0.08839539438486099,0.20328906178474426,c23-development:validation:registry_id:registry_master_list_folio:validation-f3:validation-e0,historical_c23_public_development_diagnostic,R4
0.08541572839021683,,-0.08839539438486099,0.20328906178474426,c23-development:validation:registry_id:registry_master_list_folio:validation-f4:validation-e1,historical_c23_public_development_diagnostic,R4
0.08541572839021683,,-0.08839539438486099,0.20328906178474426,c23-development:validation:registry_id:registry_master_list_folio:validation-f5:validation-e2,historical_c23_public_development_diagnostic,R4
-0.19401171803474426,registry_id,-0.059377238154411316,0.49505722522735596,c23-development:validation:registry_id:registry_subject_docket_reference:validation-f0:validation-e4,historical_c23_public_development_diagnostic,R4
-0.19401171803474426,registry_id,-0.059377238154411316,0.49505722522735596,c23-development:validation:registry_id:registry_subject_docket_reference:validation-f1:validation-e5,historical_c23_public_development_diagnostic,R4
-0.19401171803474426,registry_id,-0.059377238154411316,0.49505722522735596,c23-development:validation:registry_id:registry_subject_docket_reference:validation-f2:validation-e0,historical_c23_public_development_diagnostic,R4
-0.19401171803474426,registry_id,-0.059377238154411316,0.49505722522735596,c23-development:validation:registry_id:registry_subject_docket_reference:validation-f3:validation-e1,historical_c23_public_development_diagnostic,R4
-0.19401171803474426,registry_id,-0.059377238154411316,0.49505722522735596,c23-development:validation:registry_id:registry_subject_docket_reference:validation-f4:validation-e2,historical_c23_public_development_diagnostic,R4
-0.19401171803474426,registry_id,-0.059377238154411316,0.49505722522735596,c23-development:validation:registry_id:registry_subject_docket_reference:validation-f5:validation-e3,historical_c23_public_development_diagnostic,R4
-0.21362945437431335,registry_id,-0.0941738486289978,0.548835277557373,c23-development:validation:registry_id:registry_official_listing_index:validation-f0:validation-e5,historical_c23_public_development_diagnostic,R4
-0.21362945437431335,registry_id,-0.0941738486289978,0.548835277557373,c23-development:validation:registry_id:registry_official_listing_index:validation-f1:validation-e0,historical_c23_public_development_diagnostic,R4
-0.21362945437431335,registry_id,-0.0941738486289978,0.548835277557373,c23-development:validation:registry_id:registry_official_listing_index:validation-f2:validation-e1,historical_c23_public_development_diagnostic,R4
-0.21362945437431335,registry_id,-0.0941738486289978,0.548835277557373,c23-development:validation:registry_id:registry_official_listing_index:validation-f3:validation-e2,historical_c23_public_development_diagnostic,R4
-0.21362945437431335,registry_id,-0.0941738486289978,0.548835277557373,c23-development:validation:registry_id:registry_official_listing_index:validation-f4:validation-e3,historical_c23_public_development_diagnostic,R4
-0.21362945437431335,registry_id,-0.0941738486289978,0.548835277557373,c23-development:validation:registry_id:registry_official_listing_index:validation-f5:validation-e4,historical_c23_public_development_diagnostic,R4
-0.2179945558309555,city_code,0.5904859900474548,-0.1303311437368393,c23-development:validation:city_code:city_named_municipality_code:validation-f0:validation-e1,historical_c23_public_development_diagnostic,R4
-0.2179945558309555,city_code,0.5904859900474548,-0.1303311437368393,c23-development:validation:city_code:city_named_municipality_code:validation-f1:validation-e2,historical_c23_public_development_diagnostic,R4
-0.2179945558309555,city_code,0.5904859900474548,-0.1303311437368393,c23-development:validation:city_code:city_named_municipality_code:validation-f2:validation-e3,historical_c23_public_development_diagnostic,R4
-0.2179945558309555,city_code,0.5904859900474548,-0.1303311437368393,c23-development:validation:city_code:city_named_municipality_code:validation-f3:validation-e4,historical_c23_public_development_diagnostic,R4
-0.2179945558309555,city_code,0.5904859900474548,-0.1303311437368393,c23-development:validation:city_code:city_named_municipality_code:validation-f4:validation-e5,historical_c23_public_development_diagnostic,R4
-0.2179945558309555,city_code,0.5904859900474548,-0.1303311437368393,c23-development:validation:city_code:city_named_municipality_code:validation-f5:validation-e0,historical_c23_public_development_diagnostic,R4
-0.134924054145813,,0.36447447538375854,0.042359884828329086,c23-development:validation:city_code:city_populated_place_identifier:validation-f0:validation-e2,historical_c23_public_development_diagnostic,R4
-0.134924054145813,,0.36447447538375854,0.042359884828329086,c23-development:validation:city_code:city_populated_place_identifier:validation-f1:validation-e3,historical_c23_public_development_diagnostic,R4
-0.134924054145813,,0.36447447538375854,0.042359884828329086,c23-development:validation:city_code:city_populated_place_identifier:validation-f2:validation-e4,historical_c23_public_development_diagnostic,R4
-0.134924054145813,,0.36447447538375854,0.042359884828329086,c23-development:validation:city_code:city_populated_place_identifier:validation-f3:validation-e5,historical_c23_public_development_diagnostic,R4
-0.134924054145813,,0.36447447538375854,0.042359884828329086,c23-development:validation:city_code:city_populated_place_identifier:validation-f4:validation-e0,historical_c23_public_development_diagnostic,R4
-0.134924054145813,,0.36447447538375854,0.042359884828329086,c23-development:validation:city_code:city_populated_place_identifier:validation-f5:validation-e1,historical_c23_public_development_diagnostic,R4
-0.25649207830429077,,0.31912317872047424,0.2291799783706665,c23-development:validation:city_code:city_local_jurisdiction_number:validation-f0:validation-e3,historical_c23_public_development_diagnostic,R4
-0.25649207830429077,,0.31912317872047424,0.2291799783706665,c23-development:validation:city_code:city_local_jurisdiction_number:validation-f1:validation-e4,historical_c23_public_development_diagnostic,R4
-0.25649207830429077,,0.31912317872047424,0.2291799783706665,c23-development:validation:city_code:city_local_jurisdiction_number:validation-f2:validation-e5,historical_c23_public_development_diagnostic,R4
-0.25649207830429077,,0.31912317872047424,0.2291799783706665,c23-development:validation:city_code:city_local_jurisdiction_number:validation-f3:validation-e0,historical_c23_public_development_diagnostic,R4
-0.25649207830429077,,0.31912317872047424,0.2291799783706665,c23-development:validation:city_code:city_local_jurisdiction_number:validation-f4:validation-e1,historical_c23_public_development_diagnostic,R4
-0.25649207830429077,,0.31912317872047424,0.2291799783706665,c23-development:validation:city_code:city_local_jurisdiction_number:validation-f5:validation-e2,historical_c23_public_development_diagnostic,R4
-0.09495877474546432,,0.3881019055843353,0.001364435418508947,c23-development:validation:city_code:city_administrative_area_id:validation-f0:validation-e4,historical_c23_public_development_diagnostic,R4
-0.09495877474546432,,0.3881019055843353,0.001364435418508947,c23-development:validation:city_code:city_administrative_area_id:validation-f1:validation-e5,historical_c23_public_development_diagnostic,R4
-0.09495877474546432,,0.3881019055843353,0.001364435418508947,c23-development:validation:city_code:city_administrative_area_id:validation-f2:validation-e0,historical_c23_public_development_diagnostic,R4
-0.09495877474546432,,0.3881019055843353,0.001364435418508947,c23-development:validation:city_code:city_administrative_area_id:validation-f3:validation-e1,historical_c23_public_development_diagnostic,R4
-0.09495877474546432,,0.3881019055843353,0.001364435418508947,c23-development:validation:city_code:city_administrative_area_id:validation-f4:validation-e2,historical_c23_public_development_diagnostic,R4
-0.09495877474546432,,0.3881019055843353,0.001364435418508947,c23-development:validation:city_code:city_administrative_area_id:validation-f5:validation-e3,historical_c23_public_development_diagnostic,R4
-0.20758284628391266,city_code,0.609899640083313,-0.1276547908782959,c23-development:validation:city_code:city_named_locality_code:validation-f0:validation-e5,historical_c23_public_development_diagnostic,R4
-0.20758284628391266,city_code,0.609899640083313,-0.1276547908782959,c23-development:validation:city_code:city_named_locality_code:validation-f1:validation-e0,historical_c23_public_development_diagnostic,R4
-0.20758284628391266,city_code,0.609899640083313,-0.1276547908782959,c23-development:validation:city_code:city_named_locality_code:validation-f2:validation-e1,historical_c23_public_development_diagnostic,R4
-0.20758284628391266,city_code,0.609899640083313,-0.1276547908782959,c23-development:validation:city_code:city_named_locality_code:validation-f3:validation-e2,historical_c23_public_development_diagnostic,R4
-0.20758284628391266,city_code,0.609899640083313,-0.1276547908782959,c23-development:validation:city_code:city_named_locality_code:validation-f4:validation-e3,historical_c23_public_development_diagnostic,R4
-0.20758284628391266,city_code,0.609899640083313,-0.1276547908782959,c23-development:validation:city_code:city_named_locality_code:validation-f5:validation-e4,historical_c23_public_development_diagnostic,R4
-0.12746359407901764,,0.440888375043869,-0.031199133023619652,c23-development:validation:city_code:city_local_government_identifier:validation-f0:validation-e0,historical_c23_public_development_diagnostic,R4
-0.12746359407901764,,0.440888375043869,-0.031199133023619652,c23-development:validation:city_code:city_local_government_identifier:validation-f1:validation-e1,historical_c23_public_development_diagnostic,R4
-0.12746359407901764,,0.440888375043869,-0.031199133023619652,c23-development:validation:city_code:city_local_government_identifier:validation-f2:validation-e2,historical_c23_public_development_diagnostic,R4
-0.12746359407901764,,0.440888375043869,-0.031199133023619652,c23-development:validation:city_code:city_local_government_identifier:validation-f3:validation-e3,historical_c23_public_development_diagnostic,R4
-0.12746359407901764,,0.440888375043869,-0.031199133023619652,c23-development:validation:city_code:city_local_government_identifier:validation-f4:validation-e4,historical_c23_public_development_diagnostic,R4
-0.12746359407901764,,0.440888375043869,-0.031199133023619652,c23-development:validation:city_code:city_local_government_identifier:validation-f5:validation-e5,historical_c23_public_development_diagnostic,R4
-0.09479723125696182,city_code,0.5670589208602905,-0.22878096997737885,c23-development:validation:city_code:city_town_geocode:validation-f0:validation-e1,historical_c23_public_development_diagnostic,R4
-0.09479723125696182,city_code,0.5670589208602905,-0.22878096997737885,c23-development:validation:city_code:city_town_geocode:validation-f1:validation-e2,historical_c23_public_development_diagnostic,R4
-0.09479723125696182,city_code,0.5670589208602905,-0.22878096997737885,c23-development:validation:city_code:city_town_geocode:validation-f2:validation-e3,historical_c23_public_development_diagnostic,R4
-0.09479723125696182,city_code,0.5670589208602905,-0.22878096997737885,c23-development:validation:city_code:city_town_geocode:validation-f3:validation-e4,historical_c23_public_development_diagnostic,R4
-0.09479723125696182,city_code,0.5670589208602905,-0.22878096997737885,c23-development:validation:city_code:city_town_geocode:validation-f4:validation-e5,historical_c23_public_development_diagnostic,R4
-0.09479723125696182,city_code,0.5670589208602905,-0.22878096997737885,c23-development:validation:city_code:city_town_geocode:validation-f5:validation-e0,historical_c23_public_development_diagnostic,R4
-0.049393944442272186,city_code,0.5595371127128601,-0.24217109382152557,c23-development:validation:city_code:city_metropolitan_designation:validation-f0:validation-e2,historical_c23_public_development_diagnostic,R4
-0.049393944442272186,city_code,0.5595371127128601,-0.24217109382152557,c23-development:validation:city_code:city_metropolitan_designation:validation-f1:validation-e3,historical_c23_public_development_diagnostic,R4
-0.049393944442272186,city_code,0.5595371127128601,-0.24217109382152557,c23-development:validation:city_code:city_metropolitan_designation:validation-f2:validation-e4,historical_c23_public_development_diagnostic,R4
-0.049393944442272186,city_code,0.5595371127128601,-0.24217109382152557,c23-development:validation:city_code:city_metropolitan_designation:validation-f3:validation-e5,historical_c23_public_development_diagnostic,R4
-0.049393944442272186,city_code,0.5595371127128601,-0.24217109382152557,c23-development:validation:city_code:city_metropolitan_designation:validation-f4:validation-e0,historical_c23_public_development_diagnostic,R4
-0.049393944442272186,city_code,0.5595371127128601,-0.24217109382152557,c23-development:validation:city_code:city_metropolitan_designation:validation-f5:validation-e1,historical_c23_public_development_diagnostic,R4
-0.2331150770187378,,0.4468095898628235,0.015725893899798393,c23-development:validation:city_code:city_urban_district_number:validation-f0:validation-e3,historical_c23_public_development_diagnostic,R4
-0.2331150770187378,,0.4468095898628235,0.015725893899798393,c23-development:validation:city_code:city_urban_district_number:validation-f1:validation-e4,historical_c23_public_development_diagnostic,R4
-0.2331150770187378,,0.4468095898628235,0.015725893899798393,c23-development:validation:city_code:city_urban_district_number:validation-f2:validation-e5,historical_c23_public_development_diagnostic,R4
-0.2331150770187378,,0.4468095898628235,0.015725893899798393,c23-development:validation:city_code:city_urban_district_number:validation-f3:validation-e0,historical_c23_public_development_diagnostic,R4
-0.2331150770187378,,0.4468095898628235,0.015725893899798393,c23-development:validation:city_code:city_urban_district_number:validation-f4:validation-e1,historical_c23_public_development_diagnostic,R4
-0.2331150770187378,,0.4468095898628235,0.015725893899798393,c23-development:validation:city_code:city_urban_district_number:validation-f5:validation-e2,historical_c23_public_development_diagnostic,R4
-0.17192183434963226,city_code,0.5801874995231628,-0.1772860884666443,c23-development:validation:city_code:city_civic_region_label:validation-f0:validation-e4,historical_c23_public_development_diagnostic,R4
-0.17192183434963226,city_code,0.5801874995231628,-0.1772860884666443,c23-development:validation:city_code:city_civic_region_label:validation-f1:validation-e5,historical_c23_public_development_diagnostic,R4
-0.17192183434963226,city_code,0.5801874995231628,-0.1772860884666443,c23-development:validation:city_code:city_civic_region_label:validation-f2:validation-e0,historical_c23_public_development_diagnostic,R4
-0.17192183434963226,city_code,0.5801874995231628,-0.1772860884666443,c23-development:validation:city_code:city_civic_region_label:validation-f3:validation-e1,historical_c23_public_development_diagnostic,R4
-0.17192183434963226,city_code,0.5801874995231628,-0.1772860884666443,c23-development:validation:city_code:city_civic_region_label:validation-f4:validation-e2,historical_c23_public_development_diagnostic,R4
-0.17192183434963226,city_code,0.5801874995231628,-0.1772860884666443,c23-development:validation:city_code:city_civic_region_label:validation-f5:validation-e3,historical_c23_public_development_diagnostic,R4
-0.15759597718715668,city_code,0.5564144253730774,-0.1751503050327301,c23-development:validation:city_code:city_town_place_code:validation-f0:validation-e5,historical_c23_public_development_diagnostic,R4
-0.15759597718715668,city_code,0.5564144253730774,-0.1751503050327301,c23-development:validation:city_code:city_town_place_code:validation-f1:validation-e0,historical_c23_public_development_diagnostic,R4
-0.15759597718715668,city_code,0.5564144253730774,-0.1751503050327301,c23-development:validation:city_code:city_town_place_code:validation-f2:validation-e1,historical_c23_public_development_diagnostic,R4
-0.15759597718715668,city_code,0.5564144253730774,-0.1751503050327301,c23-development:validation:city_code:city_town_place_code:validation-f3:validation-e2,historical_c23_public_development_diagnostic,R4
-0.15759597718715668,city_code,0.5564144253730774,-0.1751503050327301,c23-development:validation:city_code:city_town_place_code:validation-f4:validation-e3,historical_c23_public_development_diagnostic,R4
-0.15759597718715668,city_code,0.5564144253730774,-0.1751503050327301,c23-development:validation:city_code:city_town_place_code:validation-f5:validation-e4,historical_c23_public_development_diagnostic,R4
-0.11268602311611176,city_code,0.49351590871810913,-0.08958639949560165,c23-development:validation:city_code:city_community_area_identifier:validation-f0:validation-e0,historical_c23_public_development_diagnostic,R4
-0.11268602311611176,city_code,0.49351590871810913,-0.08958639949560165,c23-development:validation:city_code:city_community_area_identifier:validation-f1:validation-e1,historical_c23_public_development_diagnostic,R4
-0.11268602311611176,city_code,0.49351590871810913,-0.08958639949560165,c23-development:validation:city_code:city_community_area_identifier:validation-f2:validation-e2,historical_c23_public_development_diagnostic,R4
-0.11268602311611176,city_code,0.49351590871810913,-0.08958639949560165,c23-development:validation:city_code:city_community_area_identifier:validation-f3:validation-e3,historical_c23_public_development_diagnostic,R4
-0.11268602311611176,city_code,0.49351590871810913,-0.08958639949560165,c23-development:validation:city_code:city_community_area_identifier:validation-f4:validation-e4,historical_c23_public_development_diagnostic,R4
-0.11268602311611176,city_code,0.49351590871810913,-0.08958639949560165,c23-development:validation:city_code:city_community_area_identifier:validation-f5:validation-e5,historical_c23_public_development_diagnostic,R4
0.4961273968219757,access_code,-0.2618839144706726,0.05537516996264458,c23-development:validation:access_code:access_required_credential:validation-f0:validation-e2,historical_c23_public_development_diagnostic,R4
0.4961273968219757,access_code,-0.2618839144706726,0.05537516996264458,c23-development:validation:access_code:access_required_credential:validation-f1:validation-e3,historical_c23_public_development_diagnostic,R4
0.4961273968219757,access_code,-0.2618839144706726,0.05537516996264458,c23-development:validation:access_code:access_required_credential:validation-f2:validation-e4,historical_c23_public_development_diagnostic,R4
0.4961273968219757,access_code,-0.2618839144706726,0.05537516996264458,c23-development:validation:access_code:access_required_credential:validation-f3:validation-e5,historical_c23_public_development_diagnostic,R4
0.4961273968219757,access_code,-0.2618839144706726,0.05537516996264458,c23-development:validation:access_code:access_required_credential:validation-f4:validation-e0,historical_c23_public_development_diagnostic,R4
0.4961273968219757,access_code,-0.2618839144706726,0.05537516996264458,c23-development:validation:access_code:access_required_credential:validation-f5:validation-e1,historical_c23_public_development_diagnostic,R4
0.6962814927101135,access_code,-0.2933511734008789,-0.1565667986869812,c23-development:validation:access_code:access_protected_account_password:validation-f0:validation-e3,historical_c23_public_development_diagnostic,R4
0.6962814927101135,access_code,-0.2933511734008789,-0.1565667986869812,c23-development:validation:access_code:access_protected_account_password:validation-f1:validation-e4,historical_c23_public_development_diagnostic,R4
0.6962814927101135,access_code,-0.2933511734008789,-0.1565667986869812,c23-development:validation:access_code:access_protected_account_password:validation-f2:validation-e5,historical_c23_public_development_diagnostic,R4
0.6962814927101135,access_code,-0.2933511734008789,-0.1565667986869812,c23-development:validation:access_code:access_protected_account_password:validation-f3:validation-e0,historical_c23_public_development_diagnostic,R4
0.6962814927101135,access_code,-0.2933511734008789,-0.1565667986869812,c23-development:validation:access_code:access_protected_account_password:validation-f4:validation-e1,historical_c23_public_development_diagnostic,R4
0.6962814927101135,access_code,-0.2933511734008789,-0.1565667986869812,c23-development:validation:access_code:access_protected_account_password:validation-f5:validation-e2,historical_c23_public_development_diagnostic,R4
0.685845673084259,access_code,-0.16727252304553986,-0.3103347420692444,c23-development:validation:access_code:access_service_unlock_passcode:validation-f0:validation-e4,historical_c23_public_development_diagnostic,R4
0.685845673084259,access_code,-0.16727252304553986,-0.3103347420692444,c23-development:validation:access_code:access_service_unlock_passcode:validation-f1:validation-e5,historical_c23_public_development_diagnostic,R4
0.685845673084259,access_code,-0.16727252304553986,-0.3103347420692444,c23-development:validation:access_code:access_service_unlock_passcode:validation-f2:validation-e0,historical_c23_public_development_diagnostic,R4
0.685845673084259,access_code,-0.16727252304553986,-0.3103347420692444,c23-development:validation:access_code:access_service_unlock_passcode:validation-f3:validation-e1,historical_c23_public_development_diagnostic,R4
0.685845673084259,access_code,-0.16727252304553986,-0.3103347420692444,c23-development:validation:access_code:access_service_unlock_passcode:validation-f4:validation-e2,historical_c23_public_development_diagnostic,R4
0.685845673084259,access_code,-0.16727252304553986,-0.3103347420692444,c23-development:validation:access_code:access_service_unlock_passcode:validation-f5:validation-e3,historical_c23_public_development_diagnostic,R4
0.5843363404273987,access_code,-0.3064116835594177,-0.030676836147904396,c23-development:validation:access_code:access_subject_signon_secret:validation-f0:validation-e5,historical_c23_public_development_diagnostic,R4
0.5843363404273987,access_code,-0.3064116835594177,-0.030676836147904396,c23-development:validation:access_code:access_subject_signon_secret:validation-f1:validation-e0,historical_c23_public_development_diagnostic,R4
0.5843363404273987,access_code,-0.3064116835594177,-0.030676836147904396,c23-development:validation:access_code:access_subject_signon_secret:validation-f2:validation-e1,historical_c23_public_development_diagnostic,R4
0.5843363404273987,access_code,-0.3064116835594177,-0.030676836147904396,c23-development:validation:access_code:access_subject_signon_secret:validation-f3:validation-e2,historical_c23_public_development_diagnostic,R4
0.5843363404273987,access_code,-0.3064116835594177,-0.030676836147904396,c23-development:validation:access_code:access_subject_signon_secret:validation-f4:validation-e3,historical_c23_public_development_diagnostic,R4
0.5843363404273987,access_code,-0.3064116835594177,-0.030676836147904396,c23-development:validation:access_code:access_subject_signon_secret:validation-f5:validation-e4,historical_c23_public_development_diagnostic,R4
0.6572522521018982,access_code,-0.2034715712070465,-0.19087304174900055,c23-development:validation:access_code:access_resource_authentication_secret:validation-f0:validation-e0,historical_c23_public_development_diagnostic,R4
0.6572522521018982,access_code,-0.2034715712070465,-0.19087304174900055,c23-development:validation:access_code:access_resource_authentication_secret:validation-f1:validation-e1,historical_c23_public_development_diagnostic,R4
0.6572522521018982,access_code,-0.2034715712070465,-0.19087304174900055,c23-development:validation:access_code:access_resource_authentication_secret:validation-f2:validation-e2,historical_c23_public_development_diagnostic,R4
0.6572522521018982,access_code,-0.2034715712070465,-0.19087304174900055,c23-development:validation:access_code:access_resource_authentication_secret:validation-f3:validation-e3,historical_c23_public_development_diagnostic,R4
0.6572522521018982,access_code,-0.2034715712070465,-0.19087304174900055,c23-development:validation:access_code:access_resource_authentication_secret:validation-f4:validation-e4,historical_c23_public_development_diagnostic,R4
0.6572522521018982,access_code,-0.2034715712070465,-0.19087304174900055,c23-development:validation:access_code:access_resource_authentication_secret:validation-f5:validation-e5,historical_c23_public_development_diagnostic,R4
0.45482924580574036,access_code,-0.01093072909861803,-0.21169152855873108,c23-development:validation:access_code:access_lock_screen_code:validation-f0:validation-e1,historical_c23_public_development_diagnostic,R4
0.45482924580574036,access_code,-0.01093072909861803,-0.21169152855873108,c23-development:validation:access_code:access_lock_screen_code:validation-f1:validation-e2,historical_c23_public_development_diagnostic,R4
0.45482924580574036,access_code,-0.01093072909861803,-0.21169152855873108,c23-development:validation:access_code:access_lock_screen_code:validation-f2:validation-e3,historical_c23_public_development_diagnostic,R4
0.45482924580574036,access_code,-0.01093072909861803,-0.21169152855873108,c23-development:validation:access_code:access_lock_screen_code:validation-f3:validation-e4,historical_c23_public_development_diagnostic,R4
0.45482924580574036,access_code,-0.01093072909861803,-0.21169152855873108,c23-development:validation:access_code:access_lock_screen_code:validation-f4:validation-e5,historical_c23_public_development_diagnostic,R4
0.45482924580574036,access_code,-0.01093072909861803,-0.21169152855873108,c23-development:validation:access_code:access_lock_screen_code:validation-f5:validation-e0,historical_c23_public_development_diagnostic,R4
0.4105859100818634,access_code,-0.1388174593448639,-0.03270711004734039,c23-development:validation:access_code:access_secure_gate_pin:validation-f0:validation-e2,historical_c23_public_development_diagnostic,R4
0.4105859100818634,access_code,-0.1388174593448639,-0.03270711004734039,c23-development:validation:access_code:access_secure_gate_pin:validation-f1:validation-e3,historical_c23_public_development_diagnostic,R4
0.4105859100818634,access_code,-0.1388174593448639,-0.03270711004734039,c23-development:validation:access_code:access_secure_gate_pin:validation-f2:validation-e4,historical_c23_public_development_diagnostic,R4
0.4105859100818634,access_code,-0.1388174593448639,-0.03270711004734039,c23-development:validation:access_code:access_secure_gate_pin:validation-f3:validation-e5,historical_c23_public_development_diagnostic,R4
0.4105859100818634,access_code,-0.1388174593448639,-0.03270711004734039,c23-development:validation:access_code:access_secure_gate_pin:validation-f4:validation-e0,historical_c23_public_development_diagnostic,R4
0.4105859100818634,access_code,-0.1388174593448639,-0.03270711004734039,c23-development:validation:access_code:access_secure_gate_pin:validation-f5:validation-e1,historical_c23_public_development_diagnostic,R4
0.3658011257648468,,-0.06974981725215912,-0.06161869689822197,c23-development:validation:access_code:access_resource_unlock_combination:validation-f0:validation-e3,historical_c23_public_development_diagnostic,R4
0.3658011257648468,,-0.06974981725215912,-0.06161869689822197,c23-development:validation:access_code:access_resource_unlock_combination:validation-f1:validation-e4,historical_c23_public_development_diagnostic,R4
0.3658011257648468,,-0.06974981725215912,-0.06161869689822197,c23-development:validation:access_code:access_resource_unlock_combination:validation-f2:validation-e5,historical_c23_public_development_diagnostic,R4
0.3658011257648468,,-0.06974981725215912,-0.06161869689822197,c23-development:validation:access_code:access_resource_unlock_combination:validation-f3:validation-e0,historical_c23_public_development_diagnostic,R4
0.3658011257648468,,-0.06974981725215912,-0.06161869689822197,c23-development:validation:access_code:access_resource_unlock_combination:validation-f4:validation-e1,historical_c23_public_development_diagnostic,R4
0.3658011257648468,,-0.06974981725215912,-0.06161869689822197,c23-development:validation:access_code:access_resource_unlock_combination:validation-f5:validation-e2,historical_c23_public_development_diagnostic,R4
0.5557429194450378,access_code,-0.24651549756526947,-0.1304340809583664,c23-development:validation:access_code:access_account_keyphrase:validation-f0:validation-e4,historical_c23_public_development_diagnostic,R4
0.5557429194450378,access_code,-0.24651549756526947,-0.1304340809583664,c23-development:validation:access_code:access_account_keyphrase:validation-f1:validation-e5,historical_c23_public_development_diagnostic,R4
0.5557429194450378,access_code,-0.24651549756526947,-0.1304340809583664,c23-development:validation:access_code:access_account_keyphrase:validation-f2:validation-e0,historical_c23_public_development_diagnostic,R4
0.5557429194450378,access_code,-0.24651549756526947,-0.1304340809583664,c23-development:validation:access_code:access_account_keyphrase:validation-f3:validation-e1,historical_c23_public_development_diagnostic,R4
0.5557429194450378,access_code,-0.24651549756526947,-0.1304340809583664,c23-development:validation:access_code:access_account_keyphrase:validation-f4:validation-e2,historical_c23_public_development_diagnostic,R4
0.5557429194450378,access_code,-0.24651549756526947,-0.1304340809583664,c23-development:validation:access_code:access_account_keyphrase:validation-f5:validation-e3,historical_c23_public_development_diagnostic,R4
0.6550306677818298,access_code,-0.08320200443267822,-0.3779367506504059,c23-development:validation:access_code:access_secured_area_keypad_sequence:validation-f0:validation-e5,historical_c23_public_development_diagnostic,R4
0.6550306677818298,access_code,-0.08320200443267822,-0.3779367506504059,c23-development:validation:access_code:access_secured_area_keypad_sequence:validation-f1:validation-e0,historical_c23_public_development_diagnostic,R4
0.6550306677818298,access_code,-0.08320200443267822,-0.3779367506504059,c23-development:validation:access_code:access_secured_area_keypad_sequence:validation-f2:validation-e1,historical_c23_public_development_diagnostic,R4
0.6550306677818298,access_code,-0.08320200443267822,-0.3779367506504059,c23-development:validation:access_code:access_secured_area_keypad_sequence:validation-f3:validation-e2,historical_c23_public_development_diagnostic,R4
0.6550306677818298,access_code,-0.08320200443267822,-0.3779367506504059,c23-development:validation:access_code:access_secured_area_keypad_sequence:validation-f4:validation-e3,historical_c23_public_development_diagnostic,R4
0.6550306677818298,access_code,-0.08320200443267822,-0.3779367506504059,c23-development:validation:access_code:access_secured_area_keypad_sequence:validation-f5:validation-e4,historical_c23_public_development_diagnostic,R4
0.419299453496933,access_code,-0.2523248493671417,0.10232218354940414,c23-development:validation:access_code:access_lock_bearer_secret:validation-f0:validation-e0,historical_c23_public_development_diagnostic,R4
0.419299453496933,access_code,-0.2523248493671417,0.10232218354940414,c23-development:validation:access_code:access_lock_bearer_secret:validation-f1:validation-e1,historical_c23_public_development_diagnostic,R4
0.419299453496933,access_code,-0.2523248493671417,0.10232218354940414,c23-development:validation:access_code:access_lock_bearer_secret:validation-f2:validation-e2,historical_c23_public_development_diagnostic,R4
0.419299453496933,access_code,-0.2523248493671417,0.10232218354940414,c23-development:validation:access_code:access_lock_bearer_secret:validation-f3:validation-e3,historical_c23_public_development_diagnostic,R4
0.419299453496933,access_code,-0.2523248493671417,0.10232218354940414,c23-development:validation:access_code:access_lock_bearer_secret:validation-f4:validation-e4,historical_c23_public_development_diagnostic,R4
0.419299453496933,access_code,-0.2523248493671417,0.10232218354940414,c23-development:validation:access_code:access_lock_bearer_secret:validation-f5:validation-e5,historical_c23_public_development_diagnostic,R4
0.3363584876060486,,-0.10397017747163773,-0.0028822701424360275,c23-development:validation:access_code:access_service_challenge_response:validation-f0:validation-e1,historical_c23_public_development_diagnostic,R4
0.3363584876060486,,-0.10397017747163773,-0.0028822701424360275,c23-development:validation:access_code:access_service_challenge_response:validation-f1:validation-e2,historical_c23_public_development_diagnostic,R4
0.3363584876060486,,-0.10397017747163773,-0.0028822701424360275,c23-development:validation:access_code:access_service_challenge_response:validation-f2:validation-e3,historical_c23_public_development_diagnostic,R4
0.3363584876060486,,-0.10397017747163773,-0.0028822701424360275,c23-development:validation:access_code:access_service_challenge_response:validation-f3:validation-e4,historical_c23_public_development_diagnostic,R4
0.3363584876060486,,-0.10397017747163773,-0.0028822701424360275,c23-development:validation:access_code:access_service_challenge_response:validation-f4:validation-e5,historical_c23_public_development_diagnostic,R4
0.3363584876060486,,-0.10397017747163773,-0.0028822701424360275,c23-development:validation:access_code:access_service_challenge_response:validation-f5:validation-e0,historical_c23_public_development_diagnostic,R4
0.024633508175611496,,0.01026191096752882,0.2596745193004608,c23-development:reject:ambiguous:ambiguous_identifier:validation-f0:validation-e0,historical_c23_public_development_diagnostic,R4
0.024633508175611496,,0.01026191096752882,0.2596745193004608,c23-development:reject:ambiguous:ambiguous_identifier:validation-f1:validation-e1,historical_c23_public_development_diagnostic,R4
0.024633508175611496,,0.01026191096752882,0.2596745193004608,c23-development:reject:ambiguous:ambiguous_identifier:validation-f2:validation-e2,historical_c23_public_development_diagnostic,R4
0.024633508175611496,,0.01026191096752882,0.2596745193004608,c23-development:reject:ambiguous:ambiguous_identifier:validation-f3:validation-e3,historical_c23_public_development_diagnostic,R4
0.024633508175611496,,0.01026191096752882,0.2596745193004608,c23-development:reject:ambiguous:ambiguous_identifier:validation-f4:validation-e4,historical_c23_public_development_diagnostic,R4
0.024633508175611496,,0.01026191096752882,0.2596745193004608,c23-development:reject:ambiguous:ambiguous_identifier:validation-f5:validation-e5,historical_c23_public_development_diagnostic,R4
-0.11914299428462982,registry_id,-0.04873118922114372,0.4242415726184845,c23-development:reject:ambiguous:ambiguous_reference_number:validation-f0:validation-e1,historical_c23_public_development_diagnostic,R4
-0.11914299428462982,registry_id,-0.04873118922114372,0.4242415726184845,c23-development:reject:ambiguous:ambiguous_reference_number:validation-f1:validation-e2,historical_c23_public_development_diagnostic,R4
-0.11914299428462982,registry_id,-0.04873118922114372,0.4242415726184845,c23-development:reject:ambiguous:ambiguous_reference_number:validation-f2:validation-e3,historical_c23_public_development_diagnostic,R4
-0.11914299428462982,registry_id,-0.04873118922114372,0.4242415726184845,c23-development:reject:ambiguous:ambiguous_reference_number:validation-f3:validation-e4,historical_c23_public_development_diagnostic,R4
-0.11914299428462982,registry_id,-0.04873118922114372,0.4242415726184845,c23-development:reject:ambiguous:ambiguous_reference_number:validation-f4:validation-e5,historical_c23_public_development_diagnostic,R4
-0.11914299428462982,registry_id,-0.04873118922114372,0.4242415726184845,c23-development:reject:ambiguous:ambiguous_reference_number:validation-f5:validation-e0,historical_c23_public_development_diagnostic,R4
0.05143183097243309,,0.17654640972614288,0.0163942389190197,c23-development:reject:ambiguous:ambiguous_assigned_code:validation-f0:validation-e2,historical_c23_public_development_diagnostic,R4
0.05143183097243309,,0.17654640972614288,0.0163942389190197,c23-development:reject:ambiguous:ambiguous_assigned_code:validation-f1:validation-e3,historical_c23_public_development_diagnostic,R4
0.05143183097243309,,0.17654640972614288,0.0163942389190197,c23-development:reject:ambiguous:ambiguous_assigned_code:validation-f2:validation-e4,historical_c23_public_development_diagnostic,R4
0.05143183097243309,,0.17654640972614288,0.0163942389190197,c23-development:reject:ambiguous:ambiguous_assigned_code:validation-f3:validation-e5,historical_c23_public_development_diagnostic,R4
0.05143183097243309,,0.17654640972614288,0.0163942389190197,c23-development:reject:ambiguous:ambiguous_assigned_code:validation-f4:validation-e0,historical_c23_public_development_diagnostic,R4
0.05143183097243309,,0.17654640972614288,0.0163942389190197,c23-development:reject:ambiguous:ambiguous_assigned_code:validation-f5:validation-e1,historical_c23_public_development_diagnostic,R4
0.23548491299152374,,-0.09115531295537949,0.07963292300701141,c23-development:reject:ambiguous:ambiguous_profile_key:validation-f0:validation-e3,historical_c23_public_development_diagnostic,R4
0.23548491299152374,,-0.09115531295537949,0.07963292300701141,c23-development:reject:ambiguous:ambiguous_profile_key:validation-f1:validation-e4,historical_c23_public_development_diagnostic,R4
0.23548491299152374,,-0.09115531295537949,0.07963292300701141,c23-development:reject:ambiguous:ambiguous_profile_key:validation-f2:validation-e5,historical_c23_public_development_diagnostic,R4
0.23548491299152374,,-0.09115531295537949,0.07963292300701141,c23-development:reject:ambiguous:ambiguous_profile_key:validation-f3:validation-e0,historical_c23_public_development_diagnostic,R4
0.23548491299152374,,-0.09115531295537949,0.07963292300701141,c23-development:reject:ambiguous:ambiguous_profile_key:validation-f4:validation-e1,historical_c23_public_development_diagnostic,R4
0.23548491299152374,,-0.09115531295537949,0.07963292300701141,c23-development:reject:ambiguous:ambiguous_profile_key:validation-f5:validation-e2,historical_c23_public_development_diagnostic,R4
0.05467268079519272,,-0.09468580037355423,0.29616424441337585,c23-development:reject:ambiguous:ambiguous_record_value:validation-f0:validation-e4,historical_c23_public_development_diagnostic,R4
0.05467268079519272,,-0.09468580037355423,0.29616424441337585,c23-development:reject:ambiguous:ambiguous_record_value:validation-f1:validation-e5,historical_c23_public_development_diagnostic,R4
0.05467268079519272,,-0.09468580037355423,0.29616424441337585,c23-development:reject:ambiguous:ambiguous_record_value:validation-f2:validation-e0,historical_c23_public_development_diagnostic,R4
0.05467268079519272,,-0.09468580037355423,0.29616424441337585,c23-development:reject:ambiguous:ambiguous_record_value:validation-f3:validation-e1,historical_c23_public_development_diagnostic,R4
0.05467268079519272,,-0.09468580037355423,0.29616424441337585,c23-development:reject:ambiguous:ambiguous_record_value:validation-f4:validation-e2,historical_c23_public_development_diagnostic,R4
0.05467268079519272,,-0.09468580037355423,0.29616424441337585,c23-development:reject:ambiguous:ambiguous_record_value:validation-f5:validation-e3,historical_c23_public_development_diagnostic,R4
0.009267786517739296,registry_id,-0.17617487907409668,0.4207965135574341,c23-development:reject:ambiguous:ambiguous_account_number:validation-f0:validation-e5,historical_c23_public_development_diagnostic,R4
0.009267786517739296,registry_id,-0.17617487907409668,0.4207965135574341,c23-development:reject:ambiguous:ambiguous_account_number:validation-f1:validation-e0,historical_c23_public_development_diagnostic,R4
0.009267786517739296,registry_id,-0.17617487907409668,0.4207965135574341,c23-development:reject:ambiguous:ambiguous_account_number:validation-f2:validation-e1,historical_c23_public_development_diagnostic,R4
0.009267786517739296,registry_id,-0.17617487907409668,0.4207965135574341,c23-development:reject:ambiguous:ambiguous_account_number:validation-f3:validation-e2,historical_c23_public_development_diagnostic,R4
0.009267786517739296,registry_id,-0.17617487907409668,0.4207965135574341,c23-development:reject:ambiguous:ambiguous_account_number:validation-f4:validation-e3,historical_c23_public_development_diagnostic,R4
0.009267786517739296,registry_id,-0.17617487907409668,0.4207965135574341,c23-development:reject:ambiguous:ambiguous_account_number:validation-f5:validation-e4,historical_c23_public_development_diagnostic,R4
0.18094006180763245,,0.05337035655975342,0.044604942202568054,c23-development:reject:ambiguous:ambiguous_internal_tag:validation-f0:validation-e0,historical_c23_public_development_diagnostic,R4
0.18094006180763245,,0.05337035655975342,0.044604942202568054,c23-development:reject:ambiguous:ambiguous_internal_tag:validation-f1:validation-e1,historical_c23_public_development_diagnostic,R4
0.18094006180763245,,0.05337035655975342,0.044604942202568054,c23-development:reject:ambiguous:ambiguous_internal_tag:validation-f2:validation-e2,historical_c23_public_development_diagnostic,R4
0.18094006180763245,,0.05337035655975342,0.044604942202568054,c23-development:reject:ambiguous:ambiguous_internal_tag:validation-f3:validation-e3,historical_c23_public_development_diagnostic,R4
0.18094013631343842,,0.053370364010334015,0.044604863971471786,c23-development:reject:ambiguous:ambiguous_internal_tag:validation-f4:validation-e4,historical_c23_public_development_diagnostic,R4
0.18094013631343842,,0.053370364010334015,0.044604863971471786,c23-development:reject:ambiguous:ambiguous_internal_tag:validation-f5:validation-e5,historical_c23_public_development_diagnostic,R4
0.13897942006587982,,0.060154180973768234,0.04484855756163597,c23-development:reject:ambiguous:ambiguous_service_code:validation-f0:validation-e1,historical_c23_public_development_diagnostic,R4
0.13897942006587982,,0.060154180973768234,0.04484855756163597,c23-development:reject:ambiguous:ambiguous_service_code:validation-f1:validation-e2,historical_c23_public_development_diagnostic,R4
0.13897942006587982,,0.060154180973768234,0.04484855756163597,c23-development:reject:ambiguous:ambiguous_service_code:validation-f2:validation-e3,historical_c23_public_development_diagnostic,R4
0.13897942006587982,,0.060154180973768234,0.04484855756163597,c23-development:reject:ambiguous:ambiguous_service_code:validation-f3:validation-e4,historical_c23_public_development_diagnostic,R4
0.13897942006587982,,0.060154180973768234,0.04484855756163597,c23-development:reject:ambiguous:ambiguous_service_code:validation-f4:validation-e5,historical_c23_public_development_diagnostic,R4
0.13897942006587982,,0.060154180973768234,0.04484855756163597,c23-development:reject:ambiguous:ambiguous_service_code:validation-f5:validation-e0,historical_c23_public_development_diagnostic,R4
-0.04620688781142235,,0.014985079877078533,0.29004985094070435,c23-development:reject:ambiguous:ambiguous_subject_marker:validation-f0:validation-e2,historical_c23_public_development_diagnostic,R4
-0.04620688781142235,,0.014985079877078533,0.29004985094070435,c23-development:reject:ambiguous:ambiguous_subject_marker:validation-f1:validation-e3,historical_c23_public_development_diagnostic,R4
-0.04620688781142235,,0.014985079877078533,0.29004985094070435,c23-development:reject:ambiguous:ambiguous_subject_marker:validation-f2:validation-e4,historical_c23_public_development_diagnostic,R4
-0.04620688781142235,,0.014985079877078533,0.29004985094070435,c23-development:reject:ambiguous:ambiguous_subject_marker:validation-f3:validation-e5,historical_c23_public_development_diagnostic,R4
-0.04620688781142235,,0.014985079877078533,0.29004985094070435,c23-development:reject:ambiguous:ambiguous_subject_marker:validation-f4:validation-e0,historical_c23_public_development_diagnostic,R4
-0.04620688781142235,,0.014985079877078533,0.29004985094070435,c23-development:reject:ambiguous:ambiguous_subject_marker:validation-f5:validation-e1,historical_c23_public_development_diagnostic,R4
0.3200448155403137,,-0.14206983149051666,0.0334642268717289,c23-development:reject:ambiguous:ambiguous_database_key:validation-f0:validation-e3,historical_c23_public_development_diagnostic,R4
0.3200448155403137,,-0.14206983149051666,0.0334642268717289,c23-development:reject:ambiguous:ambiguous_database_key:validation-f1:validation-e4,historical_c23_public_development_diagnostic,R4
0.3200448155403137,,-0.14206983149051666,0.0334642268717289,c23-development:reject:ambiguous:ambiguous_database_key:validation-f2:validation-e5,historical_c23_public_development_diagnostic,R4
0.3200448155403137,,-0.14206983149051666,0.0334642268717289,c23-development:reject:ambiguous:ambiguous_database_key:validation-f3:validation-e0,historical_c23_public_development_diagnostic,R4
0.3200448155403137,,-0.14206983149051666,0.0334642268717289,c23-development:reject:ambiguous:ambiguous_database_key:validation-f4:validation-e1,historical_c23_public_development_diagnostic,R4
0.3200448155403137,,-0.14206983149051666,0.0334642268717289,c23-development:reject:ambiguous:ambiguous_database_key:validation-f5:validation-e2,historical_c23_public_development_diagnostic,R4
0.14436736702919006,,-0.05178362876176834,0.14635996520519257,c23-development:reject:ambiguous:ambiguous_lookup_handle:validation-f0:validation-e4,historical_c23_public_development_diagnostic,R4
0.14436736702919006,,-0.05178362876176834,0.14635996520519257,c23-development:reject:ambiguous:ambiguous_lookup_handle:validation-f1:validation-e5,historical_c23_public_development_diagnostic,R4
0.14436736702919006,,-0.05178362876176834,0.14635996520519257,c23-development:reject:ambiguous:ambiguous_lookup_handle:validation-f2:validation-e0,historical_c23_public_development_diagnostic,R4
0.14436736702919006,,-0.05178362876176834,0.14635996520519257,c23-development:reject:ambiguous:ambiguous_lookup_handle:validation-f3:validation-e1,historical_c23_public_development_diagnostic,R4
0.14436736702919006,,-0.05178362876176834,0.14635996520519257,c23-development:reject:ambiguous:ambiguous_lookup_handle:validation-f4:validation-e2,historical_c23_public_development_diagnostic,R4
0.14436736702919006,,-0.05178362876176834,0.14635996520519257,c23-development:reject:ambiguous:ambiguous_lookup_handle:validation-f5:validation-e3,historical_c23_public_development_diagnostic,R4
0.1660521924495697,,-0.023849504068493843,0.13341735303401947,c23-development:reject:ambiguous:ambiguous_verification_value:validation-f0:validation-e5,historical_c23_public_development_diagnostic,R4
0.1660521924495697,,-0.023849504068493843,0.13341735303401947,c23-development:reject:ambiguous:ambiguous_verification_value:validation-f1:validation-e0,historical_c23_public_development_diagnostic,R4
0.1660521924495697,,-0.023849504068493843,0.13341735303401947,c23-development:reject:ambiguous:ambiguous_verification_value:validation-f2:validation-e1,historical_c23_public_development_diagnostic,R4
0.1660521924495697,,-0.023849504068493843,0.13341735303401947,c23-development:reject:ambiguous:ambiguous_verification_value:validation-f3:validation-e2,historical_c23_public_development_diagnostic,R4
0.1660521924495697,,-0.023849504068493843,0.13341735303401947,c23-development:reject:ambiguous:ambiguous_verification_value:validation-f4:validation-e3,historical_c23_public_development_diagnostic,R4
0.1660521924495697,,-0.023849504068493843,0.13341735303401947,c23-development:reject:ambiguous:ambiguous_verification_value:validation-f5:validation-e4,historical_c23_public_development_diagnostic,R4
-0.027812102809548378,,-0.03900813311338425,0.3326251208782196,c23-development:reject:unrelated:unrelated_birth_date:validation-f0:validation-e0,historical_c23_public_development_diagnostic,R4
-0.027812102809548378,,-0.03900813311338425,0.3326251208782196,c23-development:reject:unrelated:unrelated_birth_date:validation-f1:validation-e1,historical_c23_public_development_diagnostic,R4
-0.027812102809548378,,-0.03900813311338425,0.3326251208782196,c23-development:reject:unrelated:unrelated_birth_date:validation-f2:validation-e2,historical_c23_public_development_diagnostic,R4
-0.027812102809548378,,-0.03900813311338425,0.3326251208782196,c23-development:reject:unrelated:unrelated_birth_date:validation-f3:validation-e3,historical_c23_public_development_diagnostic,R4
-0.027812102809548378,,-0.03900813311338425,0.3326251208782196,c23-development:reject:unrelated:unrelated_birth_date:validation-f4:validation-e4,historical_c23_public_development_diagnostic,R4
-0.027812102809548378,,-0.03900813311338425,0.3326251208782196,c23-development:reject:unrelated:unrelated_birth_date:validation-f5:validation-e5,historical_c23_public_development_diagnostic,R4
0.13521580398082733,,-0.04625352844595909,0.11327838152647018,c23-development:reject:unrelated:unrelated_contact_email:validation-f0:validation-e1,historical_c23_public_development_diagnostic,R4
0.13521580398082733,,-0.04625352844595909,0.11327838152647018,c23-development:reject:unrelated:unrelated_contact_email:validation-f1:validation-e2,historical_c23_public_development_diagnostic,R4
0.13521580398082733,,-0.04625352844595909,0.11327838152647018,c23-development:reject:unrelated:unrelated_contact_email:validation-f2:validation-e3,historical_c23_public_development_diagnostic,R4
0.13521580398082733,,-0.04625352844595909,0.11327838152647018,c23-development:reject:unrelated:unrelated_contact_email:validation-f3:validation-e4,historical_c23_public_development_diagnostic,R4
0.13521580398082733,,-0.04625352844595909,0.11327838152647018,c23-development:reject:unrelated:unrelated_contact_email:validation-f4:validation-e5,historical_c23_public_development_diagnostic,R4
0.13521580398082733,,-0.04625352844595909,0.11327838152647018,c23-development:reject:unrelated:unrelated_contact_email:validation-f5:validation-e0,historical_c23_public_development_diagnostic,R4
-0.10002930462360382,,0.06753689050674438,0.28260308504104614,c23-development:reject:unrelated:unrelated_telephone_number:validation-f0:validation-e2,historical_c23_public_development_diagnostic,R4
-0.10002930462360382,,0.06753689050674438,0.28260308504104614,c23-development:reject:unrelated:unrelated_telephone_number:validation-f1:validation-e3,historical_c23_public_development_diagnostic,R4
-0.10002930462360382,,0.06753689050674438,0.28260308504104614,c23-development:reject:unrelated:unrelated_telephone_number:validation-f2:validation-e4,historical_c23_public_development_diagnostic,R4
-0.10002930462360382,,0.06753689050674438,0.28260308504104614,c23-development:reject:unrelated:unrelated_telephone_number:validation-f3:validation-e5,historical_c23_public_development_diagnostic,R4
-0.10002930462360382,,0.06753689050674438,0.28260308504104614,c23-development:reject:unrelated:unrelated_telephone_number:validation-f4:validation-e0,historical_c23_public_development_diagnostic,R4
-0.10002930462360382,,0.06753689050674438,0.28260308504104614,c23-development:reject:unrelated:unrelated_telephone_number:validation-f5:validation-e1,historical_c23_public_development_diagnostic,R4
-0.08697744458913803,,0.2863615155220032,0.049196384847164154,c23-development:reject:unrelated:unrelated_postal_address:validation-f0:validation-e3,historical_c23_public_development_diagnostic,R4
-0.08697744458913803,,0.2863615155220032,0.049196384847164154,c23-development:reject:unrelated:unrelated_postal_address:validation-f1:validation-e4,historical_c23_public_development_diagnostic,R4
-0.08697744458913803,,0.2863615155220032,0.049196384847164154,c23-development:reject:unrelated:unrelated_postal_address:validation-f2:validation-e5,historical_c23_public_development_diagnostic,R4
-0.08697744458913803,,0.2863615155220032,0.049196384847164154,c23-development:reject:unrelated:unrelated_postal_address:validation-f3:validation-e0,historical_c23_public_development_diagnostic,R4
-0.08697744458913803,,0.2863615155220032,0.049196384847164154,c23-development:reject:unrelated:unrelated_postal_address:validation-f4:validation-e1,historical_c23_public_development_diagnostic,R4
-0.08697744458913803,,0.2863615155220032,0.049196384847164154,c23-development:reject:unrelated:unrelated_postal_address:validation-f5:validation-e2,historical_c23_public_development_diagnostic,R4
0.049066510051488876,,-0.024447759613394737,0.2554614841938019,c23-development:reject:unrelated:unrelated_account_balance:validation-f0:validation-e4,historical_c23_public_development_diagnostic,R4
0.049066510051488876,,-0.024447759613394737,0.2554614841938019,c23-development:reject:unrelated:unrelated_account_balance:validation-f1:validation-e5,historical_c23_public_development_diagnostic,R4
0.049066510051488876,,-0.024447759613394737,0.2554614841938019,c23-development:reject:unrelated:unrelated_account_balance:validation-f2:validation-e0,historical_c23_public_development_diagnostic,R4
0.049066510051488876,,-0.024447759613394737,0.2554614841938019,c23-development:reject:unrelated:unrelated_account_balance:validation-f3:validation-e1,historical_c23_public_development_diagnostic,R4
0.049066510051488876,,-0.024447759613394737,0.2554614841938019,c23-development:reject:unrelated:unrelated_account_balance:validation-f4:validation-e2,historical_c23_public_development_diagnostic,R4
0.049066510051488876,,-0.024447759613394737,0.2554614841938019,c23-development:reject:unrelated:unrelated_account_balance:validation-f5:validation-e3,historical_c23_public_development_diagnostic,R4
0.07527725398540497,,0.06281966716051102,0.09552488476037979,c23-development:reject:unrelated:unrelated_favorite_color:validation-f0:validation-e5,historical_c23_public_development_diagnostic,R4
0.07527725398540497,,0.06281966716051102,0.09552488476037979,c23-development:reject:unrelated:unrelated_favorite_color:validation-f1:validation-e0,historical_c23_public_development_diagnostic,R4
0.07527726143598557,,0.0628196969628334,0.09552488476037979,c23-development:reject:unrelated:unrelated_favorite_color:validation-f2:validation-e1,historical_c23_public_development_diagnostic,R4
0.07527726143598557,,0.0628196969628334,0.09552488476037979,c23-development:reject:unrelated:unrelated_favorite_color:validation-f3:validation-e2,historical_c23_public_development_diagnostic,R4
0.07527726143598557,,0.0628196969628334,0.09552488476037979,c23-development:reject:unrelated:unrelated_favorite_color:validation-f4:validation-e3,historical_c23_public_development_diagnostic,R4
0.07527726143598557,,0.0628196969628334,0.09552488476037979,c23-development:reject:unrelated:unrelated_favorite_color:validation-f5:validation-e4,historical_c23_public_development_diagnostic,R4
0.10334191471338272,,0.07217024266719818,0.024338874965906143,c23-development:reject:unrelated:unrelated_preferred_language:validation-f0:validation-e0,historical_c23_public_development_diagnostic,R4
0.10334191471338272,,0.07217024266719818,0.024338874965906143,c23-development:reject:unrelated:unrelated_preferred_language:validation-f1:validation-e1,historical_c23_public_development_diagnostic,R4
0.10334191471338272,,0.07217024266719818,0.024338874965906143,c23-development:reject:unrelated:unrelated_preferred_language:validation-f2:validation-e2,historical_c23_public_development_diagnostic,R4
0.10334191471338272,,0.07217024266719818,0.024338874965906143,c23-development:reject:unrelated:unrelated_preferred_language:validation-f3:validation-e3,historical_c23_public_development_diagnostic,R4
0.10334191471338272,,0.07217024266719818,0.024338874965906143,c23-development:reject:unrelated:unrelated_preferred_language:validation-f4:validation-e4,historical_c23_public_development_diagnostic,R4
0.10334191471338272,,0.07217024266719818,0.024338874965906143,c23-development:reject:unrelated:unrelated_preferred_language:validation-f5:validation-e5,historical_c23_public_development_diagnostic,R4
0.10653902590274811,,-0.13315637409687042,0.3245146572589874,c23-development:reject:unrelated:unrelated_owner_name:validation-f0:validation-e1,historical_c23_public_development_diagnostic,R4
0.10653902590274811,,-0.13315637409687042,0.3245146572589874,c23-development:reject:unrelated:unrelated_owner_name:validation-f1:validation-e2,historical_c23_public_development_diagnostic,R4
0.10653902590274811,,-0.13315637409687042,0.3245146572589874,c23-development:reject:unrelated:unrelated_owner_name:validation-f2:validation-e3,historical_c23_public_development_diagnostic,R4
0.10653902590274811,,-0.13315637409687042,0.3245146572589874,c23-development:reject:unrelated:unrelated_owner_name:validation-f3:validation-e4,historical_c23_public_development_diagnostic,R4
0.10653902590274811,,-0.13315637409687042,0.3245146572589874,c23-development:reject:unrelated:unrelated_owner_name:validation-f4:validation-e5,historical_c23_public_development_diagnostic,R4
0.10653902590274811,,-0.13315637409687042,0.3245146572589874,c23-development:reject:unrelated:unrelated_owner_name:validation-f5:validation-e0,historical_c23_public_development_diagnostic,R4
0.06858452409505844,,0.053601834923028946,0.10814454406499863,c23-development:reject:unrelated:unrelated_creation_timestamp:validation-f0:validation-e2,historical_c23_public_development_diagnostic,R4
0.06858452409505844,,0.053601834923028946,0.10814454406499863,c23-development:reject:unrelated:unrelated_creation_timestamp:validation-f1:validation-e3,historical_c23_public_development_diagnostic,R4
0.06858452409505844,,0.053601834923028946,0.10814454406499863,c23-development:reject:unrelated:unrelated_creation_timestamp:validation-f2:validation-e4,historical_c23_public_development_diagnostic,R4
0.06858452409505844,,0.053601834923028946,0.10814454406499863,c23-development:reject:unrelated:unrelated_creation_timestamp:validation-f3:validation-e5,historical_c23_public_development_diagnostic,R4
0.06858452409505844,,0.053601834923028946,0.10814454406499863,c23-development:reject:unrelated:unrelated_creation_timestamp:validation-f4:validation-e0,historical_c23_public_development_diagnostic,R4
0.06858452409505844,,0.053601834923028946,0.10814454406499863,c23-development:reject:unrelated:unrelated_creation_timestamp:validation-f5:validation-e1,historical_c23_public_development_diagnostic,R4
0.07387861609458923,,0.05601009353995323,0.11214975267648697,c23-development:reject:unrelated:unrelated_current_status:validation-f0:validation-e3,historical_c23_public_development_diagnostic,R4
0.07387861609458923,,0.05601009353995323,0.11214975267648697,c23-development:reject:unrelated:unrelated_current_status:validation-f1:validation-e4,historical_c23_public_development_diagnostic,R4
0.07387861609458923,,0.05601009353995323,0.11214975267648697,c23-development:reject:unrelated:unrelated_current_status:validation-f2:validation-e5,historical_c23_public_development_diagnostic,R4
0.07387861609458923,,0.05601009353995323,0.11214975267648697,c23-development:reject:unrelated:unrelated_current_status:validation-f3:validation-e0,historical_c23_public_development_diagnostic,R4
0.07387861609458923,,0.05601009353995323,0.11214975267648697,c23-development:reject:unrelated:unrelated_current_status:validation-f4:validation-e1,historical_c23_public_development_diagnostic,R4
0.07387861609458923,,0.05601009353995323,0.11214975267648697,c23-development:reject:unrelated:unrelated_current_status:validation-f5:validation-e2,historical_c23_public_development_diagnostic,R4
-0.07012995332479477,,0.23426231741905212,0.11137861013412476,c23-development:reject:unrelated:unrelated_category_description:validation-f0:validation-e4,historical_c23_public_development_diagnostic,R4
-0.07012995332479477,,0.23426231741905212,0.11137861013412476,c23-development:reject:unrelated:unrelated_category_description:validation-f1:validation-e5,historical_c23_public_development_diagnostic,R4
-0.07012995332479477,,0.23426231741905212,0.11137861013412476,c23-development:reject:unrelated:unrelated_category_description:validation-f2:validation-e0,historical_c23_public_development_diagnostic,R4
-0.07012995332479477,,0.23426231741905212,0.11137861013412476,c23-development:reject:unrelated:unrelated_category_description:validation-f3:validation-e1,historical_c23_public_development_diagnostic,R4
-0.07012995332479477,,0.23426231741905212,0.11137861013412476,c23-development:reject:unrelated:unrelated_category_description:validation-f4:validation-e2,historical_c23_public_development_diagnostic,R4
-0.07012995332479477,,0.23426231741905212,0.11137861013412476,c23-development:reject:unrelated:unrelated_category_description:validation-f5:validation-e3,historical_c23_public_development_diagnostic,R4
0.08618076145648956,,0.013817176222801208,0.14269869029521942,c23-development:reject:unrelated:unrelated_last_update_date:validation-f0:validation-e5,historical_c23_public_development_diagnostic,R4
0.08618076145648956,,0.013817176222801208,0.14269869029521942,c23-development:reject:unrelated:unrelated_last_update_date:validation-f1:validation-e0,historical_c23_public_development_diagnostic,R4
0.08618076145648956,,0.013817176222801208,0.14269869029521942,c23-development:reject:unrelated:unrelated_last_update_date:validation-f2:validation-e1,historical_c23_public_development_diagnostic,R4
0.08618076145648956,,0.013817176222801208,0.14269869029521942,c23-development:reject:unrelated:unrelated_last_update_date:validation-f3:validation-e2,historical_c23_public_development_diagnostic,R4
0.08618076145648956,,0.013817176222801208,0.14269869029521942,c23-development:reject:unrelated:unrelated_last_update_date:validation-f4:validation-e3,historical_c23_public_development_diagnostic,R4
0.08618076145648956,,0.013817176222801208,0.14269869029521942,c23-development:reject:unrelated:unrelated_last_update_date:validation-f5:validation-e4,historical_c23_public_development_diagnostic,R4
