candidate_set,phrase_family,predicted_relation,reject_reason,route_status,row_id,sample_type,split,target_relation,variant
registry_id,registry_official_register_identifier,registry_id,,accept,c23-development:validation:registry_id:registry_official_register_identifier:validation-f0:validation-e0,known,historical_c23_public_development_diagnostic,registry_id,R0
registry_id,registry_official_register_identifier,registry_id,,accept,c23-development:validation:registry_id:registry_official_register_identifier:validation-f1:validation-e1,known,historical_c23_public_development_diagnostic,registry_id,R0
registry_id,registry_official_register_identifier,registry_id,,accept,c23-development:validation:registry_id:registry_official_register_identifier:validation-f2:validation-e2,known,historical_c23_public_development_diagnostic,registry_id,R0
registry_id,registry_official_register_identifier,registry_id,,accept,c23-development:validation:registry_id:registry_official_register_identifier:validation-f3:validation-e3,known,historical_c23_public_development_diagnostic,registry_id,R0
registry_id,registry_official_register_identifier,registry_id,,accept,c23-development:validation:registry_id:registry_official_register_identifier:validation-f4:validation-e4,known,historical_c23_public_development_diagnostic,registry_id,R0
registry_id,registry_official_register_identifier,registry_id,,accept,c23-development:validation:registry_id:registry_official_register_identifier:validation-f5:validation-e5,known,historical_c23_public_development_diagnostic,registry_id,R0
registry_id,registry_registration_database_number,registry_id,,accept,c23-development:validation:registry_id:registry_registration_database_number:validation-f0:validation-e1,known,historical_c23_public_development_diagnostic,registry_id,R0
registry_id,registry_registration_database_number,registry_id,,accept,c23-development:validation:registry_id:registry_registration_database_number:validation-f1:validation-e2,known,historical_c23_public_development_diagnostic,registry_id,R0
registry_id,registry_registration_database_number,registry_id,,accept,c23-development:validation:registry_id:registry_registration_database_number:validation-f2:validation-e3,known,historical_c23_public_development_diagnostic,registry_id,R0
registry_id,registry_registration_database_number,registry_id,,accept,c23-development:validation:registry_id:registry_registration_database_number:validation-f3:validation-e4,known,historical_c23_public_development_diagnostic,registry_id,R0
registry_id,registry_registration_database_number,registry_id,,accept,c23-development:validation:registry_id:registry_registration_database_number:validation-f4:validation-e5,known,historical_c23_public_development_diagnostic,registry_id,R0
registry_id,registry_registration_database_number,registry_id,,accept,c23-development:validation:registry_id:registry_registration_database_number:validation-f5:validation-e0,known,historical_c23_public_development_diagnostic,registry_id,R0
registry_id,registry_entry_serial,registry_id,,accept,c23-development:validation:registry_id:registry_entry_serial:validation-f0:validation-e2,known,historical_c23_public_development_diagnostic,registry_id,R0
registry_id,registry_entry_serial,registry_id,,accept,c23-development:validation:registry_id:registry_entry_serial:validation-f1:validation-e3,known,historical_c23_public_development_diagnostic,registry_id,R0
registry_id,registry_entry_serial,registry_id,,accept,c23-development:validation:registry_id:registry_entry_serial:validation-f2:validation-e4,known,historical_c23_public_development_diagnostic,registry_id,R0
registry_id,registry_entry_serial,registry_id,,accept,c23-development:validation:registry_id:registry_entry_serial:validation-f3:validation-e5,known,historical_c23_public_development_diagnostic,registry_id,R0
registry_id,registry_entry_serial,registry_id,,accept,c23-development:validation:registry_id:registry_entry_serial:validation-f4:validation-e0,known,historical_c23_public_development_diagnostic,registry_id,R0
registry_id,registry_entry_serial,registry_id,,accept,c23-development:validation:registry_id:registry_entry_serial:validation-f5:validation-e1,known,historical_c23_public_development_diagnostic,registry_id,R0
registry_id,registry_records_office_id,registry_id,,accept,c23-development:validation:registry_id:registry_records_office_id:validation-f0:validation-e3,known,historical_c23_public_development_diagnostic,registry_id,R0
registry_id,registry_records_office_id,registry_id,,accept,c23-development:validation:registry_id:registry_records_office_id:validation-f1:validation-e4,known,historical_c23_public_development_diagnostic,registry_id,R0
registry_id,registry_records_office_id,registry_id,,accept,c23-development:validation:registry_id:registry_records_office_id:validation-f2:validation-e5,known,historical_c23_public_development_diagnostic,registry_id,R0
registry_id,registry_records_office_id,registry_id,,accept,c23-development:validation:registry_id:registry_records_office_id:validation-f3:validation-e0,known,historical_c23_public_development_diagnostic,registry_id,R0
registry_id,registry_records_office_id,registry_id,,accept,c23-development:validation:registry_id:registry_records_office_id:validation-f4:validation-e1,known,historical_c23_public_development_diagnostic,registry_id,R0
registry_id,registry_records_office_id,registry_id,,accept,c23-development:validation:registry_id:registry_records_office_id:validation-f5:validation-e2,known,historical_c23_public_development_diagnostic,registry_id,R0
registry_id,registry_recordkeeping_index,registry_id,,accept,c23-development:validation:registry_id:registry_recordkeeping_index:validation-f0:validation-e4,known,historical_c23_public_development_diagnostic,registry_id,R0
registry_id,registry_recordkeeping_index,registry_id,,accept,c23-development:validation:registry_id:registry_recordkeeping_index:validation-f1:validation-e5,known,historical_c23_public_development_diagnostic,registry_id,R0
registry_id,registry_recordkeeping_index,registry_id,,accept,c23-development:validation:registry_id:registry_recordkeeping_index:validation-f2:validation-e0,known,historical_c23_public_development_diagnostic,registry_id,R0
registry_id,registry_recordkeeping_index,registry_id,,accept,c23-development:validation:registry_id:registry_recordkeeping_index:validation-f3:validation-e1,known,historical_c23_public_development_diagnostic,registry_id,R0
registry_id,registry_recordkeeping_index,registry_id,,accept,c23-development:validation:registry_id:registry_recordkeeping_index:validation-f4:validation-e2,known,historical_c23_public_development_diagnostic,registry_id,R0
registry_id,registry_recordkeeping_index,registry_id,,accept,c23-development:validation:registry_id:registry_recordkeeping_index:validation-f5:validation-e3,known,historical_c23_public_development_diagnostic,registry_id,R0
registry_id,registry_formal_filing_reference,registry_id,,accept,c23-development:validation:registry_id:registry_formal_filing_reference:validation-f0:validation-e5,known,historical_c23_public_development_diagnostic,registry_id,R0
registry_id,registry_formal_filing_reference,registry_id,,accept,c23-development:validation:registry_id:registry_formal_filing_reference:validation-f1:validation-e0,known,historical_c23_public_development_diagnostic,registry_id,R0
registry_id,registry_formal_filing_reference,registry_id,,accept,c23-development:validation:registry_id:registry_formal_filing_reference:validation-f2:validation-e1,known,historical_c23_public_development_diagnostic,registry_id,R0
registry_id,registry_formal_filing_reference,registry_id,,accept,c23-development:validation:registry_id:registry_formal_filing_reference:validation-f3:validation-e2,known,historical_c23_public_development_diagnostic,registry_id,R0
registry_id,registry_formal_filing_reference,registry_id,,accept,c23-development:validation:registry_id:registry_formal_filing_reference:validation-f4:validation-e3,known,historical_c23_public_development_diagnostic,registry_id,R0
registry_id,registry_formal_filing_reference,registry_id,,accept,c23-development:validation:registry_id:registry_formal_filing_reference:validation-f5:validation-e4,known,historical_c23_public_development_diagnostic,registry_id,R0
registry_id,registry_master_roster_serial,registry_id,,accept,c23-development:validation:registry_id:registry_master_roster_serial:validation-f0:validation-e0,known,historical_c23_public_development_diagnostic,registry_id,R0
registry_id,registry_master_roster_serial,registry_id,,accept,c23-development:validation:registry_id:registry_master_roster_serial:validation-f1:validation-e1,known,historical_c23_public_development_diagnostic,registry_id,R0
registry_id,registry_master_roster_serial,registry_id,,accept,c23-development:validation:registry_id:registry_master_roster_serial:validation-f2:validation-e2,known,historical_c23_public_development_diagnostic,registry_id,R0
registry_id,registry_master_roster_serial,registry_id,,accept,c23-development:validation:registry_id:registry_master_roster_serial:validation-f3:validation-e3,known,historical_c23_public_development_diagnostic,registry_id,R0
registry_id,registry_master_roster_serial,registry_id,,accept,c23-development:validation:registry_id:registry_master_roster_serial:validation-f4:validation-e4,known,historical_c23_public_development_diagnostic,registry_id,R0
registry_id,registry_master_roster_serial,registry_id,,accept,c23-development:validation:registry_id:registry_master_roster_serial:validation-f5:validation-e5,known,historical_c23_public_development_diagnostic,registry_id,R0
registry_id,registry_official_roll_index,registry_id,,accept,c23-development:validation:registry_id:registry_official_roll_index:validation-f0:validation-e1,known,historical_c23_public_development_diagnostic,registry_id,R0
registry_id,registry_official_roll_index,registry_id,,accept,c23-development:validation:registry_id:registry_official_roll_index:validation-f1:validation-e2,known,historical_c23_public_development_diagnostic,registry_id,R0
registry_id,registry_official_roll_index,registry_id,,accept,c23-development:validation:registry_id:registry_official_roll_index:validation-f2:validation-e3,known,historical_c23_public_development_diagnostic,registry_id,R0
registry_id,registry_official_roll_index,registry_id,,accept,c23-development:validation:registry_id:registry_official_roll_index:validation-f3:validation-e4,known,historical_c23_public_development_diagnostic,registry_id,R0
registry_id,registry_official_roll_index,registry_id,,accept,c23-development:validation:registry_id:registry_official_roll_index:validation-f4:validation-e5,known,historical_c23_public_development_diagnostic,registry_id,R0
registry_id,registry_official_roll_index,registry_id,,accept,c23-development:validation:registry_id:registry_official_roll_index:validation-f5:validation-e0,known,historical_c23_public_development_diagnostic,registry_id,R0
registry_id,registry_catalogue_accession,registry_id,,accept,c23-development:validation:registry_id:registry_catalogue_accession:validation-f0:validation-e2,known,historical_c23_public_development_diagnostic,registry_id,R0
registry_id,registry_catalogue_accession,registry_id,,accept,c23-development:validation:registry_id:registry_catalogue_accession:validation-f1:validation-e3,known,historical_c23_public_development_diagnostic,registry_id,R0
registry_id,registry_catalogue_accession,registry_id,,accept,c23-development:validation:registry_id:registry_catalogue_accession:validation-f2:validation-e4,known,historical_c23_public_development_diagnostic,registry_id,R0
registry_id,registry_catalogue_accession,registry_id,,accept,c23-development:validation:registry_id:registry_catalogue_accession:validation-f3:validation-e5,known,historical_c23_public_development_diagnostic,registry_id,R0
registry_id,registry_catalogue_accession,registry_id,,accept,c23-development:validation:registry_id:registry_catalogue_accession:validation-f4:validation-e0,known,historical_c23_public_development_diagnostic,registry_id,R0
registry_id,registry_catalogue_accession,registry_id,,accept,c23-development:validation:registry_id:registry_catalogue_accession:validation-f5:validation-e1,known,historical_c23_public_development_diagnostic,registry_id,R0
registry_id,registry_master_list_folio,registry_id,,accept,c23-development:validation:registry_id:registry_master_list_folio:validation-f0:validation-e3,known,historical_c23_public_development_diagnostic,registry_id,R0
registry_id,registry_master_list_folio,registry_id,,accept,c23-development:validation:registry_id:registry_master_list_folio:validation-f1:validation-e4,known,historical_c23_public_development_diagnostic,registry_id,R0
registry_id,registry_master_list_folio,registry_id,,accept,c23-development:validation:registry_id:registry_master_list_folio:validation-f2:validation-e5,known,historical_c23_public_development_diagnostic,registry_id,R0
registry_id,registry_master_list_folio,registry_id,,accept,c23-development:validation:registry_id:registry_master_list_folio:validation-f3:validation-e0,known,historical_c23_public_development_diagnostic,registry_id,R0
registry_id,registry_master_list_folio,registry_id,,accept,c23-development:validation:registry_id:registry_master_list_folio:validation-f4:validation-e1,known,historical_c23_public_development_diagnostic,registry_id,R0
registry_id,registry_master_list_folio,registry_id,,accept,c23-development:validation:registry_id:registry_master_list_folio:validation-f5:validation-e2,known,historical_c23_public_development_diagnostic,registry_id,R0
registry_id,registry_subject_docket_reference,registry_id,,accept,c23-development:validation:registry_id:registry_subject_docket_reference:validation-f0:validation-e4,known,historical_c23_public_development_diagnostic,registry_id,R0
registry_id,registry_subject_docket_reference,registry_id,,accept,c23-development:validation:registry_id:registry_subject_docket_reference:validation-f1:validation-e5,known,historical_c23_public_development_diagnostic,registry_id,R0
registry_id,registry_subject_docket_reference,registry_id,,accept,c23-development:validation:registry_id:registry_subject_docket_reference:validation-f2:validation-e0,known,historical_c23_public_development_diagnostic,registry_id,R0
registry_id,registry_subject_docket_reference,registry_id,,accept,c23-development:validation:registry_id:registry_subject_docket_reference:validation-f3:validation-e1,known,historical_c23_public_development_diagnostic,registry_id,R0
registry_id,registry_subject_docket_reference,registry_id,,accept,c23-development:validation:registry_id:registry_subject_docket_reference:validation-f4:validation-e2,known,historical_c23_public_development_diagnostic,registry_id,R0
city_code,registry_subject_docket_reference,city_code,,accept,c23-development:validation:registry_id:registry_subject_docket_reference:validation-f5:validation-e3,known,historical_c23_public_development_diagnostic,registry_id,R0
registry_id,registry_official_listing_index,registry_id,,accept,c23-development:validation:registry_id:registry_official_listing_index:validation-f0:validation-e5,known,historical_c23_public_development_diagnostic,registry_id,R0
registry_id,registry_official_listing_index,registry_id,,accept,c23-development:validation:registry_id:registry_official_listing_index:validation-f1:validation-e0,known,historical_c23_public_development_diagnostic,registry_id,R0
registry_id,registry_official_listing_index,registry_id,,accept,c23-development:validation:registry_id:registry_official_listing_index:validation-f2:validation-e1,known,historical_c23_public_development_diagnostic,registry_id,R0
registry_id,registry_official_listing_index,registry_id,,accept,c23-development:validation:registry_id:registry_official_listing_index:validation-f3:validation-e2,known,historical_c23_public_development_diagnostic,registry_id,R0
registry_id,registry_official_listing_index,registry_id,,accept,c23-development:validation:registry_id:registry_official_listing_index:validation-f4:validation-e3,known,historical_c23_public_development_diagnostic,registry_id,R0
registry_id,registry_official_listing_index,registry_id,,accept,c23-development:validation:registry_id:registry_official_listing_index:validation-f5:validation-e4,known,historical_c23_public_development_diagnostic,registry_id,R0
city_code,city_named_municipality_code,city_code,,accept,c23-development:validation:city_code:city_named_municipality_code:validation-f0:validation-e1,known,historical_c23_public_development_diagnostic,city_code,R0
city_code,city_named_municipality_code,city_code,,accept,c23-development:validation:city_code:city_named_municipality_code:validation-f1:validation-e2,known,historical_c23_public_development_diagnostic,city_code,R0
city_code,city_named_municipality_code,city_code,,accept,c23-development:validation:city_code:city_named_municipality_code:validation-f2:validation-e3,known,historical_c23_public_development_diagnostic,city_code,R0
city_code,city_named_municipality_code,city_code,,accept,c23-development:validation:city_code:city_named_municipality_code:validation-f3:validation-e4,known,historical_c23_public_development_diagnostic,city_code,R0
city_code,city_named_municipality_code,city_code,,accept,c23-development:validation:city_code:city_named_municipality_code:validation-f4:validation-e5,known,historical_c23_public_development_diagnostic,city_code,R0
city_code,city_named_municipality_code,city_code,,accept,c23-development:validation:city_code:city_named_municipality_code:validation-f5:validation-e0,known,historical_c23_public_development_diagnostic,city_code,R0
city_code,city_populated_place_identifier,city_code,,accept,c23-development:validation:city_code:city_populated_place_identifier:validation-f0:validation-e2,known,historical_c23_public_development_diagnostic,city_code,R0
city_code,city_populated_place_identifier,city_code,,accept,c23-development:validation:city_code:city_populated_place_identifier:validation-f1:validation-e3,known,historical_c23_public_development_diagnostic,city_code,R0
city_code,city_populated_place_identifier,city_code,,accept,c23-development:validation:city_code:city_populated_place_identifier:validation-f2:validation-e4,known,historical_c23_public_development_diagnostic,city_code,R0
city_code,city_populated_place_identifier,city_code,,accept,c23-development:validation:city_code:city_populated_place_identifier:validation-f3:validation-e5,known,historical_c23_public_development_diagnostic,city_code,R0
city_code,city_populated_place_identifier,city_code,,accept,c23-development:validation:city_code:city_populated_place_identifier:validation-f4:validation-e0,known,historical_c23_public_development_diagnostic,city_code,R0
city_code,city_populated_place_identifier,city_code,,accept,c23-development:validation:city_code:city_populated_place_identifier:validation-f5:validation-e1,known,historical_c23_public_development_diagnostic,city_code,R0
city_code,city_local_jurisdiction_number,city_code,,accept,c23-development:validation:city_code:city_local_jurisdiction_number:validation-f0:validation-e3,known,historical_c23_public_development_diagnostic,city_code,R0
city_code,city_local_jurisdiction_number,city_code,,accept,c23-development:validation:city_code:city_local_jurisdiction_number:validation-f1:validation-e4,known,historical_c23_public_development_diagnostic,city_code,R0
city_code,city_local_jurisdiction_number,city_code,,accept,c23-development:validation:city_code:city_local_jurisdiction_number:validation-f2:validation-e5,known,historical_c23_public_development_diagnostic,city_code,R0
city_code,city_local_jurisdiction_number,city_code,,accept,c23-development:validation:city_code:city_local_jurisdiction_number:validation-f3:validation-e0,known,historical_c23_public_development_diagnostic,city_code,R0
city_code,city_local_jurisdiction_number,city_code,,accept,c23-development:validation:city_code:city_local_jurisdiction_number:validation-f4:validation-e1,known,historical_c23_public_development_diagnostic,city_code,R0
city_code,city_local_jurisdiction_number,city_code,,accept,c23-development:validation:city_code:city_local_jurisdiction_number:validation-f5:validation-e2,known,historical_c23_public_development_diagnostic,city_code,R0
city_code,city_administrative_area_id,city_code,,accept,c23-development:validation:city_code:city_administrative_area_id:validation-f0:validation-e4,known,historical_c23_public_development_diagnostic,city_code,R0
city_code,city_administrative_area_id,city_code,,accept,c23-development:validation:city_code:city_administrative_area_id:validation-f1:validation-e5,known,historical_c23_public_development_diagnostic,city_code,R0
city_code,city_administrative_area_id,city_code,,accept,c23-development:validation:city_code:city_administrative_area_id:validation-f2:validation-e0,known,historical_c23_public_development_diagnostic,city_code,R0
city_code,city_administrative_area_id,city_code,,accept,c23-development:validation:city_code:city_administrative_area_id:validation-f3:validation-e1,known,historical_c23_public_development_diagnostic,city_code,R0
city_code,city_administrative_area_id,city_code,,accept,c23-development:validation:city_code:city_administrative_area_id:validation-f4:validation-e2,known,historical_c23_public_development_diagnostic,city_code,R0
city_code,city_administrative_area_id,city_code,,accept,c23-development:validation:city_code:city_administrative_area_id:validation-f5:validation-e3,known,historical_c23_public_development_diagnostic,city_code,R0
city_code,city_named_locality_code,city_code,,accept,c23-development:validation:city_code:city_named_locality_code:validation-f0:validation-e5,known,historical_c23_public_development_diagnostic,city_code,R0
city_code,city_named_locality_code,city_code,,accept,c23-development:validation:city_code:city_named_locality_code:validation-f1:validation-e0,known,historical_c23_public_development_diagnostic,city_code,R0
city_code,city_named_locality_code,city_code,,accept,c23-development:validation:city_code:city_named_locality_code:validation-f2:validation-e1,known,historical_c23_public_development_diagnostic,city_code,R0
city_code,city_named_locality_code,city_code,,accept,c23-development:validation:city_code:city_named_locality_code:validation-f3:validation-e2,known,historical_c23_public_development_diagnostic,city_code,R0
city_code,city_named_locality_code,city_code,,accept,c23-development:validation:city_code:city_named_locality_code:validation-f4:validation-e3,known,historical_c23_public_development_diagnostic,city_code,R0
city_code,city_named_locality_code,city_code,,accept,c23-development:validation:city_code:city_named_locality_code:validation-f5:validation-e4,known,historical_c23_public_development_diagnostic,city_code,R0
city_code,city_local_government_identifier,city_code,,accept,c23-development:validation:city_code:city_local_government_identifier:validation-f0:validation-e0,known,historical_c23_public_development_diagnostic,city_code,R0
city_code,city_local_government_identifier,city_code,,accept,c23-development:validation:city_code:city_local_government_identifier:validation-f1:validation-e1,known,historical_c23_public_development_diagnostic,city_code,R0
city_code,city_local_government_identifier,city_code,,accept,c23-development:validation:city_code:city_local_government_identifier:validation-f2:validation-e2,known,historical_c23_public_development_diagnostic,city_code,R0
city_code,city_local_government_identifier,city_code,,accept,c23-development:validation:city_code:city_local_government_identifier:validation-f3:validation-e3,known,historical_c23_public_development_diagnostic,city_code,R0
city_code,city_local_government_identifier,city_code,,accept,c23-development:validation:city_code:city_local_government_identifier:validation-f4:validation-e4,known,historical_c23_public_development_diagnostic,city_code,R0
city_code,city_local_government_identifier,city_code,,accept,c23-development:validation:city_code:city_local_government_identifier:validation-f5:validation-e5,known,historical_c23_public_development_diagnostic,city_code,R0
city_code,city_town_geocode,city_code,,accept,c23-development:validation:city_code:city_town_geocode:validation-f0:validation-e1,known,historical_c23_public_development_diagnostic,city_code,R0
city_code,city_town_geocode,city_code,,accept,c23-development:validation:city_code:city_town_geocode:validation-f1:validation-e2,known,historical_c23_public_development_diagnostic,city_code,R0
city_code,city_town_geocode,city_code,,accept,c23-development:validation:city_code:city_town_geocode:validation-f2:validation-e3,known,historical_c23_public_development_diagnostic,city_code,R0
city_code,city_town_geocode,city_code,,accept,c23-development:validation:city_code:city_town_geocode:validation-f3:validation-e4,known,historical_c23_public_development_diagnostic,city_code,R0
city_code,city_town_geocode,city_code,,accept,c23-development:validation:city_code:city_town_geocode:validation-f4:validation-e5,known,historical_c23_public_development_diagnostic,city_code,R0
city_code,city_town_geocode,city_code,,accept,c23-development:validation:city_code:city_town_geocode:validation-f5:validation-e0,known,historical_c23_public_development_diagnostic,city_code,R0
city_code,city_metropolitan_designation,city_code,,accept,c23-development:validation:city_code:city_metropolitan_designation:validation-f0:validation-e2,known,historical_c23_public_development_diagnostic,city_code,R0
city_code,city_metropolitan_designation,city_code,,accept,c23-development:validation:city_code:city_metropolitan_designation:validation-f1:validation-e3,known,historical_c23_public_development_diagnostic,city_code,R0
city_code,city_metropolitan_designation,city_code,,accept,c23-development:validation:city_code:city_metropolitan_designation:validation-f2:validation-e4,known,historical_c23_public_development_diagnostic,city_code,R0
city_code,city_metropolitan_designation,city_code,,accept,c23-development:validation:city_code:city_metropolitan_designation:validation-f3:validation-e5,known,historical_c23_public_development_diagnostic,city_code,R0
city_code,city_metropolitan_designation,city_code,,accept,c23-development:validation:city_code:city_metropolitan_designation:validation-f4:validation-e0,known,historical_c23_public_development_diagnostic,city_code,R0
city_code,city_metropolitan_designation,city_code,,accept,c23-development:validation:city_code:city_metropolitan_designation:validation-f5:validation-e1,known,historical_c23_public_development_diagnostic,city_code,R0
city_code,city_urban_district_number,city_code,,accept,c23-development:validation:city_code:city_urban_district_number:validation-f0:validation-e3,known,historical_c23_public_development_diagnostic,city_code,R0
city_code,city_urban_district_number,city_code,,accept,c23-development:validation:city_code:city_urban_district_number:validation-f1:validation-e4,known,historical_c23_public_development_diagnostic,city_code,R0
city_code,city_urban_district_number,city_code,,accept,c23-development:validation:city_code:city_urban_district_number:validation-f2:validation-e5,known,historical_c23_public_development_diagnostic,city_code,R0
city_code,city_urban_district_number,city_code,,accept,c23-development:validation:city_code:city_urban_district_number:validation-f3:validation-e0,known,historical_c23_public_development_diagnostic,city_code,R0
city_code,city_urban_district_number,city_code,,accept,c23-development:validation:city_code:city_urban_district_number:validation-f4:validation-e1,known,historical_c23_public_development_diagnostic,city_code,R0
city_code,city_urban_district_number,city_code,,accept,c23-development:validation:city_code:city_urban_district_number:validation-f5:validation-e2,known,historical_c23_public_development_diagnostic,city_code,R0
city_code,city_civic_region_label,city_code,,accept,c23-development:validation:city_code:city_civic_region_label:validation-f0:validation-e4,known,historical_c23_public_development_diagnostic,city_code,R0
city_code,city_civic_region_label,city_code,,accept,c23-development:validation:city_code:city_civic_region_label:validation-f1:validation-e5,known,historical_c23_public_development_diagnostic,city_code,R0
city_code,city_civic_region_label,city_code,,accept,c23-development:validation:city_code:city_civic_region_label:validation-f2:validation-e0,known,historical_c23_public_development_diagnostic,city_code,R0
city_code,city_civic_region_label,city_code,,accept,c23-development:validation:city_code:city_civic_region_label:validation-f3:validation-e1,known,historical_c23_public_development_diagnostic,city_code,R0
city_code,city_civic_region_label,city_code,,accept,c23-development:validation:city_code:city_civic_region_label:validation-f4:validation-e2,known,historical_c23_public_development_diagnostic,city_code,R0
city_code,city_civic_region_label,city_code,,accept,c23-development:validation:city_code:city_civic_region_label:validation-f5:validation-e3,known,historical_c23_public_development_diagnostic,city_code,R0
city_code,city_town_place_code,city_code,,accept,c23-development:validation:city_code:city_town_place_code:validation-f0:validation-e5,known,historical_c23_public_development_diagnostic,city_code,R0
city_code,city_town_place_code,city_code,,accept,c23-development:validation:city_code:city_town_place_code:validation-f1:validation-e0,known,historical_c23_public_development_diagnostic,city_code,R0
city_code,city_town_place_code,city_code,,accept,c23-development:validation:city_code:city_town_place_code:validation-f2:validation-e1,known,historical_c23_public_development_diagnostic,city_code,R0
city_code,city_town_place_code,city_code,,accept,c23-development:validation:city_code:city_town_place_code:validation-f3:validation-e2,known,historical_c23_public_development_diagnostic,city_code,R0
city_code,city_town_place_code,city_code,,accept,c23-development:validation:city_code:city_town_place_code:validation-f4:validation-e3,known,historical_c23_public_development_diagnostic,city_code,R0
city_code,city_town_place_code,city_code,,accept,c23-development:validation:city_code:city_town_place_code:validation-f5:validation-e4,known,historical_c23_public_development_diagnostic,city_code,R0
city_code,city_community_area_identifier,city_code,,accept,c23-development:validation:city_code:city_community_area_identifier:validation-f0:validation-e0,known,historical_c23_public_development_diagnostic,city_code,R0
city_code,city_community_area_identifier,city_code,,accept,c23-development:validation:city_code:city_community_area_identifier:validation-f1:validation-e1,known,historical_c23_public_development_diagnostic,city_code,R0
city_code,city_community_area_identifier,city_code,,accept,c23-development:validation:city_code:city_community_area_identifier:validation-f2:validation-e2,known,historical_c23_public_development_diagnostic,city_code,R0
city_code,city_community_area_identifier,city_code,,accept,c23-development:validation:city_code:city_community_area_identifier:validation-f3:validation-e3,known,historical_c23_public_development_diagnostic,city_code,R0
city_code,city_community_area_identifier,city_code,,accept,c23-development:validation:city_code:city_community_area_identifier:validation-f4:validation-e4,known,historical_c23_public_development_diagnostic,city_code,R0
city_code,city_community_area_identifier,city_code,,accept,c23-development:validation:city_code:city_community_area_identifier:validation-f5:validation-e5,known,historical_c23_public_development_diagnostic,city_code,R0
access_code,access_required_credential,access_code,,accept,c23-development:validation:access_code:access_required_credential:validation-f0:validation-e2,known,historical_c23_public_development_diagnostic,access_code,R0
access_code,access_required_credential,access_code,,accept,c23-development:validation:access_code:access_required_credential:validation-f1:validation-e3,known,historical_c23_public_development_diagnostic,access_code,R0
access_code,access_required_credential,access_code,,accept,c23-development:validation:access_code:access_required_credential:validation-f2:validation-e4,known,historical_c23_public_development_diagnostic,access_code,R0
access_code,access_required_credential,access_code,,accept,c23-development:validation:access_code:access_required_credential:validation-f3:validation-e5,known,historical_c23_public_development_diagnostic,access_code,R0
access_code,access_required_credential,access_code,,accept,c23-development:validation:access_code:access_required_credential:validation-f4:validation-e0,known,historical_c23_public_development_diagnostic,access_code,R0
access_code,access_required_credential,access_code,,accept,c23-development:validation:access_code:access_required_credential:validation-f5:validation-e1,known,historical_c23_public_development_diagnostic,access_code,R0
access_code,access_protected_account_password,access_code,,accept,c23-development:validation:access_code:access_protected_account_password:validation-f0:validation-e3,known,historical_c23_public_development_diagnostic,access_code,R0
access_code,access_protected_account_password,access_code,,accept,c23-development:validation:access_code:access_protected_account_password:validation-f1:validation-e4,known,historical_c23_public_development_diagnostic,access_code,R0
access_code,access_protected_account_password,access_code,,accept,c23-development:validation:access_code:access_protected_account_password:validation-f2:validation-e5,known,historical_c23_public_development_diagnostic,access_code,R0
access_code,access_protected_account_password,access_code,,accept,c23-development:validation:access_code:access_protected_account_password:validation-f3:validation-e0,known,historical_c23_public_development_diagnostic,access_code,R0
access_code,access_protected_account_password,access_code,,accept,c23-development:validation:access_code:access_protected_account_password:validation-f4:validation-e1,known,historical_c23_public_development_diagnostic,access_code,R0
access_code,access_protected_account_password,access_code,,accept,c23-development:validation:access_code:access_protected_account_password:validation-f5:validation-e2,known,historical_c23_public_development_diagnostic,access_code,R0
access_code,access_service_unlock_passcode,access_code,,accept,c23-development:validation:access_code:access_service_unlock_passcode:validation-f0:validation-e4,known,historical_c23_public_development_diagnostic,access_code,R0
access_code,access_service_unlock_passcode,access_code,,accept,c23-development:validation:access_code:access_service_unlock_passcode:validation-f1:validation-e5,known,historical_c23_public_development_diagnostic,access_code,R0
access_code,access_service_unlock_passcode,access_code,,accept,c23-development:validation:access_code:access_service_unlock_passcode:validation-f2:validation-e0,known,historical_c23_public_development_diagnostic,access_code,R0
access_code,access_service_unlock_passcode,access_code,,accept,c23-development:validation:access_code:access_service_unlock_passcode:validation-f3:validation-e1,known,historical_c23_public_development_diagnostic,access_code,R0
access_code,access_service_unlock_passcode,access_code,,accept,c23-development:validation:access_code:access_service_unlock_passcode:validation-f4:validation-e2,known,historical_c23_public_development_diagnostic,access_code,R0
access_code,access_service_unlock_passcode,access_code,,accept,c23-development:validation:access_code:access_service_unlock_passcode:validation-f5:validation-e3,known,historical_c23_public_development_diagnostic,access_code,R0
access_code,access_subject_signon_secret,access_code,,accept,c23-development:validation:access_code:access_subject_signon_secret:validation-f0:validation-e5,known,historical_c23_public_development_diagnostic,access_code,R0
access_code,access_subject_signon_secret,access_code,,accept,c23-development:validation:access_code:access_subject_signon_secret:validation-f1:validation-e0,known,historical_c23_public_development_diagnostic,access_code,R0
access_code,access_subject_signon_secret,access_code,,accept,c23-development:validation:access_code:access_subject_signon_secret:validation-f2:validation-e1,known,historical_c23_public_development_diagnostic,access_code,R0
access_code,access_subject_signon_secret,access_code,,accept,c23-development:validation:access_code:access_subject_signon_secret:validation-f3:validation-e2,known,historical_c23_public_development_diagnostic,access_code,R0
access_code,access_subject_signon_secret,access_code,,accept,c23-development:validation:access_code:access_subject_signon_secret:validation-f4:validation-e3,known,historical_c23_public_development_diagnostic,access_code,R0
access_code,access_subject_signon_secret,access_code,,accept,c23-development:validation:access_code:access_subject_signon_secret:validation-f5:validation-e4,known,historical_c23_public_development_diagnostic,access_code,R0
access_code,access_resource_authentication_secret,access_code,,accept,c23-development:validation:access_code:access_resource_authentication_secret:validation-f0:validation-e0,known,historical_c23_public_development_diagnostic,access_code,R0
access_code,access_resource_authentication_secret,access_code,,accept,c23-development:validation:access_code:access_resource_authentication_secret:validation-f1:validation-e1,known,historical_c23_public_development_diagnostic,access_code,R0
access_code,access_resource_authentication_secret,access_code,,accept,c23-development:validation:access_code:access_resource_authentication_secret:validation-f2:validation-e2,known,historical_c23_public_development_diagnostic,access_code,R0
access_code,access_resource_authentication_secret,access_code,,accept,c23-development:validation:access_code:access_resource_authentication_secret:validation-f3:validation-e3,known,historical_c23_public_development_diagnostic,access_code,R0
access_code,access_resource_authentication_secret,access_code,,accept,c23-development:validation:access_code:access_resource_authentication_secret:validation-f4:validation-e4,known,historical_c23_public_development_diagnostic,access_code,R0
access_code,access_resource_authentication_secret,access_code,,accept,c23-development:validation:access_code:access_resource_authentication_secret:validation-f5:validation-e5,known,historical_c23_public_development_diagnostic,access_code,R0
access_code,access_lock_screen_code,access_code,,accept,c23-development:validation:access_code:access_lock_screen_code:validation-f0:validation-e1,known,historical_c23_public_development_diagnostic,access_code,R0
access_code,access_lock_screen_code,access_code,,accept,c23-development:validation:access_code:access_lock_screen_code:validation-f1:validation-e2,known,historical_c23_public_development_diagnostic,access_code,R0
access_code,access_lock_screen_code,access_code,,accept,c23-development:validation:access_code:access_lock_screen_code:validation-f2:validation-e3,known,historical_c23_public_development_diagnostic,access_code,R0
access_code,access_lock_screen_code,access_code,,accept,c23-development:validation:access_code:access_lock_screen_code:validation-f3:validation-e4,known,historical_c23_public_development_diagnostic,access_code,R0
access_code,access_lock_screen_code,access_code,,accept,c23-development:validation:access_code:access_lock_screen_code:validation-f4:validation-e5,known,historical_c23_public_development_diagnostic,access_code,R0
access_code,access_lock_screen_code,access_code,,accept,c23-development:validation:access_code:access_lock_screen_code:validation-f5:validation-e0,known,historical_c23_public_development_diagnostic,access_code,R0
access_code,access_secure_gate_pin,access_code,,accept,c23-development:validation:access_code:access_secure_gate_pin:validation-f0:validation-e2,known,historical_c23_public_development_diagnostic,access_code,R0
access_code,access_secure_gate_pin,access_code,,accept,c23-development:validation:access_code:access_secure_gate_pin:validation-f1:validation-e3,known,historical_c23_public_development_diagnostic,access_code,R0
access_code,access_secure_gate_pin,access_code,,accept,c23-development:validation:access_code:access_secure_gate_pin:validation-f2:validation-e4,known,historical_c23_public_development_diagnostic,access_code,R0
access_code,access_secure_gate_pin,access_code,,accept,c23-development:validation:access_code:access_secure_gate_pin:validation-f3:validation-e5,known,historical_c23_public_development_diagnostic,access_code,R0
access_code,access_secure_gate_pin,access_code,,accept,c23-development:validation:access_code:access_secure_gate_pin:validation-f4:validation-e0,known,historical_c23_public_development_diagnostic,access_code,R0
access_code,access_secure_gate_pin,access_code,,accept,c23-development:validation:access_code:access_secure_gate_pin:validation-f5:validation-e1,known,historical_c23_public_development_diagnostic,access_code,R0
access_code,access_resource_unlock_combination,access_code,,accept,c23-development:validation:access_code:access_resource_unlock_combination:validation-f0:validation-e3,known,historical_c23_public_development_diagnostic,access_code,R0
access_code,access_resource_unlock_combination,access_code,,accept,c23-development:validation:access_code:access_resource_unlock_combination:validation-f1:validation-e4,known,historical_c23_public_development_diagnostic,access_code,R0
access_code,access_resource_unlock_combination,access_code,,accept,c23-development:validation:access_code:access_resource_unlock_combination:validation-f2:validation-e5,known,historical_c23_public_development_diagnostic,access_code,R0
access_code,access_resource_unlock_combination,access_code,,accept,c23-development:validation:access_code:access_resource_unlock_combination:validation-f3:validation-e0,known,historical_c23_public_development_diagnostic,access_code,R0
access_code,access_resource_unlock_combination,access_code,,accept,c23-development:validation:access_code:access_resource_unlock_combination:validation-f4:validation-e1,known,historical_c23_public_development_diagnostic,access_code,R0
access_code,access_resource_unlock_combination,access_code,,accept,c23-development:validation:access_code:access_resource_unlock_combination:validation-f5:validation-e2,known,historical_c23_public_development_diagnostic,access_code,R0
access_code,access_account_keyphrase,access_code,,accept,c23-development:validation:access_code:access_account_keyphrase:validation-f0:validation-e4,known,historical_c23_public_development_diagnostic,access_code,R0
access_code,access_account_keyphrase,access_code,,accept,c23-development:validation:access_code:access_account_keyphrase:validation-f1:validation-e5,known,historical_c23_public_development_diagnostic,access_code,R0
access_code,access_account_keyphrase,access_code,,accept,c23-development:validation:access_code:access_account_keyphrase:validation-f2:validation-e0,known,historical_c23_public_development_diagnostic,access_code,R0
access_code,access_account_keyphrase,access_code,,accept,c23-development:validation:access_code:access_account_keyphrase:validation-f3:validation-e1,known,historical_c23_public_development_diagnostic,access_code,R0
access_code,access_account_keyphrase,access_code,,accept,c23-development:validation:access_code:access_account_keyphrase:validation-f4:validation-e2,known,historical_c23_public_development_diagnostic,access_code,R0
access_code,access_account_keyphrase,access_code,,accept,c23-development:validation:access_code:access_account_keyphrase:validation-f5:validation-e3,known,historical_c23_public_development_diagnostic,access_code,R0
access_code,access_secured_area_keypad_sequence,access_code,,accept,c23-development:validation:access_code:access_secured_area_keypad_sequence:validation-f0:validation-e5,known,historical_c23_public_development_diagnostic,access_code,R0
access_code,access_secured_area_keypad_sequence,access_code,,accept,c23-development:validation:access_code:access_secured_area_keypad_sequence:validation-f1:validation-e0,known,historical_c23_public_development_diagnostic,access_code,R0
access_code,access_secured_area_keypad_sequence,access_code,,accept,c23-development:validation:access_code:access_secured_area_keypad_sequence:validation-f2:validation-e1,known,historical_c23_public_development_diagnostic,access_code,R0
access_code,access_secured_area_keypad_sequence,access_code,,accept,c23-development:validation:access_code:access_secured_area_keypad_sequence:validation-f3:validation-e2,known,historical_c23_public_development_diagnostic,access_code,R0
access_code,access_secured_area_keypad_sequence,access_code,,accept,c23-development:validation:access_code:access_secured_area_keypad_sequence:validation-f4:validation-e3,known,historical_c23_public_development_diagnostic,access_code,R0
access_code,access_secured_area_keypad_sequence,access_code,,accept,c23-development:validation:access_code:access_secured_area_keypad_sequence:validation-f5:validation-e4,known,historical_c23_public_development_diagnostic,access_code,R0
access_code,access_lock_bearer_secret,access_code,,accept,c23-development:validation:access_code:access_lock_bearer_secret:validation-f0:validation-e0,known,historical_c23_public_development_diagnostic,access_code,R0
access_code,access_lock_bearer_secret,access_code,,accept,c23-development:validation:access_code:access_lock_bearer_secret:validation-f1:validation-e1,known,historical_c23_public_development_diagnostic,access_code,R0
access_code,access_lock_bearer_secret,access_code,,accept,c23-development:validation:access_code:access_lock_bearer_secret:validation-f2:validation-e2,known,historical_c23_public_development_diagnostic,access_code,R0
access_code,access_lock_bearer_secret,access_code,,accept,c23-development:validation:access_code:access_lock_bearer_secret:validation-f3:validation-e3,known,historical_c23_public_development_diagnostic,access_code,R0
access_code,access_lock_bearer_secret,access_code,,accept,c23-development:validation:access_code:access_lock_bearer_secret:validation-f4:validation-e4,known,historical_c23_public_development_diagnostic,access_code,R0
access_code,access_lock_bearer_secret,access_code,,accept,c23-development:validation:access_code:access_lock_bearer_secret:validation-f5:validation-e5,known,historical_c23_public_development_diagnostic,access_code,R0
access_code,access_service_challenge_response,access_code,,accept,c23-development:validation:access_code:access_service_challenge_response:validation-f0:validation-e1,known,historical_c23_public_development_diagnostic,access_code,R0
access_code,access_service_challenge_response,access_code,,accept,c23-development:validation:access_code:access_service_challenge_response:validation-f1:validation-e2,known,historical_c23_public_development_diagnostic,access_code,R0
access_code,access_service_challenge_response,access_code,,accept,c23-development:validation:access_code:access_service_challenge_response:validation-f2:validation-e3,known,historical_c23_public_development_diagnostic,access_code,R0
access_code,access_service_challenge_response,access_code,,accept,c23-development:validation:access_code:access_service_challenge_response:validation-f3:validation-e4,known,historical_c23_public_development_diagnostic,access_code,R0
access_code,access_service_challenge_response,access_code,,accept,c23-development:validation:access_code:access_service_challenge_response:validation-f4:validation-e5,known,historical_c23_public_development_diagnostic,access_code,R0
access_code,access_service_challenge_response,access_code,,accept,c23-development:validation:access_code:access_service_challenge_response:validation-f5:validation-e0,known,historical_c23_public_development_diagnostic,access_code,R0
registry_id,ambiguous_identifier,registry_id,,accept,c23-development:reject:ambiguous:ambiguous_identifier:validation-f0:validation-e0,ambiguous,historical_c23_public_development_diagnostic,,R0
access_code,ambiguous_identifier,access_code,,accept,c23-development:reject:ambiguous:ambiguous_identifier:validation-f1:validation-e1,ambiguous,historical_c23_public_development_diagnostic,,R0
registry_id,ambiguous_identifier,registry_id,,accept,c23-development:reject:ambiguous:ambiguous_identifier:validation-f2:validation-e2,ambiguous,historical_c23_public_development_diagnostic,,R0
registry_id,ambiguous_identifier,registry_id,,accept,c23-development:reject:ambiguous:ambiguous_identifier:validation-f3:validation-e3,ambiguous,historical_c23_public_development_diagnostic,,R0
access_code,ambiguous_identifier,access_code,,accept,c23-development:reject:ambiguous:ambiguous_identifier:validation-f4:validation-e4,ambiguous,historical_c23_public_development_diagnostic,,R0
access_code,ambiguous_identifier,access_code,,accept,c23-development:reject:ambiguous:ambiguous_identifier:validation-f5:validation-e5,ambiguous,historical_c23_public_development_diagnostic,,R0
registry_id,ambiguous_reference_number,registry_id,,accept,c23-development:reject:ambiguous:ambiguous_reference_number:validation-f0:validation-e1,ambiguous,historical_c23_public_development_diagnostic,,R0
registry_id,ambiguous_reference_number,registry_id,,accept,c23-development:reject:ambiguous:ambiguous_reference_number:validation-f1:validation-e2,ambiguous,historical_c23_public_development_diagnostic,,R0
registry_id,ambiguous_reference_number,registry_id,,accept,c23-development:reject:ambiguous:ambiguous_reference_number:validation-f2:validation-e3,ambiguous,historical_c23_public_development_diagnostic,,R0
registry_id,ambiguous_reference_number,registry_id,,accept,c23-development:reject:ambiguous:ambiguous_reference_number:validation-f3:validation-e4,ambiguous,historical_c23_public_development_diagnostic,,R0
city_code,ambiguous_reference_number,city_code,,accept,c23-development:reject:ambiguous:ambiguous_reference_number:validation-f4:validation-e5,ambiguous,historical_c23_public_development_diagnostic,,R0
city_code,ambiguous_reference_number,city_code,,accept,c23-development:reject:ambiguous:ambiguous_reference_number:validation-f5:validation-e0,ambiguous,historical_c23_public_development_diagnostic,,R0
registry_id,ambiguous_assigned_code,registry_id,,accept,c23-development:reject:ambiguous:ambiguous_assigned_code:validation-f0:validation-e2,ambiguous,historical_c23_public_development_diagnostic,,R0
access_code,ambiguous_assigned_code,access_code,,accept,c23-development:reject:ambiguous:ambiguous_assigned_code:validation-f1:validation-e3,ambiguous,historical_c23_public_development_diagnostic,,R0
registry_id,ambiguous_assigned_code,registry_id,,accept,c23-development:reject:ambiguous:ambiguous_assigned_code:validation-f2:validation-e4,ambiguous,historical_c23_public_development_diagnostic,,R0
registry_id,ambiguous_assigned_code,registry_id,,accept,c23-development:reject:ambiguous:ambiguous_assigned_code:validation-f3:validation-e5,ambiguous,historical_c23_public_development_diagnostic,,R0
registry_id,ambiguous_assigned_code,registry_id,,accept,c23-development:reject:ambiguous:ambiguous_assigned_code:validation-f4:validation-e0,ambiguous,historical_c23_public_development_diagnostic,,R0
city_code,ambiguous_assigned_code,city_code,,accept,c23-development:reject:ambiguous:ambiguous_assigned_code:validation-f5:validation-e1,ambiguous,historical_c23_public_development_diagnostic,,R0
access_code,ambiguous_profile_key,access_code,,accept,c23-development:reject:ambiguous:ambiguous_profile_key:validation-f0:validation-e3,ambiguous,historical_c23_public_development_diagnostic,,R0
access_code,ambiguous_profile_key,access_code,,accept,c23-development:reject:ambiguous:ambiguous_profile_key:validation-f1:validation-e4,ambiguous,historical_c23_public_development_diagnostic,,R0
access_code,ambiguous_profile_key,access_code,,accept,c23-development:reject:ambiguous:ambiguous_profile_key:validation-f2:validation-e5,ambiguous,historical_c23_public_development_diagnostic,,R0
access_code,ambiguous_profile_key,access_code,,accept,c23-development:reject:ambiguous:ambiguous_profile_key:validation-f3:validation-e0,ambiguous,historical_c23_public_development_diagnostic,,R0
access_code,ambiguous_profile_key,access_code,,accept,c23-development:reject:ambiguous:ambiguous_profile_key:validation-f4:validation-e1,ambiguous,historical_c23_public_development_diagnostic,,R0
access_code,ambiguous_profile_key,access_code,,accept,c23-development:reject:ambiguous:ambiguous_profile_key:validation-f5:validation-e2,ambiguous,historical_c23_public_development_diagnostic,,R0
registry_id,ambiguous_record_value,registry_id,,accept,c23-development:reject:ambiguous:ambiguous_record_value:validation-f0:validation-e4,ambiguous,historical_c23_public_development_diagnostic,,R0
registry_id,ambiguous_record_value,registry_id,,accept,c23-development:reject:ambiguous:ambiguous_record_value:validation-f1:validation-e5,ambiguous,historical_c23_public_development_diagnostic,,R0
registry_id,ambiguous_record_value,registry_id,,accept,c23-development:reject:ambiguous:ambiguous_record_value:validation-f2:validation-e0,ambiguous,historical_c23_public_development_diagnostic,,R0
registry_id,ambiguous_record_value,registry_id,,accept,c23-development:reject:ambiguous:ambiguous_record_value:validation-f3:validation-e1,ambiguous,historical_c23_public_development_diagnostic,,R0
registry_id,ambiguous_record_value,registry_id,,accept,c23-development:reject:ambiguous:ambiguous_record_value:validation-f4:validation-e2,ambiguous,historical_c23_public_development_diagnostic,,R0
registry_id,ambiguous_record_value,registry_id,,accept,c23-development:reject:ambiguous:ambiguous_record_value:validation-f5:validation-e3,ambiguous,historical_c23_public_development_diagnostic,,R0
registry_id,ambiguous_account_number,registry_id,,accept,c23-development:reject:ambiguous:ambiguous_account_number:validation-f0:validation-e5,ambiguous,historical_c23_public_development_diagnostic,,R0
registry_id,ambiguous_account_number,registry_id,,accept,c23-development:reject:ambiguous:ambiguous_account_number:validation-f1:validation-e0,ambiguous,historical_c23_public_development_diagnostic,,R0
registry_id,ambiguous_account_number,registry_id,,accept,c23-development:reject:ambiguous:ambiguous_account_number:validation-f2:validation-e1,ambiguous,historical_c23_public_development_diagnostic,,R0
registry_id,ambiguous_account_number,registry_id,,accept,c23-development:reject:ambiguous:ambiguous_account_number:validation-f3:validation-e2,ambiguous,historical_c23_public_development_diagnostic,,R0
registry_id,ambiguous_account_number,registry_id,,accept,c23-development:reject:ambiguous:ambiguous_account_number:validation-f4:validation-e3,ambiguous,historical_c23_public_development_diagnostic,,R0
access_code,ambiguous_account_number,access_code,,accept,c23-development:reject:ambiguous:ambiguous_account_number:validation-f5:validation-e4,ambiguous,historical_c23_public_development_diagnostic,,R0
registry_id,ambiguous_internal_tag,registry_id,,accept,c23-development:reject:ambiguous:ambiguous_internal_tag:validation-f0:validation-e0,ambiguous,historical_c23_public_development_diagnostic,,R0
access_code,ambiguous_internal_tag,access_code,,accept,c23-development:reject:ambiguous:ambiguous_internal_tag:validation-f1:validation-e1,ambiguous,historical_c23_public_development_diagnostic,,R0
registry_id,ambiguous_internal_tag,registry_id,,accept,c23-development:reject:ambiguous:ambiguous_internal_tag:validation-f2:validation-e2,ambiguous,historical_c23_public_development_diagnostic,,R0
access_code,ambiguous_internal_tag,access_code,,accept,c23-development:reject:ambiguous:ambiguous_internal_tag:validation-f3:validation-e3,ambiguous,historical_c23_public_development_diagnostic,,R0
access_code,ambiguous_internal_tag,access_code,,accept,c23-development:reject:ambiguous:ambiguous_internal_tag:validation-f4:validation-e4,ambiguous,historical_c23_public_development_diagnostic,,R0
access_code,ambiguous_internal_tag,access_code,,accept,c23-development:reject:ambiguous:ambiguous_internal_tag:validation-f5:validation-e5,ambiguous,historical_c23_public_development_diagnostic,,R0
access_code,ambiguous_service_code,access_code,,accept,c23-development:reject:ambiguous:ambiguous_service_code:validation-f0:validation-e1,ambiguous,historical_c23_public_development_diagnostic,,R0
access_code,ambiguous_service_code,access_code,,accept,c23-development:reject:ambiguous:ambiguous_service_code:validation-f1:validation-e2,ambiguous,historical_c23_public_development_diagnostic,,R0
access_code,ambiguous_service_code,access_code,,accept,c23-development:reject:ambiguous:ambiguous_service_code:validation-f2:validation-e3,ambiguous,historical_c23_public_development_diagnostic,,R0
access_code,ambiguous_service_code,access_code,,accept,c23-development:reject:ambiguous:ambiguous_service_code:validation-f3:validation-e4,ambiguous,historical_c23_public_development_diagnostic,,R0
access_code,ambiguous_service_code,access_code,,accept,c23-development:reject:ambiguous:ambiguous_service_code:validation-f4:validation-e5,ambiguous,historical_c23_public_development_diagnostic,,R0
access_code,ambiguous_service_code,access_code,,accept,c23-development:reject:ambiguous:ambiguous_service_code:validation-f5:validation-e0,ambiguous,historical_c23_public_development_diagnostic,,R0
registry_id,ambiguous_subject_marker,registry_id,,accept,c23-development:reject:ambiguous:ambiguous_subject_marker:validation-f0:validation-e2,ambiguous,historical_c23_public_development_diagnostic,,R0
access_code,ambiguous_subject_marker,access_code,,accept,c23-development:reject:ambiguous:ambiguous_subject_marker:validation-f1:validation-e3,ambiguous,historical_c23_public_development_diagnostic,,R0
registry_id,ambiguous_subject_marker,registry_id,,accept,c23-development:reject:ambiguous:ambiguous_subject_marker:validation-f2:validation-e4,ambiguous,historical_c23_public_development_diagnostic,,R0
registry_id,ambiguous_subject_marker,registry_id,,accept,c23-development:reject:ambiguous:ambiguous_subject_marker:validation-f3:validation-e5,ambiguous,historical_c23_public_development_diagnostic,,R0
registry_id,ambiguous_subject_marker,registry_id,,accept,c23-development:reject:ambiguous:ambiguous_subject_marker:validation-f4:validation-e0,ambiguous,historical_c23_public_development_diagnostic,,R0
city_code,ambiguous_subject_marker,city_code,,accept,c23-development:reject:ambiguous:ambiguous_subject_marker:validation-f5:validation-e1,ambiguous,historical_c23_public_development_diagnostic,,R0
access_code,ambiguous_database_key,access_code,,accept,c23-development:reject:ambiguous:ambiguous_database_key:validation-f0:validation-e3,ambiguous,historical_c23_public_development_diagnostic,,R0
access_code,ambiguous_database_key,access_code,,accept,c23-development:reject:ambiguous:ambiguous_database_key:validation-f1:validation-e4,ambiguous,historical_c23_public_development_diagnostic,,R0
access_code,ambiguous_database_key,access_code,,accept,c23-development:reject:ambiguous:ambiguous_database_key:validation-f2:validation-e5,ambiguous,historical_c23_public_development_diagnostic,,R0
access_code,ambiguous_database_key,access_code,,accept,c23-development:reject:ambiguous:ambiguous_database_key:validation-f3:validation-e0,ambiguous,historical_c23_public_development_diagnostic,,R0
access_code,ambiguous_database_key,access_code,,accept,c23-development:reject:ambiguous:ambiguous_database_key:validation-f4:validation-e1,ambiguous,historical_c23_public_development_diagnostic,,R0
access_code,ambiguous_database_key,access_code,,accept,c23-development:reject:ambiguous:ambiguous_database_key:validation-f5:validation-e2,ambiguous,historical_c23_public_development_diagnostic,,R0
access_code,ambiguous_lookup_handle,access_code,,accept,c23-development:reject:ambiguous:ambiguous_lookup_handle:validation-f0:validation-e4,ambiguous,historical_c23_public_development_diagnostic,,R0
access_code,ambiguous_lookup_handle,access_code,,accept,c23-development:reject:ambiguous:ambiguous_lookup_handle:validation-f1:validation-e5,ambiguous,historical_c23_public_development_diagnostic,,R0
access_code,ambiguous_lookup_handle,access_code,,accept,c23-development:reject:ambiguous:ambiguous_lookup_handle:validation-f2:validation-e0,ambiguous,historical_c23_public_development_diagnostic,,R0
access_code,ambiguous_lookup_handle,access_code,,accept,c23-development:reject:ambiguous:ambiguous_lookup_handle:validation-f3:validation-e1,ambiguous,historical_c23_public_development_diagnostic,,R0
access_code,ambiguous_lookup_handle,access_code,,accept,c23-development:reject:ambiguous:ambiguous_lookup_handle:validation-f4:validation-e2,ambiguous,historical_c23_public_development_diagnostic,,R0
access_code,ambiguous_lookup_handle,access_code,,accept,c23-development:reject:ambiguous:ambiguous_lookup_handle:validation-f5:validation-e3,ambiguous,historical_c23_public_development_diagnostic,,R0
registry_id,ambiguous_verification_value,registry_id,,accept,c23-development:reject:ambiguous:ambiguous_verification_value:validation-f0:validation-e5,ambiguous,historical_c23_public_development_diagnostic,,R0
access_code,ambiguous_verification_value,access_code,,accept,c23-development:reject:ambiguous:ambiguous_verification_value:validation-f1:validation-e0,ambiguous,historical_c23_public_development_diagnostic,,R0
registry_id,ambiguous_verification_value,registry_id,,accept,c23-development:reject:ambiguous:ambiguous_verification_value:validation-f2:validation-e1,ambiguous,historical_c23_public_development_diagnostic,,R0
registry_id,ambiguous_verification_value,registry_id,,accept,c23-development:reject:ambiguous:ambiguous_verification_value:validation-f3:validation-e2,ambiguous,historical_c23_public_development_diagnostic,,R0
access_code,ambiguous_verification_value,access_code,,accept,c23-development:reject:ambiguous:ambiguous_verification_value:validation-f4:validation-e3,ambiguous,historical_c23_public_development_diagnostic,,R0
access_code,ambiguous_verification_value,access_code,,accept,c23-development:reject:ambiguous:ambiguous_verification_value:validation-f5:validation-e4,ambiguous,historical_c23_public_development_diagnostic,,R0
registry_id,unrelated_birth_date,registry_id,,accept,c23-development:reject:unrelated:unrelated_birth_date:validation-f0:validation-e0,unrelated,historical_c23_public_development_diagnostic,,R0
registry_id,unrelated_birth_date,registry_id,,accept,c23-development:reject:unrelated:unrelated_birth_date:validation-f1:validation-e1,unrelated,historical_c23_public_development_diagnostic,,R0
registry_id,unrelated_birth_date,registry_id,,accept,c23-development:reject:unrelated:unrelated_birth_date:validation-f2:validation-e2,unrelated,historical_c23_public_development_diagnostic,,R0
registry_id,unrelated_birth_date,registry_id,,accept,c23-development:reject:unrelated:unrelated_birth_date:validation-f3:validation-e3,unrelated,historical_c23_public_development_diagnostic,,R0
registry_id,unrelated_birth_date,registry_id,,accept,c23-development:reject:unrelated:unrelated_birth_date:validation-f4:validation-e4,unrelated,historical_c23_public_development_diagnostic,,R0
registry_id,unrelated_birth_date,registry_id,,accept,c23-development:reject:unrelated:unrelated_birth_date:validation-f5:validation-e5,unrelated,historical_c23_public_development_diagnostic,,R0
registry_id,unrelated_contact_email,registry_id,,accept,c23-development:reject:unrelated:unrelated_contact_email:validation-f0:validation-e1,unrelated,historical_c23_public_development_diagnostic,,R0
access_code,unrelated_contact_email,access_code,,accept,c23-development:reject:unrelated:unrelated_contact_email:validation-f1:validation-e2,unrelated,historical_c23_public_development_diagnostic,,R0
registry_id,unrelated_contact_email,registry_id,,accept,c23-development:reject:unrelated:unrelated_contact_email:validation-f2:validation-e3,unrelated,historical_c23_public_development_diagnostic,,R0
registry_id,unrelated_contact_email,registry_id,,accept,c23-development:reject:unrelated:unrelated_contact_email:validation-f3:validation-e4,unrelated,historical_c23_public_development_diagnostic,,R0
access_code,unrelated_contact_email,access_code,,accept,c23-development:reject:unrelated:unrelated_contact_email:validation-f4:validation-e5,unrelated,historical_c23_public_development_diagnostic,,R0
access_code,unrelated_contact_email,access_code,,accept,c23-development:reject:unrelated:unrelated_contact_email:validation-f5:validation-e0,unrelated,historical_c23_public_development_diagnostic,,R0
city_code,unrelated_telephone_number,city_code,,accept,c23-development:reject:unrelated:unrelated_telephone_number:validation-f0:validation-e2,unrelated,historical_c23_public_development_diagnostic,,R0
city_code,unrelated_telephone_number,city_code,,accept,c23-development:reject:unrelated:unrelated_telephone_number:validation-f1:validation-e3,unrelated,historical_c23_public_development_diagnostic,,R0
city_code,unrelated_telephone_number,city_code,,accept,c23-development:reject:unrelated:unrelated_telephone_number:validation-f2:validation-e4,unrelated,historical_c23_public_development_diagnostic,,R0
city_code,unrelated_telephone_number,city_code,,accept,c23-development:reject:unrelated:unrelated_telephone_number:validation-f3:validation-e5,unrelated,historical_c23_public_development_diagnostic,,R0
city_code,unrelated_telephone_number,city_code,,accept,c23-development:reject:unrelated:unrelated_telephone_number:validation-f4:validation-e0,unrelated,historical_c23_public_development_diagnostic,,R0
city_code,unrelated_telephone_number,city_code,,accept,c23-development:reject:unrelated:unrelated_telephone_number:validation-f5:validation-e1,unrelated,historical_c23_public_development_diagnostic,,R0
registry_id,unrelated_postal_address,registry_id,,accept,c23-development:reject:unrelated:unrelated_postal_address:validation-f0:validation-e3,unrelated,historical_c23_public_development_diagnostic,,R0
city_code,unrelated_postal_address,city_code,,accept,c23-development:reject:unrelated:unrelated_postal_address:validation-f1:validation-e4,unrelated,historical_c23_public_development_diagnostic,,R0
registry_id,unrelated_postal_address,registry_id,,accept,c23-development:reject:unrelated:unrelated_postal_address:validation-f2:validation-e5,unrelated,historical_c23_public_development_diagnostic,,R0
registry_id,unrelated_postal_address,registry_id,,accept,c23-development:reject:unrelated:unrelated_postal_address:validation-f3:validation-e0,unrelated,historical_c23_public_development_diagnostic,,R0
city_code,unrelated_postal_address,city_code,,accept,c23-development:reject:unrelated:unrelated_postal_address:validation-f4:validation-e1,unrelated,historical_c23_public_development_diagnostic,,R0
city_code,unrelated_postal_address,city_code,,accept,c23-development:reject:unrelated:unrelated_postal_address:validation-f5:validation-e2,unrelated,historical_c23_public_development_diagnostic,,R0
registry_id,unrelated_account_balance,registry_id,,accept,c23-development:reject:unrelated:unrelated_account_balance:validation-f0:validation-e4,unrelated,historical_c23_public_development_diagnostic,,R0
access_code,unrelated_account_balance,access_code,,accept,c23-development:reject:unrelated:unrelated_account_balance:validation-f1:validation-e5,unrelated,historical_c23_public_development_diagnostic,,R0
registry_id,unrelated_account_balance,registry_id,,accept,c23-development:reject:unrelated:unrelated_account_balance:validation-f2:validation-e0,unrelated,historical_c23_public_development_diagnostic,,R0
registry_id,unrelated_account_balance,registry_id,,accept,c23-development:reject:unrelated:unrelated_account_balance:validation-f3:validation-e1,unrelated,historical_c23_public_development_diagnostic,,R0
registry_id,unrelated_account_balance,registry_id,,accept,c23-development:reject:unrelated:unrelated_account_balance:validation-f4:validation-e2,unrelated,historical_c23_public_development_diagnostic,,R0
access_code,unrelated_account_balance,access_code,,accept,c23-development:reject:unrelated:unrelated_account_balance:validation-f5:validation-e3,unrelated,historical_c23_public_development_diagnostic,,R0
registry_id,unrelated_favorite_color,registry_id,,accept,c23-development:reject:unrelated:unrelated_favorite_color:validation-f0:validation-e5,unrelated,historical_c23_public_development_diagnostic,,R0
access_code,unrelated_favorite_color,access_code,,accept,c23-development:reject:unrelated:unrelated_favorite_color:validation-f1:validation-e0,unrelated,historical_c23_public_development_diagnostic,,R0
registry_id,unrelated_favorite_color,registry_id,,accept,c23-development:reject:unrelated:unrelated_favorite_color:validation-f2:validation-e1,unrelated,historical_c23_public_development_diagnostic,,R0
access_code,unrelated_favorite_color,access_code,,accept,c23-development:reject:unrelated:unrelated_favorite_color:validation-f3:validation-e2,unrelated,historical_c23_public_development_diagnostic,,R0
access_code,unrelated_favorite_color,access_code,,accept,c23-development:reject:unrelated:unrelated_favorite_color:validation-f4:validation-e3,unrelated,historical_c23_public_development_diagnostic,,R0
access_code,unrelated_favorite_color,access_code,,accept,c23-development:reject:unrelated:unrelated_favorite_color:validation-f5:validation-e4,unrelated,historical_c23_public_development_diagnostic,,R0
access_code,unrelated_preferred_language,access_code,,accept,c23-development:reject:unrelated:unrelated_preferred_language:validation-f0:validation-e0,unrelated,historical_c23_public_development_diagnostic,,R0
access_code,unrelated_preferred_language,access_code,,accept,c23-development:reject:unrelated:unrelated_preferred_language:validation-f1:validation-e1,unrelated,historical_c23_public_development_diagnostic,,R0
registry_id,unrelated_preferred_language,registry_id,,accept,c23-development:reject:unrelated:unrelated_preferred_language:validation-f2:validation-e2,unrelated,historical_c23_public_development_diagnostic,,R0
access_code,unrelated_preferred_language,access_code,,accept,c23-development:reject:unrelated:unrelated_preferred_language:validation-f3:validation-e3,unrelated,historical_c23_public_development_diagnostic,,R0
access_code,unrelated_preferred_language,access_code,,accept,c23-development:reject:unrelated:unrelated_preferred_language:validation-f4:validation-e4,unrelated,historical_c23_public_development_diagnostic,,R0
access_code,unrelated_preferred_language,access_code,,accept,c23-development:reject:unrelated:unrelated_preferred_language:validation-f5:validation-e5,unrelated,historical_c23_public_development_diagnostic,,R0
registry_id,unrelated_owner_name,registry_id,,accept,c23-development:reject:unrelated:unrelated_owner_name:validation-f0:validation-e1,unrelated,historical_c23_public_development_diagnostic,,R0
access_code,unrelated_owner_name,access_code,,accept,c23-development:reject:unrelated:unrelated_owner_name:validation-f1:validation-e2,unrelated,historical_c23_public_development_diagnostic,,R0
registry_id,unrelated_owner_name,registry_id,,accept,c23-development:reject:unrelated:unrelated_owner_name:validation-f2:validation-e3,unrelated,historical_c23_public_development_diagnostic,,R0
registry_id,unrelated_owner_name,registry_id,,accept,c23-development:reject:unrelated:unrelated_owner_name:validation-f3:validation-e4,unrelated,historical_c23_public_development_diagnostic,,R0
access_code,unrelated_owner_name,access_code,,accept,c23-development:reject:unrelated:unrelated_owner_name:validation-f4:validation-e5,unrelated,historical_c23_public_development_diagnostic,,R0
access_code,unrelated_owner_name,access_code,,accept,c23-development:reject:unrelated:unrelated_owner_name:validation-f5:validation-e0,unrelated,historical_c23_public_development_diagnostic,,R0
registry_id,unrelated_creation_timestamp,registry_id,,accept,c23-development:reject:unrelated:unrelated_creation_timestamp:validation-f0:validation-e2,unrelated,historical_c23_public_development_diagnostic,,R0
registry_id,unrelated_creation_timestamp,registry_id,,accept,c23-development:reject:unrelated:unrelated_creation_timestamp:validation-f1:validation-e3,unrelated,historical_c23_public_development_diagnostic,,R0
registry_id,unrelated_creation_timestamp,registry_id,,accept,c23-development:reject:unrelated:unrelated_creation_timestamp:validation-f2:validation-e4,unrelated,historical_c23_public_development_diagnostic,,R0
registry_id,unrelated_creation_timestamp,registry_id,,accept,c23-development:reject:unrelated:unrelated_creation_timestamp:validation-f3:validation-e5,unrelated,historical_c23_public_development_diagnostic,,R0
registry_id,unrelated_creation_timestamp,registry_id,,accept,c23-development:reject:unrelated:unrelated_creation_timestamp:validation-f4:validation-e0,unrelated,historical_c23_public_development_diagnostic,,R0
registry_id,unrelated_creation_timestamp,registry_id,,accept,c23-development:reject:unrelated:unrelated_creation_timestamp:validation-f5:validation-e1,unrelated,historical_c23_public_development_diagnostic,,R0
city_code,unrelated_current_status,city_code,,accept,c23-development:reject:unrelated:unrelated_current_status:validation-f0:validation-e3,unrelated,historical_c23_public_development_diagnostic,,R0
access_code,unrelated_current_status,access_code,,accept,c23-development:reject:unrelated:unrelated_current_status:validation-f1:validation-e4,unrelated,historical_c23_public_development_diagnostic,,R0
registry_id,unrelated_current_status,registry_id,,accept,c23-development:reject:unrelated:unrelated_current_status:validation-f2:validation-e5,unrelated,historical_c23_public_development_diagnostic,,R0
access_code,unrelated_current_status,access_code,,accept,c23-development:reject:unrelated:unrelated_current_status:validation-f3:validation-e0,unrelated,historical_c23_public_development_diagnostic,,R0
access_code,unrelated_current_status,access_code,,accept,c23-development:reject:unrelated:unrelated_current_status:validation-f4:validation-e1,unrelated,historical_c23_public_development_diagnostic,,R0
access_code,unrelated_current_status,access_code,,accept,c23-development:reject:unrelated:unrelated_current_status:validation-f5:validation-e2,unrelated,historical_c23_public_development_diagnostic,,R0
city_code,unrelated_category_description,city_code,,accept,c23-development:reject:unrelated:unrelated_category_description:validation-f0:validation-e4,unrelated,historical_c23_public_development_diagnostic,,R0
city_code,unrelated_category_description,city_code,,accept,c23-development:reject:unrelated:unrelated_category_description:validation-f1:validation-e5,unrelated,historical_c23_public_development_diagnostic,,R0
city_code,unrelated_category_description,city_code,,accept,c23-development:reject:unrelated:unrelated_category_description:validation-f2:validation-e0,unrelated,historical_c23_public_development_diagnostic,,R0
city_code,unrelated_category_description,city_code,,accept,c23-development:reject:unrelated:unrelated_category_description:validation-f3:validation-e1,unrelated,historical_c23_public_development_diagnostic,,R0
city_code,unrelated_category_description,city_code,,accept,c23-development:reject:unrelated:unrelated_category_description:validation-f4:validation-e2,unrelated,historical_c23_public_development_diagnostic,,R0
city_code,unrelated_category_description,city_code,,accept,c23-development:reject:unrelated:unrelated_category_description:validation-f5:validation-e3,unrelated,historical_c23_public_development_diagnostic,,R0
registry_id,unrelated_last_update_date,registry_id,,accept,c23-development:reject:unrelated:unrelated_last_update_date:validation-f0:validation-e5,unrelated,historical_c23_public_development_diagnostic,,R0
registry_id,unrelated_last_update_date,registry_id,,accept,c23-development:reject:unrelated:unrelated_last_update_date:validation-f1:validation-e0,unrelated,historical_c23_public_development_diagnostic,,R0
registry_id,unrelated_last_update_date,registry_id,,accept,c23-development:reject:unrelated:unrelated_last_update_date:validation-f2:validation-e1,unrelated,historical_c23_public_development_diagnostic,,R0
registry_id,unrelated_last_update_date,registry_id,,accept,c23-development:reject:unrelated:unrelated_last_update_date:validation-f3:validation-e2,unrelated,historical_c23_public_development_diagnostic,,R0
registry_id,unrelated_last_update_date,registry_id,,accept,c23-development:reject:unrelated:unrelated_last_update_date:validation-f4:validation-e3,unrelated,historical_c23_public_development_diagnostic,,R0
access_code,unrelated_last_update_date,access_code,,accept,c23-development:reject:unrelated:unrelated_last_update_date:validation-f5:validation-e4,unrelated,historical_c23_public_development_diagnostic,,R0
registry_id,registry_official_register_identifier,registry_id,,accept,c23-development:validation:registry_id:registry_official_register_identifier:validation-f0:validation-e0,known,historical_c23_public_development_diagnostic,registry_id,R1
registry_id,registry_official_register_identifier,registry_id,,accept,c23-development:validation:registry_id:registry_official_register_identifier:validation-f1:validation-e1,known,historical_c23_public_development_diagnostic,registry_id,R1
registry_id,registry_official_register_identifier,registry_id,,accept,c23-development:validation:registry_id:registry_official_register_identifier:validation-f2:validation-e2,known,historical_c23_public_development_diagnostic,registry_id,R1
registry_id,registry_official_register_identifier,registry_id,,accept,c23-development:validation:registry_id:registry_official_register_identifier:validation-f3:validation-e3,known,historical_c23_public_development_diagnostic,registry_id,R1
registry_id,registry_official_register_identifier,registry_id,,accept,c23-development:validation:registry_id:registry_official_register_identifier:validation-f4:validation-e4,known,historical_c23_public_development_diagnostic,registry_id,R1
registry_id,registry_official_register_identifier,registry_id,,accept,c23-development:validation:registry_id:registry_official_register_identifier:validation-f5:validation-e5,known,historical_c23_public_development_diagnostic,registry_id,R1
registry_id,registry_registration_database_number,registry_id,,accept,c23-development:validation:registry_id:registry_registration_database_number:validation-f0:validation-e1,known,historical_c23_public_development_diagnostic,registry_id,R1
registry_id,registry_registration_database_number,registry_id,,accept,c23-development:validation:registry_id:registry_registration_database_number:validation-f1:validation-e2,known,historical_c23_public_development_diagnostic,registry_id,R1
registry_id,registry_registration_database_number,registry_id,,accept,c23-development:validation:registry_id:registry_registration_database_number:validation-f2:validation-e3,known,historical_c23_public_development_diagnostic,registry_id,R1
registry_id,registry_registration_database_number,registry_id,,accept,c23-development:validation:registry_id:registry_registration_database_number:validation-f3:validation-e4,known,historical_c23_public_development_diagnostic,registry_id,R1
registry_id,registry_registration_database_number,registry_id,,accept,c23-development:validation:registry_id:registry_registration_database_number:validation-f4:validation-e5,known,historical_c23_public_development_diagnostic,registry_id,R1
registry_id,registry_registration_database_number,registry_id,,accept,c23-development:validation:registry_id:registry_registration_database_number:validation-f5:validation-e0,known,historical_c23_public_development_diagnostic,registry_id,R1
registry_id,registry_entry_serial,registry_id,,accept,c23-development:validation:registry_id:registry_entry_serial:validation-f0:validation-e2,known,historical_c23_public_development_diagnostic,registry_id,R1
registry_id,registry_entry_serial,registry_id,,accept,c23-development:validation:registry_id:registry_entry_serial:validation-f1:validation-e3,known,historical_c23_public_development_diagnostic,registry_id,R1
registry_id,registry_entry_serial,registry_id,,accept,c23-development:validation:registry_id:registry_entry_serial:validation-f2:validation-e4,known,historical_c23_public_development_diagnostic,registry_id,R1
registry_id,registry_entry_serial,registry_id,,accept,c23-development:validation:registry_id:registry_entry_serial:validation-f3:validation-e5,known,historical_c23_public_development_diagnostic,registry_id,R1
registry_id,registry_entry_serial,registry_id,,accept,c23-development:validation:registry_id:registry_entry_serial:validation-f4:validation-e0,known,historical_c23_public_development_diagnostic,registry_id,R1
registry_id,registry_entry_serial,registry_id,,accept,c23-development:validation:registry_id:registry_entry_serial:validation-f5:validation-e1,known,historical_c23_public_development_diagnostic,registry_id,R1
registry_id,registry_records_office_id,registry_id,,accept,c23-development:validation:registry_id:registry_records_office_id:validation-f0:validation-e3,known,historical_c23_public_development_diagnostic,registry_id,R1
registry_id,registry_records_office_id,registry_id,,accept,c23-development:validation:registry_id:registry_records_office_id:validation-f1:validation-e4,known,historical_c23_public_development_diagnostic,registry_id,R1
registry_id,registry_records_office_id,registry_id,,accept,c23-development:validation:registry_id:registry_records_office_id:validation-f2:validation-e5,known,historical_c23_public_development_diagnostic,registry_id,R1
registry_id,registry_records_office_id,registry_id,,accept,c23-development:validation:registry_id:registry_records_office_id:validation-f3:validation-e0,known,historical_c23_public_development_diagnostic,registry_id,R1
registry_id,registry_records_office_id,registry_id,,accept,c23-development:validation:registry_id:registry_records_office_id:validation-f4:validation-e1,known,historical_c23_public_development_diagnostic,registry_id,R1
registry_id,registry_records_office_id,registry_id,,accept,c23-development:validation:registry_id:registry_records_office_id:validation-f5:validation-e2,known,historical_c23_public_development_diagnostic,registry_id,R1
registry_id,registry_recordkeeping_index,registry_id,,accept,c23-development:validation:registry_id:registry_recordkeeping_index:validation-f0:validation-e4,known,historical_c23_public_development_diagnostic,registry_id,R1
registry_id,registry_recordkeeping_index,registry_id,,accept,c23-development:validation:registry_id:registry_recordkeeping_index:validation-f1:validation-e5,known,historical_c23_public_development_diagnostic,registry_id,R1
registry_id,registry_recordkeeping_index,registry_id,,accept,c23-development:validation:registry_id:registry_recordkeeping_index:validation-f2:validation-e0,known,historical_c23_public_development_diagnostic,registry_id,R1
registry_id,registry_recordkeeping_index,registry_id,,accept,c23-development:validation:registry_id:registry_recordkeeping_index:validation-f3:validation-e1,known,historical_c23_public_development_diagnostic,registry_id,R1
registry_id,registry_recordkeeping_index,registry_id,,accept,c23-development:validation:registry_id:registry_recordkeeping_index:validation-f4:validation-e2,known,historical_c23_public_development_diagnostic,registry_id,R1
registry_id,registry_recordkeeping_index,registry_id,,accept,c23-development:validation:registry_id:registry_recordkeeping_index:validation-f5:validation-e3,known,historical_c23_public_development_diagnostic,registry_id,R1
registry_id,registry_formal_filing_reference,registry_id,,accept,c23-development:validation:registry_id:registry_formal_filing_reference:validation-f0:validation-e5,known,historical_c23_public_development_diagnostic,registry_id,R1
registry_id,registry_formal_filing_reference,registry_id,,accept,c23-development:validation:registry_id:registry_formal_filing_reference:validation-f1:validation-e0,known,historical_c23_public_development_diagnostic,registry_id,R1
registry_id,registry_formal_filing_reference,registry_id,,accept,c23-development:validation:registry_id:registry_formal_filing_reference:validation-f2:validation-e1,known,historical_c23_public_development_diagnostic,registry_id,R1
registry_id,registry_formal_filing_reference,registry_id,,accept,c23-development:validation:registry_id:registry_formal_filing_reference:validation-f3:validation-e2,known,historical_c23_public_development_diagnostic,registry_id,R1
registry_id,registry_formal_filing_reference,registry_id,,accept,c23-development:validation:registry_id:registry_formal_filing_reference:validation-f4:validation-e3,known,historical_c23_public_development_diagnostic,registry_id,R1
registry_id,registry_formal_filing_reference,registry_id,,accept,c23-development:validation:registry_id:registry_formal_filing_reference:validation-f5:validation-e4,known,historical_c23_public_development_diagnostic,registry_id,R1
registry_id,registry_master_roster_serial,registry_id,,accept,c23-development:validation:registry_id:registry_master_roster_serial:validation-f0:validation-e0,known,historical_c23_public_development_diagnostic,registry_id,R1
registry_id,registry_master_roster_serial,registry_id,,accept,c23-development:validation:registry_id:registry_master_roster_serial:validation-f1:validation-e1,known,historical_c23_public_development_diagnostic,registry_id,R1
registry_id,registry_master_roster_serial,registry_id,,accept,c23-development:validation:registry_id:registry_master_roster_serial:validation-f2:validation-e2,known,historical_c23_public_development_diagnostic,registry_id,R1
registry_id,registry_master_roster_serial,registry_id,,accept,c23-development:validation:registry_id:registry_master_roster_serial:validation-f3:validation-e3,known,historical_c23_public_development_diagnostic,registry_id,R1
registry_id,registry_master_roster_serial,registry_id,,accept,c23-development:validation:registry_id:registry_master_roster_serial:validation-f4:validation-e4,known,historical_c23_public_development_diagnostic,registry_id,R1
registry_id,registry_master_roster_serial,registry_id,,accept,c23-development:validation:registry_id:registry_master_roster_serial:validation-f5:validation-e5,known,historical_c23_public_development_diagnostic,registry_id,R1
registry_id,registry_official_roll_index,registry_id,,accept,c23-development:validation:registry_id:registry_official_roll_index:validation-f0:validation-e1,known,historical_c23_public_development_diagnostic,registry_id,R1
registry_id,registry_official_roll_index,registry_id,,accept,c23-development:validation:registry_id:registry_official_roll_index:validation-f1:validation-e2,known,historical_c23_public_development_diagnostic,registry_id,R1
registry_id,registry_official_roll_index,registry_id,,accept,c23-development:validation:registry_id:registry_official_roll_index:validation-f2:validation-e3,known,historical_c23_public_development_diagnostic,registry_id,R1
registry_id,registry_official_roll_index,registry_id,,accept,c23-development:validation:registry_id:registry_official_roll_index:validation-f3:validation-e4,known,historical_c23_public_development_diagnostic,registry_id,R1
registry_id,registry_official_roll_index,registry_id,,accept,c23-development:validation:registry_id:registry_official_roll_index:validation-f4:validation-e5,known,historical_c23_public_development_diagnostic,registry_id,R1
registry_id,registry_official_roll_index,registry_id,,accept,c23-development:validation:registry_id:registry_official_roll_index:validation-f5:validation-e0,known,historical_c23_public_development_diagnostic,registry_id,R1
registry_id,registry_catalogue_accession,registry_id,,accept,c23-development:validation:registry_id:registry_catalogue_accession:validation-f0:validation-e2,known,historical_c23_public_development_diagnostic,registry_id,R1
registry_id,registry_catalogue_accession,registry_id,,accept,c23-development:validation:registry_id:registry_catalogue_accession:validation-f1:validation-e3,known,historical_c23_public_development_diagnostic,registry_id,R1
registry_id,registry_catalogue_accession,registry_id,,accept,c23-development:validation:registry_id:registry_catalogue_accession:validation-f2:validation-e4,known,historical_c23_public_development_diagnostic,registry_id,R1
registry_id,registry_catalogue_accession,registry_id,,accept,c23-development:validation:registry_id:registry_catalogue_accession:validation-f3:validation-e5,known,historical_c23_public_development_diagnostic,registry_id,R1
registry_id,registry_catalogue_accession,registry_id,,accept,c23-development:validation:registry_id:registry_catalogue_accession:validation-f4:validation-e0,known,historical_c23_public_development_diagnostic,registry_id,R1
registry_id,registry_catalogue_accession,registry_id,,accept,c23-development:validation:registry_id:registry_catalogue_accession:validation-f5:validation-e1,known,historical_c23_public_development_diagnostic,registry_id,R1
registry_id,registry_master_list_folio,registry_id,,accept,c23-development:validation:registry_id:registry_master_list_folio:validation-f0:validation-e3,known,historical_c23_public_development_diagnostic,registry_id,R1
registry_id,registry_master_list_folio,registry_id,,accept,c23-development:validation:registry_id:registry_master_list_folio:validation-f1:validation-e4,known,historical_c23_public_development_diagnostic,registry_id,R1
registry_id,registry_master_list_folio,registry_id,,accept,c23-development:validation:registry_id:registry_master_list_folio:validation-f2:validation-e5,known,historical_c23_public_development_diagnostic,registry_id,R1
registry_id,registry_master_list_folio,registry_id,,accept,c23-development:validation:registry_id:registry_master_list_folio:validation-f3:validation-e0,known,historical_c23_public_development_diagnostic,registry_id,R1
registry_id,registry_master_list_folio,registry_id,,accept,c23-development:validation:registry_id:registry_master_list_folio:validation-f4:validation-e1,known,historical_c23_public_development_diagnostic,registry_id,R1
registry_id,registry_master_list_folio,registry_id,,accept,c23-development:validation:registry_id:registry_master_list_folio:validation-f5:validation-e2,known,historical_c23_public_development_diagnostic,registry_id,R1
registry_id,registry_subject_docket_reference,registry_id,,accept,c23-development:validation:registry_id:registry_subject_docket_reference:validation-f0:validation-e4,known,historical_c23_public_development_diagnostic,registry_id,R1
registry_id,registry_subject_docket_reference,registry_id,,accept,c23-development:validation:registry_id:registry_subject_docket_reference:validation-f1:validation-e5,known,historical_c23_public_development_diagnostic,registry_id,R1
registry_id,registry_subject_docket_reference,registry_id,,accept,c23-development:validation:registry_id:registry_subject_docket_reference:validation-f2:validation-e0,known,historical_c23_public_development_diagnostic,registry_id,R1
registry_id,registry_subject_docket_reference,registry_id,,accept,c23-development:validation:registry_id:registry_subject_docket_reference:validation-f3:validation-e1,known,historical_c23_public_development_diagnostic,registry_id,R1
registry_id,registry_subject_docket_reference,registry_id,,accept,c23-development:validation:registry_id:registry_subject_docket_reference:validation-f4:validation-e2,known,historical_c23_public_development_diagnostic,registry_id,R1
registry_id,registry_subject_docket_reference,registry_id,,accept,c23-development:validation:registry_id:registry_subject_docket_reference:validation-f5:validation-e3,known,historical_c23_public_development_diagnostic,registry_id,R1
registry_id,registry_official_listing_index,registry_id,,accept,c23-development:validation:registry_id:registry_official_listing_index:validation-f0:validation-e5,known,historical_c23_public_development_diagnostic,registry_id,R1
registry_id,registry_official_listing_index,registry_id,,accept,c23-development:validation:registry_id:registry_official_listing_index:validation-f1:validation-e0,known,historical_c23_public_development_diagnostic,registry_id,R1
registry_id,registry_official_listing_index,registry_id,,accept,c23-development:validation:registry_id:registry_official_listing_index:validation-f2:validation-e1,known,historical_c23_public_development_diagnostic,registry_id,R1
registry_id,registry_official_listing_index,registry_id,,accept,c23-development:validation:registry_id:registry_official_listing_index:validation-f3:validation-e2,known,historical_c23_public_development_diagnostic,registry_id,R1
registry_id,registry_official_listing_index,registry_id,,accept,c23-development:validation:registry_id:registry_official_listing_index:validation-f4:validation-e3,known,historical_c23_public_development_diagnostic,registry_id,R1
registry_id,registry_official_listing_index,registry_id,,accept,c23-development:validation:registry_id:registry_official_listing_index:validation-f5:validation-e4,known,historical_c23_public_development_diagnostic,registry_id,R1
city_code,city_named_municipality_code,city_code,,accept,c23-development:validation:city_code:city_named_municipality_code:validation-f0:validation-e1,known,historical_c23_public_development_diagnostic,city_code,R1
city_code,city_named_municipality_code,city_code,,accept,c23-development:validation:city_code:city_named_municipality_code:validation-f1:validation-e2,known,historical_c23_public_development_diagnostic,city_code,R1
city_code,city_named_municipality_code,city_code,,accept,c23-development:validation:city_code:city_named_municipality_code:validation-f2:validation-e3,known,historical_c23_public_development_diagnostic,city_code,R1
city_code,city_named_municipality_code,city_code,,accept,c23-development:validation:city_code:city_named_municipality_code:validation-f3:validation-e4,known,historical_c23_public_development_diagnostic,city_code,R1
city_code,city_named_municipality_code,city_code,,accept,c23-development:validation:city_code:city_named_municipality_code:validation-f4:validation-e5,known,historical_c23_public_development_diagnostic,city_code,R1
city_code,city_named_municipality_code,city_code,,accept,c23-development:validation:city_code:city_named_municipality_code:validation-f5:validation-e0,known,historical_c23_public_development_diagnostic,city_code,R1
registry_id,city_populated_place_identifier,registry_id,,accept,c23-development:validation:city_code:city_populated_place_identifier:validation-f0:validation-e2,known,historical_c23_public_development_diagnostic,city_code,R1
registry_id,city_populated_place_identifier,registry_id,,accept,c23-development:validation:city_code:city_populated_place_identifier:validation-f1:validation-e3,known,historical_c23_public_development_diagnostic,city_code,R1
registry_id,city_populated_place_identifier,registry_id,,accept,c23-development:validation:city_code:city_populated_place_identifier:validation-f2:validation-e4,known,historical_c23_public_development_diagnostic,city_code,R1
registry_id,city_populated_place_identifier,registry_id,,accept,c23-development:validation:city_code:city_populated_place_identifier:validation-f3:validation-e5,known,historical_c23_public_development_diagnostic,city_code,R1
registry_id,city_populated_place_identifier,registry_id,,accept,c23-development:validation:city_code:city_populated_place_identifier:validation-f4:validation-e0,known,historical_c23_public_development_diagnostic,city_code,R1
registry_id,city_populated_place_identifier,registry_id,,accept,c23-development:validation:city_code:city_populated_place_identifier:validation-f5:validation-e1,known,historical_c23_public_development_diagnostic,city_code,R1
registry_id,city_local_jurisdiction_number,registry_id,,accept,c23-development:validation:city_code:city_local_jurisdiction_number:validation-f0:validation-e3,known,historical_c23_public_development_diagnostic,city_code,R1
registry_id,city_local_jurisdiction_number,registry_id,,accept,c23-development:validation:city_code:city_local_jurisdiction_number:validation-f1:validation-e4,known,historical_c23_public_development_diagnostic,city_code,R1
registry_id,city_local_jurisdiction_number,registry_id,,accept,c23-development:validation:city_code:city_local_jurisdiction_number:validation-f2:validation-e5,known,historical_c23_public_development_diagnostic,city_code,R1
registry_id,city_local_jurisdiction_number,registry_id,,accept,c23-development:validation:city_code:city_local_jurisdiction_number:validation-f3:validation-e0,known,historical_c23_public_development_diagnostic,city_code,R1
registry_id,city_local_jurisdiction_number,registry_id,,accept,c23-development:validation:city_code:city_local_jurisdiction_number:validation-f4:validation-e1,known,historical_c23_public_development_diagnostic,city_code,R1
registry_id,city_local_jurisdiction_number,registry_id,,accept,c23-development:validation:city_code:city_local_jurisdiction_number:validation-f5:validation-e2,known,historical_c23_public_development_diagnostic,city_code,R1
city_code,city_administrative_area_id,city_code,,accept,c23-development:validation:city_code:city_administrative_area_id:validation-f0:validation-e4,known,historical_c23_public_development_diagnostic,city_code,R1
city_code,city_administrative_area_id,city_code,,accept,c23-development:validation:city_code:city_administrative_area_id:validation-f1:validation-e5,known,historical_c23_public_development_diagnostic,city_code,R1
city_code,city_administrative_area_id,city_code,,accept,c23-development:validation:city_code:city_administrative_area_id:validation-f2:validation-e0,known,historical_c23_public_development_diagnostic,city_code,R1
city_code,city_administrative_area_id,city_code,,accept,c23-development:validation:city_code:city_administrative_area_id:validation-f3:validation-e1,known,historical_c23_public_development_diagnostic,city_code,R1
city_code,city_administrative_area_id,city_code,,accept,c23-development:validation:city_code:city_administrative_area_id:validation-f4:validation-e2,known,historical_c23_public_development_diagnostic,city_code,R1
city_code,city_administrative_area_id,city_code,,accept,c23-development:validation:city_code:city_administrative_area_id:validation-f5:validation-e3,known,historical_c23_public_development_diagnostic,city_code,R1
registry_id,city_named_locality_code,registry_id,,accept,c23-development:validation:city_code:city_named_locality_code:validation-f0:validation-e5,known,historical_c23_public_development_diagnostic,city_code,R1
registry_id,city_named_locality_code,registry_id,,accept,c23-development:validation:city_code:city_named_locality_code:validation-f1:validation-e0,known,historical_c23_public_development_diagnostic,city_code,R1
registry_id,city_named_locality_code,registry_id,,accept,c23-development:validation:city_code:city_named_locality_code:validation-f2:validation-e1,known,historical_c23_public_development_diagnostic,city_code,R1
registry_id,city_named_locality_code,registry_id,,accept,c23-development:validation:city_code:city_named_locality_code:validation-f3:validation-e2,known,historical_c23_public_development_diagnostic,city_code,R1
registry_id,city_named_locality_code,registry_id,,accept,c23-development:validation:city_code:city_named_locality_code:validation-f4:validation-e3,known,historical_c23_public_development_diagnostic,city_code,R1
registry_id,city_named_locality_code,registry_id,,accept,c23-development:validation:city_code:city_named_locality_code:validation-f5:validation-e4,known,historical_c23_public_development_diagnostic,city_code,R1
city_code,city_local_government_identifier,city_code,,accept,c23-development:validation:city_code:city_local_government_identifier:validation-f0:validation-e0,known,historical_c23_public_development_diagnostic,city_code,R1
city_code,city_local_government_identifier,city_code,,accept,c23-development:validation:city_code:city_local_government_identifier:validation-f1:validation-e1,known,historical_c23_public_development_diagnostic,city_code,R1
city_code,city_local_government_identifier,city_code,,accept,c23-development:validation:city_code:city_local_government_identifier:validation-f2:validation-e2,known,historical_c23_public_development_diagnostic,city_code,R1
city_code,city_local_government_identifier,city_code,,accept,c23-development:validation:city_code:city_local_government_identifier:validation-f3:validation-e3,known,historical_c23_public_development_diagnostic,city_code,R1
city_code,city_local_government_identifier,city_code,,accept,c23-development:validation:city_code:city_local_government_identifier:validation-f4:validation-e4,known,historical_c23_public_development_diagnostic,city_code,R1
city_code,city_local_government_identifier,city_code,,accept,c23-development:validation:city_code:city_local_government_identifier:validation-f5:validation-e5,known,historical_c23_public_development_diagnostic,city_code,R1
city_code,city_town_geocode,city_code,,accept,c23-development:validation:city_code:city_town_geocode:validation-f0:validation-e1,known,historical_c23_public_development_diagnostic,city_code,R1
city_code,city_town_geocode,city_code,,accept,c23-development:validation:city_code:city_town_geocode:validation-f1:validation-e2,known,historical_c23_public_development_diagnostic,city_code,R1
city_code,city_town_geocode,city_code,,accept,c23-development:validation:city_code:city_town_geocode:validation-f2:validation-e3,known,historical_c23_public_development_diagnostic,city_code,R1
city_code,city_town_geocode,city_code,,accept,c23-development:validation:city_code:city_town_geocode:validation-f3:validation-e4,known,historical_c23_public_development_diagnostic,city_code,R1
city_code,city_town_geocode,city_code,,accept,c23-development:validation:city_code:city_town_geocode:validation-f4:validation-e5,known,historical_c23_public_development_diagnostic,city_code,R1
city_code,city_town_geocode,city_code,,accept,c23-development:validation:city_code:city_town_geocode:validation-f5:validation-e0,known,historical_c23_public_development_diagnostic,city_code,R1
city_code,city_metropolitan_designation,city_code,,accept,c23-development:validation:city_code:city_metropolitan_designation:validation-f0:validation-e2,known,historical_c23_public_development_diagnostic,city_code,R1
city_code,city_metropolitan_designation,city_code,,accept,c23-development:validation:city_code:city_metropolitan_designation:validation-f1:validation-e3,known,historical_c23_public_development_diagnostic,city_code,R1
city_code,city_metropolitan_designation,city_code,,accept,c23-development:validation:city_code:city_metropolitan_designation:validation-f2:validation-e4,known,historical_c23_public_development_diagnostic,city_code,R1
city_code,city_metropolitan_designation,city_code,,accept,c23-development:validation:city_code:city_metropolitan_designation:validation-f3:validation-e5,known,historical_c23_public_development_diagnostic,city_code,R1
city_code,city_metropolitan_designation,city_code,,accept,c23-development:validation:city_code:city_metropolitan_designation:validation-f4:validation-e0,known,historical_c23_public_development_diagnostic,city_code,R1
city_code,city_metropolitan_designation,city_code,,accept,c23-development:validation:city_code:city_metropolitan_designation:validation-f5:validation-e1,known,historical_c23_public_development_diagnostic,city_code,R1
city_code,city_urban_district_number,city_code,,accept,c23-development:validation:city_code:city_urban_district_number:validation-f0:validation-e3,known,historical_c23_public_development_diagnostic,city_code,R1
city_code,city_urban_district_number,city_code,,accept,c23-development:validation:city_code:city_urban_district_number:validation-f1:validation-e4,known,historical_c23_public_development_diagnostic,city_code,R1
city_code,city_urban_district_number,city_code,,accept,c23-development:validation:city_code:city_urban_district_number:validation-f2:validation-e5,known,historical_c23_public_development_diagnostic,city_code,R1
city_code,city_urban_district_number,city_code,,accept,c23-development:validation:city_code:city_urban_district_number:validation-f3:validation-e0,known,historical_c23_public_development_diagnostic,city_code,R1
city_code,city_urban_district_number,city_code,,accept,c23-development:validation:city_code:city_urban_district_number:validation-f4:validation-e1,known,historical_c23_public_development_diagnostic,city_code,R1
city_code,city_urban_district_number,city_code,,accept,c23-development:validation:city_code:city_urban_district_number:validation-f5:validation-e2,known,historical_c23_public_development_diagnostic,city_code,R1
city_code,city_civic_region_label,city_code,,accept,c23-development:validation:city_code:city_civic_region_label:validation-f0:validation-e4,known,historical_c23_public_development_diagnostic,city_code,R1
city_code,city_civic_region_label,city_code,,accept,c23-development:validation:city_code:city_civic_region_label:validation-f1:validation-e5,known,historical_c23_public_development_diagnostic,city_code,R1
city_code,city_civic_region_label,city_code,,accept,c23-development:validation:city_code:city_civic_region_label:validation-f2:validation-e0,known,historical_c23_public_development_diagnostic,city_code,R1
city_code,city_civic_region_label,city_code,,accept,c23-development:validation:city_code:city_civic_region_label:validation-f3:validation-e1,known,historical_c23_public_development_diagnostic,city_code,R1
city_code,city_civic_region_label,city_code,,accept,c23-development:validation:city_code:city_civic_region_label:validation-f4:validation-e2,known,historical_c23_public_development_diagnostic,city_code,R1
city_code,city_civic_region_label,city_code,,accept,c23-development:validation:city_code:city_civic_region_label:validation-f5:validation-e3,known,historical_c23_public_development_diagnostic,city_code,R1
city_code,city_town_place_code,city_code,,accept,c23-development:validation:city_code:city_town_place_code:validation-f0:validation-e5,known,historical_c23_public_development_diagnostic,city_code,R1
city_code,city_town_place_code,city_code,,accept,c23-development:validation:city_code:city_town_place_code:validation-f1:validation-e0,known,historical_c23_public_development_diagnostic,city_code,R1
city_code,city_town_place_code,city_code,,accept,c23-development:validation:city_code:city_town_place_code:validation-f2:validation-e1,known,historical_c23_public_development_diagnostic,city_code,R1
city_code,city_town_place_code,city_code,,accept,c23-development:validation:city_code:city_town_place_code:validation-f3:validation-e2,known,historical_c23_public_development_diagnostic,city_code,R1
city_code,city_town_place_code,city_code,,accept,c23-development:validation:city_code:city_town_place_code:validation-f4:validation-e3,known,historical_c23_public_development_diagnostic,city_code,R1
city_code,city_town_place_code,city_code,,accept,c23-development:validation:city_code:city_town_place_code:validation-f5:validation-e4,known,historical_c23_public_development_diagnostic,city_code,R1
city_code,city_community_area_identifier,city_code,,accept,c23-development:validation:city_code:city_community_area_identifier:validation-f0:validation-e0,known,historical_c23_public_development_diagnostic,city_code,R1
city_code,city_community_area_identifier,city_code,,accept,c23-development:validation:city_code:city_community_area_identifier:validation-f1:validation-e1,known,historical_c23_public_development_diagnostic,city_code,R1
city_code,city_community_area_identifier,city_code,,accept,c23-development:validation:city_code:city_community_area_identifier:validation-f2:validation-e2,known,historical_c23_public_development_diagnostic,city_code,R1
city_code,city_community_area_identifier,city_code,,accept,c23-development:validation:city_code:city_community_area_identifier:validation-f3:validation-e3,known,historical_c23_public_development_diagnostic,city_code,R1
city_code,city_community_area_identifier,city_code,,accept,c23-development:validation:city_code:city_community_area_identifier:validation-f4:validation-e4,known,historical_c23_public_development_diagnostic,city_code,R1
city_code,city_community_area_identifier,city_code,,accept,c23-development:validation:city_code:city_community_area_identifier:validation-f5:validation-e5,known,historical_c23_public_development_diagnostic,city_code,R1
access_code,access_required_credential,access_code,,accept,c23-development:validation:access_code:access_required_credential:validation-f0:validation-e2,known,historical_c23_public_development_diagnostic,access_code,R1
access_code,access_required_credential,access_code,,accept,c23-development:validation:access_code:access_required_credential:validation-f1:validation-e3,known,historical_c23_public_development_diagnostic,access_code,R1
access_code,access_required_credential,access_code,,accept,c23-development:validation:access_code:access_required_credential:validation-f2:validation-e4,known,historical_c23_public_development_diagnostic,access_code,R1
access_code,access_required_credential,access_code,,accept,c23-development:validation:access_code:access_required_credential:validation-f3:validation-e5,known,historical_c23_public_development_diagnostic,access_code,R1
access_code,access_required_credential,access_code,,accept,c23-development:validation:access_code:access_required_credential:validation-f4:validation-e0,known,historical_c23_public_development_diagnostic,access_code,R1
access_code,access_required_credential,access_code,,accept,c23-development:validation:access_code:access_required_credential:validation-f5:validation-e1,known,historical_c23_public_development_diagnostic,access_code,R1
access_code,access_protected_account_password,access_code,,accept,c23-development:validation:access_code:access_protected_account_password:validation-f0:validation-e3,known,historical_c23_public_development_diagnostic,access_code,R1
access_code,access_protected_account_password,access_code,,accept,c23-development:validation:access_code:access_protected_account_password:validation-f1:validation-e4,known,historical_c23_public_development_diagnostic,access_code,R1
access_code,access_protected_account_password,access_code,,accept,c23-development:validation:access_code:access_protected_account_password:validation-f2:validation-e5,known,historical_c23_public_development_diagnostic,access_code,R1
access_code,access_protected_account_password,access_code,,accept,c23-development:validation:access_code:access_protected_account_password:validation-f3:validation-e0,known,historical_c23_public_development_diagnostic,access_code,R1
access_code,access_protected_account_password,access_code,,accept,c23-development:validation:access_code:access_protected_account_password:validation-f4:validation-e1,known,historical_c23_public_development_diagnostic,access_code,R1
access_code,access_protected_account_password,access_code,,accept,c23-development:validation:access_code:access_protected_account_password:validation-f5:validation-e2,known,historical_c23_public_development_diagnostic,access_code,R1
access_code,access_service_unlock_passcode,access_code,,accept,c23-development:validation:access_code:access_service_unlock_passcode:validation-f0:validation-e4,known,historical_c23_public_development_diagnostic,access_code,R1
access_code,access_service_unlock_passcode,access_code,,accept,c23-development:validation:access_code:access_service_unlock_passcode:validation-f1:validation-e5,known,historical_c23_public_development_diagnostic,access_code,R1
access_code,access_service_unlock_passcode,access_code,,accept,c23-development:validation:access_code:access_service_unlock_passcode:validation-f2:validation-e0,known,historical_c23_public_development_diagnostic,access_code,R1
access_code,access_service_unlock_passcode,access_code,,accept,c23-development:validation:access_code:access_service_unlock_passcode:validation-f3:validation-e1,known,historical_c23_public_development_diagnostic,access_code,R1
access_code,access_service_unlock_passcode,access_code,,accept,c23-development:validation:access_code:access_service_unlock_passcode:validation-f4:validation-e2,known,historical_c23_public_development_diagnostic,access_code,R1
access_code,access_service_unlock_passcode,access_code,,accept,c23-development:validation:access_code:access_service_unlock_passcode:validation-f5:validation-e3,known,historical_c23_public_development_diagnostic,access_code,R1
access_code,access_subject_signon_secret,access_code,,accept,c23-development:validation:access_code:access_subject_signon_secret:validation-f0:validation-e5,known,historical_c23_public_development_diagnostic,access_code,R1
access_code,access_subject_signon_secret,access_code,,accept,c23-development:validation:access_code:access_subject_signon_secret:validation-f1:validation-e0,known,historical_c23_public_development_diagnostic,access_code,R1
access_code,access_subject_signon_secret,access_code,,accept,c23-development:validation:access_code:access_subject_signon_secret:validation-f2:validation-e1,known,historical_c23_public_development_diagnostic,access_code,R1
access_code,access_subject_signon_secret,access_code,,accept,c23-development:validation:access_code:access_subject_signon_secret:validation-f3:validation-e2,known,historical_c23_public_development_diagnostic,access_code,R1
access_code,access_subject_signon_secret,access_code,,accept,c23-development:validation:access_code:access_subject_signon_secret:validation-f4:validation-e3,known,historical_c23_public_development_diagnostic,access_code,R1
access_code,access_subject_signon_secret,access_code,,accept,c23-development:validation:access_code:access_subject_signon_secret:validation-f5:validation-e4,known,historical_c23_public_development_diagnostic,access_code,R1
access_code,access_resource_authentication_secret,access_code,,accept,c23-development:validation:access_code:access_resource_authentication_secret:validation-f0:validation-e0,known,historical_c23_public_development_diagnostic,access_code,R1
access_code,access_resource_authentication_secret,access_code,,accept,c23-development:validation:access_code:access_resource_authentication_secret:validation-f1:validation-e1,known,historical_c23_public_development_diagnostic,access_code,R1
access_code,access_resource_authentication_secret,access_code,,accept,c23-development:validation:access_code:access_resource_authentication_secret:validation-f2:validation-e2,known,historical_c23_public_development_diagnostic,access_code,R1
access_code,access_resource_authentication_secret,access_code,,accept,c23-development:validation:access_code:access_resource_authentication_secret:validation-f3:validation-e3,known,historical_c23_public_development_diagnostic,access_code,R1
access_code,access_resource_authentication_secret,access_code,,accept,c23-development:validation:access_code:access_resource_authentication_secret:validation-f4:validation-e4,known,historical_c23_public_development_diagnostic,access_code,R1
access_code,access_resource_authentication_secret,access_code,,accept,c23-development:validation:access_code:access_resource_authentication_secret:validation-f5:validation-e5,known,historical_c23_public_development_diagnostic,access_code,R1
access_code,access_lock_screen_code,access_code,,accept,c23-development:validation:access_code:access_lock_screen_code:validation-f0:validation-e1,known,historical_c23_public_development_diagnostic,access_code,R1
access_code,access_lock_screen_code,access_code,,accept,c23-development:validation:access_code:access_lock_screen_code:validation-f1:validation-e2,known,historical_c23_public_development_diagnostic,access_code,R1
access_code,access_lock_screen_code,access_code,,accept,c23-development:validation:access_code:access_lock_screen_code:validation-f2:validation-e3,known,historical_c23_public_development_diagnostic,access_code,R1
access_code,access_lock_screen_code,access_code,,accept,c23-development:validation:access_code:access_lock_screen_code:validation-f3:validation-e4,known,historical_c23_public_development_diagnostic,access_code,R1
access_code,access_lock_screen_code,access_code,,accept,c23-development:validation:access_code:access_lock_screen_code:validation-f4:validation-e5,known,historical_c23_public_development_diagnostic,access_code,R1
access_code,access_lock_screen_code,access_code,,accept,c23-development:validation:access_code:access_lock_screen_code:validation-f5:validation-e0,known,historical_c23_public_development_diagnostic,access_code,R1
access_code,access_secure_gate_pin,access_code,,accept,c23-development:validation:access_code:access_secure_gate_pin:validation-f0:validation-e2,known,historical_c23_public_development_diagnostic,access_code,R1
access_code,access_secure_gate_pin,access_code,,accept,c23-development:validation:access_code:access_secure_gate_pin:validation-f1:validation-e3,known,historical_c23_public_development_diagnostic,access_code,R1
access_code,access_secure_gate_pin,access_code,,accept,c23-development:validation:access_code:access_secure_gate_pin:validation-f2:validation-e4,known,historical_c23_public_development_diagnostic,access_code,R1
access_code,access_secure_gate_pin,access_code,,accept,c23-development:validation:access_code:access_secure_gate_pin:validation-f3:validation-e5,known,historical_c23_public_development_diagnostic,access_code,R1
access_code,access_secure_gate_pin,access_code,,accept,c23-development:validation:access_code:access_secure_gate_pin:validation-f4:validation-e0,known,historical_c23_public_development_diagnostic,access_code,R1
access_code,access_secure_gate_pin,access_code,,accept,c23-development:validation:access_code:access_secure_gate_pin:validation-f5:validation-e1,known,historical_c23_public_development_diagnostic,access_code,R1
access_code,access_resource_unlock_combination,access_code,,accept,c23-development:validation:access_code:access_resource_unlock_combination:validation-f0:validation-e3,known,historical_c23_public_development_diagnostic,access_code,R1
access_code,access_resource_unlock_combination,access_code,,accept,c23-development:validation:access_code:access_resource_unlock_combination:validation-f1:validation-e4,known,historical_c23_public_development_diagnostic,access_code,R1
access_code,access_resource_unlock_combination,access_code,,accept,c23-development:validation:access_code:access_resource_unlock_combination:validation-f2:validation-e5,known,historical_c23_public_development_diagnostic,access_code,R1
access_code,access_resource_unlock_combination,access_code,,accept,c23-development:validation:access_code:access_resource_unlock_combination:validation-f3:validation-e0,known,historical_c23_public_development_diagnostic,access_code,R1
access_code,access_resource_unlock_combination,access_code,,accept,c23-development:validation:access_code:access_resource_unlock_combination:validation-f4:validation-e1,known,historical_c23_public_development_diagnostic,access_code,R1
access_code,access_resource_unlock_combination,access_code,,accept,c23-development:validation:access_code:access_resource_unlock_combination:validation-f5:validation-e2,known,historical_c23_public_development_diagnostic,access_code,R1
access_code,access_account_keyphrase,access_code,,accept,c23-development:validation:access_code:access_account_keyphrase:validation-f0:validation-e4,known,historical_c23_public_development_diagnostic,access_code,R1
access_code,access_account_keyphrase,access_code,,accept,c23-development:validation:access_code:access_account_keyphrase:validation-f1:validation-e5,known,historical_c23_public_development_diagnostic,access_code,R1
access_code,access_account_keyphrase,access_code,,accept,c23-development:validation:access_code:access_account_keyphrase:validation-f2:validation-e0,known,historical_c23_public_development_diagnostic,access_code,R1
access_code,access_account_keyphrase,access_code,,accept,c23-development:validation:access_code:access_account_keyphrase:validation-f3:validation-e1,known,historical_c23_public_development_diagnostic,access_code,R1
access_code,access_account_keyphrase,access_code,,accept,c23-development:validation:access_code:access_account_keyphrase:validation-f4:validation-e2,known,historical_c23_public_development_diagnostic,access_code,R1
access_code,access_account_keyphrase,access_code,,accept,c23-development:validation:access_code:access_account_keyphrase:validation-f5:validation-e3,known,historical_c23_public_development_diagnostic,access_code,R1
access_code,access_secured_area_keypad_sequence,access_code,,accept,c23-development:validation:access_code:access_secured_area_keypad_sequence:validation-f0:validation-e5,known,historical_c23_public_development_diagnostic,access_code,R1
access_code,access_secured_area_keypad_sequence,access_code,,accept,c23-development:validation:access_code:access_secured_area_keypad_sequence:validation-f1:validation-e0,known,historical_c23_public_development_diagnostic,access_code,R1
access_code,access_secured_area_keypad_sequence,access_code,,accept,c23-development:validation:access_code:access_secured_area_keypad_sequence:validation-f2:validation-e1,known,historical_c23_public_development_diagnostic,access_code,R1
access_code,access_secured_area_keypad_sequence,access_code,,accept,c23-development:validation:access_code:access_secured_area_keypad_sequence:validation-f3:validation-e2,known,historical_c23_public_development_diagnostic,access_code,R1
access_code,access_secured_area_keypad_sequence,access_code,,accept,c23-development:validation:access_code:access_secured_area_keypad_sequence:validation-f4:validation-e3,known,historical_c23_public_development_diagnostic,access_code,R1
access_code,access_secured_area_keypad_sequence,access_code,,accept,c23-development:validation:access_code:access_secured_area_keypad_sequence:validation-f5:validation-e4,known,historical_c23_public_development_diagnostic,access_code,R1
access_code,access_lock_bearer_secret,access_code,,accept,c23-development:validation:access_code:access_lock_bearer_secret:validation-f0:validation-e0,known,historical_c23_public_development_diagnostic,access_code,R1
access_code,access_lock_bearer_secret,access_code,,accept,c23-development:validation:access_code:access_lock_bearer_secret:validation-f1:validation-e1,known,historical_c23_public_development_diagnostic,access_code,R1
access_code,access_lock_bearer_secret,access_code,,accept,c23-development:validation:access_code:access_lock_bearer_secret:validation-f2:validation-e2,known,historical_c23_public_development_diagnostic,access_code,R1
access_code,access_lock_bearer_secret,access_code,,accept,c23-development:validation:access_code:access_lock_bearer_secret:validation-f3:validation-e3,known,historical_c23_public_development_diagnostic,access_code,R1
access_code,access_lock_bearer_secret,access_code,,accept,c23-development:validation:access_code:access_lock_bearer_secret:validation-f4:validation-e4,known,historical_c23_public_development_diagnostic,access_code,R1
access_code,access_lock_bearer_secret,access_code,,accept,c23-development:validation:access_code:access_lock_bearer_secret:validation-f5:validation-e5,known,historical_c23_public_development_diagnostic,access_code,R1
access_code,access_service_challenge_response,access_code,,accept,c23-development:validation:access_code:access_service_challenge_response:validation-f0:validation-e1,known,historical_c23_public_development_diagnostic,access_code,R1
access_code,access_service_challenge_response,access_code,,accept,c23-development:validation:access_code:access_service_challenge_response:validation-f1:validation-e2,known,historical_c23_public_development_diagnostic,access_code,R1
access_code,access_service_challenge_response,access_code,,accept,c23-development:validation:access_code:access_service_challenge_response:validation-f2:validation-e3,known,historical_c23_public_development_diagnostic,access_code,R1
access_code,access_service_challenge_response,access_code,,accept,c23-development:validation:access_code:access_service_challenge_response:validation-f3:validation-e4,known,historical_c23_public_development_diagnostic,access_code,R1
access_code,access_service_challenge_response,access_code,,accept,c23-development:validation:access_code:access_service_challenge_response:validation-f4:validation-e5,known,historical_c23_public_development_diagnostic,access_code,R1
access_code,access_service_challenge_response,access_code,,accept,c23-development:validation:access_code:access_service_challenge_response:validation-f5:validation-e0,known,historical_c23_public_development_diagnostic,access_code,R1
registry_id,ambiguous_identifier,registry_id,,accept,c23-development:reject:ambiguous:ambiguous_identifier:validation-f0:validation-e0,ambiguous,historical_c23_public_development_diagnostic,,R1
registry_id,ambiguous_identifier,registry_id,,accept,c23-development:reject:ambiguous:ambiguous_identifier:validation-f1:validation-e1,ambiguous,historical_c23_public_development_diagnostic,,R1
registry_id,ambiguous_identifier,registry_id,,accept,c23-development:reject:ambiguous:ambiguous_identifier:validation-f2:validation-e2,ambiguous,historical_c23_public_development_diagnostic,,R1
registry_id,ambiguous_identifier,registry_id,,accept,c23-development:reject:ambiguous:ambiguous_identifier:validation-f3:validation-e3,ambiguous,historical_c23_public_development_diagnostic,,R1
registry_id,ambiguous_identifier,registry_id,,accept,c23-development:reject:ambiguous:ambiguous_identifier:validation-f4:validation-e4,ambiguous,historical_c23_public_development_diagnostic,,R1
registry_id,ambiguous_identifier,registry_id,,accept,c23-development:reject:ambiguous:ambiguous_identifier:validation-f5:validation-e5,ambiguous,historical_c23_public_development_diagnostic,,R1
registry_id,ambiguous_reference_number,registry_id,,accept,c23-development:reject:ambiguous:ambiguous_reference_number:validation-f0:validation-e1,ambiguous,historical_c23_public_development_diagnostic,,R1
registry_id,ambiguous_reference_number,registry_id,,accept,c23-development:reject:ambiguous:ambiguous_reference_number:validation-f1:validation-e2,ambiguous,historical_c23_public_development_diagnostic,,R1
registry_id,ambiguous_reference_number,registry_id,,accept,c23-development:reject:ambiguous:ambiguous_reference_number:validation-f2:validation-e3,ambiguous,historical_c23_public_development_diagnostic,,R1
registry_id,ambiguous_reference_number,registry_id,,accept,c23-development:reject:ambiguous:ambiguous_reference_number:validation-f3:validation-e4,ambiguous,historical_c23_public_development_diagnostic,,R1
registry_id,ambiguous_reference_number,registry_id,,accept,c23-development:reject:ambiguous:ambiguous_reference_number:validation-f4:validation-e5,ambiguous,historical_c23_public_development_diagnostic,,R1
registry_id,ambiguous_reference_number,registry_id,,accept,c23-development:reject:ambiguous:ambiguous_reference_number:validation-f5:validation-e0,ambiguous,historical_c23_public_development_diagnostic,,R1
registry_id,ambiguous_assigned_code,registry_id,,accept,c23-development:reject:ambiguous:ambiguous_assigned_code:validation-f0:validation-e2,ambiguous,historical_c23_public_development_diagnostic,,R1
registry_id,ambiguous_assigned_code,registry_id,,accept,c23-development:reject:ambiguous:ambiguous_assigned_code:validation-f1:validation-e3,ambiguous,historical_c23_public_development_diagnostic,,R1
registry_id,ambiguous_assigned_code,registry_id,,accept,c23-development:reject:ambiguous:ambiguous_assigned_code:validation-f2:validation-e4,ambiguous,historical_c23_public_development_diagnostic,,R1
registry_id,ambiguous_assigned_code,registry_id,,accept,c23-development:reject:ambiguous:ambiguous_assigned_code:validation-f3:validation-e5,ambiguous,historical_c23_public_development_diagnostic,,R1
registry_id,ambiguous_assigned_code,registry_id,,accept,c23-development:reject:ambiguous:ambiguous_assigned_code:validation-f4:validation-e0,ambiguous,historical_c23_public_development_diagnostic,,R1
registry_id,ambiguous_assigned_code,registry_id,,accept,c23-development:reject:ambiguous:ambiguous_assigned_code:validation-f5:validation-e1,ambiguous,historical_c23_public_development_diagnostic,,R1
access_code,ambiguous_profile_key,access_code,,accept,c23-development:reject:ambiguous:ambiguous_profile_key:validation-f0:validation-e3,ambiguous,historical_c23_public_development_diagnostic,,R1
access_code,ambiguous_profile_key,access_code,,accept,c23-development:reject:ambiguous:ambiguous_profile_key:validation-f1:validation-e4,ambiguous,historical_c23_public_development_diagnostic,,R1
access_code,ambiguous_profile_key,access_code,,accept,c23-development:reject:ambiguous:ambiguous_profile_key:validation-f2:validation-e5,ambiguous,historical_c23_public_development_diagnostic,,R1
access_code,ambiguous_profile_key,access_code,,accept,c23-development:reject:ambiguous:ambiguous_profile_key:validation-f3:validation-e0,ambiguous,historical_c23_public_development_diagnostic,,R1
access_code,ambiguous_profile_key,access_code,,accept,c23-development:reject:ambiguous:ambiguous_profile_key:validation-f4:validation-e1,ambiguous,historical_c23_public_development_diagnostic,,R1
access_code,ambiguous_profile_key,access_code,,accept,c23-development:reject:ambiguous:ambiguous_profile_key:validation-f5:validation-e2,ambiguous,historical_c23_public_development_diagnostic,,R1
registry_id,ambiguous_record_value,registry_id,,accept,c23-development:reject:ambiguous:ambiguous_record_value:validation-f0:validation-e4,ambiguous,historical_c23_public_development_diagnostic,,R1
registry_id,ambiguous_record_value,registry_id,,accept,c23-development:reject:ambiguous:ambiguous_record_value:validation-f1:validation-e5,ambiguous,historical_c23_public_development_diagnostic,,R1
registry_id,ambiguous_record_value,registry_id,,accept,c23-development:reject:ambiguous:ambiguous_record_value:validation-f2:validation-e0,ambiguous,historical_c23_public_development_diagnostic,,R1
registry_id,ambiguous_record_value,registry_id,,accept,c23-development:reject:ambiguous:ambiguous_record_value:validation-f3:validation-e1,ambiguous,historical_c23_public_development_diagnostic,,R1
registry_id,ambiguous_record_value,registry_id,,accept,c23-development:reject:ambiguous:ambiguous_record_value:validation-f4:validation-e2,ambiguous,historical_c23_public_development_diagnostic,,R1
registry_id,ambiguous_record_value,registry_id,,accept,c23-development:reject:ambiguous:ambiguous_record_value:validation-f5:validation-e3,ambiguous,historical_c23_public_development_diagnostic,,R1
access_code,ambiguous_account_number,access_code,,accept,c23-development:reject:ambiguous:ambiguous_account_number:validation-f0:validation-e5,ambiguous,historical_c23_public_development_diagnostic,,R1
access_code,ambiguous_account_number,access_code,,accept,c23-development:reject:ambiguous:ambiguous_account_number:validation-f1:validation-e0,ambiguous,historical_c23_public_development_diagnostic,,R1
access_code,ambiguous_account_number,access_code,,accept,c23-development:reject:ambiguous:ambiguous_account_number:validation-f2:validation-e1,ambiguous,historical_c23_public_development_diagnostic,,R1
access_code,ambiguous_account_number,access_code,,accept,c23-development:reject:ambiguous:ambiguous_account_number:validation-f3:validation-e2,ambiguous,historical_c23_public_development_diagnostic,,R1
access_code,ambiguous_account_number,access_code,,accept,c23-development:reject:ambiguous:ambiguous_account_number:validation-f4:validation-e3,ambiguous,historical_c23_public_development_diagnostic,,R1
access_code,ambiguous_account_number,access_code,,accept,c23-development:reject:ambiguous:ambiguous_account_number:validation-f5:validation-e4,ambiguous,historical_c23_public_development_diagnostic,,R1
registry_id,ambiguous_internal_tag,registry_id,,accept,c23-development:reject:ambiguous:ambiguous_internal_tag:validation-f0:validation-e0,ambiguous,historical_c23_public_development_diagnostic,,R1
registry_id,ambiguous_internal_tag,registry_id,,accept,c23-development:reject:ambiguous:ambiguous_internal_tag:validation-f1:validation-e1,ambiguous,historical_c23_public_development_diagnostic,,R1
registry_id,ambiguous_internal_tag,registry_id,,accept,c23-development:reject:ambiguous:ambiguous_internal_tag:validation-f2:validation-e2,ambiguous,historical_c23_public_development_diagnostic,,R1
registry_id,ambiguous_internal_tag,registry_id,,accept,c23-development:reject:ambiguous:ambiguous_internal_tag:validation-f3:validation-e3,ambiguous,historical_c23_public_development_diagnostic,,R1
registry_id,ambiguous_internal_tag,registry_id,,accept,c23-development:reject:ambiguous:ambiguous_internal_tag:validation-f4:validation-e4,ambiguous,historical_c23_public_development_diagnostic,,R1
registry_id,ambiguous_internal_tag,registry_id,,accept,c23-development:reject:ambiguous:ambiguous_internal_tag:validation-f5:validation-e5,ambiguous,historical_c23_public_development_diagnostic,,R1
access_code,ambiguous_service_code,access_code,,accept,c23-development:reject:ambiguous:ambiguous_service_code:validation-f0:validation-e1,ambiguous,historical_c23_public_development_diagnostic,,R1
access_code,ambiguous_service_code,access_code,,accept,c23-development:reject:ambiguous:ambiguous_service_code:validation-f1:validation-e2,ambiguous,historical_c23_public_development_diagnostic,,R1
access_code,ambiguous_service_code,access_code,,accept,c23-development:reject:ambiguous:ambiguous_service_code:validation-f2:validation-e3,ambiguous,historical_c23_public_development_diagnostic,,R1
access_code,ambiguous_service_code,access_code,,accept,c23-development:reject:ambiguous:ambiguous_service_code:validation-f3:validation-e4,ambiguous,historical_c23_public_development_diagnostic,,R1
access_code,ambiguous_service_code,access_code,,accept,c23-development:reject:ambiguous:ambiguous_service_code:validation-f4:validation-e5,ambiguous,historical_c23_public_development_diagnostic,,R1
access_code,ambiguous_service_code,access_code,,accept,c23-development:reject:ambiguous:ambiguous_service_code:validation-f5:validation-e0,ambiguous,historical_c23_public_development_diagnostic,,R1
registry_id,ambiguous_subject_marker,registry_id,,accept,c23-development:reject:ambiguous:ambiguous_subject_marker:validation-f0:validation-e2,ambiguous,historical_c23_public_development_diagnostic,,R1
registry_id,ambiguous_subject_marker,registry_id,,accept,c23-development:reject:ambiguous:ambiguous_subject_marker:validation-f1:validation-e3,ambiguous,historical_c23_public_development_diagnostic,,R1
registry_id,ambiguous_subject_marker,registry_id,,accept,c23-development:reject:ambiguous:ambiguous_subject_marker:validation-f2:validation-e4,ambiguous,historical_c23_public_development_diagnostic,,R1
registry_id,ambiguous_subject_marker,registry_id,,accept,c23-development:reject:ambiguous:ambiguous_subject_marker:validation-f3:validation-e5,ambiguous,historical_c23_public_development_diagnostic,,R1
registry_id,ambiguous_subject_marker,registry_id,,accept,c23-development:reject:ambiguous:ambiguous_subject_marker:validation-f4:validation-e0,ambiguous,historical_c23_public_development_diagnostic,,R1
registry_id,ambiguous_subject_marker,registry_id,,accept,c23-development:reject:ambiguous:ambiguous_subject_marker:validation-f5:validation-e1,ambiguous,historical_c23_public_development_diagnostic,,R1
access_code,ambiguous_database_key,access_code,,accept,c23-development:reject:ambiguous:ambiguous_database_key:validation-f0:validation-e3,ambiguous,historical_c23_public_development_diagnostic,,R1
access_code,ambiguous_database_key,access_code,,accept,c23-development:reject:ambiguous:ambiguous_database_key:validation-f1:validation-e4,ambiguous,historical_c23_public_development_diagnostic,,R1
access_code,ambiguous_database_key,access_code,,accept,c23-development:reject:ambiguous:ambiguous_database_key:validation-f2:validation-e5,ambiguous,historical_c23_public_development_diagnostic,,R1
access_code,ambiguous_database_key,access_code,,accept,c23-development:reject:ambiguous:ambiguous_database_key:validation-f3:validation-e0,ambiguous,historical_c23_public_development_diagnostic,,R1
access_code,ambiguous_database_key,access_code,,accept,c23-development:reject:ambiguous:ambiguous_database_key:validation-f4:validation-e1,ambiguous,historical_c23_public_development_diagnostic,,R1
access_code,ambiguous_database_key,access_code,,accept,c23-development:reject:ambiguous:ambiguous_database_key:validation-f5:validation-e2,ambiguous,historical_c23_public_development_diagnostic,,R1
registry_id,ambiguous_lookup_handle,registry_id,,accept,c23-development:reject:ambiguous:ambiguous_lookup_handle:validation-f0:validation-e4,ambiguous,historical_c23_public_development_diagnostic,,R1
registry_id,ambiguous_lookup_handle,registry_id,,accept,c23-development:reject:ambiguous:ambiguous_lookup_handle:validation-f1:validation-e5,ambiguous,historical_c23_public_development_diagnostic,,R1
registry_id,ambiguous_lookup_handle,registry_id,,accept,c23-development:reject:ambiguous:ambiguous_lookup_handle:validation-f2:validation-e0,ambiguous,historical_c23_public_development_diagnostic,,R1
registry_id,ambiguous_lookup_handle,registry_id,,accept,c23-development:reject:ambiguous:ambiguous_lookup_handle:validation-f3:validation-e1,ambiguous,historical_c23_public_development_diagnostic,,R1
registry_id,ambiguous_lookup_handle,registry_id,,accept,c23-development:reject:ambiguous:ambiguous_lookup_handle:validation-f4:validation-e2,ambiguous,historical_c23_public_development_diagnostic,,R1
registry_id,ambiguous_lookup_handle,registry_id,,accept,c23-development:reject:ambiguous:ambiguous_lookup_handle:validation-f5:validation-e3,ambiguous,historical_c23_public_development_diagnostic,,R1
access_code,ambiguous_verification_value,access_code,,accept,c23-development:reject:ambiguous:ambiguous_verification_value:validation-f0:validation-e5,ambiguous,historical_c23_public_development_diagnostic,,R1
access_code,ambiguous_verification_value,access_code,,accept,c23-development:reject:ambiguous:ambiguous_verification_value:validation-f1:validation-e0,ambiguous,historical_c23_public_development_diagnostic,,R1
access_code,ambiguous_verification_value,access_code,,accept,c23-development:reject:ambiguous:ambiguous_verification_value:validation-f2:validation-e1,ambiguous,historical_c23_public_development_diagnostic,,R1
access_code,ambiguous_verification_value,access_code,,accept,c23-development:reject:ambiguous:ambiguous_verification_value:validation-f3:validation-e2,ambiguous,historical_c23_public_development_diagnostic,,R1
access_code,ambiguous_verification_value,access_code,,accept,c23-development:reject:ambiguous:ambiguous_verification_value:validation-f4:validation-e3,ambiguous,historical_c23_public_development_diagnostic,,R1
access_code,ambiguous_verification_value,access_code,,accept,c23-development:reject:ambiguous:ambiguous_verification_value:validation-f5:validation-e4,ambiguous,historical_c23_public_development_diagnostic,,R1
registry_id,unrelated_birth_date,registry_id,,accept,c23-development:reject:unrelated:unrelated_birth_date:validation-f0:validation-e0,unrelated,historical_c23_public_development_diagnostic,,R1
registry_id,unrelated_birth_date,registry_id,,accept,c23-development:reject:unrelated:unrelated_birth_date:validation-f1:validation-e1,unrelated,historical_c23_public_development_diagnostic,,R1
registry_id,unrelated_birth_date,registry_id,,accept,c23-development:reject:unrelated:unrelated_birth_date:validation-f2:validation-e2,unrelated,historical_c23_public_development_diagnostic,,R1
registry_id,unrelated_birth_date,registry_id,,accept,c23-development:reject:unrelated:unrelated_birth_date:validation-f3:validation-e3,unrelated,historical_c23_public_development_diagnostic,,R1
registry_id,unrelated_birth_date,registry_id,,accept,c23-development:reject:unrelated:unrelated_birth_date:validation-f4:validation-e4,unrelated,historical_c23_public_development_diagnostic,,R1
registry_id,unrelated_birth_date,registry_id,,accept,c23-development:reject:unrelated:unrelated_birth_date:validation-f5:validation-e5,unrelated,historical_c23_public_development_diagnostic,,R1
registry_id,unrelated_contact_email,registry_id,,accept,c23-development:reject:unrelated:unrelated_contact_email:validation-f0:validation-e1,unrelated,historical_c23_public_development_diagnostic,,R1
registry_id,unrelated_contact_email,registry_id,,accept,c23-development:reject:unrelated:unrelated_contact_email:validation-f1:validation-e2,unrelated,historical_c23_public_development_diagnostic,,R1
registry_id,unrelated_contact_email,registry_id,,accept,c23-development:reject:unrelated:unrelated_contact_email:validation-f2:validation-e3,unrelated,historical_c23_public_development_diagnostic,,R1
registry_id,unrelated_contact_email,registry_id,,accept,c23-development:reject:unrelated:unrelated_contact_email:validation-f3:validation-e4,unrelated,historical_c23_public_development_diagnostic,,R1
registry_id,unrelated_contact_email,registry_id,,accept,c23-development:reject:unrelated:unrelated_contact_email:validation-f4:validation-e5,unrelated,historical_c23_public_development_diagnostic,,R1
registry_id,unrelated_contact_email,registry_id,,accept,c23-development:reject:unrelated:unrelated_contact_email:validation-f5:validation-e0,unrelated,historical_c23_public_development_diagnostic,,R1
access_code,unrelated_telephone_number,access_code,,accept,c23-development:reject:unrelated:unrelated_telephone_number:validation-f0:validation-e2,unrelated,historical_c23_public_development_diagnostic,,R1
access_code,unrelated_telephone_number,access_code,,accept,c23-development:reject:unrelated:unrelated_telephone_number:validation-f1:validation-e3,unrelated,historical_c23_public_development_diagnostic,,R1
access_code,unrelated_telephone_number,access_code,,accept,c23-development:reject:unrelated:unrelated_telephone_number:validation-f2:validation-e4,unrelated,historical_c23_public_development_diagnostic,,R1
access_code,unrelated_telephone_number,access_code,,accept,c23-development:reject:unrelated:unrelated_telephone_number:validation-f3:validation-e5,unrelated,historical_c23_public_development_diagnostic,,R1
access_code,unrelated_telephone_number,access_code,,accept,c23-development:reject:unrelated:unrelated_telephone_number:validation-f4:validation-e0,unrelated,historical_c23_public_development_diagnostic,,R1
access_code,unrelated_telephone_number,access_code,,accept,c23-development:reject:unrelated:unrelated_telephone_number:validation-f5:validation-e1,unrelated,historical_c23_public_development_diagnostic,,R1
registry_id,unrelated_postal_address,registry_id,,accept,c23-development:reject:unrelated:unrelated_postal_address:validation-f0:validation-e3,unrelated,historical_c23_public_development_diagnostic,,R1
registry_id,unrelated_postal_address,registry_id,,accept,c23-development:reject:unrelated:unrelated_postal_address:validation-f1:validation-e4,unrelated,historical_c23_public_development_diagnostic,,R1
registry_id,unrelated_postal_address,registry_id,,accept,c23-development:reject:unrelated:unrelated_postal_address:validation-f2:validation-e5,unrelated,historical_c23_public_development_diagnostic,,R1
registry_id,unrelated_postal_address,registry_id,,accept,c23-development:reject:unrelated:unrelated_postal_address:validation-f3:validation-e0,unrelated,historical_c23_public_development_diagnostic,,R1
registry_id,unrelated_postal_address,registry_id,,accept,c23-development:reject:unrelated:unrelated_postal_address:validation-f4:validation-e1,unrelated,historical_c23_public_development_diagnostic,,R1
registry_id,unrelated_postal_address,registry_id,,accept,c23-development:reject:unrelated:unrelated_postal_address:validation-f5:validation-e2,unrelated,historical_c23_public_development_diagnostic,,R1
access_code,unrelated_account_balance,access_code,,accept,c23-development:reject:unrelated:unrelated_account_balance:validation-f0:validation-e4,unrelated,historical_c23_public_development_diagnostic,,R1
access_code,unrelated_account_balance,access_code,,accept,c23-development:reject:unrelated:unrelated_account_balance:validation-f1:validation-e5,unrelated,historical_c23_public_development_diagnostic,,R1
access_code,unrelated_account_balance,access_code,,accept,c23-development:reject:unrelated:unrelated_account_balance:validation-f2:validation-e0,unrelated,historical_c23_public_development_diagnostic,,R1
access_code,unrelated_account_balance,access_code,,accept,c23-development:reject:unrelated:unrelated_account_balance:validation-f3:validation-e1,unrelated,historical_c23_public_development_diagnostic,,R1
access_code,unrelated_account_balance,access_code,,accept,c23-development:reject:unrelated:unrelated_account_balance:validation-f4:validation-e2,unrelated,historical_c23_public_development_diagnostic,,R1
access_code,unrelated_account_balance,access_code,,accept,c23-development:reject:unrelated:unrelated_account_balance:validation-f5:validation-e3,unrelated,historical_c23_public_development_diagnostic,,R1
access_code,unrelated_favorite_color,access_code,,accept,c23-development:reject:unrelated:unrelated_favorite_color:validation-f0:validation-e5,unrelated,historical_c23_public_development_diagnostic,,R1
access_code,unrelated_favorite_color,access_code,,accept,c23-development:reject:unrelated:unrelated_favorite_color:validation-f1:validation-e0,unrelated,historical_c23_public_development_diagnostic,,R1
access_code,unrelated_favorite_color,access_code,,accept,c23-development:reject:unrelated:unrelated_favorite_color:validation-f2:validation-e1,unrelated,historical_c23_public_development_diagnostic,,R1
access_code,unrelated_favorite_color,access_code,,accept,c23-development:reject:unrelated:unrelated_favorite_color:validation-f3:validation-e2,unrelated,historical_c23_public_development_diagnostic,,R1
access_code,unrelated_favorite_color,access_code,,accept,c23-development:reject:unrelated:unrelated_favorite_color:validation-f4:validation-e3,unrelated,historical_c23_public_development_diagnostic,,R1
access_code,unrelated_favorite_color,access_code,,accept,c23-development:reject:unrelated:unrelated_favorite_color:validation-f5:validation-e4,unrelated,historical_c23_public_development_diagnostic,,R1
registry_id,unrelated_preferred_language,registry_id,,accept,c23-development:reject:unrelated:unrelated_preferred_language:validation-f0:validation-e0,unrelated,historical_c23_public_development_diagnostic,,R1
registry_id,unrelated_preferred_language,registry_id,,accept,c23-development:reject:unrelated:unrelated_preferred_language:validation-f1:validation-e1,unrelated,historical_c23_public_development_diagnostic,,R1
registry_id,unrelated_preferred_language,registry_id,,accept,c23-development:reject:unrelated:unrelated_preferred_language:validation-f2:validation-e2,unrelated,historical_c23_public_development_diagnostic,,R1
registry_id,unrelated_preferred_language,registry_id,,accept,c23-development:reject:unrelated:unrelated_preferred_language:validation-f3:validation-e3,unrelated,historical_c23_public_development_diagnostic,,R1
registry_id,unrelated_preferred_language,registry_id,,accept,c23-development:reject:unrelated:unrelated_preferred_language:validation-f4:validation-e4,unrelated,historical_c23_public_development_diagnostic,,R1
registry_id,unrelated_preferred_language,registry_id,,accept,c23-development:reject:unrelated:unrelated_preferred_language:validation-f5:validation-e5,unrelated,historical_c23_public_development_diagnostic,,R1
registry_id,unrelated_owner_name,registry_id,,accept,c23-development:reject:unrelated:unrelated_owner_name:validation-f0:validation-e1,unrelated,historical_c23_public_development_diagnostic,,R1
registry_id,unrelated_owner_name,registry_id,,accept,c23-development:reject:unrelated:unrelated_owner_name:validation-f1:validation-e2,unrelated,historical_c23_public_development_diagnostic,,R1
registry_id,unrelated_owner_name,registry_id,,accept,c23-development:reject:unrelated:unrelated_owner_name:validation-f2:validation-e3,unrelated,historical_c23_public_development_diagnostic,,R1
registry_id,unrelated_owner_name,registry_id,,accept,c23-development:reject:unrelated:unrelated_owner_name:validation-f3:validation-e4,unrelated,historical_c23_public_development_diagnostic,,R1
registry_id,unrelated_owner_name,registry_id,,accept,c23-development:reject:unrelated:unrelated_owner_name:validation-f4:validation-e5,unrelated,historical_c23_public_development_diagnostic,,R1
registry_id,unrelated_owner_name,registry_id,,accept,c23-development:reject:unrelated:unrelated_owner_name:validation-f5:validation-e0,unrelated,historical_c23_public_development_diagnostic,,R1
registry_id,unrelated_creation_timestamp,registry_id,,accept,c23-development:reject:unrelated:unrelated_creation_timestamp:validation-f0:validation-e2,unrelated,historical_c23_public_development_diagnostic,,R1
registry_id,unrelated_creation_timestamp,registry_id,,accept,c23-development:reject:unrelated:unrelated_creation_timestamp:validation-f1:validation-e3,unrelated,historical_c23_public_development_diagnostic,,R1
registry_id,unrelated_creation_timestamp,registry_id,,accept,c23-development:reject:unrelated:unrelated_creation_timestamp:validation-f2:validation-e4,unrelated,historical_c23_public_development_diagnostic,,R1
registry_id,unrelated_creation_timestamp,registry_id,,accept,c23-development:reject:unrelated:unrelated_creation_timestamp:validation-f3:validation-e5,unrelated,historical_c23_public_development_diagnostic,,R1
registry_id,unrelated_creation_timestamp,registry_id,,accept,c23-development:reject:unrelated:unrelated_creation_timestamp:validation-f4:validation-e0,unrelated,historical_c23_public_development_diagnostic,,R1
registry_id,unrelated_creation_timestamp,registry_id,,accept,c23-development:reject:unrelated:unrelated_creation_timestamp:validation-f5:validation-e1,unrelated,historical_c23_public_development_diagnostic,,R1
registry_id,unrelated_current_status,registry_id,,accept,c23-development:reject:unrelated:unrelated_current_status:validation-f0:validation-e3,unrelated,historical_c23_public_development_diagnostic,,R1
registry_id,unrelated_current_status,registry_id,,accept,c23-development:reject:unrelated:unrelated_current_status:validation-f1:validation-e4,unrelated,historical_c23_public_development_diagnostic,,R1
registry_id,unrelated_current_status,registry_id,,accept,c23-development:reject:unrelated:unrelated_current_status:validation-f2:validation-e5,unrelated,historical_c23_public_development_diagnostic,,R1
registry_id,unrelated_current_status,registry_id,,accept,c23-development:reject:unrelated:unrelated_current_status:validation-f3:validation-e0,unrelated,historical_c23_public_development_diagnostic,,R1
registry_id,unrelated_current_status,registry_id,,accept,c23-development:reject:unrelated:unrelated_current_status:validation-f4:validation-e1,unrelated,historical_c23_public_development_diagnostic,,R1
registry_id,unrelated_current_status,registry_id,,accept,c23-development:reject:unrelated:unrelated_current_status:validation-f5:validation-e2,unrelated,historical_c23_public_development_diagnostic,,R1
registry_id,unrelated_category_description,registry_id,,accept,c23-development:reject:unrelated:unrelated_category_description:validation-f0:validation-e4,unrelated,historical_c23_public_development_diagnostic,,R1
registry_id,unrelated_category_description,registry_id,,accept,c23-development:reject:unrelated:unrelated_category_description:validation-f1:validation-e5,unrelated,historical_c23_public_development_diagnostic,,R1
registry_id,unrelated_category_description,registry_id,,accept,c23-development:reject:unrelated:unrelated_category_description:validation-f2:validation-e0,unrelated,historical_c23_public_development_diagnostic,,R1
registry_id,unrelated_category_description,registry_id,,accept,c23-development:reject:unrelated:unrelated_category_description:validation-f3:validation-e1,unrelated,historical_c23_public_development_diagnostic,,R1
registry_id,unrelated_category_description,registry_id,,accept,c23-development:reject:unrelated:unrelated_category_description:validation-f4:validation-e2,unrelated,historical_c23_public_development_diagnostic,,R1
registry_id,unrelated_category_description,registry_id,,accept,c23-development:reject:unrelated:unrelated_category_description:validation-f5:validation-e3,unrelated,historical_c23_public_development_diagnostic,,R1
registry_id,unrelated_last_update_date,registry_id,,accept,c23-development:reject:unrelated:unrelated_last_update_date:validation-f0:validation-e5,unrelated,historical_c23_public_development_diagnostic,,R1
registry_id,unrelated_last_update_date,registry_id,,accept,c23-development:reject:unrelated:unrelated_last_update_date:validation-f1:validation-e0,unrelated,historical_c23_public_development_diagnostic,,R1
registry_id,unrelated_last_update_date,registry_id,,accept,c23-development:reject:unrelated:unrelated_last_update_date:validation-f2:validation-e1,unrelated,historical_c23_public_development_diagnostic,,R1
registry_id,unrelated_last_update_date,registry_id,,accept,c23-development:reject:unrelated:unrelated_last_update_date:validation-f3:validation-e2,unrelated,historical_c23_public_development_diagnostic,,R1
registry_id,unrelated_last_update_date,registry_id,,accept,c23-development:reject:unrelated:unrelated_last_update_date:validation-f4:validation-e3,unrelated,historical_c23_public_development_diagnostic,,R1
registry_id,unrelated_last_update_date,registry_id,,accept,c23-development:reject:unrelated:unrelated_last_update_date:validation-f5:validation-e4,unrelated,historical_c23_public_development_diagnostic,,R1
registry_id,registry_official_register_identifier,registry_id,,accept,c23-development:validation:registry_id:registry_official_register_identifier:validation-f0:validation-e0,known,historical_c23_public_development_diagnostic,registry_id,R2
registry_id,registry_official_register_identifier,registry_id,,accept,c23-development:validation:registry_id:registry_official_register_identifier:validation-f1:validation-e1,known,historical_c23_public_development_diagnostic,registry_id,R2
registry_id,registry_official_register_identifier,registry_id,,accept,c23-development:validation:registry_id:registry_official_register_identifier:validation-f2:validation-e2,known,historical_c23_public_development_diagnostic,registry_id,R2
registry_id,registry_official_register_identifier,registry_id,,accept,c23-development:validation:registry_id:registry_official_register_identifier:validation-f3:validation-e3,known,historical_c23_public_development_diagnostic,registry_id,R2
registry_id,registry_official_register_identifier,registry_id,,accept,c23-development:validation:registry_id:registry_official_register_identifier:validation-f4:validation-e4,known,historical_c23_public_development_diagnostic,registry_id,R2
registry_id,registry_official_register_identifier,registry_id,,accept,c23-development:validation:registry_id:registry_official_register_identifier:validation-f5:validation-e5,known,historical_c23_public_development_diagnostic,registry_id,R2
registry_id,registry_registration_database_number,registry_id,,accept,c23-development:validation:registry_id:registry_registration_database_number:validation-f0:validation-e1,known,historical_c23_public_development_diagnostic,registry_id,R2
registry_id,registry_registration_database_number,registry_id,,accept,c23-development:validation:registry_id:registry_registration_database_number:validation-f1:validation-e2,known,historical_c23_public_development_diagnostic,registry_id,R2
registry_id,registry_registration_database_number,registry_id,,accept,c23-development:validation:registry_id:registry_registration_database_number:validation-f2:validation-e3,known,historical_c23_public_development_diagnostic,registry_id,R2
registry_id,registry_registration_database_number,registry_id,,accept,c23-development:validation:registry_id:registry_registration_database_number:validation-f3:validation-e4,known,historical_c23_public_development_diagnostic,registry_id,R2
registry_id,registry_registration_database_number,registry_id,,accept,c23-development:validation:registry_id:registry_registration_database_number:validation-f4:validation-e5,known,historical_c23_public_development_diagnostic,registry_id,R2
registry_id,registry_registration_database_number,registry_id,,accept,c23-development:validation:registry_id:registry_registration_database_number:validation-f5:validation-e0,known,historical_c23_public_development_diagnostic,registry_id,R2
registry_id,registry_entry_serial,registry_id,,accept,c23-development:validation:registry_id:registry_entry_serial:validation-f0:validation-e2,known,historical_c23_public_development_diagnostic,registry_id,R2
registry_id,registry_entry_serial,registry_id,,accept,c23-development:validation:registry_id:registry_entry_serial:validation-f1:validation-e3,known,historical_c23_public_development_diagnostic,registry_id,R2
registry_id,registry_entry_serial,registry_id,,accept,c23-development:validation:registry_id:registry_entry_serial:validation-f2:validation-e4,known,historical_c23_public_development_diagnostic,registry_id,R2
registry_id,registry_entry_serial,registry_id,,accept,c23-development:validation:registry_id:registry_entry_serial:validation-f3:validation-e5,known,historical_c23_public_development_diagnostic,registry_id,R2
registry_id,registry_entry_serial,registry_id,,accept,c23-development:validation:registry_id:registry_entry_serial:validation-f4:validation-e0,known,historical_c23_public_development_diagnostic,registry_id,R2
registry_id,registry_entry_serial,registry_id,,accept,c23-development:validation:registry_id:registry_entry_serial:validation-f5:validation-e1,known,historical_c23_public_development_diagnostic,registry_id,R2
registry_id,registry_records_office_id,registry_id,,accept,c23-development:validation:registry_id:registry_records_office_id:validation-f0:validation-e3,known,historical_c23_public_development_diagnostic,registry_id,R2
registry_id,registry_records_office_id,registry_id,,accept,c23-development:validation:registry_id:registry_records_office_id:validation-f1:validation-e4,known,historical_c23_public_development_diagnostic,registry_id,R2
registry_id,registry_records_office_id,registry_id,,accept,c23-development:validation:registry_id:registry_records_office_id:validation-f2:validation-e5,known,historical_c23_public_development_diagnostic,registry_id,R2
registry_id,registry_records_office_id,registry_id,,accept,c23-development:validation:registry_id:registry_records_office_id:validation-f3:validation-e0,known,historical_c23_public_development_diagnostic,registry_id,R2
registry_id,registry_records_office_id,registry_id,,accept,c23-development:validation:registry_id:registry_records_office_id:validation-f4:validation-e1,known,historical_c23_public_development_diagnostic,registry_id,R2
registry_id,registry_records_office_id,registry_id,,accept,c23-development:validation:registry_id:registry_records_office_id:validation-f5:validation-e2,known,historical_c23_public_development_diagnostic,registry_id,R2
registry_id,registry_recordkeeping_index,registry_id,,accept,c23-development:validation:registry_id:registry_recordkeeping_index:validation-f0:validation-e4,known,historical_c23_public_development_diagnostic,registry_id,R2
registry_id,registry_recordkeeping_index,registry_id,,accept,c23-development:validation:registry_id:registry_recordkeeping_index:validation-f1:validation-e5,known,historical_c23_public_development_diagnostic,registry_id,R2
registry_id,registry_recordkeeping_index,registry_id,,accept,c23-development:validation:registry_id:registry_recordkeeping_index:validation-f2:validation-e0,known,historical_c23_public_development_diagnostic,registry_id,R2
registry_id,registry_recordkeeping_index,registry_id,,accept,c23-development:validation:registry_id:registry_recordkeeping_index:validation-f3:validation-e1,known,historical_c23_public_development_diagnostic,registry_id,R2
registry_id,registry_recordkeeping_index,registry_id,,accept,c23-development:validation:registry_id:registry_recordkeeping_index:validation-f4:validation-e2,known,historical_c23_public_development_diagnostic,registry_id,R2
registry_id,registry_recordkeeping_index,registry_id,,accept,c23-development:validation:registry_id:registry_recordkeeping_index:validation-f5:validation-e3,known,historical_c23_public_development_diagnostic,registry_id,R2
registry_id,registry_formal_filing_reference,registry_id,,accept,c23-development:validation:registry_id:registry_formal_filing_reference:validation-f0:validation-e5,known,historical_c23_public_development_diagnostic,registry_id,R2
registry_id,registry_formal_filing_reference,registry_id,,accept,c23-development:validation:registry_id:registry_formal_filing_reference:validation-f1:validation-e0,known,historical_c23_public_development_diagnostic,registry_id,R2
registry_id,registry_formal_filing_reference,registry_id,,accept,c23-development:validation:registry_id:registry_formal_filing_reference:validation-f2:validation-e1,known,historical_c23_public_development_diagnostic,registry_id,R2
registry_id,registry_formal_filing_reference,registry_id,,accept,c23-development:validation:registry_id:registry_formal_filing_reference:validation-f3:validation-e2,known,historical_c23_public_development_diagnostic,registry_id,R2
registry_id,registry_formal_filing_reference,registry_id,,accept,c23-development:validation:registry_id:registry_formal_filing_reference:validation-f4:validation-e3,known,historical_c23_public_development_diagnostic,registry_id,R2
registry_id,registry_formal_filing_reference,registry_id,,accept,c23-development:validation:registry_id:registry_formal_filing_reference:validation-f5:validation-e4,known,historical_c23_public_development_diagnostic,registry_id,R2
registry_id,registry_master_roster_serial,registry_id,,accept,c23-development:validation:registry_id:registry_master_roster_serial:validation-f0:validation-e0,known,historical_c23_public_development_diagnostic,registry_id,R2
registry_id,registry_master_roster_serial,registry_id,,accept,c23-development:validation:registry_id:registry_master_roster_serial:validation-f1:validation-e1,known,historical_c23_public_development_diagnostic,registry_id,R2
registry_id,registry_master_roster_serial,registry_id,,accept,c23-development:validation:registry_id:registry_master_roster_serial:validation-f2:validation-e2,known,historical_c23_public_development_diagnostic,registry_id,R2
registry_id,registry_master_roster_serial,registry_id,,accept,c23-development:validation:registry_id:registry_master_roster_serial:validation-f3:validation-e3,known,historical_c23_public_development_diagnostic,registry_id,R2
registry_id,registry_master_roster_serial,registry_id,,accept,c23-development:validation:registry_id:registry_master_roster_serial:validation-f4:validation-e4,known,historical_c23_public_development_diagnostic,registry_id,R2
registry_id,registry_master_roster_serial,registry_id,,accept,c23-development:validation:registry_id:registry_master_roster_serial:validation-f5:validation-e5,known,historical_c23_public_development_diagnostic,registry_id,R2
registry_id,registry_official_roll_index,registry_id,,accept,c23-development:validation:registry_id:registry_official_roll_index:validation-f0:validation-e1,known,historical_c23_public_development_diagnostic,registry_id,R2
registry_id,registry_official_roll_index,registry_id,,accept,c23-development:validation:registry_id:registry_official_roll_index:validation-f1:validation-e2,known,historical_c23_public_development_diagnostic,registry_id,R2
registry_id,registry_official_roll_index,registry_id,,accept,c23-development:validation:registry_id:registry_official_roll_index:validation-f2:validation-e3,known,historical_c23_public_development_diagnostic,registry_id,R2
registry_id,registry_official_roll_index,registry_id,,accept,c23-development:validation:registry_id:registry_official_roll_index:validation-f3:validation-e4,known,historical_c23_public_development_diagnostic,registry_id,R2
registry_id,registry_official_roll_index,registry_id,,accept,c23-development:validation:registry_id:registry_official_roll_index:validation-f4:validation-e5,known,historical_c23_public_development_diagnostic,registry_id,R2
registry_id,registry_official_roll_index,registry_id,,accept,c23-development:validation:registry_id:registry_official_roll_index:validation-f5:validation-e0,known,historical_c23_public_development_diagnostic,registry_id,R2
registry_id,registry_catalogue_accession,registry_id,,accept,c23-development:validation:registry_id:registry_catalogue_accession:validation-f0:validation-e2,known,historical_c23_public_development_diagnostic,registry_id,R2
registry_id,registry_catalogue_accession,registry_id,,accept,c23-development:validation:registry_id:registry_catalogue_accession:validation-f1:validation-e3,known,historical_c23_public_development_diagnostic,registry_id,R2
registry_id,registry_catalogue_accession,registry_id,,accept,c23-development:validation:registry_id:registry_catalogue_accession:validation-f2:validation-e4,known,historical_c23_public_development_diagnostic,registry_id,R2
registry_id,registry_catalogue_accession,registry_id,,accept,c23-development:validation:registry_id:registry_catalogue_accession:validation-f3:validation-e5,known,historical_c23_public_development_diagnostic,registry_id,R2
registry_id,registry_catalogue_accession,registry_id,,accept,c23-development:validation:registry_id:registry_catalogue_accession:validation-f4:validation-e0,known,historical_c23_public_development_diagnostic,registry_id,R2
registry_id,registry_catalogue_accession,registry_id,,accept,c23-development:validation:registry_id:registry_catalogue_accession:validation-f5:validation-e1,known,historical_c23_public_development_diagnostic,registry_id,R2
registry_id,registry_master_list_folio,registry_id,,accept,c23-development:validation:registry_id:registry_master_list_folio:validation-f0:validation-e3,known,historical_c23_public_development_diagnostic,registry_id,R2
registry_id,registry_master_list_folio,registry_id,,accept,c23-development:validation:registry_id:registry_master_list_folio:validation-f1:validation-e4,known,historical_c23_public_development_diagnostic,registry_id,R2
registry_id,registry_master_list_folio,registry_id,,accept,c23-development:validation:registry_id:registry_master_list_folio:validation-f2:validation-e5,known,historical_c23_public_development_diagnostic,registry_id,R2
registry_id,registry_master_list_folio,registry_id,,accept,c23-development:validation:registry_id:registry_master_list_folio:validation-f3:validation-e0,known,historical_c23_public_development_diagnostic,registry_id,R2
registry_id,registry_master_list_folio,registry_id,,accept,c23-development:validation:registry_id:registry_master_list_folio:validation-f4:validation-e1,known,historical_c23_public_development_diagnostic,registry_id,R2
registry_id,registry_master_list_folio,registry_id,,accept,c23-development:validation:registry_id:registry_master_list_folio:validation-f5:validation-e2,known,historical_c23_public_development_diagnostic,registry_id,R2
registry_id,registry_subject_docket_reference,registry_id,,accept,c23-development:validation:registry_id:registry_subject_docket_reference:validation-f0:validation-e4,known,historical_c23_public_development_diagnostic,registry_id,R2
registry_id,registry_subject_docket_reference,registry_id,,accept,c23-development:validation:registry_id:registry_subject_docket_reference:validation-f1:validation-e5,known,historical_c23_public_development_diagnostic,registry_id,R2
registry_id,registry_subject_docket_reference,registry_id,,accept,c23-development:validation:registry_id:registry_subject_docket_reference:validation-f2:validation-e0,known,historical_c23_public_development_diagnostic,registry_id,R2
registry_id,registry_subject_docket_reference,registry_id,,accept,c23-development:validation:registry_id:registry_subject_docket_reference:validation-f3:validation-e1,known,historical_c23_public_development_diagnostic,registry_id,R2
registry_id,registry_subject_docket_reference,registry_id,,accept,c23-development:validation:registry_id:registry_subject_docket_reference:validation-f4:validation-e2,known,historical_c23_public_development_diagnostic,registry_id,R2
registry_id,registry_subject_docket_reference,registry_id,,accept,c23-development:validation:registry_id:registry_subject_docket_reference:validation-f5:validation-e3,known,historical_c23_public_development_diagnostic,registry_id,R2
registry_id,registry_official_listing_index,registry_id,,accept,c23-development:validation:registry_id:registry_official_listing_index:validation-f0:validation-e5,known,historical_c23_public_development_diagnostic,registry_id,R2
registry_id,registry_official_listing_index,registry_id,,accept,c23-development:validation:registry_id:registry_official_listing_index:validation-f1:validation-e0,known,historical_c23_public_development_diagnostic,registry_id,R2
registry_id,registry_official_listing_index,registry_id,,accept,c23-development:validation:registry_id:registry_official_listing_index:validation-f2:validation-e1,known,historical_c23_public_development_diagnostic,registry_id,R2
registry_id,registry_official_listing_index,registry_id,,accept,c23-development:validation:registry_id:registry_official_listing_index:validation-f3:validation-e2,known,historical_c23_public_development_diagnostic,registry_id,R2
registry_id,registry_official_listing_index,registry_id,,accept,c23-development:validation:registry_id:registry_official_listing_index:validation-f4:validation-e3,known,historical_c23_public_development_diagnostic,registry_id,R2
registry_id,registry_official_listing_index,registry_id,,accept,c23-development:validation:registry_id:registry_official_listing_index:validation-f5:validation-e4,known,historical_c23_public_development_diagnostic,registry_id,R2
city_code,city_named_municipality_code,city_code,,accept,c23-development:validation:city_code:city_named_municipality_code:validation-f0:validation-e1,known,historical_c23_public_development_diagnostic,city_code,R2
city_code,city_named_municipality_code,city_code,,accept,c23-development:validation:city_code:city_named_municipality_code:validation-f1:validation-e2,known,historical_c23_public_development_diagnostic,city_code,R2
city_code,city_named_municipality_code,city_code,,accept,c23-development:validation:city_code:city_named_municipality_code:validation-f2:validation-e3,known,historical_c23_public_development_diagnostic,city_code,R2
city_code,city_named_municipality_code,city_code,,accept,c23-development:validation:city_code:city_named_municipality_code:validation-f3:validation-e4,known,historical_c23_public_development_diagnostic,city_code,R2
city_code,city_named_municipality_code,city_code,,accept,c23-development:validation:city_code:city_named_municipality_code:validation-f4:validation-e5,known,historical_c23_public_development_diagnostic,city_code,R2
city_code,city_named_municipality_code,city_code,,accept,c23-development:validation:city_code:city_named_municipality_code:validation-f5:validation-e0,known,historical_c23_public_development_diagnostic,city_code,R2
city_code,city_populated_place_identifier,city_code,,accept,c23-development:validation:city_code:city_populated_place_identifier:validation-f0:validation-e2,known,historical_c23_public_development_diagnostic,city_code,R2
city_code,city_populated_place_identifier,city_code,,accept,c23-development:validation:city_code:city_populated_place_identifier:validation-f1:validation-e3,known,historical_c23_public_development_diagnostic,city_code,R2
city_code,city_populated_place_identifier,city_code,,accept,c23-development:validation:city_code:city_populated_place_identifier:validation-f2:validation-e4,known,historical_c23_public_development_diagnostic,city_code,R2
city_code,city_populated_place_identifier,city_code,,accept,c23-development:validation:city_code:city_populated_place_identifier:validation-f3:validation-e5,known,historical_c23_public_development_diagnostic,city_code,R2
city_code,city_populated_place_identifier,city_code,,accept,c23-development:validation:city_code:city_populated_place_identifier:validation-f4:validation-e0,known,historical_c23_public_development_diagnostic,city_code,R2
city_code,city_populated_place_identifier,city_code,,accept,c23-development:validation:city_code:city_populated_place_identifier:validation-f5:validation-e1,known,historical_c23_public_development_diagnostic,city_code,R2
city_code,city_local_jurisdiction_number,city_code,,accept,c23-development:validation:city_code:city_local_jurisdiction_number:validation-f0:validation-e3,known,historical_c23_public_development_diagnostic,city_code,R2
city_code,city_local_jurisdiction_number,city_code,,accept,c23-development:validation:city_code:city_local_jurisdiction_number:validation-f1:validation-e4,known,historical_c23_public_development_diagnostic,city_code,R2
city_code,city_local_jurisdiction_number,city_code,,accept,c23-development:validation:city_code:city_local_jurisdiction_number:validation-f2:validation-e5,known,historical_c23_public_development_diagnostic,city_code,R2
city_code,city_local_jurisdiction_number,city_code,,accept,c23-development:validation:city_code:city_local_jurisdiction_number:validation-f3:validation-e0,known,historical_c23_public_development_diagnostic,city_code,R2
city_code,city_local_jurisdiction_number,city_code,,accept,c23-development:validation:city_code:city_local_jurisdiction_number:validation-f4:validation-e1,known,historical_c23_public_development_diagnostic,city_code,R2
city_code,city_local_jurisdiction_number,city_code,,accept,c23-development:validation:city_code:city_local_jurisdiction_number:validation-f5:validation-e2,known,historical_c23_public_development_diagnostic,city_code,R2
city_code,city_administrative_area_id,city_code,,accept,c23-development:validation:city_code:city_administrative_area_id:validation-f0:validation-e4,known,historical_c23_public_development_diagnostic,city_code,R2
city_code,city_administrative_area_id,city_code,,accept,c23-development:validation:city_code:city_administrative_area_id:validation-f1:validation-e5,known,historical_c23_public_development_diagnostic,city_code,R2
city_code,city_administrative_area_id,city_code,,accept,c23-development:validation:city_code:city_administrative_area_id:validation-f2:validation-e0,known,historical_c23_public_development_diagnostic,city_code,R2
city_code,city_administrative_area_id,city_code,,accept,c23-development:validation:city_code:city_administrative_area_id:validation-f3:validation-e1,known,historical_c23_public_development_diagnostic,city_code,R2
city_code,city_administrative_area_id,city_code,,accept,c23-development:validation:city_code:city_administrative_area_id:validation-f4:validation-e2,known,historical_c23_public_development_diagnostic,city_code,R2
city_code,city_administrative_area_id,city_code,,accept,c23-development:validation:city_code:city_administrative_area_id:validation-f5:validation-e3,known,historical_c23_public_development_diagnostic,city_code,R2
city_code,city_named_locality_code,city_code,,accept,c23-development:validation:city_code:city_named_locality_code:validation-f0:validation-e5,known,historical_c23_public_development_diagnostic,city_code,R2
city_code,city_named_locality_code,city_code,,accept,c23-development:validation:city_code:city_named_locality_code:validation-f1:validation-e0,known,historical_c23_public_development_diagnostic,city_code,R2
city_code,city_named_locality_code,city_code,,accept,c23-development:validation:city_code:city_named_locality_code:validation-f2:validation-e1,known,historical_c23_public_development_diagnostic,city_code,R2
city_code,city_named_locality_code,city_code,,accept,c23-development:validation:city_code:city_named_locality_code:validation-f3:validation-e2,known,historical_c23_public_development_diagnostic,city_code,R2
city_code,city_named_locality_code,city_code,,accept,c23-development:validation:city_code:city_named_locality_code:validation-f4:validation-e3,known,historical_c23_public_development_diagnostic,city_code,R2
city_code,city_named_locality_code,city_code,,accept,c23-development:validation:city_code:city_named_locality_code:validation-f5:validation-e4,known,historical_c23_public_development_diagnostic,city_code,R2
city_code,city_local_government_identifier,city_code,,accept,c23-development:validation:city_code:city_local_government_identifier:validation-f0:validation-e0,known,historical_c23_public_development_diagnostic,city_code,R2
city_code,city_local_government_identifier,city_code,,accept,c23-development:validation:city_code:city_local_government_identifier:validation-f1:validation-e1,known,historical_c23_public_development_diagnostic,city_code,R2
city_code,city_local_government_identifier,city_code,,accept,c23-development:validation:city_code:city_local_government_identifier:validation-f2:validation-e2,known,historical_c23_public_development_diagnostic,city_code,R2
city_code,city_local_government_identifier,city_code,,accept,c23-development:validation:city_code:city_local_government_identifier:validation-f3:validation-e3,known,historical_c23_public_development_diagnostic,city_code,R2
city_code,city_local_government_identifier,city_code,,accept,c23-development:validation:city_code:city_local_government_identifier:validation-f4:validation-e4,known,historical_c23_public_development_diagnostic,city_code,R2
city_code,city_local_government_identifier,city_code,,accept,c23-development:validation:city_code:city_local_government_identifier:validation-f5:validation-e5,known,historical_c23_public_development_diagnostic,city_code,R2
city_code,city_town_geocode,city_code,,accept,c23-development:validation:city_code:city_town_geocode:validation-f0:validation-e1,known,historical_c23_public_development_diagnostic,city_code,R2
city_code,city_town_geocode,city_code,,accept,c23-development:validation:city_code:city_town_geocode:validation-f1:validation-e2,known,historical_c23_public_development_diagnostic,city_code,R2
city_code,city_town_geocode,city_code,,accept,c23-development:validation:city_code:city_town_geocode:validation-f2:validation-e3,known,historical_c23_public_development_diagnostic,city_code,R2
city_code,city_town_geocode,city_code,,accept,c23-development:validation:city_code:city_town_geocode:validation-f3:validation-e4,known,historical_c23_public_development_diagnostic,city_code,R2
city_code,city_town_geocode,city_code,,accept,c23-development:validation:city_code:city_town_geocode:validation-f4:validation-e5,known,historical_c23_public_development_diagnostic,city_code,R2
city_code,city_town_geocode,city_code,,accept,c23-development:validation:city_code:city_town_geocode:validation-f5:validation-e0,known,historical_c23_public_development_diagnostic,city_code,R2
city_code,city_metropolitan_designation,city_code,,accept,c23-development:validation:city_code:city_metropolitan_designation:validation-f0:validation-e2,known,historical_c23_public_development_diagnostic,city_code,R2
city_code,city_metropolitan_designation,city_code,,accept,c23-development:validation:city_code:city_metropolitan_designation:validation-f1:validation-e3,known,historical_c23_public_development_diagnostic,city_code,R2
city_code,city_metropolitan_designation,city_code,,accept,c23-development:validation:city_code:city_metropolitan_designation:validation-f2:validation-e4,known,historical_c23_public_development_diagnostic,city_code,R2
city_code,city_metropolitan_designation,city_code,,accept,c23-development:validation:city_code:city_metropolitan_designation:validation-f3:validation-e5,known,historical_c23_public_development_diagnostic,city_code,R2
city_code,city_metropolitan_designation,city_code,,accept,c23-development:validation:city_code:city_metropolitan_designation:validation-f4:validation-e0,known,historical_c23_public_development_diagnostic,city_code,R2
city_code,city_metropolitan_designation,city_code,,accept,c23-development:validation:city_code:city_metropolitan_designation:validation-f5:validation-e1,known,historical_c23_public_development_diagnostic,city_code,R2
city_code,city_urban_district_number,city_code,,accept,c23-development:validation:city_code:city_urban_district_number:validation-f0:validation-e3,known,historical_c23_public_development_diagnostic,city_code,R2
city_code,city_urban_district_number,city_code,,accept,c23-development:validation:city_code:city_urban_district_number:validation-f1:validation-e4,known,historical_c23_public_development_diagnostic,city_code,R2
city_code,city_urban_district_number,city_code,,accept,c23-development:validation:city_code:city_urban_district_number:validation-f2:validation-e5,known,historical_c23_public_development_diagnostic,city_code,R2
city_code,city_urban_district_number,city_code,,accept,c23-development:validation:city_code:city_urban_district_number:validation-f3:validation-e0,known,historical_c23_public_development_diagnostic,city_code,R2
city_code,city_urban_district_number,city_code,,accept,c23-development:validation:city_code:city_urban_district_number:validation-f4:validation-e1,known,historical_c23_public_development_diagnostic,city_code,R2
city_code,city_urban_district_number,city_code,,accept,c23-development:validation:city_code:city_urban_district_number:validation-f5:validation-e2,known,historical_c23_public_development_diagnostic,city_code,R2
city_code,city_civic_region_label,city_code,,accept,c23-development:validation:city_code:city_civic_region_label:validation-f0:validation-e4,known,historical_c23_public_development_diagnostic,city_code,R2
city_code,city_civic_region_label,city_code,,accept,c23-development:validation:city_code:city_civic_region_label:validation-f1:validation-e5,known,historical_c23_public_development_diagnostic,city_code,R2
city_code,city_civic_region_label,city_code,,accept,c23-development:validation:city_code:city_civic_region_label:validation-f2:validation-e0,known,historical_c23_public_development_diagnostic,city_code,R2
city_code,city_civic_region_label,city_code,,accept,c23-development:validation:city_code:city_civic_region_label:validation-f3:validation-e1,known,historical_c23_public_development_diagnostic,city_code,R2
city_code,city_civic_region_label,city_code,,accept,c23-development:validation:city_code:city_civic_region_label:validation-f4:validation-e2,known,historical_c23_public_development_diagnostic,city_code,R2
city_code,city_civic_region_label,city_code,,accept,c23-development:validation:city_code:city_civic_region_label:validation-f5:validation-e3,known,historical_c23_public_development_diagnostic,city_code,R2
city_code,city_town_place_code,city_code,,accept,c23-development:validation:city_code:city_town_place_code:validation-f0:validation-e5,known,historical_c23_public_development_diagnostic,city_code,R2
city_code,city_town_place_code,city_code,,accept,c23-development:validation:city_code:city_town_place_code:validation-f1:validation-e0,known,historical_c23_public_development_diagnostic,city_code,R2
city_code,city_town_place_code,city_code,,accept,c23-development:validation:city_code:city_town_place_code:validation-f2:validation-e1,known,historical_c23_public_development_diagnostic,city_code,R2
city_code,city_town_place_code,city_code,,accept,c23-development:validation:city_code:city_town_place_code:validation-f3:validation-e2,known,historical_c23_public_development_diagnostic,city_code,R2
city_code,city_town_place_code,city_code,,accept,c23-development:validation:city_code:city_town_place_code:validation-f4:validation-e3,known,historical_c23_public_development_diagnostic,city_code,R2
city_code,city_town_place_code,city_code,,accept,c23-development:validation:city_code:city_town_place_code:validation-f5:validation-e4,known,historical_c23_public_development_diagnostic,city_code,R2
city_code,city_community_area_identifier,city_code,,accept,c23-development:validation:city_code:city_community_area_identifier:validation-f0:validation-e0,known,historical_c23_public_development_diagnostic,city_code,R2
city_code,city_community_area_identifier,city_code,,accept,c23-development:validation:city_code:city_community_area_identifier:validation-f1:validation-e1,known,historical_c23_public_development_diagnostic,city_code,R2
city_code,city_community_area_identifier,city_code,,accept,c23-development:validation:city_code:city_community_area_identifier:validation-f2:validation-e2,known,historical_c23_public_development_diagnostic,city_code,R2
city_code,city_community_area_identifier,city_code,,accept,c23-development:validation:city_code:city_community_area_identifier:validation-f3:validation-e3,known,historical_c23_public_development_diagnostic,city_code,R2
city_code,city_community_area_identifier,city_code,,accept,c23-development:validation:city_code:city_community_area_identifier:validation-f4:validation-e4,known,historical_c23_public_development_diagnostic,city_code,R2
city_code,city_community_area_identifier,city_code,,accept,c23-development:validation:city_code:city_community_area_identifier:validation-f5:validation-e5,known,historical_c23_public_development_diagnostic,city_code,R2
access_code,access_required_credential,access_code,,accept,c23-development:validation:access_code:access_required_credential:validation-f0:validation-e2,known,historical_c23_public_development_diagnostic,access_code,R2
access_code,access_required_credential,access_code,,accept,c23-development:validation:access_code:access_required_credential:validation-f1:validation-e3,known,historical_c23_public_development_diagnostic,access_code,R2
access_code,access_required_credential,access_code,,accept,c23-development:validation:access_code:access_required_credential:validation-f2:validation-e4,known,historical_c23_public_development_diagnostic,access_code,R2
access_code,access_required_credential,access_code,,accept,c23-development:validation:access_code:access_required_credential:validation-f3:validation-e5,known,historical_c23_public_development_diagnostic,access_code,R2
access_code,access_required_credential,access_code,,accept,c23-development:validation:access_code:access_required_credential:validation-f4:validation-e0,known,historical_c23_public_development_diagnostic,access_code,R2
access_code,access_required_credential,access_code,,accept,c23-development:validation:access_code:access_required_credential:validation-f5:validation-e1,known,historical_c23_public_development_diagnostic,access_code,R2
access_code,access_protected_account_password,access_code,,accept,c23-development:validation:access_code:access_protected_account_password:validation-f0:validation-e3,known,historical_c23_public_development_diagnostic,access_code,R2
access_code,access_protected_account_password,access_code,,accept,c23-development:validation:access_code:access_protected_account_password:validation-f1:validation-e4,known,historical_c23_public_development_diagnostic,access_code,R2
access_code,access_protected_account_password,access_code,,accept,c23-development:validation:access_code:access_protected_account_password:validation-f2:validation-e5,known,historical_c23_public_development_diagnostic,access_code,R2
access_code,access_protected_account_password,access_code,,accept,c23-development:validation:access_code:access_protected_account_password:validation-f3:validation-e0,known,historical_c23_public_development_diagnostic,access_code,R2
access_code,access_protected_account_password,access_code,,accept,c23-development:validation:access_code:access_protected_account_password:validation-f4:validation-e1,known,historical_c23_public_development_diagnostic,access_code,R2
access_code,access_protected_account_password,access_code,,accept,c23-development:validation:access_code:access_protected_account_password:validation-f5:validation-e2,known,historical_c23_public_development_diagnostic,access_code,R2
access_code,access_service_unlock_passcode,access_code,,accept,c23-development:validation:access_code:access_service_unlock_passcode:validation-f0:validation-e4,known,historical_c23_public_development_diagnostic,access_code,R2
access_code,access_service_unlock_passcode,access_code,,accept,c23-development:validation:access_code:access_service_unlock_passcode:validation-f1:validation-e5,known,historical_c23_public_development_diagnostic,access_code,R2
access_code,access_service_unlock_passcode,access_code,,accept,c23-development:validation:access_code:access_service_unlock_passcode:validation-f2:validation-e0,known,historical_c23_public_development_diagnostic,access_code,R2
access_code,access_service_unlock_passcode,access_code,,accept,c23-development:validation:access_code:access_service_unlock_passcode:validation-f3:validation-e1,known,historical_c23_public_development_diagnostic,access_code,R2
access_code,access_service_unlock_passcode,access_code,,accept,c23-development:validation:access_code:access_service_unlock_passcode:validation-f4:validation-e2,known,historical_c23_public_development_diagnostic,access_code,R2
access_code,access_service_unlock_passcode,access_code,,accept,c23-development:validation:access_code:access_service_unlock_passcode:validation-f5:validation-e3,known,historical_c23_public_development_diagnostic,access_code,R2
access_code,access_subject_signon_secret,access_code,,accept,c23-development:validation:access_code:access_subject_signon_secret:validation-f0:validation-e5,known,historical_c23_public_development_diagnostic,access_code,R2
access_code,access_subject_signon_secret,access_code,,accept,c23-development:validation:access_code:access_subject_signon_secret:validation-f1:validation-e0,known,historical_c23_public_development_diagnostic,access_code,R2
access_code,access_subject_signon_secret,access_code,,accept,c23-development:validation:access_code:access_subject_signon_secret:validation-f2:validation-e1,known,historical_c23_public_development_diagnostic,access_code,R2
access_code,access_subject_signon_secret,access_code,,accept,c23-development:validation:access_code:access_subject_signon_secret:validation-f3:validation-e2,known,historical_c23_public_development_diagnostic,access_code,R2
access_code,access_subject_signon_secret,access_code,,accept,c23-development:validation:access_code:access_subject_signon_secret:validation-f4:validation-e3,known,historical_c23_public_development_diagnostic,access_code,R2
access_code,access_subject_signon_secret,access_code,,accept,c23-development:validation:access_code:access_subject_signon_secret:validation-f5:validation-e4,known,historical_c23_public_development_diagnostic,access_code,R2
access_code,access_resource_authentication_secret,access_code,,accept,c23-development:validation:access_code:access_resource_authentication_secret:validation-f0:validation-e0,known,historical_c23_public_development_diagnostic,access_code,R2
access_code,access_resource_authentication_secret,access_code,,accept,c23-development:validation:access_code:access_resource_authentication_secret:validation-f1:validation-e1,known,historical_c23_public_development_diagnostic,access_code,R2
access_code,access_resource_authentication_secret,access_code,,accept,c23-development:validation:access_code:access_resource_authentication_secret:validation-f2:validation-e2,known,historical_c23_public_development_diagnostic,access_code,R2
access_code,access_resource_authentication_secret,access_code,,accept,c23-development:validation:access_code:access_resource_authentication_secret:validation-f3:validation-e3,known,historical_c23_public_development_diagnostic,access_code,R2
access_code,access_resource_authentication_secret,access_code,,accept,c23-development:validation:access_code:access_resource_authentication_secret:validation-f4:validation-e4,known,historical_c23_public_development_diagnostic,access_code,R2
access_code,access_resource_authentication_secret,access_code,,accept,c23-development:validation:access_code:access_resource_authentication_secret:validation-f5:validation-e5,known,historical_c23_public_development_diagnostic,access_code,R2
access_code,access_lock_screen_code,access_code,,accept,c23-development:validation:access_code:access_lock_screen_code:validation-f0:validation-e1,known,historical_c23_public_development_diagnostic,access_code,R2
access_code,access_lock_screen_code,access_code,,accept,c23-development:validation:access_code:access_lock_screen_code:validation-f1:validation-e2,known,historical_c23_public_development_diagnostic,access_code,R2
access_code,access_lock_screen_code,access_code,,accept,c23-development:validation:access_code:access_lock_screen_code:validation-f2:validation-e3,known,historical_c23_public_development_diagnostic,access_code,R2
access_code,access_lock_screen_code,access_code,,accept,c23-development:validation:access_code:access_lock_screen_code:validation-f3:validation-e4,known,historical_c23_public_development_diagnostic,access_code,R2
access_code,access_lock_screen_code,access_code,,accept,c23-development:validation:access_code:access_lock_screen_code:validation-f4:validation-e5,known,historical_c23_public_development_diagnostic,access_code,R2
access_code,access_lock_screen_code,access_code,,accept,c23-development:validation:access_code:access_lock_screen_code:validation-f5:validation-e0,known,historical_c23_public_development_diagnostic,access_code,R2
access_code,access_secure_gate_pin,access_code,,accept,c23-development:validation:access_code:access_secure_gate_pin:validation-f0:validation-e2,known,historical_c23_public_development_diagnostic,access_code,R2
access_code,access_secure_gate_pin,access_code,,accept,c23-development:validation:access_code:access_secure_gate_pin:validation-f1:validation-e3,known,historical_c23_public_development_diagnostic,access_code,R2
access_code,access_secure_gate_pin,access_code,,accept,c23-development:validation:access_code:access_secure_gate_pin:validation-f2:validation-e4,known,historical_c23_public_development_diagnostic,access_code,R2
access_code,access_secure_gate_pin,access_code,,accept,c23-development:validation:access_code:access_secure_gate_pin:validation-f3:validation-e5,known,historical_c23_public_development_diagnostic,access_code,R2
access_code,access_secure_gate_pin,access_code,,accept,c23-development:validation:access_code:access_secure_gate_pin:validation-f4:validation-e0,known,historical_c23_public_development_diagnostic,access_code,R2
access_code,access_secure_gate_pin,access_code,,accept,c23-development:validation:access_code:access_secure_gate_pin:validation-f5:validation-e1,known,historical_c23_public_development_diagnostic,access_code,R2
access_code,access_resource_unlock_combination,access_code,,accept,c23-development:validation:access_code:access_resource_unlock_combination:validation-f0:validation-e3,known,historical_c23_public_development_diagnostic,access_code,R2
access_code,access_resource_unlock_combination,access_code,,accept,c23-development:validation:access_code:access_resource_unlock_combination:validation-f1:validation-e4,known,historical_c23_public_development_diagnostic,access_code,R2
access_code,access_resource_unlock_combination,access_code,,accept,c23-development:validation:access_code:access_resource_unlock_combination:validation-f2:validation-e5,known,historical_c23_public_development_diagnostic,access_code,R2
access_code,access_resource_unlock_combination,access_code,,accept,c23-development:validation:access_code:access_resource_unlock_combination:validation-f3:validation-e0,known,historical_c23_public_development_diagnostic,access_code,R2
access_code,access_resource_unlock_combination,access_code,,accept,c23-development:validation:access_code:access_resource_unlock_combination:validation-f4:validation-e1,known,historical_c23_public_development_diagnostic,access_code,R2
access_code,access_resource_unlock_combination,access_code,,accept,c23-development:validation:access_code:access_resource_unlock_combination:validation-f5:validation-e2,known,historical_c23_public_development_diagnostic,access_code,R2
access_code,access_account_keyphrase,access_code,,accept,c23-development:validation:access_code:access_account_keyphrase:validation-f0:validation-e4,known,historical_c23_public_development_diagnostic,access_code,R2
access_code,access_account_keyphrase,access_code,,accept,c23-development:validation:access_code:access_account_keyphrase:validation-f1:validation-e5,known,historical_c23_public_development_diagnostic,access_code,R2
access_code,access_account_keyphrase,access_code,,accept,c23-development:validation:access_code:access_account_keyphrase:validation-f2:validation-e0,known,historical_c23_public_development_diagnostic,access_code,R2
access_code,access_account_keyphrase,access_code,,accept,c23-development:validation:access_code:access_account_keyphrase:validation-f3:validation-e1,known,historical_c23_public_development_diagnostic,access_code,R2
access_code,access_account_keyphrase,access_code,,accept,c23-development:validation:access_code:access_account_keyphrase:validation-f4:validation-e2,known,historical_c23_public_development_diagnostic,access_code,R2
access_code,access_account_keyphrase,access_code,,accept,c23-development:validation:access_code:access_account_keyphrase:validation-f5:validation-e3,known,historical_c23_public_development_diagnostic,access_code,R2
access_code,access_secured_area_keypad_sequence,access_code,,accept,c23-development:validation:access_code:access_secured_area_keypad_sequence:validation-f0:validation-e5,known,historical_c23_public_development_diagnostic,access_code,R2
access_code,access_secured_area_keypad_sequence,access_code,,accept,c23-development:validation:access_code:access_secured_area_keypad_sequence:validation-f1:validation-e0,known,historical_c23_public_development_diagnostic,access_code,R2
access_code,access_secured_area_keypad_sequence,access_code,,accept,c23-development:validation:access_code:access_secured_area_keypad_sequence:validation-f2:validation-e1,known,historical_c23_public_development_diagnostic,access_code,R2
access_code,access_secured_area_keypad_sequence,access_code,,accept,c23-development:validation:access_code:access_secured_area_keypad_sequence:validation-f3:validation-e2,known,historical_c23_public_development_diagnostic,access_code,R2
access_code,access_secured_area_keypad_sequence,access_code,,accept,c23-development:validation:access_code:access_secured_area_keypad_sequence:validation-f4:validation-e3,known,historical_c23_public_development_diagnostic,access_code,R2
access_code,access_secured_area_keypad_sequence,access_code,,accept,c23-development:validation:access_code:access_secured_area_keypad_sequence:validation-f5:validation-e4,known,historical_c23_public_development_diagnostic,access_code,R2
access_code,access_lock_bearer_secret,access_code,,accept,c23-development:validation:access_code:access_lock_bearer_secret:validation-f0:validation-e0,known,historical_c23_public_development_diagnostic,access_code,R2
access_code,access_lock_bearer_secret,access_code,,accept,c23-development:validation:access_code:access_lock_bearer_secret:validation-f1:validation-e1,known,historical_c23_public_development_diagnostic,access_code,R2
access_code,access_lock_bearer_secret,access_code,,accept,c23-development:validation:access_code:access_lock_bearer_secret:validation-f2:validation-e2,known,historical_c23_public_development_diagnostic,access_code,R2
access_code,access_lock_bearer_secret,access_code,,accept,c23-development:validation:access_code:access_lock_bearer_secret:validation-f3:validation-e3,known,historical_c23_public_development_diagnostic,access_code,R2
access_code,access_lock_bearer_secret,access_code,,accept,c23-development:validation:access_code:access_lock_bearer_secret:validation-f4:validation-e4,known,historical_c23_public_development_diagnostic,access_code,R2
access_code,access_lock_bearer_secret,access_code,,accept,c23-development:validation:access_code:access_lock_bearer_secret:validation-f5:validation-e5,known,historical_c23_public_development_diagnostic,access_code,R2
access_code,access_service_challenge_response,access_code,,accept,c23-development:validation:access_code:access_service_challenge_response:validation-f0:validation-e1,known,historical_c23_public_development_diagnostic,access_code,R2
access_code,access_service_challenge_response,access_code,,accept,c23-development:validation:access_code:access_service_challenge_response:validation-f1:validation-e2,known,historical_c23_public_development_diagnostic,access_code,R2
access_code,access_service_challenge_response,access_code,,accept,c23-development:validation:access_code:access_service_challenge_response:validation-f2:validation-e3,known,historical_c23_public_development_diagnostic,access_code,R2
access_code,access_service_challenge_response,access_code,,accept,c23-development:validation:access_code:access_service_challenge_response:validation-f3:validation-e4,known,historical_c23_public_development_diagnostic,access_code,R2
access_code,access_service_challenge_response,access_code,,accept,c23-development:validation:access_code:access_service_challenge_response:validation-f4:validation-e5,known,historical_c23_public_development_diagnostic,access_code,R2
access_code,access_service_challenge_response,access_code,,accept,c23-development:validation:access_code:access_service_challenge_response:validation-f5:validation-e0,known,historical_c23_public_development_diagnostic,access_code,R2
registry_id,ambiguous_identifier,registry_id,,accept,c23-development:reject:ambiguous:ambiguous_identifier:validation-f0:validation-e0,ambiguous,historical_c23_public_development_diagnostic,,R2
registry_id,ambiguous_identifier,registry_id,,accept,c23-development:reject:ambiguous:ambiguous_identifier:validation-f1:validation-e1,ambiguous,historical_c23_public_development_diagnostic,,R2
registry_id,ambiguous_identifier,registry_id,,accept,c23-development:reject:ambiguous:ambiguous_identifier:validation-f2:validation-e2,ambiguous,historical_c23_public_development_diagnostic,,R2
registry_id,ambiguous_identifier,registry_id,,accept,c23-development:reject:ambiguous:ambiguous_identifier:validation-f3:validation-e3,ambiguous,historical_c23_public_development_diagnostic,,R2
registry_id,ambiguous_identifier,registry_id,,accept,c23-development:reject:ambiguous:ambiguous_identifier:validation-f4:validation-e4,ambiguous,historical_c23_public_development_diagnostic,,R2
registry_id,ambiguous_identifier,registry_id,,accept,c23-development:reject:ambiguous:ambiguous_identifier:validation-f5:validation-e5,ambiguous,historical_c23_public_development_diagnostic,,R2
registry_id,ambiguous_reference_number,registry_id,,accept,c23-development:reject:ambiguous:ambiguous_reference_number:validation-f0:validation-e1,ambiguous,historical_c23_public_development_diagnostic,,R2
registry_id,ambiguous_reference_number,registry_id,,accept,c23-development:reject:ambiguous:ambiguous_reference_number:validation-f1:validation-e2,ambiguous,historical_c23_public_development_diagnostic,,R2
registry_id,ambiguous_reference_number,registry_id,,accept,c23-development:reject:ambiguous:ambiguous_reference_number:validation-f2:validation-e3,ambiguous,historical_c23_public_development_diagnostic,,R2
registry_id,ambiguous_reference_number,registry_id,,accept,c23-development:reject:ambiguous:ambiguous_reference_number:validation-f3:validation-e4,ambiguous,historical_c23_public_development_diagnostic,,R2
registry_id,ambiguous_reference_number,registry_id,,accept,c23-development:reject:ambiguous:ambiguous_reference_number:validation-f4:validation-e5,ambiguous,historical_c23_public_development_diagnostic,,R2
registry_id,ambiguous_reference_number,registry_id,,accept,c23-development:reject:ambiguous:ambiguous_reference_number:validation-f5:validation-e0,ambiguous,historical_c23_public_development_diagnostic,,R2
city_code,ambiguous_assigned_code,city_code,,accept,c23-development:reject:ambiguous:ambiguous_assigned_code:validation-f0:validation-e2,ambiguous,historical_c23_public_development_diagnostic,,R2
city_code,ambiguous_assigned_code,city_code,,accept,c23-development:reject:ambiguous:ambiguous_assigned_code:validation-f1:validation-e3,ambiguous,historical_c23_public_development_diagnostic,,R2
city_code,ambiguous_assigned_code,city_code,,accept,c23-development:reject:ambiguous:ambiguous_assigned_code:validation-f2:validation-e4,ambiguous,historical_c23_public_development_diagnostic,,R2
city_code,ambiguous_assigned_code,city_code,,accept,c23-development:reject:ambiguous:ambiguous_assigned_code:validation-f3:validation-e5,ambiguous,historical_c23_public_development_diagnostic,,R2
city_code,ambiguous_assigned_code,city_code,,accept,c23-development:reject:ambiguous:ambiguous_assigned_code:validation-f4:validation-e0,ambiguous,historical_c23_public_development_diagnostic,,R2
city_code,ambiguous_assigned_code,city_code,,accept,c23-development:reject:ambiguous:ambiguous_assigned_code:validation-f5:validation-e1,ambiguous,historical_c23_public_development_diagnostic,,R2
access_code,ambiguous_profile_key,access_code,,accept,c23-development:reject:ambiguous:ambiguous_profile_key:validation-f0:validation-e3,ambiguous,historical_c23_public_development_diagnostic,,R2
access_code,ambiguous_profile_key,access_code,,accept,c23-development:reject:ambiguous:ambiguous_profile_key:validation-f1:validation-e4,ambiguous,historical_c23_public_development_diagnostic,,R2
access_code,ambiguous_profile_key,access_code,,accept,c23-development:reject:ambiguous:ambiguous_profile_key:validation-f2:validation-e5,ambiguous,historical_c23_public_development_diagnostic,,R2
access_code,ambiguous_profile_key,access_code,,accept,c23-development:reject:ambiguous:ambiguous_profile_key:validation-f3:validation-e0,ambiguous,historical_c23_public_development_diagnostic,,R2
access_code,ambiguous_profile_key,access_code,,accept,c23-development:reject:ambiguous:ambiguous_profile_key:validation-f4:validation-e1,ambiguous,historical_c23_public_development_diagnostic,,R2
access_code,ambiguous_profile_key,access_code,,accept,c23-development:reject:ambiguous:ambiguous_profile_key:validation-f5:validation-e2,ambiguous,historical_c23_public_development_diagnostic,,R2
registry_id,ambiguous_record_value,registry_id,,accept,c23-development:reject:ambiguous:ambiguous_record_value:validation-f0:validation-e4,ambiguous,historical_c23_public_development_diagnostic,,R2
registry_id,ambiguous_record_value,registry_id,,accept,c23-development:reject:ambiguous:ambiguous_record_value:validation-f1:validation-e5,ambiguous,historical_c23_public_development_diagnostic,,R2
registry_id,ambiguous_record_value,registry_id,,accept,c23-development:reject:ambiguous:ambiguous_record_value:validation-f2:validation-e0,ambiguous,historical_c23_public_development_diagnostic,,R2
registry_id,ambiguous_record_value,registry_id,,accept,c23-development:reject:ambiguous:ambiguous_record_value:validation-f3:validation-e1,ambiguous,historical_c23_public_development_diagnostic,,R2
registry_id,ambiguous_record_value,registry_id,,accept,c23-development:reject:ambiguous:ambiguous_record_value:validation-f4:validation-e2,ambiguous,historical_c23_public_development_diagnostic,,R2
registry_id,ambiguous_record_value,registry_id,,accept,c23-development:reject:ambiguous:ambiguous_record_value:validation-f5:validation-e3,ambiguous,historical_c23_public_development_diagnostic,,R2
registry_id,ambiguous_account_number,registry_id,,accept,c23-development:reject:ambiguous:ambiguous_account_number:validation-f0:validation-e5,ambiguous,historical_c23_public_development_diagnostic,,R2
registry_id,ambiguous_account_number,registry_id,,accept,c23-development:reject:ambiguous:ambiguous_account_number:validation-f1:validation-e0,ambiguous,historical_c23_public_development_diagnostic,,R2
registry_id,ambiguous_account_number,registry_id,,accept,c23-development:reject:ambiguous:ambiguous_account_number:validation-f2:validation-e1,ambiguous,historical_c23_public_development_diagnostic,,R2
registry_id,ambiguous_account_number,registry_id,,accept,c23-development:reject:ambiguous:ambiguous_account_number:validation-f3:validation-e2,ambiguous,historical_c23_public_development_diagnostic,,R2
registry_id,ambiguous_account_number,registry_id,,accept,c23-development:reject:ambiguous:ambiguous_account_number:validation-f4:validation-e3,ambiguous,historical_c23_public_development_diagnostic,,R2
registry_id,ambiguous_account_number,registry_id,,accept,c23-development:reject:ambiguous:ambiguous_account_number:validation-f5:validation-e4,ambiguous,historical_c23_public_development_diagnostic,,R2
access_code,ambiguous_internal_tag,access_code,,accept,c23-development:reject:ambiguous:ambiguous_internal_tag:validation-f0:validation-e0,ambiguous,historical_c23_public_development_diagnostic,,R2
access_code,ambiguous_internal_tag,access_code,,accept,c23-development:reject:ambiguous:ambiguous_internal_tag:validation-f1:validation-e1,ambiguous,historical_c23_public_development_diagnostic,,R2
access_code,ambiguous_internal_tag,access_code,,accept,c23-development:reject:ambiguous:ambiguous_internal_tag:validation-f2:validation-e2,ambiguous,historical_c23_public_development_diagnostic,,R2
access_code,ambiguous_internal_tag,access_code,,accept,c23-development:reject:ambiguous:ambiguous_internal_tag:validation-f3:validation-e3,ambiguous,historical_c23_public_development_diagnostic,,R2
access_code,ambiguous_internal_tag,access_code,,accept,c23-development:reject:ambiguous:ambiguous_internal_tag:validation-f4:validation-e4,ambiguous,historical_c23_public_development_diagnostic,,R2
access_code,ambiguous_internal_tag,access_code,,accept,c23-development:reject:ambiguous:ambiguous_internal_tag:validation-f5:validation-e5,ambiguous,historical_c23_public_development_diagnostic,,R2
access_code,ambiguous_service_code,access_code,,accept,c23-development:reject:ambiguous:ambiguous_service_code:validation-f0:validation-e1,ambiguous,historical_c23_public_development_diagnostic,,R2
access_code,ambiguous_service_code,access_code,,accept,c23-development:reject:ambiguous:ambiguous_service_code:validation-f1:validation-e2,ambiguous,historical_c23_public_development_diagnostic,,R2
access_code,ambiguous_service_code,access_code,,accept,c23-development:reject:ambiguous:ambiguous_service_code:validation-f2:validation-e3,ambiguous,historical_c23_public_development_diagnostic,,R2
access_code,ambiguous_service_code,access_code,,accept,c23-development:reject:ambiguous:ambiguous_service_code:validation-f3:validation-e4,ambiguous,historical_c23_public_development_diagnostic,,R2
access_code,ambiguous_service_code,access_code,,accept,c23-development:reject:ambiguous:ambiguous_service_code:validation-f4:validation-e5,ambiguous,historical_c23_public_development_diagnostic,,R2
access_code,ambiguous_service_code,access_code,,accept,c23-development:reject:ambiguous:ambiguous_service_code:validation-f5:validation-e0,ambiguous,historical_c23_public_development_diagnostic,,R2
registry_id,ambiguous_subject_marker,registry_id,,accept,c23-development:reject:ambiguous:ambiguous_subject_marker:validation-f0:validation-e2,ambiguous,historical_c23_public_development_diagnostic,,R2
registry_id,ambiguous_subject_marker,registry_id,,accept,c23-development:reject:ambiguous:ambiguous_subject_marker:validation-f1:validation-e3,ambiguous,historical_c23_public_development_diagnostic,,R2
registry_id,ambiguous_subject_marker,registry_id,,accept,c23-development:reject:ambiguous:ambiguous_subject_marker:validation-f2:validation-e4,ambiguous,historical_c23_public_development_diagnostic,,R2
registry_id,ambiguous_subject_marker,registry_id,,accept,c23-development:reject:ambiguous:ambiguous_subject_marker:validation-f3:validation-e5,ambiguous,historical_c23_public_development_diagnostic,,R2
registry_id,ambiguous_subject_marker,registry_id,,accept,c23-development:reject:ambiguous:ambiguous_subject_marker:validation-f4:validation-e0,ambiguous,historical_c23_public_development_diagnostic,,R2
registry_id,ambiguous_subject_marker,registry_id,,accept,c23-development:reject:ambiguous:ambiguous_subject_marker:validation-f5:validation-e1,ambiguous,historical_c23_public_development_diagnostic,,R2
access_code,ambiguous_database_key,access_code,,accept,c23-development:reject:ambiguous:ambiguous_database_key:validation-f0:validation-e3,ambiguous,historical_c23_public_development_diagnostic,,R2
access_code,ambiguous_database_key,access_code,,accept,c23-development:reject:ambiguous:ambiguous_database_key:validation-f1:validation-e4,ambiguous,historical_c23_public_development_diagnostic,,R2
access_code,ambiguous_database_key,access_code,,accept,c23-development:reject:ambiguous:ambiguous_database_key:validation-f2:validation-e5,ambiguous,historical_c23_public_development_diagnostic,,R2
access_code,ambiguous_database_key,access_code,,accept,c23-development:reject:ambiguous:ambiguous_database_key:validation-f3:validation-e0,ambiguous,historical_c23_public_development_diagnostic,,R2
access_code,ambiguous_database_key,access_code,,accept,c23-development:reject:ambiguous:ambiguous_database_key:validation-f4:validation-e1,ambiguous,historical_c23_public_development_diagnostic,,R2
access_code,ambiguous_database_key,access_code,,accept,c23-development:reject:ambiguous:ambiguous_database_key:validation-f5:validation-e2,ambiguous,historical_c23_public_development_diagnostic,,R2
registry_id,ambiguous_lookup_handle,registry_id,,accept,c23-development:reject:ambiguous:ambiguous_lookup_handle:validation-f0:validation-e4,ambiguous,historical_c23_public_development_diagnostic,,R2
registry_id,ambiguous_lookup_handle,registry_id,,accept,c23-development:reject:ambiguous:ambiguous_lookup_handle:validation-f1:validation-e5,ambiguous,historical_c23_public_development_diagnostic,,R2
registry_id,ambiguous_lookup_handle,registry_id,,accept,c23-development:reject:ambiguous:ambiguous_lookup_handle:validation-f2:validation-e0,ambiguous,historical_c23_public_development_diagnostic,,R2
registry_id,ambiguous_lookup_handle,registry_id,,accept,c23-development:reject:ambiguous:ambiguous_lookup_handle:validation-f3:validation-e1,ambiguous,historical_c23_public_development_diagnostic,,R2
registry_id,ambiguous_lookup_handle,registry_id,,accept,c23-development:reject:ambiguous:ambiguous_lookup_handle:validation-f4:validation-e2,ambiguous,historical_c23_public_development_diagnostic,,R2
registry_id,ambiguous_lookup_handle,registry_id,,accept,c23-development:reject:ambiguous:ambiguous_lookup_handle:validation-f5:validation-e3,ambiguous,historical_c23_public_development_diagnostic,,R2
access_code,ambiguous_verification_value,access_code,,accept,c23-development:reject:ambiguous:ambiguous_verification_value:validation-f0:validation-e5,ambiguous,historical_c23_public_development_diagnostic,,R2
access_code,ambiguous_verification_value,access_code,,accept,c23-development:reject:ambiguous:ambiguous_verification_value:validation-f1:validation-e0,ambiguous,historical_c23_public_development_diagnostic,,R2
access_code,ambiguous_verification_value,access_code,,accept,c23-development:reject:ambiguous:ambiguous_verification_value:validation-f2:validation-e1,ambiguous,historical_c23_public_development_diagnostic,,R2
access_code,ambiguous_verification_value,access_code,,accept,c23-development:reject:ambiguous:ambiguous_verification_value:validation-f3:validation-e2,ambiguous,historical_c23_public_development_diagnostic,,R2
access_code,ambiguous_verification_value,access_code,,accept,c23-development:reject:ambiguous:ambiguous_verification_value:validation-f4:validation-e3,ambiguous,historical_c23_public_development_diagnostic,,R2
access_code,ambiguous_verification_value,access_code,,accept,c23-development:reject:ambiguous:ambiguous_verification_value:validation-f5:validation-e4,ambiguous,historical_c23_public_development_diagnostic,,R2
registry_id,unrelated_birth_date,registry_id,,accept,c23-development:reject:unrelated:unrelated_birth_date:validation-f0:validation-e0,unrelated,historical_c23_public_development_diagnostic,,R2
registry_id,unrelated_birth_date,registry_id,,accept,c23-development:reject:unrelated:unrelated_birth_date:validation-f1:validation-e1,unrelated,historical_c23_public_development_diagnostic,,R2
registry_id,unrelated_birth_date,registry_id,,accept,c23-development:reject:unrelated:unrelated_birth_date:validation-f2:validation-e2,unrelated,historical_c23_public_development_diagnostic,,R2
registry_id,unrelated_birth_date,registry_id,,accept,c23-development:reject:unrelated:unrelated_birth_date:validation-f3:validation-e3,unrelated,historical_c23_public_development_diagnostic,,R2
registry_id,unrelated_birth_date,registry_id,,accept,c23-development:reject:unrelated:unrelated_birth_date:validation-f4:validation-e4,unrelated,historical_c23_public_development_diagnostic,,R2
registry_id,unrelated_birth_date,registry_id,,accept,c23-development:reject:unrelated:unrelated_birth_date:validation-f5:validation-e5,unrelated,historical_c23_public_development_diagnostic,,R2
access_code,unrelated_contact_email,access_code,,accept,c23-development:reject:unrelated:unrelated_contact_email:validation-f0:validation-e1,unrelated,historical_c23_public_development_diagnostic,,R2
access_code,unrelated_contact_email,access_code,,accept,c23-development:reject:unrelated:unrelated_contact_email:validation-f1:validation-e2,unrelated,historical_c23_public_development_diagnostic,,R2
access_code,unrelated_contact_email,access_code,,accept,c23-development:reject:unrelated:unrelated_contact_email:validation-f2:validation-e3,unrelated,historical_c23_public_development_diagnostic,,R2
access_code,unrelated_contact_email,access_code,,accept,c23-development:reject:unrelated:unrelated_contact_email:validation-f3:validation-e4,unrelated,historical_c23_public_development_diagnostic,,R2
access_code,unrelated_contact_email,access_code,,accept,c23-development:reject:unrelated:unrelated_contact_email:validation-f4:validation-e5,unrelated,historical_c23_public_development_diagnostic,,R2
access_code,unrelated_contact_email,access_code,,accept,c23-development:reject:unrelated:unrelated_contact_email:validation-f5:validation-e0,unrelated,historical_c23_public_development_diagnostic,,R2
registry_id,unrelated_telephone_number,registry_id,,accept,c23-development:reject:unrelated:unrelated_telephone_number:validation-f0:validation-e2,unrelated,historical_c23_public_development_diagnostic,,R2
registry_id,unrelated_telephone_number,registry_id,,accept,c23-development:reject:unrelated:unrelated_telephone_number:validation-f1:validation-e3,unrelated,historical_c23_public_development_diagnostic,,R2
registry_id,unrelated_telephone_number,registry_id,,accept,c23-development:reject:unrelated:unrelated_telephone_number:validation-f2:validation-e4,unrelated,historical_c23_public_development_diagnostic,,R2
registry_id,unrelated_telephone_number,registry_id,,accept,c23-development:reject:unrelated:unrelated_telephone_number:validation-f3:validation-e5,unrelated,historical_c23_public_development_diagnostic,,R2
registry_id,unrelated_telephone_number,registry_id,,accept,c23-development:reject:unrelated:unrelated_telephone_number:validation-f4:validation-e0,unrelated,historical_c23_public_development_diagnostic,,R2
registry_id,unrelated_telephone_number,registry_id,,accept,c23-development:reject:unrelated:unrelated_telephone_number:validation-f5:validation-e1,unrelated,historical_c23_public_development_diagnostic,,R2
city_code,unrelated_postal_address,city_code,,accept,c23-development:reject:unrelated:unrelated_postal_address:validation-f0:validation-e3,unrelated,historical_c23_public_development_diagnostic,,R2
city_code,unrelated_postal_address,city_code,,accept,c23-development:reject:unrelated:unrelated_postal_address:validation-f1:validation-e4,unrelated,historical_c23_public_development_diagnostic,,R2
city_code,unrelated_postal_address,city_code,,accept,c23-development:reject:unrelated:unrelated_postal_address:validation-f2:validation-e5,unrelated,historical_c23_public_development_diagnostic,,R2
city_code,unrelated_postal_address,city_code,,accept,c23-development:reject:unrelated:unrelated_postal_address:validation-f3:validation-e0,unrelated,historical_c23_public_development_diagnostic,,R2
city_code,unrelated_postal_address,city_code,,accept,c23-development:reject:unrelated:unrelated_postal_address:validation-f4:validation-e1,unrelated,historical_c23_public_development_diagnostic,,R2
city_code,unrelated_postal_address,city_code,,accept,c23-development:reject:unrelated:unrelated_postal_address:validation-f5:validation-e2,unrelated,historical_c23_public_development_diagnostic,,R2
registry_id,unrelated_account_balance,registry_id,,accept,c23-development:reject:unrelated:unrelated_account_balance:validation-f0:validation-e4,unrelated,historical_c23_public_development_diagnostic,,R2
registry_id,unrelated_account_balance,registry_id,,accept,c23-development:reject:unrelated:unrelated_account_balance:validation-f1:validation-e5,unrelated,historical_c23_public_development_diagnostic,,R2
registry_id,unrelated_account_balance,registry_id,,accept,c23-development:reject:unrelated:unrelated_account_balance:validation-f2:validation-e0,unrelated,historical_c23_public_development_diagnostic,,R2
registry_id,unrelated_account_balance,registry_id,,accept,c23-development:reject:unrelated:unrelated_account_balance:validation-f3:validation-e1,unrelated,historical_c23_public_development_diagnostic,,R2
registry_id,unrelated_account_balance,registry_id,,accept,c23-development:reject:unrelated:unrelated_account_balance:validation-f4:validation-e2,unrelated,historical_c23_public_development_diagnostic,,R2
registry_id,unrelated_account_balance,registry_id,,accept,c23-development:reject:unrelated:unrelated_account_balance:validation-f5:validation-e3,unrelated,historical_c23_public_development_diagnostic,,R2
registry_id,unrelated_favorite_color,registry_id,,accept,c23-development:reject:unrelated:unrelated_favorite_color:validation-f0:validation-e5,unrelated,historical_c23_public_development_diagnostic,,R2
registry_id,unrelated_favorite_color,registry_id,,accept,c23-development:reject:unrelated:unrelated_favorite_color:validation-f1:validation-e0,unrelated,historical_c23_public_development_diagnostic,,R2
registry_id,unrelated_favorite_color,registry_id,,accept,c23-development:reject:unrelated:unrelated_favorite_color:validation-f2:validation-e1,unrelated,historical_c23_public_development_diagnostic,,R2
registry_id,unrelated_favorite_color,registry_id,,accept,c23-development:reject:unrelated:unrelated_favorite_color:validation-f3:validation-e2,unrelated,historical_c23_public_development_diagnostic,,R2
registry_id,unrelated_favorite_color,registry_id,,accept,c23-development:reject:unrelated:unrelated_favorite_color:validation-f4:validation-e3,unrelated,historical_c23_public_development_diagnostic,,R2
registry_id,unrelated_favorite_color,registry_id,,accept,c23-development:reject:unrelated:unrelated_favorite_color:validation-f5:validation-e4,unrelated,historical_c23_public_development_diagnostic,,R2
access_code,unrelated_preferred_language,access_code,,accept,c23-development:reject:unrelated:unrelated_preferred_language:validation-f0:validation-e0,unrelated,historical_c23_public_development_diagnostic,,R2
access_code,unrelated_preferred_language,access_code,,accept,c23-development:reject:unrelated:unrelated_preferred_language:validation-f1:validation-e1,unrelated,historical_c23_public_development_diagnostic,,R2
access_code,unrelated_preferred_language,access_code,,accept,c23-development:reject:unrelated:unrelated_preferred_language:validation-f2:validation-e2,unrelated,historical_c23_public_development_diagnostic,,R2
access_code,unrelated_preferred_language,access_code,,accept,c23-development:reject:unrelated:unrelated_preferred_language:validation-f3:validation-e3,unrelated,historical_c23_public_development_diagnostic,,R2
access_code,unrelated_preferred_language,access_code,,accept,c23-development:reject:unrelated:unrelated_preferred_language:validation-f4:validation-e4,unrelated,historical_c23_public_development_diagnostic,,R2
access_code,unrelated_preferred_language,access_code,,accept,c23-development:reject:unrelated:unrelated_preferred_language:validation-f5:validation-e5,unrelated,historical_c23_public_development_diagnostic,,R2
registry_id,unrelated_owner_name,registry_id,,accept,c23-development:reject:unrelated:unrelated_owner_name:validation-f0:validation-e1,unrelated,historical_c23_public_development_diagnostic,,R2
registry_id,unrelated_owner_name,registry_id,,accept,c23-development:reject:unrelated:unrelated_owner_name:validation-f1:validation-e2,unrelated,historical_c23_public_development_diagnostic,,R2
registry_id,unrelated_owner_name,registry_id,,accept,c23-development:reject:unrelated:unrelated_owner_name:validation-f2:validation-e3,unrelated,historical_c23_public_development_diagnostic,,R2
registry_id,unrelated_owner_name,registry_id,,accept,c23-development:reject:unrelated:unrelated_owner_name:validation-f3:validation-e4,unrelated,historical_c23_public_development_diagnostic,,R2
registry_id,unrelated_owner_name,registry_id,,accept,c23-development:reject:unrelated:unrelated_owner_name:validation-f4:validation-e5,unrelated,historical_c23_public_development_diagnostic,,R2
registry_id,unrelated_owner_name,registry_id,,accept,c23-development:reject:unrelated:unrelated_owner_name:validation-f5:validation-e0,unrelated,historical_c23_public_development_diagnostic,,R2
registry_id,unrelated_creation_timestamp,registry_id,,accept,c23-development:reject:unrelated:unrelated_creation_timestamp:validation-f0:validation-e2,unrelated,historical_c23_public_development_diagnostic,,R2
registry_id,unrelated_creation_timestamp,registry_id,,accept,c23-development:reject:unrelated:unrelated_creation_timestamp:validation-f1:validation-e3,unrelated,historical_c23_public_development_diagnostic,,R2
registry_id,unrelated_creation_timestamp,registry_id,,accept,c23-development:reject:unrelated:unrelated_creation_timestamp:validation-f2:validation-e4,unrelated,historical_c23_public_development_diagnostic,,R2
registry_id,unrelated_creation_timestamp,registry_id,,accept,c23-development:reject:unrelated:unrelated_creation_timestamp:validation-f3:validation-e5,unrelated,historical_c23_public_development_diagnostic,,R2
registry_id,unrelated_creation_timestamp,registry_id,,accept,c23-development:reject:unrelated:unrelated_creation_timestamp:validation-f4:validation-e0,unrelated,historical_c23_public_development_diagnostic,,R2
registry_id,unrelated_creation_timestamp,registry_id,,accept,c23-development:reject:unrelated:unrelated_creation_timestamp:validation-f5:validation-e1,unrelated,historical_c23_public_development_diagnostic,,R2
registry_id,unrelated_current_status,registry_id,,accept,c23-development:reject:unrelated:unrelated_current_status:validation-f0:validation-e3,unrelated,historical_c23_public_development_diagnostic,,R2
registry_id,unrelated_current_status,registry_id,,accept,c23-development:reject:unrelated:unrelated_current_status:validation-f1:validation-e4,unrelated,historical_c23_public_development_diagnostic,,R2
registry_id,unrelated_current_status,registry_id,,accept,c23-development:reject:unrelated:unrelated_current_status:validation-f2:validation-e5,unrelated,historical_c23_public_development_diagnostic,,R2
registry_id,unrelated_current_status,registry_id,,accept,c23-development:reject:unrelated:unrelated_current_status:validation-f3:validation-e0,unrelated,historical_c23_public_development_diagnostic,,R2
registry_id,unrelated_current_status,registry_id,,accept,c23-development:reject:unrelated:unrelated_current_status:validation-f4:validation-e1,unrelated,historical_c23_public_development_diagnostic,,R2
registry_id,unrelated_current_status,registry_id,,accept,c23-development:reject:unrelated:unrelated_current_status:validation-f5:validation-e2,unrelated,historical_c23_public_development_diagnostic,,R2
city_code,unrelated_category_description,city_code,,accept,c23-development:reject:unrelated:unrelated_category_description:validation-f0:validation-e4,unrelated,historical_c23_public_development_diagnostic,,R2
city_code,unrelated_category_description,city_code,,accept,c23-development:reject:unrelated:unrelated_category_description:validation-f1:validation-e5,unrelated,historical_c23_public_development_diagnostic,,R2
city_code,unrelated_category_description,city_code,,accept,c23-development:reject:unrelated:unrelated_category_description:validation-f2:validation-e0,unrelated,historical_c23_public_development_diagnostic,,R2
city_code,unrelated_category_description,city_code,,accept,c23-development:reject:unrelated:unrelated_category_description:validation-f3:validation-e1,unrelated,historical_c23_public_development_diagnostic,,R2
city_code,unrelated_category_description,city_code,,accept,c23-development:reject:unrelated:unrelated_category_description:validation-f4:validation-e2,unrelated,historical_c23_public_development_diagnostic,,R2
city_code,unrelated_category_description,city_code,,accept,c23-development:reject:unrelated:unrelated_category_description:validation-f5:validation-e3,unrelated,historical_c23_public_development_diagnostic,,R2
registry_id,unrelated_last_update_date,registry_id,,accept,c23-development:reject:unrelated:unrelated_last_update_date:validation-f0:validation-e5,unrelated,historical_c23_public_development_diagnostic,,R2
registry_id,unrelated_last_update_date,registry_id,,accept,c23-development:reject:unrelated:unrelated_last_update_date:validation-f1:validation-e0,unrelated,historical_c23_public_development_diagnostic,,R2
registry_id,unrelated_last_update_date,registry_id,,accept,c23-development:reject:unrelated:unrelated_last_update_date:validation-f2:validation-e1,unrelated,historical_c23_public_development_diagnostic,,R2
registry_id,unrelated_last_update_date,registry_id,,accept,c23-development:reject:unrelated:unrelated_last_update_date:validation-f3:validation-e2,unrelated,historical_c23_public_development_diagnostic,,R2
registry_id,unrelated_last_update_date,registry_id,,accept,c23-development:reject:unrelated:unrelated_last_update_date:validation-f4:validation-e3,unrelated,historical_c23_public_development_diagnostic,,R2
registry_id,unrelated_last_update_date,registry_id,,accept,c23-development:reject:unrelated:unrelated_last_update_date:validation-f5:validation-e4,unrelated,historical_c23_public_development_diagnostic,,R2
registry_id,registry_official_register_identifier,registry_id,,accept,c23-development:validation:registry_id:registry_official_register_identifier:validation-f0:validation-e0,known,historical_c23_public_development_diagnostic,registry_id,R3
registry_id,registry_official_register_identifier,registry_id,,accept,c23-development:validation:registry_id:registry_official_register_identifier:validation-f1:validation-e1,known,historical_c23_public_development_diagnostic,registry_id,R3
registry_id,registry_official_register_identifier,registry_id,,accept,c23-development:validation:registry_id:registry_official_register_identifier:validation-f2:validation-e2,known,historical_c23_public_development_diagnostic,registry_id,R3
registry_id,registry_official_register_identifier,registry_id,,accept,c23-development:validation:registry_id:registry_official_register_identifier:validation-f3:validation-e3,known,historical_c23_public_development_diagnostic,registry_id,R3
registry_id,registry_official_register_identifier,registry_id,,accept,c23-development:validation:registry_id:registry_official_register_identifier:validation-f4:validation-e4,known,historical_c23_public_development_diagnostic,registry_id,R3
registry_id,registry_official_register_identifier,registry_id,,accept,c23-development:validation:registry_id:registry_official_register_identifier:validation-f5:validation-e5,known,historical_c23_public_development_diagnostic,registry_id,R3
registry_id,registry_registration_database_number,registry_id,,accept,c23-development:validation:registry_id:registry_registration_database_number:validation-f0:validation-e1,known,historical_c23_public_development_diagnostic,registry_id,R3
registry_id,registry_registration_database_number,registry_id,,accept,c23-development:validation:registry_id:registry_registration_database_number:validation-f1:validation-e2,known,historical_c23_public_development_diagnostic,registry_id,R3
registry_id,registry_registration_database_number,registry_id,,accept,c23-development:validation:registry_id:registry_registration_database_number:validation-f2:validation-e3,known,historical_c23_public_development_diagnostic,registry_id,R3
registry_id,registry_registration_database_number,registry_id,,accept,c23-development:validation:registry_id:registry_registration_database_number:validation-f3:validation-e4,known,historical_c23_public_development_diagnostic,registry_id,R3
registry_id,registry_registration_database_number,registry_id,,accept,c23-development:validation:registry_id:registry_registration_database_number:validation-f4:validation-e5,known,historical_c23_public_development_diagnostic,registry_id,R3
registry_id,registry_registration_database_number,registry_id,,accept,c23-development:validation:registry_id:registry_registration_database_number:validation-f5:validation-e0,known,historical_c23_public_development_diagnostic,registry_id,R3
registry_id,registry_entry_serial,registry_id,,accept,c23-development:validation:registry_id:registry_entry_serial:validation-f0:validation-e2,known,historical_c23_public_development_diagnostic,registry_id,R3
registry_id,registry_entry_serial,registry_id,,accept,c23-development:validation:registry_id:registry_entry_serial:validation-f1:validation-e3,known,historical_c23_public_development_diagnostic,registry_id,R3
registry_id,registry_entry_serial,registry_id,,accept,c23-development:validation:registry_id:registry_entry_serial:validation-f2:validation-e4,known,historical_c23_public_development_diagnostic,registry_id,R3
registry_id,registry_entry_serial,registry_id,,accept,c23-development:validation:registry_id:registry_entry_serial:validation-f3:validation-e5,known,historical_c23_public_development_diagnostic,registry_id,R3
registry_id,registry_entry_serial,registry_id,,accept,c23-development:validation:registry_id:registry_entry_serial:validation-f4:validation-e0,known,historical_c23_public_development_diagnostic,registry_id,R3
registry_id,registry_entry_serial,registry_id,,accept,c23-development:validation:registry_id:registry_entry_serial:validation-f5:validation-e1,known,historical_c23_public_development_diagnostic,registry_id,R3
registry_id,registry_records_office_id,registry_id,,accept,c23-development:validation:registry_id:registry_records_office_id:validation-f0:validation-e3,known,historical_c23_public_development_diagnostic,registry_id,R3
registry_id,registry_records_office_id,registry_id,,accept,c23-development:validation:registry_id:registry_records_office_id:validation-f1:validation-e4,known,historical_c23_public_development_diagnostic,registry_id,R3
registry_id,registry_records_office_id,registry_id,,accept,c23-development:validation:registry_id:registry_records_office_id:validation-f2:validation-e5,known,historical_c23_public_development_diagnostic,registry_id,R3
registry_id,registry_records_office_id,registry_id,,accept,c23-development:validation:registry_id:registry_records_office_id:validation-f3:validation-e0,known,historical_c23_public_development_diagnostic,registry_id,R3
registry_id,registry_records_office_id,registry_id,,accept,c23-development:validation:registry_id:registry_records_office_id:validation-f4:validation-e1,known,historical_c23_public_development_diagnostic,registry_id,R3
registry_id,registry_records_office_id,registry_id,,accept,c23-development:validation:registry_id:registry_records_office_id:validation-f5:validation-e2,known,historical_c23_public_development_diagnostic,registry_id,R3
registry_id,registry_recordkeeping_index,registry_id,,accept,c23-development:validation:registry_id:registry_recordkeeping_index:validation-f0:validation-e4,known,historical_c23_public_development_diagnostic,registry_id,R3
registry_id,registry_recordkeeping_index,registry_id,,accept,c23-development:validation:registry_id:registry_recordkeeping_index:validation-f1:validation-e5,known,historical_c23_public_development_diagnostic,registry_id,R3
registry_id,registry_recordkeeping_index,registry_id,,accept,c23-development:validation:registry_id:registry_recordkeeping_index:validation-f2:validation-e0,known,historical_c23_public_development_diagnostic,registry_id,R3
registry_id,registry_recordkeeping_index,registry_id,,accept,c23-development:validation:registry_id:registry_recordkeeping_index:validation-f3:validation-e1,known,historical_c23_public_development_diagnostic,registry_id,R3
registry_id,registry_recordkeeping_index,registry_id,,accept,c23-development:validation:registry_id:registry_recordkeeping_index:validation-f4:validation-e2,known,historical_c23_public_development_diagnostic,registry_id,R3
registry_id,registry_recordkeeping_index,registry_id,,accept,c23-development:validation:registry_id:registry_recordkeeping_index:validation-f5:validation-e3,known,historical_c23_public_development_diagnostic,registry_id,R3
registry_id,registry_formal_filing_reference,registry_id,,accept,c23-development:validation:registry_id:registry_formal_filing_reference:validation-f0:validation-e5,known,historical_c23_public_development_diagnostic,registry_id,R3
registry_id,registry_formal_filing_reference,registry_id,,accept,c23-development:validation:registry_id:registry_formal_filing_reference:validation-f1:validation-e0,known,historical_c23_public_development_diagnostic,registry_id,R3
registry_id,registry_formal_filing_reference,registry_id,,accept,c23-development:validation:registry_id:registry_formal_filing_reference:validation-f2:validation-e1,known,historical_c23_public_development_diagnostic,registry_id,R3
registry_id,registry_formal_filing_reference,registry_id,,accept,c23-development:validation:registry_id:registry_formal_filing_reference:validation-f3:validation-e2,known,historical_c23_public_development_diagnostic,registry_id,R3
registry_id,registry_formal_filing_reference,registry_id,,accept,c23-development:validation:registry_id:registry_formal_filing_reference:validation-f4:validation-e3,known,historical_c23_public_development_diagnostic,registry_id,R3
registry_id,registry_formal_filing_reference,registry_id,,accept,c23-development:validation:registry_id:registry_formal_filing_reference:validation-f5:validation-e4,known,historical_c23_public_development_diagnostic,registry_id,R3
registry_id,registry_master_roster_serial,registry_id,,accept,c23-development:validation:registry_id:registry_master_roster_serial:validation-f0:validation-e0,known,historical_c23_public_development_diagnostic,registry_id,R3
registry_id,registry_master_roster_serial,registry_id,,accept,c23-development:validation:registry_id:registry_master_roster_serial:validation-f1:validation-e1,known,historical_c23_public_development_diagnostic,registry_id,R3
registry_id,registry_master_roster_serial,registry_id,,accept,c23-development:validation:registry_id:registry_master_roster_serial:validation-f2:validation-e2,known,historical_c23_public_development_diagnostic,registry_id,R3
registry_id,registry_master_roster_serial,registry_id,,accept,c23-development:validation:registry_id:registry_master_roster_serial:validation-f3:validation-e3,known,historical_c23_public_development_diagnostic,registry_id,R3
registry_id,registry_master_roster_serial,registry_id,,accept,c23-development:validation:registry_id:registry_master_roster_serial:validation-f4:validation-e4,known,historical_c23_public_development_diagnostic,registry_id,R3
registry_id,registry_master_roster_serial,registry_id,,accept,c23-development:validation:registry_id:registry_master_roster_serial:validation-f5:validation-e5,known,historical_c23_public_development_diagnostic,registry_id,R3
registry_id,registry_official_roll_index,registry_id,,accept,c23-development:validation:registry_id:registry_official_roll_index:validation-f0:validation-e1,known,historical_c23_public_development_diagnostic,registry_id,R3
registry_id,registry_official_roll_index,registry_id,,accept,c23-development:validation:registry_id:registry_official_roll_index:validation-f1:validation-e2,known,historical_c23_public_development_diagnostic,registry_id,R3
registry_id,registry_official_roll_index,registry_id,,accept,c23-development:validation:registry_id:registry_official_roll_index:validation-f2:validation-e3,known,historical_c23_public_development_diagnostic,registry_id,R3
registry_id,registry_official_roll_index,registry_id,,accept,c23-development:validation:registry_id:registry_official_roll_index:validation-f3:validation-e4,known,historical_c23_public_development_diagnostic,registry_id,R3
registry_id,registry_official_roll_index,registry_id,,accept,c23-development:validation:registry_id:registry_official_roll_index:validation-f4:validation-e5,known,historical_c23_public_development_diagnostic,registry_id,R3
registry_id,registry_official_roll_index,registry_id,,accept,c23-development:validation:registry_id:registry_official_roll_index:validation-f5:validation-e0,known,historical_c23_public_development_diagnostic,registry_id,R3
registry_id,registry_catalogue_accession,registry_id,,accept,c23-development:validation:registry_id:registry_catalogue_accession:validation-f0:validation-e2,known,historical_c23_public_development_diagnostic,registry_id,R3
registry_id,registry_catalogue_accession,registry_id,,accept,c23-development:validation:registry_id:registry_catalogue_accession:validation-f1:validation-e3,known,historical_c23_public_development_diagnostic,registry_id,R3
registry_id,registry_catalogue_accession,registry_id,,accept,c23-development:validation:registry_id:registry_catalogue_accession:validation-f2:validation-e4,known,historical_c23_public_development_diagnostic,registry_id,R3
registry_id,registry_catalogue_accession,registry_id,,accept,c23-development:validation:registry_id:registry_catalogue_accession:validation-f3:validation-e5,known,historical_c23_public_development_diagnostic,registry_id,R3
registry_id,registry_catalogue_accession,registry_id,,accept,c23-development:validation:registry_id:registry_catalogue_accession:validation-f4:validation-e0,known,historical_c23_public_development_diagnostic,registry_id,R3
registry_id,registry_catalogue_accession,registry_id,,accept,c23-development:validation:registry_id:registry_catalogue_accession:validation-f5:validation-e1,known,historical_c23_public_development_diagnostic,registry_id,R3
registry_id,registry_master_list_folio,registry_id,,accept,c23-development:validation:registry_id:registry_master_list_folio:validation-f0:validation-e3,known,historical_c23_public_development_diagnostic,registry_id,R3
registry_id,registry_master_list_folio,registry_id,,accept,c23-development:validation:registry_id:registry_master_list_folio:validation-f1:validation-e4,known,historical_c23_public_development_diagnostic,registry_id,R3
registry_id,registry_master_list_folio,registry_id,,accept,c23-development:validation:registry_id:registry_master_list_folio:validation-f2:validation-e5,known,historical_c23_public_development_diagnostic,registry_id,R3
registry_id,registry_master_list_folio,registry_id,,accept,c23-development:validation:registry_id:registry_master_list_folio:validation-f3:validation-e0,known,historical_c23_public_development_diagnostic,registry_id,R3
registry_id,registry_master_list_folio,registry_id,,accept,c23-development:validation:registry_id:registry_master_list_folio:validation-f4:validation-e1,known,historical_c23_public_development_diagnostic,registry_id,R3
registry_id,registry_master_list_folio,registry_id,,accept,c23-development:validation:registry_id:registry_master_list_folio:validation-f5:validation-e2,known,historical_c23_public_development_diagnostic,registry_id,R3
registry_id,registry_subject_docket_reference,registry_id,,accept,c23-development:validation:registry_id:registry_subject_docket_reference:validation-f0:validation-e4,known,historical_c23_public_development_diagnostic,registry_id,R3
registry_id,registry_subject_docket_reference,registry_id,,accept,c23-development:validation:registry_id:registry_subject_docket_reference:validation-f1:validation-e5,known,historical_c23_public_development_diagnostic,registry_id,R3
registry_id,registry_subject_docket_reference,registry_id,,accept,c23-development:validation:registry_id:registry_subject_docket_reference:validation-f2:validation-e0,known,historical_c23_public_development_diagnostic,registry_id,R3
registry_id,registry_subject_docket_reference,registry_id,,accept,c23-development:validation:registry_id:registry_subject_docket_reference:validation-f3:validation-e1,known,historical_c23_public_development_diagnostic,registry_id,R3
registry_id,registry_subject_docket_reference,registry_id,,accept,c23-development:validation:registry_id:registry_subject_docket_reference:validation-f4:validation-e2,known,historical_c23_public_development_diagnostic,registry_id,R3
registry_id,registry_subject_docket_reference,registry_id,,accept,c23-development:validation:registry_id:registry_subject_docket_reference:validation-f5:validation-e3,known,historical_c23_public_development_diagnostic,registry_id,R3
registry_id,registry_official_listing_index,registry_id,,accept,c23-development:validation:registry_id:registry_official_listing_index:validation-f0:validation-e5,known,historical_c23_public_development_diagnostic,registry_id,R3
registry_id,registry_official_listing_index,registry_id,,accept,c23-development:validation:registry_id:registry_official_listing_index:validation-f1:validation-e0,known,historical_c23_public_development_diagnostic,registry_id,R3
registry_id,registry_official_listing_index,registry_id,,accept,c23-development:validation:registry_id:registry_official_listing_index:validation-f2:validation-e1,known,historical_c23_public_development_diagnostic,registry_id,R3
registry_id,registry_official_listing_index,registry_id,,accept,c23-development:validation:registry_id:registry_official_listing_index:validation-f3:validation-e2,known,historical_c23_public_development_diagnostic,registry_id,R3
registry_id,registry_official_listing_index,registry_id,,accept,c23-development:validation:registry_id:registry_official_listing_index:validation-f4:validation-e3,known,historical_c23_public_development_diagnostic,registry_id,R3
registry_id,registry_official_listing_index,registry_id,,accept,c23-development:validation:registry_id:registry_official_listing_index:validation-f5:validation-e4,known,historical_c23_public_development_diagnostic,registry_id,R3
city_code,city_named_municipality_code,city_code,,accept,c23-development:validation:city_code:city_named_municipality_code:validation-f0:validation-e1,known,historical_c23_public_development_diagnostic,city_code,R3
city_code,city_named_municipality_code,city_code,,accept,c23-development:validation:city_code:city_named_municipality_code:validation-f1:validation-e2,known,historical_c23_public_development_diagnostic,city_code,R3
city_code,city_named_municipality_code,city_code,,accept,c23-development:validation:city_code:city_named_municipality_code:validation-f2:validation-e3,known,historical_c23_public_development_diagnostic,city_code,R3
city_code,city_named_municipality_code,city_code,,accept,c23-development:validation:city_code:city_named_municipality_code:validation-f3:validation-e4,known,historical_c23_public_development_diagnostic,city_code,R3
city_code,city_named_municipality_code,city_code,,accept,c23-development:validation:city_code:city_named_municipality_code:validation-f4:validation-e5,known,historical_c23_public_development_diagnostic,city_code,R3
city_code,city_named_municipality_code,city_code,,accept,c23-development:validation:city_code:city_named_municipality_code:validation-f5:validation-e0,known,historical_c23_public_development_diagnostic,city_code,R3
,city_populated_place_identifier,,unknown,reject,c23-development:validation:city_code:city_populated_place_identifier:validation-f0:validation-e2,known,historical_c23_public_development_diagnostic,city_code,R3
,city_populated_place_identifier,,unknown,reject,c23-development:validation:city_code:city_populated_place_identifier:validation-f1:validation-e3,known,historical_c23_public_development_diagnostic,city_code,R3
,city_populated_place_identifier,,unknown,reject,c23-development:validation:city_code:city_populated_place_identifier:validation-f2:validation-e4,known,historical_c23_public_development_diagnostic,city_code,R3
,city_populated_place_identifier,,unknown,reject,c23-development:validation:city_code:city_populated_place_identifier:validation-f3:validation-e5,known,historical_c23_public_development_diagnostic,city_code,R3
,city_populated_place_identifier,,unknown,reject,c23-development:validation:city_code:city_populated_place_identifier:validation-f4:validation-e0,known,historical_c23_public_development_diagnostic,city_code,R3
,city_populated_place_identifier,,unknown,reject,c23-development:validation:city_code:city_populated_place_identifier:validation-f5:validation-e1,known,historical_c23_public_development_diagnostic,city_code,R3
registry_id,city_local_jurisdiction_number,,ambiguous,reject,c23-development:validation:city_code:city_local_jurisdiction_number:validation-f0:validation-e3,known,historical_c23_public_development_diagnostic,city_code,R3
registry_id,city_local_jurisdiction_number,,ambiguous,reject,c23-development:validation:city_code:city_local_jurisdiction_number:validation-f1:validation-e4,known,historical_c23_public_development_diagnostic,city_code,R3
registry_id,city_local_jurisdiction_number,,ambiguous,reject,c23-development:validation:city_code:city_local_jurisdiction_number:validation-f2:validation-e5,known,historical_c23_public_development_diagnostic,city_code,R3
registry_id,city_local_jurisdiction_number,,ambiguous,reject,c23-development:validation:city_code:city_local_jurisdiction_number:validation-f3:validation-e0,known,historical_c23_public_development_diagnostic,city_code,R3
registry_id,city_local_jurisdiction_number,,ambiguous,reject,c23-development:validation:city_code:city_local_jurisdiction_number:validation-f4:validation-e1,known,historical_c23_public_development_diagnostic,city_code,R3
registry_id,city_local_jurisdiction_number,,ambiguous,reject,c23-development:validation:city_code:city_local_jurisdiction_number:validation-f5:validation-e2,known,historical_c23_public_development_diagnostic,city_code,R3
,city_administrative_area_id,,unknown,reject,c23-development:validation:city_code:city_administrative_area_id:validation-f0:validation-e4,known,historical_c23_public_development_diagnostic,city_code,R3
,city_administrative_area_id,,unknown,reject,c23-development:validation:city_code:city_administrative_area_id:validation-f1:validation-e5,known,historical_c23_public_development_diagnostic,city_code,R3
,city_administrative_area_id,,unknown,reject,c23-development:validation:city_code:city_administrative_area_id:validation-f2:validation-e0,known,historical_c23_public_development_diagnostic,city_code,R3
,city_administrative_area_id,,unknown,reject,c23-development:validation:city_code:city_administrative_area_id:validation-f3:validation-e1,known,historical_c23_public_development_diagnostic,city_code,R3
,city_administrative_area_id,,unknown,reject,c23-development:validation:city_code:city_administrative_area_id:validation-f4:validation-e2,known,historical_c23_public_development_diagnostic,city_code,R3
,city_administrative_area_id,,unknown,reject,c23-development:validation:city_code:city_administrative_area_id:validation-f5:validation-e3,known,historical_c23_public_development_diagnostic,city_code,R3
city_code,city_named_locality_code,city_code,,accept,c23-development:validation:city_code:city_named_locality_code:validation-f0:validation-e5,known,historical_c23_public_development_diagnostic,city_code,R3
city_code,city_named_locality_code,city_code,,accept,c23-development:validation:city_code:city_named_locality_code:validation-f1:validation-e0,known,historical_c23_public_development_diagnostic,city_code,R3
city_code,city_named_locality_code,city_code,,accept,c23-development:validation:city_code:city_named_locality_code:validation-f2:validation-e1,known,historical_c23_public_development_diagnostic,city_code,R3
city_code,city_named_locality_code,city_code,,accept,c23-development:validation:city_code:city_named_locality_code:validation-f3:validation-e2,known,historical_c23_public_development_diagnostic,city_code,R3
city_code,city_named_locality_code,city_code,,accept,c23-development:validation:city_code:city_named_locality_code:validation-f4:validation-e3,known,historical_c23_public_development_diagnostic,city_code,R3
city_code,city_named_locality_code,city_code,,accept,c23-development:validation:city_code:city_named_locality_code:validation-f5:validation-e4,known,historical_c23_public_development_diagnostic,city_code,R3
city_code,city_local_government_identifier,city_code,,accept,c23-development:validation:city_code:city_local_government_identifier:validation-f0:validation-e0,known,historical_c23_public_development_diagnostic,city_code,R3
city_code,city_local_government_identifier,city_code,,accept,c23-development:validation:city_code:city_local_government_identifier:validation-f1:validation-e1,known,historical_c23_public_development_diagnostic,city_code,R3
city_code,city_local_government_identifier,city_code,,accept,c23-development:validation:city_code:city_local_government_identifier:validation-f2:validation-e2,known,historical_c23_public_development_diagnostic,city_code,R3
city_code,city_local_government_identifier,city_code,,accept,c23-development:validation:city_code:city_local_government_identifier:validation-f3:validation-e3,known,historical_c23_public_development_diagnostic,city_code,R3
city_code,city_local_government_identifier,city_code,,accept,c23-development:validation:city_code:city_local_government_identifier:validation-f4:validation-e4,known,historical_c23_public_development_diagnostic,city_code,R3
city_code,city_local_government_identifier,city_code,,accept,c23-development:validation:city_code:city_local_government_identifier:validation-f5:validation-e5,known,historical_c23_public_development_diagnostic,city_code,R3
city_code,city_town_geocode,city_code,,accept,c23-development:validation:city_code:city_town_geocode:validation-f0:validation-e1,known,historical_c23_public_development_diagnostic,city_code,R3
city_code,city_town_geocode,city_code,,accept,c23-development:validation:city_code:city_town_geocode:validation-f1:validation-e2,known,historical_c23_public_development_diagnostic,city_code,R3
city_code,city_town_geocode,city_code,,accept,c23-development:validation:city_code:city_town_geocode:validation-f2:validation-e3,known,historical_c23_public_development_diagnostic,city_code,R3
city_code,city_town_geocode,city_code,,accept,c23-development:validation:city_code:city_town_geocode:validation-f3:validation-e4,known,historical_c23_public_development_diagnostic,city_code,R3
city_code,city_town_geocode,city_code,,accept,c23-development:validation:city_code:city_town_geocode:validation-f4:validation-e5,known,historical_c23_public_development_diagnostic,city_code,R3
city_code,city_town_geocode,city_code,,accept,c23-development:validation:city_code:city_town_geocode:validation-f5:validation-e0,known,historical_c23_public_development_diagnostic,city_code,R3
city_code,city_metropolitan_designation,city_code,,accept,c23-development:validation:city_code:city_metropolitan_designation:validation-f0:validation-e2,known,historical_c23_public_development_diagnostic,city_code,R3
city_code,city_metropolitan_designation,city_code,,accept,c23-development:validation:city_code:city_metropolitan_designation:validation-f1:validation-e3,known,historical_c23_public_development_diagnostic,city_code,R3
city_code,city_metropolitan_designation,city_code,,accept,c23-development:validation:city_code:city_metropolitan_designation:validation-f2:validation-e4,known,historical_c23_public_development_diagnostic,city_code,R3
city_code,city_metropolitan_designation,city_code,,accept,c23-development:validation:city_code:city_metropolitan_designation:validation-f3:validation-e5,known,historical_c23_public_development_diagnostic,city_code,R3
city_code,city_metropolitan_designation,city_code,,accept,c23-development:validation:city_code:city_metropolitan_designation:validation-f4:validation-e0,known,historical_c23_public_development_diagnostic,city_code,R3
city_code,city_metropolitan_designation,city_code,,accept,c23-development:validation:city_code:city_metropolitan_designation:validation-f5:validation-e1,known,historical_c23_public_development_diagnostic,city_code,R3
city_code,city_urban_district_number,city_code,,accept,c23-development:validation:city_code:city_urban_district_number:validation-f0:validation-e3,known,historical_c23_public_development_diagnostic,city_code,R3
city_code,city_urban_district_number,city_code,,accept,c23-development:validation:city_code:city_urban_district_number:validation-f1:validation-e4,known,historical_c23_public_development_diagnostic,city_code,R3
city_code,city_urban_district_number,city_code,,accept,c23-development:validation:city_code:city_urban_district_number:validation-f2:validation-e5,known,historical_c23_public_development_diagnostic,city_code,R3
city_code,city_urban_district_number,city_code,,accept,c23-development:validation:city_code:city_urban_district_number:validation-f3:validation-e0,known,historical_c23_public_development_diagnostic,city_code,R3
city_code,city_urban_district_number,city_code,,accept,c23-development:validation:city_code:city_urban_district_number:validation-f4:validation-e1,known,historical_c23_public_development_diagnostic,city_code,R3
city_code,city_urban_district_number,city_code,,accept,c23-development:validation:city_code:city_urban_district_number:validation-f5:validation-e2,known,historical_c23_public_development_diagnostic,city_code,R3
city_code,city_civic_region_label,city_code,,accept,c23-development:validation:city_code:city_civic_region_label:validation-f0:validation-e4,known,historical_c23_public_development_diagnostic,city_code,R3
city_code,city_civic_region_label,city_code,,accept,c23-development:validation:city_code:city_civic_region_label:validation-f1:validation-e5,known,historical_c23_public_development_diagnostic,city_code,R3
city_code,city_civic_region_label,city_code,,accept,c23-development:validation:city_code:city_civic_region_label:validation-f2:validation-e0,known,historical_c23_public_development_diagnostic,city_code,R3
city_code,city_civic_region_label,city_code,,accept,c23-development:validation:city_code:city_civic_region_label:validation-f3:validation-e1,known,historical_c23_public_development_diagnostic,city_code,R3
city_code,city_civic_region_label,city_code,,accept,c23-development:validation:city_code:city_civic_region_label:validation-f4:validation-e2,known,historical_c23_public_development_diagnostic,city_code,R3
city_code,city_civic_region_label,city_code,,accept,c23-development:validation:city_code:city_civic_region_label:validation-f5:validation-e3,known,historical_c23_public_development_diagnostic,city_code,R3
city_code,city_town_place_code,city_code,,accept,c23-development:validation:city_code:city_town_place_code:validation-f0:validation-e5,known,historical_c23_public_development_diagnostic,city_code,R3
city_code,city_town_place_code,city_code,,accept,c23-development:validation:city_code:city_town_place_code:validation-f1:validation-e0,known,historical_c23_public_development_diagnostic,city_code,R3
city_code,city_town_place_code,city_code,,accept,c23-development:validation:city_code:city_town_place_code:validation-f2:validation-e1,known,historical_c23_public_development_diagnostic,city_code,R3
city_code,city_town_place_code,city_code,,accept,c23-development:validation:city_code:city_town_place_code:validation-f3:validation-e2,known,historical_c23_public_development_diagnostic,city_code,R3
city_code,city_town_place_code,city_code,,accept,c23-development:validation:city_code:city_town_place_code:validation-f4:validation-e3,known,historical_c23_public_development_diagnostic,city_code,R3
city_code,city_town_place_code,city_code,,accept,c23-development:validation:city_code:city_town_place_code:validation-f5:validation-e4,known,historical_c23_public_development_diagnostic,city_code,R3
city_code,city_community_area_identifier,city_code,,accept,c23-development:validation:city_code:city_community_area_identifier:validation-f0:validation-e0,known,historical_c23_public_development_diagnostic,city_code,R3
city_code,city_community_area_identifier,city_code,,accept,c23-development:validation:city_code:city_community_area_identifier:validation-f1:validation-e1,known,historical_c23_public_development_diagnostic,city_code,R3
city_code,city_community_area_identifier,city_code,,accept,c23-development:validation:city_code:city_community_area_identifier:validation-f2:validation-e2,known,historical_c23_public_development_diagnostic,city_code,R3
city_code,city_community_area_identifier,city_code,,accept,c23-development:validation:city_code:city_community_area_identifier:validation-f3:validation-e3,known,historical_c23_public_development_diagnostic,city_code,R3
city_code,city_community_area_identifier,city_code,,accept,c23-development:validation:city_code:city_community_area_identifier:validation-f4:validation-e4,known,historical_c23_public_development_diagnostic,city_code,R3
city_code,city_community_area_identifier,city_code,,accept,c23-development:validation:city_code:city_community_area_identifier:validation-f5:validation-e5,known,historical_c23_public_development_diagnostic,city_code,R3
access_code,access_required_credential,access_code,,accept,c23-development:validation:access_code:access_required_credential:validation-f0:validation-e2,known,historical_c23_public_development_diagnostic,access_code,R3
access_code,access_required_credential,access_code,,accept,c23-development:validation:access_code:access_required_credential:validation-f1:validation-e3,known,historical_c23_public_development_diagnostic,access_code,R3
access_code,access_required_credential,access_code,,accept,c23-development:validation:access_code:access_required_credential:validation-f2:validation-e4,known,historical_c23_public_development_diagnostic,access_code,R3
access_code,access_required_credential,access_code,,accept,c23-development:validation:access_code:access_required_credential:validation-f3:validation-e5,known,historical_c23_public_development_diagnostic,access_code,R3
access_code,access_required_credential,access_code,,accept,c23-development:validation:access_code:access_required_credential:validation-f4:validation-e0,known,historical_c23_public_development_diagnostic,access_code,R3
access_code,access_required_credential,access_code,,accept,c23-development:validation:access_code:access_required_credential:validation-f5:validation-e1,known,historical_c23_public_development_diagnostic,access_code,R3
access_code,access_protected_account_password,access_code,,accept,c23-development:validation:access_code:access_protected_account_password:validation-f0:validation-e3,known,historical_c23_public_development_diagnostic,access_code,R3
access_code,access_protected_account_password,access_code,,accept,c23-development:validation:access_code:access_protected_account_password:validation-f1:validation-e4,known,historical_c23_public_development_diagnostic,access_code,R3
access_code,access_protected_account_password,access_code,,accept,c23-development:validation:access_code:access_protected_account_password:validation-f2:validation-e5,known,historical_c23_public_development_diagnostic,access_code,R3
access_code,access_protected_account_password,access_code,,accept,c23-development:validation:access_code:access_protected_account_password:validation-f3:validation-e0,known,historical_c23_public_development_diagnostic,access_code,R3
access_code,access_protected_account_password,access_code,,accept,c23-development:validation:access_code:access_protected_account_password:validation-f4:validation-e1,known,historical_c23_public_development_diagnostic,access_code,R3
access_code,access_protected_account_password,access_code,,accept,c23-development:validation:access_code:access_protected_account_password:validation-f5:validation-e2,known,historical_c23_public_development_diagnostic,access_code,R3
access_code,access_service_unlock_passcode,access_code,,accept,c23-development:validation:access_code:access_service_unlock_passcode:validation-f0:validation-e4,known,historical_c23_public_development_diagnostic,access_code,R3
access_code,access_service_unlock_passcode,access_code,,accept,c23-development:validation:access_code:access_service_unlock_passcode:validation-f1:validation-e5,known,historical_c23_public_development_diagnostic,access_code,R3
access_code,access_service_unlock_passcode,access_code,,accept,c23-development:validation:access_code:access_service_unlock_passcode:validation-f2:validation-e0,known,historical_c23_public_development_diagnostic,access_code,R3
access_code,access_service_unlock_passcode,access_code,,accept,c23-development:validation:access_code:access_service_unlock_passcode:validation-f3:validation-e1,known,historical_c23_public_development_diagnostic,access_code,R3
access_code,access_service_unlock_passcode,access_code,,accept,c23-development:validation:access_code:access_service_unlock_passcode:validation-f4:validation-e2,known,historical_c23_public_development_diagnostic,access_code,R3
access_code,access_service_unlock_passcode,access_code,,accept,c23-development:validation:access_code:access_service_unlock_passcode:validation-f5:validation-e3,known,historical_c23_public_development_diagnostic,access_code,R3
access_code,access_subject_signon_secret,access_code,,accept,c23-development:validation:access_code:access_subject_signon_secret:validation-f0:validation-e5,known,historical_c23_public_development_diagnostic,access_code,R3
access_code,access_subject_signon_secret,access_code,,accept,c23-development:validation:access_code:access_subject_signon_secret:validation-f1:validation-e0,known,historical_c23_public_development_diagnostic,access_code,R3
access_code,access_subject_signon_secret,access_code,,accept,c23-development:validation:access_code:access_subject_signon_secret:validation-f2:validation-e1,known,historical_c23_public_development_diagnostic,access_code,R3
access_code,access_subject_signon_secret,access_code,,accept,c23-development:validation:access_code:access_subject_signon_secret:validation-f3:validation-e2,known,historical_c23_public_development_diagnostic,access_code,R3
access_code,access_subject_signon_secret,access_code,,accept,c23-development:validation:access_code:access_subject_signon_secret:validation-f4:validation-e3,known,historical_c23_public_development_diagnostic,access_code,R3
access_code,access_subject_signon_secret,access_code,,accept,c23-development:validation:access_code:access_subject_signon_secret:validation-f5:validation-e4,known,historical_c23_public_development_diagnostic,access_code,R3
access_code,access_resource_authentication_secret,access_code,,accept,c23-development:validation:access_code:access_resource_authentication_secret:validation-f0:validation-e0,known,historical_c23_public_development_diagnostic,access_code,R3
access_code,access_resource_authentication_secret,access_code,,accept,c23-development:validation:access_code:access_resource_authentication_secret:validation-f1:validation-e1,known,historical_c23_public_development_diagnostic,access_code,R3
access_code,access_resource_authentication_secret,access_code,,accept,c23-development:validation:access_code:access_resource_authentication_secret:validation-f2:validation-e2,known,historical_c23_public_development_diagnostic,access_code,R3
access_code,access_resource_authentication_secret,access_code,,accept,c23-development:validation:access_code:access_resource_authentication_secret:validation-f3:validation-e3,known,historical_c23_public_development_diagnostic,access_code,R3
access_code,access_resource_authentication_secret,access_code,,accept,c23-development:validation:access_code:access_resource_authentication_secret:validation-f4:validation-e4,known,historical_c23_public_development_diagnostic,access_code,R3
access_code,access_resource_authentication_secret,access_code,,accept,c23-development:validation:access_code:access_resource_authentication_secret:validation-f5:validation-e5,known,historical_c23_public_development_diagnostic,access_code,R3
access_code,access_lock_screen_code,access_code,,accept,c23-development:validation:access_code:access_lock_screen_code:validation-f0:validation-e1,known,historical_c23_public_development_diagnostic,access_code,R3
access_code,access_lock_screen_code,access_code,,accept,c23-development:validation:access_code:access_lock_screen_code:validation-f1:validation-e2,known,historical_c23_public_development_diagnostic,access_code,R3
access_code,access_lock_screen_code,access_code,,accept,c23-development:validation:access_code:access_lock_screen_code:validation-f2:validation-e3,known,historical_c23_public_development_diagnostic,access_code,R3
access_code,access_lock_screen_code,access_code,,accept,c23-development:validation:access_code:access_lock_screen_code:validation-f3:validation-e4,known,historical_c23_public_development_diagnostic,access_code,R3
access_code,access_lock_screen_code,access_code,,accept,c23-development:validation:access_code:access_lock_screen_code:validation-f4:validation-e5,known,historical_c23_public_development_diagnostic,access_code,R3
access_code,access_lock_screen_code,access_code,,accept,c23-development:validation:access_code:access_lock_screen_code:validation-f5:validation-e0,known,historical_c23_public_development_diagnostic,access_code,R3
access_code,access_secure_gate_pin,access_code,,accept,c23-development:validation:access_code:access_secure_gate_pin:validation-f0:validation-e2,known,historical_c23_public_development_diagnostic,access_code,R3
access_code,access_secure_gate_pin,access_code,,accept,c23-development:validation:access_code:access_secure_gate_pin:validation-f1:validation-e3,known,historical_c23_public_development_diagnostic,access_code,R3
access_code,access_secure_gate_pin,access_code,,accept,c23-development:validation:access_code:access_secure_gate_pin:validation-f2:validation-e4,known,historical_c23_public_development_diagnostic,access_code,R3
access_code,access_secure_gate_pin,access_code,,accept,c23-development:validation:access_code:access_secure_gate_pin:validation-f3:validation-e5,known,historical_c23_public_development_diagnostic,access_code,R3
access_code,access_secure_gate_pin,access_code,,accept,c23-development:validation:access_code:access_secure_gate_pin:validation-f4:validation-e0,known,historical_c23_public_development_diagnostic,access_code,R3
access_code,access_secure_gate_pin,access_code,,accept,c23-development:validation:access_code:access_secure_gate_pin:validation-f5:validation-e1,known,historical_c23_public_development_diagnostic,access_code,R3
,access_resource_unlock_combination,,unknown,reject,c23-development:validation:access_code:access_resource_unlock_combination:validation-f0:validation-e3,known,historical_c23_public_development_diagnostic,access_code,R3
,access_resource_unlock_combination,,unknown,reject,c23-development:validation:access_code:access_resource_unlock_combination:validation-f1:validation-e4,known,historical_c23_public_development_diagnostic,access_code,R3
,access_resource_unlock_combination,,unknown,reject,c23-development:validation:access_code:access_resource_unlock_combination:validation-f2:validation-e5,known,historical_c23_public_development_diagnostic,access_code,R3
,access_resource_unlock_combination,,unknown,reject,c23-development:validation:access_code:access_resource_unlock_combination:validation-f3:validation-e0,known,historical_c23_public_development_diagnostic,access_code,R3
,access_resource_unlock_combination,,unknown,reject,c23-development:validation:access_code:access_resource_unlock_combination:validation-f4:validation-e1,known,historical_c23_public_development_diagnostic,access_code,R3
,access_resource_unlock_combination,,unknown,reject,c23-development:validation:access_code:access_resource_unlock_combination:validation-f5:validation-e2,known,historical_c23_public_development_diagnostic,access_code,R3
access_code,access_account_keyphrase,access_code,,accept,c23-development:validation:access_code:access_account_keyphrase:validation-f0:validation-e4,known,historical_c23_public_development_diagnostic,access_code,R3
access_code,access_account_keyphrase,access_code,,accept,c23-development:validation:access_code:access_account_keyphrase:validation-f1:validation-e5,known,historical_c23_public_development_diagnostic,access_code,R3
access_code,access_account_keyphrase,access_code,,accept,c23-development:validation:access_code:access_account_keyphrase:validation-f2:validation-e0,known,historical_c23_public_development_diagnostic,access_code,R3
access_code,access_account_keyphrase,access_code,,accept,c23-development:validation:access_code:access_account_keyphrase:validation-f3:validation-e1,known,historical_c23_public_development_diagnostic,access_code,R3
access_code,access_account_keyphrase,access_code,,accept,c23-development:validation:access_code:access_account_keyphrase:validation-f4:validation-e2,known,historical_c23_public_development_diagnostic,access_code,R3
access_code,access_account_keyphrase,access_code,,accept,c23-development:validation:access_code:access_account_keyphrase:validation-f5:validation-e3,known,historical_c23_public_development_diagnostic,access_code,R3
access_code,access_secured_area_keypad_sequence,access_code,,accept,c23-development:validation:access_code:access_secured_area_keypad_sequence:validation-f0:validation-e5,known,historical_c23_public_development_diagnostic,access_code,R3
access_code,access_secured_area_keypad_sequence,access_code,,accept,c23-development:validation:access_code:access_secured_area_keypad_sequence:validation-f1:validation-e0,known,historical_c23_public_development_diagnostic,access_code,R3
access_code,access_secured_area_keypad_sequence,access_code,,accept,c23-development:validation:access_code:access_secured_area_keypad_sequence:validation-f2:validation-e1,known,historical_c23_public_development_diagnostic,access_code,R3
access_code,access_secured_area_keypad_sequence,access_code,,accept,c23-development:validation:access_code:access_secured_area_keypad_sequence:validation-f3:validation-e2,known,historical_c23_public_development_diagnostic,access_code,R3
access_code,access_secured_area_keypad_sequence,access_code,,accept,c23-development:validation:access_code:access_secured_area_keypad_sequence:validation-f4:validation-e3,known,historical_c23_public_development_diagnostic,access_code,R3
access_code,access_secured_area_keypad_sequence,access_code,,accept,c23-development:validation:access_code:access_secured_area_keypad_sequence:validation-f5:validation-e4,known,historical_c23_public_development_diagnostic,access_code,R3
access_code,access_lock_bearer_secret,access_code,,accept,c23-development:validation:access_code:access_lock_bearer_secret:validation-f0:validation-e0,known,historical_c23_public_development_diagnostic,access_code,R3
access_code,access_lock_bearer_secret,access_code,,accept,c23-development:validation:access_code:access_lock_bearer_secret:validation-f1:validation-e1,known,historical_c23_public_development_diagnostic,access_code,R3
access_code,access_lock_bearer_secret,access_code,,accept,c23-development:validation:access_code:access_lock_bearer_secret:validation-f2:validation-e2,known,historical_c23_public_development_diagnostic,access_code,R3
access_code,access_lock_bearer_secret,access_code,,accept,c23-development:validation:access_code:access_lock_bearer_secret:validation-f3:validation-e3,known,historical_c23_public_development_diagnostic,access_code,R3
access_code,access_lock_bearer_secret,access_code,,accept,c23-development:validation:access_code:access_lock_bearer_secret:validation-f4:validation-e4,known,historical_c23_public_development_diagnostic,access_code,R3
access_code,access_lock_bearer_secret,access_code,,accept,c23-development:validation:access_code:access_lock_bearer_secret:validation-f5:validation-e5,known,historical_c23_public_development_diagnostic,access_code,R3
,access_service_challenge_response,,unknown,reject,c23-development:validation:access_code:access_service_challenge_response:validation-f0:validation-e1,known,historical_c23_public_development_diagnostic,access_code,R3
,access_service_challenge_response,,unknown,reject,c23-development:validation:access_code:access_service_challenge_response:validation-f1:validation-e2,known,historical_c23_public_development_diagnostic,access_code,R3
,access_service_challenge_response,,unknown,reject,c23-development:validation:access_code:access_service_challenge_response:validation-f2:validation-e3,known,historical_c23_public_development_diagnostic,access_code,R3
,access_service_challenge_response,,unknown,reject,c23-development:validation:access_code:access_service_challenge_response:validation-f3:validation-e4,known,historical_c23_public_development_diagnostic,access_code,R3
,access_service_challenge_response,,unknown,reject,c23-development:validation:access_code:access_service_challenge_response:validation-f4:validation-e5,known,historical_c23_public_development_diagnostic,access_code,R3
,access_service_challenge_response,,unknown,reject,c23-development:validation:access_code:access_service_challenge_response:validation-f5:validation-e0,known,historical_c23_public_development_diagnostic,access_code,R3
registry_id,ambiguous_identifier,registry_id,,accept,c23-development:reject:ambiguous:ambiguous_identifier:validation-f0:validation-e0,ambiguous,historical_c23_public_development_diagnostic,,R3
registry_id,ambiguous_identifier,registry_id,,accept,c23-development:reject:ambiguous:ambiguous_identifier:validation-f1:validation-e1,ambiguous,historical_c23_public_development_diagnostic,,R3
registry_id,ambiguous_identifier,registry_id,,accept,c23-development:reject:ambiguous:ambiguous_identifier:validation-f2:validation-e2,ambiguous,historical_c23_public_development_diagnostic,,R3
registry_id,ambiguous_identifier,registry_id,,accept,c23-development:reject:ambiguous:ambiguous_identifier:validation-f3:validation-e3,ambiguous,historical_c23_public_development_diagnostic,,R3
registry_id,ambiguous_identifier,registry_id,,accept,c23-development:reject:ambiguous:ambiguous_identifier:validation-f4:validation-e4,ambiguous,historical_c23_public_development_diagnostic,,R3
registry_id,ambiguous_identifier,registry_id,,accept,c23-development:reject:ambiguous:ambiguous_identifier:validation-f5:validation-e5,ambiguous,historical_c23_public_development_diagnostic,,R3
registry_id,ambiguous_reference_number,registry_id,,accept,c23-development:reject:ambiguous:ambiguous_reference_number:validation-f0:validation-e1,ambiguous,historical_c23_public_development_diagnostic,,R3
registry_id,ambiguous_reference_number,registry_id,,accept,c23-development:reject:ambiguous:ambiguous_reference_number:validation-f1:validation-e2,ambiguous,historical_c23_public_development_diagnostic,,R3
registry_id,ambiguous_reference_number,registry_id,,accept,c23-development:reject:ambiguous:ambiguous_reference_number:validation-f2:validation-e3,ambiguous,historical_c23_public_development_diagnostic,,R3
registry_id,ambiguous_reference_number,registry_id,,accept,c23-development:reject:ambiguous:ambiguous_reference_number:validation-f3:validation-e4,ambiguous,historical_c23_public_development_diagnostic,,R3
registry_id,ambiguous_reference_number,registry_id,,accept,c23-development:reject:ambiguous:ambiguous_reference_number:validation-f4:validation-e5,ambiguous,historical_c23_public_development_diagnostic,,R3
registry_id,ambiguous_reference_number,registry_id,,accept,c23-development:reject:ambiguous:ambiguous_reference_number:validation-f5:validation-e0,ambiguous,historical_c23_public_development_diagnostic,,R3
,ambiguous_assigned_code,,unknown,reject,c23-development:reject:ambiguous:ambiguous_assigned_code:validation-f0:validation-e2,ambiguous,historical_c23_public_development_diagnostic,,R3
,ambiguous_assigned_code,,unknown,reject,c23-development:reject:ambiguous:ambiguous_assigned_code:validation-f1:validation-e3,ambiguous,historical_c23_public_development_diagnostic,,R3
,ambiguous_assigned_code,,unknown,reject,c23-development:reject:ambiguous:ambiguous_assigned_code:validation-f2:validation-e4,ambiguous,historical_c23_public_development_diagnostic,,R3
,ambiguous_assigned_code,,unknown,reject,c23-development:reject:ambiguous:ambiguous_assigned_code:validation-f3:validation-e5,ambiguous,historical_c23_public_development_diagnostic,,R3
,ambiguous_assigned_code,,unknown,reject,c23-development:reject:ambiguous:ambiguous_assigned_code:validation-f4:validation-e0,ambiguous,historical_c23_public_development_diagnostic,,R3
,ambiguous_assigned_code,,unknown,reject,c23-development:reject:ambiguous:ambiguous_assigned_code:validation-f5:validation-e1,ambiguous,historical_c23_public_development_diagnostic,,R3
,ambiguous_profile_key,,unknown,reject,c23-development:reject:ambiguous:ambiguous_profile_key:validation-f0:validation-e3,ambiguous,historical_c23_public_development_diagnostic,,R3
,ambiguous_profile_key,,unknown,reject,c23-development:reject:ambiguous:ambiguous_profile_key:validation-f1:validation-e4,ambiguous,historical_c23_public_development_diagnostic,,R3
,ambiguous_profile_key,,unknown,reject,c23-development:reject:ambiguous:ambiguous_profile_key:validation-f2:validation-e5,ambiguous,historical_c23_public_development_diagnostic,,R3
,ambiguous_profile_key,,unknown,reject,c23-development:reject:ambiguous:ambiguous_profile_key:validation-f3:validation-e0,ambiguous,historical_c23_public_development_diagnostic,,R3
,ambiguous_profile_key,,unknown,reject,c23-development:reject:ambiguous:ambiguous_profile_key:validation-f4:validation-e1,ambiguous,historical_c23_public_development_diagnostic,,R3
,ambiguous_profile_key,,unknown,reject,c23-development:reject:ambiguous:ambiguous_profile_key:validation-f5:validation-e2,ambiguous,historical_c23_public_development_diagnostic,,R3
registry_id,ambiguous_record_value,registry_id,,accept,c23-development:reject:ambiguous:ambiguous_record_value:validation-f0:validation-e4,ambiguous,historical_c23_public_development_diagnostic,,R3
registry_id,ambiguous_record_value,registry_id,,accept,c23-development:reject:ambiguous:ambiguous_record_value:validation-f1:validation-e5,ambiguous,historical_c23_public_development_diagnostic,,R3
registry_id,ambiguous_record_value,registry_id,,accept,c23-development:reject:ambiguous:ambiguous_record_value:validation-f2:validation-e0,ambiguous,historical_c23_public_development_diagnostic,,R3
registry_id,ambiguous_record_value,registry_id,,accept,c23-development:reject:ambiguous:ambiguous_record_value:validation-f3:validation-e1,ambiguous,historical_c23_public_development_diagnostic,,R3
registry_id,ambiguous_record_value,registry_id,,accept,c23-development:reject:ambiguous:ambiguous_record_value:validation-f4:validation-e2,ambiguous,historical_c23_public_development_diagnostic,,R3
registry_id,ambiguous_record_value,registry_id,,accept,c23-development:reject:ambiguous:ambiguous_record_value:validation-f5:validation-e3,ambiguous,historical_c23_public_development_diagnostic,,R3
registry_id,ambiguous_account_number,registry_id,,accept,c23-development:reject:ambiguous:ambiguous_account_number:validation-f0:validation-e5,ambiguous,historical_c23_public_development_diagnostic,,R3
registry_id,ambiguous_account_number,registry_id,,accept,c23-development:reject:ambiguous:ambiguous_account_number:validation-f1:validation-e0,ambiguous,historical_c23_public_development_diagnostic,,R3
registry_id,ambiguous_account_number,registry_id,,accept,c23-development:reject:ambiguous:ambiguous_account_number:validation-f2:validation-e1,ambiguous,historical_c23_public_development_diagnostic,,R3
registry_id,ambiguous_account_number,registry_id,,accept,c23-development:reject:ambiguous:ambiguous_account_number:validation-f3:validation-e2,ambiguous,historical_c23_public_development_diagnostic,,R3
registry_id,ambiguous_account_number,registry_id,,accept,c23-development:reject:ambiguous:ambiguous_account_number:validation-f4:validation-e3,ambiguous,historical_c23_public_development_diagnostic,,R3
registry_id,ambiguous_account_number,registry_id,,accept,c23-development:reject:ambiguous:ambiguous_account_number:validation-f5:validation-e4,ambiguous,historical_c23_public_development_diagnostic,,R3
,ambiguous_internal_tag,,unknown,reject,c23-development:reject:ambiguous:ambiguous_internal_tag:validation-f0:validation-e0,ambiguous,historical_c23_public_development_diagnostic,,R3
,ambiguous_internal_tag,,unknown,reject,c23-development:reject:ambiguous:ambiguous_internal_tag:validation-f1:validation-e1,ambiguous,historical_c23_public_development_diagnostic,,R3
,ambiguous_internal_tag,,unknown,reject,c23-development:reject:ambiguous:ambiguous_internal_tag:validation-f2:validation-e2,ambiguous,historical_c23_public_development_diagnostic,,R3
,ambiguous_internal_tag,,unknown,reject,c23-development:reject:ambiguous:ambiguous_internal_tag:validation-f3:validation-e3,ambiguous,historical_c23_public_development_diagnostic,,R3
,ambiguous_internal_tag,,unknown,reject,c23-development:reject:ambiguous:ambiguous_internal_tag:validation-f4:validation-e4,ambiguous,historical_c23_public_development_diagnostic,,R3
,ambiguous_internal_tag,,unknown,reject,c23-development:reject:ambiguous:ambiguous_internal_tag:validation-f5:validation-e5,ambiguous,historical_c23_public_development_diagnostic,,R3
,ambiguous_service_code,,unknown,reject,c23-development:reject:ambiguous:ambiguous_service_code:validation-f0:validation-e1,ambiguous,historical_c23_public_development_diagnostic,,R3
,ambiguous_service_code,,unknown,reject,c23-development:reject:ambiguous:ambiguous_service_code:validation-f1:validation-e2,ambiguous,historical_c23_public_development_diagnostic,,R3
,ambiguous_service_code,,unknown,reject,c23-development:reject:ambiguous:ambiguous_service_code:validation-f2:validation-e3,ambiguous,historical_c23_public_development_diagnostic,,R3
,ambiguous_service_code,,unknown,reject,c23-development:reject:ambiguous:ambiguous_service_code:validation-f3:validation-e4,ambiguous,historical_c23_public_development_diagnostic,,R3
,ambiguous_service_code,,unknown,reject,c23-development:reject:ambiguous:ambiguous_service_code:validation-f4:validation-e5,ambiguous,historical_c23_public_development_diagnostic,,R3
,ambiguous_service_code,,unknown,reject,c23-development:reject:ambiguous:ambiguous_service_code:validation-f5:validation-e0,ambiguous,historical_c23_public_development_diagnostic,,R3
registry_id,ambiguous_subject_marker,registry_id,,accept,c23-development:reject:ambiguous:ambiguous_subject_marker:validation-f0:validation-e2,ambiguous,historical_c23_public_development_diagnostic,,R3
registry_id,ambiguous_subject_marker,registry_id,,accept,c23-development:reject:ambiguous:ambiguous_subject_marker:validation-f1:validation-e3,ambiguous,historical_c23_public_development_diagnostic,,R3
registry_id,ambiguous_subject_marker,registry_id,,accept,c23-development:reject:ambiguous:ambiguous_subject_marker:validation-f2:validation-e4,ambiguous,historical_c23_public_development_diagnostic,,R3
registry_id,ambiguous_subject_marker,registry_id,,accept,c23-development:reject:ambiguous:ambiguous_subject_marker:validation-f3:validation-e5,ambiguous,historical_c23_public_development_diagnostic,,R3
registry_id,ambiguous_subject_marker,registry_id,,accept,c23-development:reject:ambiguous:ambiguous_subject_marker:validation-f4:validation-e0,ambiguous,historical_c23_public_development_diagnostic,,R3
registry_id,ambiguous_subject_marker,registry_id,,accept,c23-development:reject:ambiguous:ambiguous_subject_marker:validation-f5:validation-e1,ambiguous,historical_c23_public_development_diagnostic,,R3
,ambiguous_database_key,,unknown,reject,c23-development:reject:ambiguous:ambiguous_database_key:validation-f0:validation-e3,ambiguous,historical_c23_public_development_diagnostic,,R3
,ambiguous_database_key,,unknown,reject,c23-development:reject:ambiguous:ambiguous_database_key:validation-f1:validation-e4,ambiguous,historical_c23_public_development_diagnostic,,R3
,ambiguous_database_key,,unknown,reject,c23-development:reject:ambiguous:ambiguous_database_key:validation-f2:validation-e5,ambiguous,historical_c23_public_development_diagnostic,,R3
,ambiguous_database_key,,unknown,reject,c23-development:reject:ambiguous:ambiguous_database_key:validation-f3:validation-e0,ambiguous,historical_c23_public_development_diagnostic,,R3
,ambiguous_database_key,,unknown,reject,c23-development:reject:ambiguous:ambiguous_database_key:validation-f4:validation-e1,ambiguous,historical_c23_public_development_diagnostic,,R3
,ambiguous_database_key,,unknown,reject,c23-development:reject:ambiguous:ambiguous_database_key:validation-f5:validation-e2,ambiguous,historical_c23_public_development_diagnostic,,R3
,ambiguous_lookup_handle,,unknown,reject,c23-development:reject:ambiguous:ambiguous_lookup_handle:validation-f0:validation-e4,ambiguous,historical_c23_public_development_diagnostic,,R3
,ambiguous_lookup_handle,,unknown,reject,c23-development:reject:ambiguous:ambiguous_lookup_handle:validation-f1:validation-e5,ambiguous,historical_c23_public_development_diagnostic,,R3
,ambiguous_lookup_handle,,unknown,reject,c23-development:reject:ambiguous:ambiguous_lookup_handle:validation-f2:validation-e0,ambiguous,historical_c23_public_development_diagnostic,,R3
,ambiguous_lookup_handle,,unknown,reject,c23-development:reject:ambiguous:ambiguous_lookup_handle:validation-f3:validation-e1,ambiguous,historical_c23_public_development_diagnostic,,R3
,ambiguous_lookup_handle,,unknown,reject,c23-development:reject:ambiguous:ambiguous_lookup_handle:validation-f4:validation-e2,ambiguous,historical_c23_public_development_diagnostic,,R3
,ambiguous_lookup_handle,,unknown,reject,c23-development:reject:ambiguous:ambiguous_lookup_handle:validation-f5:validation-e3,ambiguous,historical_c23_public_development_diagnostic,,R3
,ambiguous_verification_value,,unknown,reject,c23-development:reject:ambiguous:ambiguous_verification_value:validation-f0:validation-e5,ambiguous,historical_c23_public_development_diagnostic,,R3
,ambiguous_verification_value,,unknown,reject,c23-development:reject:ambiguous:ambiguous_verification_value:validation-f1:validation-e0,ambiguous,historical_c23_public_development_diagnostic,,R3
,ambiguous_verification_value,,unknown,reject,c23-development:reject:ambiguous:ambiguous_verification_value:validation-f2:validation-e1,ambiguous,historical_c23_public_development_diagnostic,,R3
,ambiguous_verification_value,,unknown,reject,c23-development:reject:ambiguous:ambiguous_verification_value:validation-f3:validation-e2,ambiguous,historical_c23_public_development_diagnostic,,R3
,ambiguous_verification_value,,unknown,reject,c23-development:reject:ambiguous:ambiguous_verification_value:validation-f4:validation-e3,ambiguous,historical_c23_public_development_diagnostic,,R3
,ambiguous_verification_value,,unknown,reject,c23-development:reject:ambiguous:ambiguous_verification_value:validation-f5:validation-e4,ambiguous,historical_c23_public_development_diagnostic,,R3
registry_id,unrelated_birth_date,registry_id,,accept,c23-development:reject:unrelated:unrelated_birth_date:validation-f0:validation-e0,unrelated,historical_c23_public_development_diagnostic,,R3
registry_id,unrelated_birth_date,registry_id,,accept,c23-development:reject:unrelated:unrelated_birth_date:validation-f1:validation-e1,unrelated,historical_c23_public_development_diagnostic,,R3
registry_id,unrelated_birth_date,registry_id,,accept,c23-development:reject:unrelated:unrelated_birth_date:validation-f2:validation-e2,unrelated,historical_c23_public_development_diagnostic,,R3
registry_id,unrelated_birth_date,registry_id,,accept,c23-development:reject:unrelated:unrelated_birth_date:validation-f3:validation-e3,unrelated,historical_c23_public_development_diagnostic,,R3
registry_id,unrelated_birth_date,registry_id,,accept,c23-development:reject:unrelated:unrelated_birth_date:validation-f4:validation-e4,unrelated,historical_c23_public_development_diagnostic,,R3
registry_id,unrelated_birth_date,registry_id,,accept,c23-development:reject:unrelated:unrelated_birth_date:validation-f5:validation-e5,unrelated,historical_c23_public_development_diagnostic,,R3
,unrelated_contact_email,,unknown,reject,c23-development:reject:unrelated:unrelated_contact_email:validation-f0:validation-e1,unrelated,historical_c23_public_development_diagnostic,,R3
,unrelated_contact_email,,unknown,reject,c23-development:reject:unrelated:unrelated_contact_email:validation-f1:validation-e2,unrelated,historical_c23_public_development_diagnostic,,R3
,unrelated_contact_email,,unknown,reject,c23-development:reject:unrelated:unrelated_contact_email:validation-f2:validation-e3,unrelated,historical_c23_public_development_diagnostic,,R3
,unrelated_contact_email,,unknown,reject,c23-development:reject:unrelated:unrelated_contact_email:validation-f3:validation-e4,unrelated,historical_c23_public_development_diagnostic,,R3
,unrelated_contact_email,,unknown,reject,c23-development:reject:unrelated:unrelated_contact_email:validation-f4:validation-e5,unrelated,historical_c23_public_development_diagnostic,,R3
,unrelated_contact_email,,unknown,reject,c23-development:reject:unrelated:unrelated_contact_email:validation-f5:validation-e0,unrelated,historical_c23_public_development_diagnostic,,R3
registry_id,unrelated_telephone_number,registry_id,,accept,c23-development:reject:unrelated:unrelated_telephone_number:validation-f0:validation-e2,unrelated,historical_c23_public_development_diagnostic,,R3
registry_id,unrelated_telephone_number,registry_id,,accept,c23-development:reject:unrelated:unrelated_telephone_number:validation-f1:validation-e3,unrelated,historical_c23_public_development_diagnostic,,R3
registry_id,unrelated_telephone_number,registry_id,,accept,c23-development:reject:unrelated:unrelated_telephone_number:validation-f2:validation-e4,unrelated,historical_c23_public_development_diagnostic,,R3
registry_id,unrelated_telephone_number,registry_id,,accept,c23-development:reject:unrelated:unrelated_telephone_number:validation-f3:validation-e5,unrelated,historical_c23_public_development_diagnostic,,R3
registry_id,unrelated_telephone_number,registry_id,,accept,c23-development:reject:unrelated:unrelated_telephone_number:validation-f4:validation-e0,unrelated,historical_c23_public_development_diagnostic,,R3
registry_id,unrelated_telephone_number,registry_id,,accept,c23-development:reject:unrelated:unrelated_telephone_number:validation-f5:validation-e1,unrelated,historical_c23_public_development_diagnostic,,R3
,unrelated_postal_address,,unknown,reject,c23-development:reject:unrelated:unrelated_postal_address:validation-f0:validation-e3,unrelated,historical_c23_public_development_diagnostic,,R3
,unrelated_postal_address,,unknown,reject,c23-development:reject:unrelated:unrelated_postal_address:validation-f1:validation-e4,unrelated,historical_c23_public_development_diagnostic,,R3
,unrelated_postal_address,,unknown,reject,c23-development:reject:unrelated:unrelated_postal_address:validation-f2:validation-e5,unrelated,historical_c23_public_development_diagnostic,,R3
,unrelated_postal_address,,unknown,reject,c23-development:reject:unrelated:unrelated_postal_address:validation-f3:validation-e0,unrelated,historical_c23_public_development_diagnostic,,R3
,unrelated_postal_address,,unknown,reject,c23-development:reject:unrelated:unrelated_postal_address:validation-f4:validation-e1,unrelated,historical_c23_public_development_diagnostic,,R3
,unrelated_postal_address,,unknown,reject,c23-development:reject:unrelated:unrelated_postal_address:validation-f5:validation-e2,unrelated,historical_c23_public_development_diagnostic,,R3
registry_id,unrelated_account_balance,registry_id,,accept,c23-development:reject:unrelated:unrelated_account_balance:validation-f0:validation-e4,unrelated,historical_c23_public_development_diagnostic,,R3
registry_id,unrelated_account_balance,registry_id,,accept,c23-development:reject:unrelated:unrelated_account_balance:validation-f1:validation-e5,unrelated,historical_c23_public_development_diagnostic,,R3
registry_id,unrelated_account_balance,registry_id,,accept,c23-development:reject:unrelated:unrelated_account_balance:validation-f2:validation-e0,unrelated,historical_c23_public_development_diagnostic,,R3
registry_id,unrelated_account_balance,registry_id,,accept,c23-development:reject:unrelated:unrelated_account_balance:validation-f3:validation-e1,unrelated,historical_c23_public_development_diagnostic,,R3
registry_id,unrelated_account_balance,registry_id,,accept,c23-development:reject:unrelated:unrelated_account_balance:validation-f4:validation-e2,unrelated,historical_c23_public_development_diagnostic,,R3
registry_id,unrelated_account_balance,registry_id,,accept,c23-development:reject:unrelated:unrelated_account_balance:validation-f5:validation-e3,unrelated,historical_c23_public_development_diagnostic,,R3
,unrelated_favorite_color,,unknown,reject,c23-development:reject:unrelated:unrelated_favorite_color:validation-f0:validation-e5,unrelated,historical_c23_public_development_diagnostic,,R3
,unrelated_favorite_color,,unknown,reject,c23-development:reject:unrelated:unrelated_favorite_color:validation-f1:validation-e0,unrelated,historical_c23_public_development_diagnostic,,R3
,unrelated_favorite_color,,unknown,reject,c23-development:reject:unrelated:unrelated_favorite_color:validation-f2:validation-e1,unrelated,historical_c23_public_development_diagnostic,,R3
,unrelated_favorite_color,,unknown,reject,c23-development:reject:unrelated:unrelated_favorite_color:validation-f3:validation-e2,unrelated,historical_c23_public_development_diagnostic,,R3
,unrelated_favorite_color,,unknown,reject,c23-development:reject:unrelated:unrelated_favorite_color:validation-f4:validation-e3,unrelated,historical_c23_public_development_diagnostic,,R3
,unrelated_favorite_color,,unknown,reject,c23-development:reject:unrelated:unrelated_favorite_color:validation-f5:validation-e4,unrelated,historical_c23_public_development_diagnostic,,R3
,unrelated_preferred_language,,unknown,reject,c23-development:reject:unrelated:unrelated_preferred_language:validation-f0:validation-e0,unrelated,historical_c23_public_development_diagnostic,,R3
,unrelated_preferred_language,,unknown,reject,c23-development:reject:unrelated:unrelated_preferred_language:validation-f1:validation-e1,unrelated,historical_c23_public_development_diagnostic,,R3
,unrelated_preferred_language,,unknown,reject,c23-development:reject:unrelated:unrelated_preferred_language:validation-f2:validation-e2,unrelated,historical_c23_public_development_diagnostic,,R3
,unrelated_preferred_language,,unknown,reject,c23-development:reject:unrelated:unrelated_preferred_language:validation-f3:validation-e3,unrelated,historical_c23_public_development_diagnostic,,R3
,unrelated_preferred_language,,unknown,reject,c23-development:reject:unrelated:unrelated_preferred_language:validation-f4:validation-e4,unrelated,historical_c23_public_development_diagnostic,,R3
,unrelated_preferred_language,,unknown,reject,c23-development:reject:unrelated:unrelated_preferred_language:validation-f5:validation-e5,unrelated,historical_c23_public_development_diagnostic,,R3
registry_id,unrelated_owner_name,registry_id,,accept,c23-development:reject:unrelated:unrelated_owner_name:validation-f0:validation-e1,unrelated,historical_c23_public_development_diagnostic,,R3
registry_id,unrelated_owner_name,registry_id,,accept,c23-development:reject:unrelated:unrelated_owner_name:validation-f1:validation-e2,unrelated,historical_c23_public_development_diagnostic,,R3
registry_id,unrelated_owner_name,registry_id,,accept,c23-development:reject:unrelated:unrelated_owner_name:validation-f2:validation-e3,unrelated,historical_c23_public_development_diagnostic,,R3
registry_id,unrelated_owner_name,registry_id,,accept,c23-development:reject:unrelated:unrelated_owner_name:validation-f3:validation-e4,unrelated,historical_c23_public_development_diagnostic,,R3
registry_id,unrelated_owner_name,registry_id,,accept,c23-development:reject:unrelated:unrelated_owner_name:validation-f4:validation-e5,unrelated,historical_c23_public_development_diagnostic,,R3
registry_id,unrelated_owner_name,registry_id,,accept,c23-development:reject:unrelated:unrelated_owner_name:validation-f5:validation-e0,unrelated,historical_c23_public_development_diagnostic,,R3
,unrelated_creation_timestamp,,unknown,reject,c23-development:reject:unrelated:unrelated_creation_timestamp:validation-f0:validation-e2,unrelated,historical_c23_public_development_diagnostic,,R3
,unrelated_creation_timestamp,,unknown,reject,c23-development:reject:unrelated:unrelated_creation_timestamp:validation-f1:validation-e3,unrelated,historical_c23_public_development_diagnostic,,R3
,unrelated_creation_timestamp,,unknown,reject,c23-development:reject:unrelated:unrelated_creation_timestamp:validation-f2:validation-e4,unrelated,historical_c23_public_development_diagnostic,,R3
,unrelated_creation_timestamp,,unknown,reject,c23-development:reject:unrelated:unrelated_creation_timestamp:validation-f3:validation-e5,unrelated,historical_c23_public_development_diagnostic,,R3
,unrelated_creation_timestamp,,unknown,reject,c23-development:reject:unrelated:unrelated_creation_timestamp:validation-f4:validation-e0,unrelated,historical_c23_public_development_diagnostic,,R3
,unrelated_creation_timestamp,,unknown,reject,c23-development:reject:unrelated:unrelated_creation_timestamp:validation-f5:validation-e1,unrelated,historical_c23_public_development_diagnostic,,R3
,unrelated_current_status,,unknown,reject,c23-development:reject:unrelated:unrelated_current_status:validation-f0:validation-e3,unrelated,historical_c23_public_development_diagnostic,,R3
,unrelated_current_status,,unknown,reject,c23-development:reject:unrelated:unrelated_current_status:validation-f1:validation-e4,unrelated,historical_c23_public_development_diagnostic,,R3
,unrelated_current_status,,unknown,reject,c23-development:reject:unrelated:unrelated_current_status:validation-f2:validation-e5,unrelated,historical_c23_public_development_diagnostic,,R3
,unrelated_current_status,,unknown,reject,c23-development:reject:unrelated:unrelated_current_status:validation-f3:validation-e0,unrelated,historical_c23_public_development_diagnostic,,R3
,unrelated_current_status,,unknown,reject,c23-development:reject:unrelated:unrelated_current_status:validation-f4:validation-e1,unrelated,historical_c23_public_development_diagnostic,,R3
,unrelated_current_status,,unknown,reject,c23-development:reject:unrelated:unrelated_current_status:validation-f5:validation-e2,unrelated,historical_c23_public_development_diagnostic,,R3
,unrelated_category_description,,unknown,reject,c23-development:reject:unrelated:unrelated_category_description:validation-f0:validation-e4,unrelated,historical_c23_public_development_diagnostic,,R3
,unrelated_category_description,,unknown,reject,c23-development:reject:unrelated:unrelated_category_description:validation-f1:validation-e5,unrelated,historical_c23_public_development_diagnostic,,R3
,unrelated_category_description,,unknown,reject,c23-development:reject:unrelated:unrelated_category_description:validation-f2:validation-e0,unrelated,historical_c23_public_development_diagnostic,,R3
,unrelated_category_description,,unknown,reject,c23-development:reject:unrelated:unrelated_category_description:validation-f3:validation-e1,unrelated,historical_c23_public_development_diagnostic,,R3
,unrelated_category_description,,unknown,reject,c23-development:reject:unrelated:unrelated_category_description:validation-f4:validation-e2,unrelated,historical_c23_public_development_diagnostic,,R3
,unrelated_category_description,,unknown,reject,c23-development:reject:unrelated:unrelated_category_description:validation-f5:validation-e3,unrelated,historical_c23_public_development_diagnostic,,R3
,unrelated_last_update_date,,unknown,reject,c23-development:reject:unrelated:unrelated_last_update_date:validation-f0:validation-e5,unrelated,historical_c23_public_development_diagnostic,,R3
,unrelated_last_update_date,,unknown,reject,c23-development:reject:unrelated:unrelated_last_update_date:validation-f1:validation-e0,unrelated,historical_c23_public_development_diagnostic,,R3
,unrelated_last_update_date,,unknown,reject,c23-development:reject:unrelated:unrelated_last_update_date:validation-f2:validation-e1,unrelated,historical_c23_public_development_diagnostic,,R3
,unrelated_last_update_date,,unknown,reject,c23-development:reject:unrelated:unrelated_last_update_date:validation-f3:validation-e2,unrelated,historical_c23_public_development_diagnostic,,R3
,unrelated_last_update_date,,unknown,reject,c23-development:reject:unrelated:unrelated_last_update_date:validation-f4:validation-e3,unrelated,historical_c23_public_development_diagnostic,,R3
,unrelated_last_update_date,,unknown,reject,c23-development:reject:unrelated:unrelated_last_update_date:validation-f5:validation-e4,unrelated,historical_c23_public_development_diagnostic,,R3
registry_id,registry_official_register_identifier,registry_id,,accept,c23-development:validation:registry_id:registry_official_register_identifier:validation-f0:validation-e0,known,historical_c23_public_development_diagnostic,registry_id,R4
registry_id,registry_official_register_identifier,registry_id,,accept,c23-development:validation:registry_id:registry_official_register_identifier:validation-f1:validation-e1,known,historical_c23_public_development_diagnostic,registry_id,R4
registry_id,registry_official_register_identifier,registry_id,,accept,c23-development:validation:registry_id:registry_official_register_identifier:validation-f2:validation-e2,known,historical_c23_public_development_diagnostic,registry_id,R4
registry_id,registry_official_register_identifier,registry_id,,accept,c23-development:validation:registry_id:registry_official_register_identifier:validation-f3:validation-e3,known,historical_c23_public_development_diagnostic,registry_id,R4
registry_id,registry_official_register_identifier,registry_id,,accept,c23-development:validation:registry_id:registry_official_register_identifier:validation-f4:validation-e4,known,historical_c23_public_development_diagnostic,registry_id,R4
registry_id,registry_official_register_identifier,registry_id,,accept,c23-development:validation:registry_id:registry_official_register_identifier:validation-f5:validation-e5,known,historical_c23_public_development_diagnostic,registry_id,R4
registry_id,registry_registration_database_number,registry_id,,accept,c23-development:validation:registry_id:registry_registration_database_number:validation-f0:validation-e1,known,historical_c23_public_development_diagnostic,registry_id,R4
registry_id,registry_registration_database_number,registry_id,,accept,c23-development:validation:registry_id:registry_registration_database_number:validation-f1:validation-e2,known,historical_c23_public_development_diagnostic,registry_id,R4
registry_id,registry_registration_database_number,registry_id,,accept,c23-development:validation:registry_id:registry_registration_database_number:validation-f2:validation-e3,known,historical_c23_public_development_diagnostic,registry_id,R4
registry_id,registry_registration_database_number,registry_id,,accept,c23-development:validation:registry_id:registry_registration_database_number:validation-f3:validation-e4,known,historical_c23_public_development_diagnostic,registry_id,R4
registry_id,registry_registration_database_number,registry_id,,accept,c23-development:validation:registry_id:registry_registration_database_number:validation-f4:validation-e5,known,historical_c23_public_development_diagnostic,registry_id,R4
registry_id,registry_registration_database_number,registry_id,,accept,c23-development:validation:registry_id:registry_registration_database_number:validation-f5:validation-e0,known,historical_c23_public_development_diagnostic,registry_id,R4
registry_id,registry_entry_serial,registry_id,,accept,c23-development:validation:registry_id:registry_entry_serial:validation-f0:validation-e2,known,historical_c23_public_development_diagnostic,registry_id,R4
registry_id,registry_entry_serial,registry_id,,accept,c23-development:validation:registry_id:registry_entry_serial:validation-f1:validation-e3,known,historical_c23_public_development_diagnostic,registry_id,R4
registry_id,registry_entry_serial,registry_id,,accept,c23-development:validation:registry_id:registry_entry_serial:validation-f2:validation-e4,known,historical_c23_public_development_diagnostic,registry_id,R4
registry_id,registry_entry_serial,registry_id,,accept,c23-development:validation:registry_id:registry_entry_serial:validation-f3:validation-e5,known,historical_c23_public_development_diagnostic,registry_id,R4
registry_id,registry_entry_serial,registry_id,,accept,c23-development:validation:registry_id:registry_entry_serial:validation-f4:validation-e0,known,historical_c23_public_development_diagnostic,registry_id,R4
registry_id,registry_entry_serial,registry_id,,accept,c23-development:validation:registry_id:registry_entry_serial:validation-f5:validation-e1,known,historical_c23_public_development_diagnostic,registry_id,R4
registry_id,registry_records_office_id,registry_id,,accept,c23-development:validation:registry_id:registry_records_office_id:validation-f0:validation-e3,known,historical_c23_public_development_diagnostic,registry_id,R4
registry_id,registry_records_office_id,registry_id,,accept,c23-development:validation:registry_id:registry_records_office_id:validation-f1:validation-e4,known,historical_c23_public_development_diagnostic,registry_id,R4
registry_id,registry_records_office_id,registry_id,,accept,c23-development:validation:registry_id:registry_records_office_id:validation-f2:validation-e5,known,historical_c23_public_development_diagnostic,registry_id,R4
registry_id,registry_records_office_id,registry_id,,accept,c23-development:validation:registry_id:registry_records_office_id:validation-f3:validation-e0,known,historical_c23_public_development_diagnostic,registry_id,R4
registry_id,registry_records_office_id,registry_id,,accept,c23-development:validation:registry_id:registry_records_office_id:validation-f4:validation-e1,known,historical_c23_public_development_diagnostic,registry_id,R4
registry_id,registry_records_office_id,registry_id,,accept,c23-development:validation:registry_id:registry_records_office_id:validation-f5:validation-e2,known,historical_c23_public_development_diagnostic,registry_id,R4
registry_id,registry_recordkeeping_index,registry_id,,accept,c23-development:validation:registry_id:registry_recordkeeping_index:validation-f0:validation-e4,known,historical_c23_public_development_diagnostic,registry_id,R4
registry_id,registry_recordkeeping_index,registry_id,,accept,c23-development:validation:registry_id:registry_recordkeeping_index:validation-f1:validation-e5,known,historical_c23_public_development_diagnostic,registry_id,R4
registry_id,registry_recordkeeping_index,registry_id,,accept,c23-development:validation:registry_id:registry_recordkeeping_index:validation-f2:validation-e0,known,historical_c23_public_development_diagnostic,registry_id,R4
registry_id,registry_recordkeeping_index,registry_id,,accept,c23-development:validation:registry_id:registry_recordkeeping_index:validation-f3:validation-e1,known,historical_c23_public_development_diagnostic,registry_id,R4
registry_id,registry_recordkeeping_index,registry_id,,accept,c23-development:validation:registry_id:registry_recordkeeping_index:validation-f4:validation-e2,known,historical_c23_public_development_diagnostic,registry_id,R4
registry_id,registry_recordkeeping_index,registry_id,,accept,c23-development:validation:registry_id:registry_recordkeeping_index:validation-f5:validation-e3,known,historical_c23_public_development_diagnostic,registry_id,R4
registry_id,registry_formal_filing_reference,registry_id,,accept,c23-development:validation:registry_id:registry_formal_filing_reference:validation-f0:validation-e5,known,historical_c23_public_development_diagnostic,registry_id,R4
registry_id,registry_formal_filing_reference,registry_id,,accept,c23-development:validation:registry_id:registry_formal_filing_reference:validation-f1:validation-e0,known,historical_c23_public_development_diagnostic,registry_id,R4
registry_id,registry_formal_filing_reference,registry_id,,accept,c23-development:validation:registry_id:registry_formal_filing_reference:validation-f2:validation-e1,known,historical_c23_public_development_diagnostic,registry_id,R4
registry_id,registry_formal_filing_reference,registry_id,,accept,c23-development:validation:registry_id:registry_formal_filing_reference:validation-f3:validation-e2,known,historical_c23_public_development_diagnostic,registry_id,R4
registry_id,registry_formal_filing_reference,registry_id,,accept,c23-development:validation:registry_id:registry_formal_filing_reference:validation-f4:validation-e3,known,historical_c23_public_development_diagnostic,registry_id,R4
registry_id,registry_formal_filing_reference,registry_id,,accept,c23-development:validation:registry_id:registry_formal_filing_reference:validation-f5:validation-e4,known,historical_c23_public_development_diagnostic,registry_id,R4
,registry_master_roster_serial,,unknown,reject,c23-development:validation:registry_id:registry_master_roster_serial:validation-f0:validation-e0,known,historical_c23_public_development_diagnostic,registry_id,R4
,registry_master_roster_serial,,unknown,reject,c23-development:validation:registry_id:registry_master_roster_serial:validation-f1:validation-e1,known,historical_c23_public_development_diagnostic,registry_id,R4
,registry_master_roster_serial,,unknown,reject,c23-development:validation:registry_id:registry_master_roster_serial:validation-f2:validation-e2,known,historical_c23_public_development_diagnostic,registry_id,R4
,registry_master_roster_serial,,unknown,reject,c23-development:validation:registry_id:registry_master_roster_serial:validation-f3:validation-e3,known,historical_c23_public_development_diagnostic,registry_id,R4
,registry_master_roster_serial,,unknown,reject,c23-development:validation:registry_id:registry_master_roster_serial:validation-f4:validation-e4,known,historical_c23_public_development_diagnostic,registry_id,R4
,registry_master_roster_serial,,unknown,reject,c23-development:validation:registry_id:registry_master_roster_serial:validation-f5:validation-e5,known,historical_c23_public_development_diagnostic,registry_id,R4
registry_id,registry_official_roll_index,registry_id,,accept,c23-development:validation:registry_id:registry_official_roll_index:validation-f0:validation-e1,known,historical_c23_public_development_diagnostic,registry_id,R4
registry_id,registry_official_roll_index,registry_id,,accept,c23-development:validation:registry_id:registry_official_roll_index:validation-f1:validation-e2,known,historical_c23_public_development_diagnostic,registry_id,R4
registry_id,registry_official_roll_index,registry_id,,accept,c23-development:validation:registry_id:registry_official_roll_index:validation-f2:validation-e3,known,historical_c23_public_development_diagnostic,registry_id,R4
registry_id,registry_official_roll_index,registry_id,,accept,c23-development:validation:registry_id:registry_official_roll_index:validation-f3:validation-e4,known,historical_c23_public_development_diagnostic,registry_id,R4
registry_id,registry_official_roll_index,registry_id,,accept,c23-development:validation:registry_id:registry_official_roll_index:validation-f4:validation-e5,known,historical_c23_public_development_diagnostic,registry_id,R4
registry_id,registry_official_roll_index,registry_id,,accept,c23-development:validation:registry_id:registry_official_roll_index:validation-f5:validation-e0,known,historical_c23_public_development_diagnostic,registry_id,R4
,registry_catalogue_accession,,unknown,reject,c23-development:validation:registry_id:registry_catalogue_accession:validation-f0:validation-e2,known,historical_c23_public_development_diagnostic,registry_id,R4
,registry_catalogue_accession,,unknown,reject,c23-development:validation:registry_id:registry_catalogue_accession:validation-f1:validation-e3,known,historical_c23_public_development_diagnostic,registry_id,R4
,registry_catalogue_accession,,unknown,reject,c23-development:validation:registry_id:registry_catalogue_accession:validation-f2:validation-e4,known,historical_c23_public_development_diagnostic,registry_id,R4
,registry_catalogue_accession,,unknown,reject,c23-development:validation:registry_id:registry_catalogue_accession:validation-f3:validation-e5,known,historical_c23_public_development_diagnostic,registry_id,R4
,registry_catalogue_accession,,unknown,reject,c23-development:validation:registry_id:registry_catalogue_accession:validation-f4:validation-e0,known,historical_c23_public_development_diagnostic,registry_id,R4
,registry_catalogue_accession,,unknown,reject,c23-development:validation:registry_id:registry_catalogue_accession:validation-f5:validation-e1,known,historical_c23_public_development_diagnostic,registry_id,R4
,registry_master_list_folio,,unknown,reject,c23-development:validation:registry_id:registry_master_list_folio:validation-f0:validation-e3,known,historical_c23_public_development_diagnostic,registry_id,R4
,registry_master_list_folio,,unknown,reject,c23-development:validation:registry_id:registry_master_list_folio:validation-f1:validation-e4,known,historical_c23_public_development_diagnostic,registry_id,R4
,registry_master_list_folio,,unknown,reject,c23-development:validation:registry_id:registry_master_list_folio:validation-f2:validation-e5,known,historical_c23_public_development_diagnostic,registry_id,R4
,registry_master_list_folio,,unknown,reject,c23-development:validation:registry_id:registry_master_list_folio:validation-f3:validation-e0,known,historical_c23_public_development_diagnostic,registry_id,R4
,registry_master_list_folio,,unknown,reject,c23-development:validation:registry_id:registry_master_list_folio:validation-f4:validation-e1,known,historical_c23_public_development_diagnostic,registry_id,R4
,registry_master_list_folio,,unknown,reject,c23-development:validation:registry_id:registry_master_list_folio:validation-f5:validation-e2,known,historical_c23_public_development_diagnostic,registry_id,R4
registry_id,registry_subject_docket_reference,registry_id,,accept,c23-development:validation:registry_id:registry_subject_docket_reference:validation-f0:validation-e4,known,historical_c23_public_development_diagnostic,registry_id,R4
registry_id,registry_subject_docket_reference,registry_id,,accept,c23-development:validation:registry_id:registry_subject_docket_reference:validation-f1:validation-e5,known,historical_c23_public_development_diagnostic,registry_id,R4
registry_id,registry_subject_docket_reference,registry_id,,accept,c23-development:validation:registry_id:registry_subject_docket_reference:validation-f2:validation-e0,known,historical_c23_public_development_diagnostic,registry_id,R4
registry_id,registry_subject_docket_reference,registry_id,,accept,c23-development:validation:registry_id:registry_subject_docket_reference:validation-f3:validation-e1,known,historical_c23_public_development_diagnostic,registry_id,R4
registry_id,registry_subject_docket_reference,registry_id,,accept,c23-development:validation:registry_id:registry_subject_docket_reference:validation-f4:validation-e2,known,historical_c23_public_development_diagnostic,registry_id,R4
registry_id,registry_subject_docket_reference,registry_id,,accept,c23-development:validation:registry_id:registry_subject_docket_reference:validation-f5:validation-e3,known,historical_c23_public_development_diagnostic,registry_id,R4
registry_id,registry_official_listing_index,registry_id,,accept,c23-development:validation:registry_id:registry_official_listing_index:validation-f0:validation-e5,known,historical_c23_public_development_diagnostic,registry_id,R4
registry_id,registry_official_listing_index,registry_id,,accept,c23-development:validation:registry_id:registry_official_listing_index:validation-f1:validation-e0,known,historical_c23_public_development_diagnostic,registry_id,R4
registry_id,registry_official_listing_index,registry_id,,accept,c23-development:validation:registry_id:registry_official_listing_index:validation-f2:validation-e1,known,historical_c23_public_development_diagnostic,registry_id,R4
registry_id,registry_official_listing_index,registry_id,,accept,c23-development:validation:registry_id:registry_official_listing_index:validation-f3:validation-e2,known,historical_c23_public_development_diagnostic,registry_id,R4
registry_id,registry_official_listing_index,registry_id,,accept,c23-development:validation:registry_id:registry_official_listing_index:validation-f4:validation-e3,known,historical_c23_public_development_diagnostic,registry_id,R4
registry_id,registry_official_listing_index,registry_id,,accept,c23-development:validation:registry_id:registry_official_listing_index:validation-f5:validation-e4,known,historical_c23_public_development_diagnostic,registry_id,R4
city_code,city_named_municipality_code,city_code,,accept,c23-development:validation:city_code:city_named_municipality_code:validation-f0:validation-e1,known,historical_c23_public_development_diagnostic,city_code,R4
city_code,city_named_municipality_code,city_code,,accept,c23-development:validation:city_code:city_named_municipality_code:validation-f1:validation-e2,known,historical_c23_public_development_diagnostic,city_code,R4
city_code,city_named_municipality_code,city_code,,accept,c23-development:validation:city_code:city_named_municipality_code:validation-f2:validation-e3,known,historical_c23_public_development_diagnostic,city_code,R4
city_code,city_named_municipality_code,city_code,,accept,c23-development:validation:city_code:city_named_municipality_code:validation-f3:validation-e4,known,historical_c23_public_development_diagnostic,city_code,R4
city_code,city_named_municipality_code,city_code,,accept,c23-development:validation:city_code:city_named_municipality_code:validation-f4:validation-e5,known,historical_c23_public_development_diagnostic,city_code,R4
city_code,city_named_municipality_code,city_code,,accept,c23-development:validation:city_code:city_named_municipality_code:validation-f5:validation-e0,known,historical_c23_public_development_diagnostic,city_code,R4
,city_populated_place_identifier,,unknown,reject,c23-development:validation:city_code:city_populated_place_identifier:validation-f0:validation-e2,known,historical_c23_public_development_diagnostic,city_code,R4
,city_populated_place_identifier,,unknown,reject,c23-development:validation:city_code:city_populated_place_identifier:validation-f1:validation-e3,known,historical_c23_public_development_diagnostic,city_code,R4
,city_populated_place_identifier,,unknown,reject,c23-development:validation:city_code:city_populated_place_identifier:validation-f2:validation-e4,known,historical_c23_public_development_diagnostic,city_code,R4
,city_populated_place_identifier,,unknown,reject,c23-development:validation:city_code:city_populated_place_identifier:validation-f3:validation-e5,known,historical_c23_public_development_diagnostic,city_code,R4
,city_populated_place_identifier,,unknown,reject,c23-development:validation:city_code:city_populated_place_identifier:validation-f4:validation-e0,known,historical_c23_public_development_diagnostic,city_code,R4
,city_populated_place_identifier,,unknown,reject,c23-development:validation:city_code:city_populated_place_identifier:validation-f5:validation-e1,known,historical_c23_public_development_diagnostic,city_code,R4
,city_local_jurisdiction_number,,unknown,reject,c23-development:validation:city_code:city_local_jurisdiction_number:validation-f0:validation-e3,known,historical_c23_public_development_diagnostic,city_code,R4
,city_local_jurisdiction_number,,unknown,reject,c23-development:validation:city_code:city_local_jurisdiction_number:validation-f1:validation-e4,known,historical_c23_public_development_diagnostic,city_code,R4
,city_local_jurisdiction_number,,unknown,reject,c23-development:validation:city_code:city_local_jurisdiction_number:validation-f2:validation-e5,known,historical_c23_public_development_diagnostic,city_code,R4
,city_local_jurisdiction_number,,unknown,reject,c23-development:validation:city_code:city_local_jurisdiction_number:validation-f3:validation-e0,known,historical_c23_public_development_diagnostic,city_code,R4
,city_local_jurisdiction_number,,unknown,reject,c23-development:validation:city_code:city_local_jurisdiction_number:validation-f4:validation-e1,known,historical_c23_public_development_diagnostic,city_code,R4
,city_local_jurisdiction_number,,unknown,reject,c23-development:validation:city_code:city_local_jurisdiction_number:validation-f5:validation-e2,known,historical_c23_public_development_diagnostic,city_code,R4
,city_administrative_area_id,,unknown,reject,c23-development:validation:city_code:city_administrative_area_id:validation-f0:validation-e4,known,historical_c23_public_development_diagnostic,city_code,R4
,city_administrative_area_id,,unknown,reject,c23-development:validation:city_code:city_administrative_area_id:validation-f1:validation-e5,known,historical_c23_public_development_diagnostic,city_code,R4
,city_administrative_area_id,,unknown,reject,c23-development:validation:city_code:city_administrative_area_id:validation-f2:validation-e0,known,historical_c23_public_development_diagnostic,city_code,R4
,city_administrative_area_id,,unknown,reject,c23-development:validation:city_code:city_administrative_area_id:validation-f3:validation-e1,known,historical_c23_public_development_diagnostic,city_code,R4
,city_administrative_area_id,,unknown,reject,c23-development:validation:city_code:city_administrative_area_id:validation-f4:validation-e2,known,historical_c23_public_development_diagnostic,city_code,R4
,city_administrative_area_id,,unknown,reject,c23-development:validation:city_code:city_administrative_area_id:validation-f5:validation-e3,known,historical_c23_public_development_diagnostic,city_code,R4
city_code,city_named_locality_code,city_code,,accept,c23-development:validation:city_code:city_named_locality_code:validation-f0:validation-e5,known,historical_c23_public_development_diagnostic,city_code,R4
city_code,city_named_locality_code,city_code,,accept,c23-development:validation:city_code:city_named_locality_code:validation-f1:validation-e0,known,historical_c23_public_development_diagnostic,city_code,R4
city_code,city_named_locality_code,city_code,,accept,c23-development:validation:city_code:city_named_locality_code:validation-f2:validation-e1,known,historical_c23_public_development_diagnostic,city_code,R4
city_code,city_named_locality_code,city_code,,accept,c23-development:validation:city_code:city_named_locality_code:validation-f3:validation-e2,known,historical_c23_public_development_diagnostic,city_code,R4
city_code,city_named_locality_code,city_code,,accept,c23-development:validation:city_code:city_named_locality_code:validation-f4:validation-e3,known,historical_c23_public_development_diagnostic,city_code,R4
city_code,city_named_locality_code,city_code,,accept,c23-development:validation:city_code:city_named_locality_code:validation-f5:validation-e4,known,historical_c23_public_development_diagnostic,city_code,R4
,city_local_government_identifier,,unknown,reject,c23-development:validation:city_code:city_local_government_identifier:validation-f0:validation-e0,known,historical_c23_public_development_diagnostic,city_code,R4
,city_local_government_identifier,,unknown,reject,c23-development:validation:city_code:city_local_government_identifier:validation-f1:validation-e1,known,historical_c23_public_development_diagnostic,city_code,R4
,city_local_government_identifier,,unknown,reject,c23-development:validation:city_code:city_local_government_identifier:validation-f2:validation-e2,known,historical_c23_public_development_diagnostic,city_code,R4
,city_local_government_identifier,,unknown,reject,c23-development:validation:city_code:city_local_government_identifier:validation-f3:validation-e3,known,historical_c23_public_development_diagnostic,city_code,R4
,city_local_government_identifier,,unknown,reject,c23-development:validation:city_code:city_local_government_identifier:validation-f4:validation-e4,known,historical_c23_public_development_diagnostic,city_code,R4
,city_local_government_identifier,,unknown,reject,c23-development:validation:city_code:city_local_government_identifier:validation-f5:validation-e5,known,historical_c23_public_development_diagnostic,city_code,R4
city_code,city_town_geocode,city_code,,accept,c23-development:validation:city_code:city_town_geocode:validation-f0:validation-e1,known,historical_c23_public_development_diagnostic,city_code,R4
city_code,city_town_geocode,city_code,,accept,c23-development:validation:city_code:city_town_geocode:validation-f1:validation-e2,known,historical_c23_public_development_diagnostic,city_code,R4
city_code,city_town_geocode,city_code,,accept,c23-development:validation:city_code:city_town_geocode:validation-f2:validation-e3,known,historical_c23_public_development_diagnostic,city_code,R4
city_code,city_town_geocode,city_code,,accept,c23-development:validation:city_code:city_town_geocode:validation-f3:validation-e4,known,historical_c23_public_development_diagnostic,city_code,R4
city_code,city_town_geocode,city_code,,accept,c23-development:validation:city_code:city_town_geocode:validation-f4:validation-e5,known,historical_c23_public_development_diagnostic,city_code,R4
city_code,city_town_geocode,city_code,,accept,c23-development:validation:city_code:city_town_geocode:validation-f5:validation-e0,known,historical_c23_public_development_diagnostic,city_code,R4
city_code,city_metropolitan_designation,city_code,,accept,c23-development:validation:city_code:city_metropolitan_designation:validation-f0:validation-e2,known,historical_c23_public_development_diagnostic,city_code,R4
city_code,city_metropolitan_designation,city_code,,accept,c23-development:validation:city_code:city_metropolitan_designation:validation-f1:validation-e3,known,historical_c23_public_development_diagnostic,city_code,R4
city_code,city_metropolitan_designation,city_code,,accept,c23-development:validation:city_code:city_metropolitan_designation:validation-f2:validation-e4,known,historical_c23_public_development_diagnostic,city_code,R4
city_code,city_metropolitan_designation,city_code,,accept,c23-development:validation:city_code:city_metropolitan_designation:validation-f3:validation-e5,known,historical_c23_public_development_diagnostic,city_code,R4
city_code,city_metropolitan_designation,city_code,,accept,c23-development:validation:city_code:city_metropolitan_designation:validation-f4:validation-e0,known,historical_c23_public_development_diagnostic,city_code,R4
city_code,city_metropolitan_designation,city_code,,accept,c23-development:validation:city_code:city_metropolitan_designation:validation-f5:validation-e1,known,historical_c23_public_development_diagnostic,city_code,R4
,city_urban_district_number,,unknown,reject,c23-development:validation:city_code:city_urban_district_number:validation-f0:validation-e3,known,historical_c23_public_development_diagnostic,city_code,R4
,city_urban_district_number,,unknown,reject,c23-development:validation:city_code:city_urban_district_number:validation-f1:validation-e4,known,historical_c23_public_development_diagnostic,city_code,R4
,city_urban_district_number,,unknown,reject,c23-development:validation:city_code:city_urban_district_number:validation-f2:validation-e5,known,historical_c23_public_development_diagnostic,city_code,R4
,city_urban_district_number,,unknown,reject,c23-development:validation:city_code:city_urban_district_number:validation-f3:validation-e0,known,historical_c23_public_development_diagnostic,city_code,R4
,city_urban_district_number,,unknown,reject,c23-development:validation:city_code:city_urban_district_number:validation-f4:validation-e1,known,historical_c23_public_development_diagnostic,city_code,R4
,city_urban_district_number,,unknown,reject,c23-development:validation:city_code:city_urban_district_number:validation-f5:validation-e2,known,historical_c23_public_development_diagnostic,city_code,R4
city_code,city_civic_region_label,city_code,,accept,c23-development:validation:city_code:city_civic_region_label:validation-f0:validation-e4,known,historical_c23_public_development_diagnostic,city_code,R4
city_code,city_civic_region_label,city_code,,accept,c23-development:validation:city_code:city_civic_region_label:validation-f1:validation-e5,known,historical_c23_public_development_diagnostic,city_code,R4
city_code,city_civic_region_label,city_code,,accept,c23-development:validation:city_code:city_civic_region_label:validation-f2:validation-e0,known,historical_c23_public_development_diagnostic,city_code,R4
city_code,city_civic_region_label,city_code,,accept,c23-development:validation:city_code:city_civic_region_label:validation-f3:validation-e1,known,historical_c23_public_development_diagnostic,city_code,R4
city_code,city_civic_region_label,city_code,,accept,c23-development:validation:city_code:city_civic_region_label:validation-f4:validation-e2,known,historical_c23_public_development_diagnostic,city_code,R4
city_code,city_civic_region_label,city_code,,accept,c23-development:validation:city_code:city_civic_region_label:validation-f5:validation-e3,known,historical_c23_public_development_diagnostic,city_code,R4
city_code,city_town_place_code,city_code,,accept,c23-development:validation:city_code:city_town_place_code:validation-f0:validation-e5,known,historical_c23_public_development_diagnostic,city_code,R4
city_code,city_town_place_code,city_code,,accept,c23-development:validation:city_code:city_town_place_code:validation-f1:validation-e0,known,historical_c23_public_development_diagnostic,city_code,R4
city_code,city_town_place_code,city_code,,accept,c23-development:validation:city_code:city_town_place_code:validation-f2:validation-e1,known,historical_c23_public_development_diagnostic,city_code,R4
city_code,city_town_place_code,city_code,,accept,c23-development:validation:city_code:city_town_place_code:validation-f3:validation-e2,known,historical_c23_public_development_diagnostic,city_code,R4
city_code,city_town_place_code,city_code,,accept,c23-development:validation:city_code:city_town_place_code:validation-f4:validation-e3,known,historical_c23_public_development_diagnostic,city_code,R4
city_code,city_town_place_code,city_code,,accept,c23-development:validation:city_code:city_town_place_code:validation-f5:validation-e4,known,historical_c23_public_development_diagnostic,city_code,R4
city_code,city_community_area_identifier,city_code,,accept,c23-development:validation:city_code:city_community_area_identifier:validation-f0:validation-e0,known,historical_c23_public_development_diagnostic,city_code,R4
city_code,city_community_area_identifier,city_code,,accept,c23-development:validation:city_code:city_community_area_identifier:validation-f1:validation-e1,known,historical_c23_public_development_diagnostic,city_code,R4
city_code,city_community_area_identifier,city_code,,accept,c23-development:validation:city_code:city_community_area_identifier:validation-f2:validation-e2,known,historical_c23_public_development_diagnostic,city_code,R4
city_code,city_community_area_identifier,city_code,,accept,c23-development:validation:city_code:city_community_area_identifier:validation-f3:validation-e3,known,historical_c23_public_development_diagnostic,city_code,R4
city_code,city_community_area_identifier,city_code,,accept,c23-development:validation:city_code:city_community_area_identifier:validation-f4:validation-e4,known,historical_c23_public_development_diagnostic,city_code,R4
city_code,city_community_area_identifier,city_code,,accept,c23-development:validation:city_code:city_community_area_identifier:validation-f5:validation-e5,known,historical_c23_public_development_diagnostic,city_code,R4
access_code,access_required_credential,access_code,,accept,c23-development:validation:access_code:access_required_credential:validation-f0:validation-e2,known,historical_c23_public_development_diagnostic,access_code,R4
access_code,access_required_credential,access_code,,accept,c23-development:validation:access_code:access_required_credential:validation-f1:validation-e3,known,historical_c23_public_development_diagnostic,access_code,R4
access_code,access_required_credential,access_code,,accept,c23-development:validation:access_code:access_required_credential:validation-f2:validation-e4,known,historical_c23_public_development_diagnostic,access_code,R4
access_code,access_required_credential,access_code,,accept,c23-development:validation:access_code:access_required_credential:validation-f3:validation-e5,known,historical_c23_public_development_diagnostic,access_code,R4
access_code,access_required_credential,access_code,,accept,c23-development:validation:access_code:access_required_credential:validation-f4:validation-e0,known,historical_c23_public_development_diagnostic,access_code,R4
access_code,access_required_credential,access_code,,accept,c23-development:validation:access_code:access_required_credential:validation-f5:validation-e1,known,historical_c23_public_development_diagnostic,access_code,R4
access_code,access_protected_account_password,access_code,,accept,c23-development:validation:access_code:access_protected_account_password:validation-f0:validation-e3,known,historical_c23_public_development_diagnostic,access_code,R4
access_code,access_protected_account_password,access_code,,accept,c23-development:validation:access_code:access_protected_account_password:validation-f1:validation-e4,known,historical_c23_public_development_diagnostic,access_code,R4
access_code,access_protected_account_password,access_code,,accept,c23-development:validation:access_code:access_protected_account_password:validation-f2:validation-e5,known,historical_c23_public_development_diagnostic,access_code,R4
access_code,access_protected_account_password,access_code,,accept,c23-development:validation:access_code:access_protected_account_password:validation-f3:validation-e0,known,historical_c23_public_development_diagnostic,access_code,R4
access_code,access_protected_account_password,access_code,,accept,c23-development:validation:access_code:access_protected_account_password:validation-f4:validation-e1,known,historical_c23_public_development_diagnostic,access_code,R4
access_code,access_protected_account_password,access_code,,accept,c23-development:validation:access_code:access_protected_account_password:validation-f5:validation-e2,known,historical_c23_public_development_diagnostic,access_code,R4
access_code,access_service_unlock_passcode,access_code,,accept,c23-development:validation:access_code:access_service_unlock_passcode:validation-f0:validation-e4,known,historical_c23_public_development_diagnostic,access_code,R4
access_code,access_service_unlock_passcode,access_code,,accept,c23-development:validation:access_code:access_service_unlock_passcode:validation-f1:validation-e5,known,historical_c23_public_development_diagnostic,access_code,R4
access_code,access_service_unlock_passcode,access_code,,accept,c23-development:validation:access_code:access_service_unlock_passcode:validation-f2:validation-e0,known,historical_c23_public_development_diagnostic,access_code,R4
access_code,access_service_unlock_passcode,access_code,,accept,c23-development:validation:access_code:access_service_unlock_passcode:validation-f3:validation-e1,known,historical_c23_public_development_diagnostic,access_code,R4
access_code,access_service_unlock_passcode,access_code,,accept,c23-development:validation:access_code:access_service_unlock_passcode:validation-f4:validation-e2,known,historical_c23_public_development_diagnostic,access_code,R4
access_code,access_service_unlock_passcode,access_code,,accept,c23-development:validation:access_code:access_service_unlock_passcode:validation-f5:validation-e3,known,historical_c23_public_development_diagnostic,access_code,R4
access_code,access_subject_signon_secret,access_code,,accept,c23-development:validation:access_code:access_subject_signon_secret:validation-f0:validation-e5,known,historical_c23_public_development_diagnostic,access_code,R4
access_code,access_subject_signon_secret,access_code,,accept,c23-development:validation:access_code:access_subject_signon_secret:validation-f1:validation-e0,known,historical_c23_public_development_diagnostic,access_code,R4
access_code,access_subject_signon_secret,access_code,,accept,c23-development:validation:access_code:access_subject_signon_secret:validation-f2:validation-e1,known,historical_c23_public_development_diagnostic,access_code,R4
access_code,access_subject_signon_secret,access_code,,accept,c23-development:validation:access_code:access_subject_signon_secret:validation-f3:validation-e2,known,historical_c23_public_development_diagnostic,access_code,R4
access_code,access_subject_signon_secret,access_code,,accept,c23-development:validation:access_code:access_subject_signon_secret:validation-f4:validation-e3,known,historical_c23_public_development_diagnostic,access_code,R4
access_code,access_subject_signon_secret,access_code,,accept,c23-development:validation:access_code:access_subject_signon_secret:validation-f5:validation-e4,known,historical_c23_public_development_diagnostic,access_code,R4
access_code,access_resource_authentication_secret,access_code,,accept,c23-development:validation:access_code:access_resource_authentication_secret:validation-f0:validation-e0,known,historical_c23_public_development_diagnostic,access_code,R4
access_code,access_resource_authentication_secret,access_code,,accept,c23-development:validation:access_code:access_resource_authentication_secret:validation-f1:validation-e1,known,historical_c23_public_development_diagnostic,access_code,R4
access_code,access_resource_authentication_secret,access_code,,accept,c23-development:validation:access_code:access_resource_authentication_secret:validation-f2:validation-e2,known,historical_c23_public_development_diagnostic,access_code,R4
access_code,access_resource_authentication_secret,access_code,,accept,c23-development:validation:access_code:access_resource_authentication_secret:validation-f3:validation-e3,known,historical_c23_public_development_diagnostic,access_code,R4
access_code,access_resource_authentication_secret,access_code,,accept,c23-development:validation:access_code:access_resource_authentication_secret:validation-f4:validation-e4,known,historical_c23_public_development_diagnostic,access_code,R4
access_code,access_resource_authentication_secret,access_code,,accept,c23-development:validation:access_code:access_resource_authentication_secret:validation-f5:validation-e5,known,historical_c23_public_development_diagnostic,access_code,R4
access_code,access_lock_screen_code,access_code,,accept,c23-development:validation:access_code:access_lock_screen_code:validation-f0:validation-e1,known,historical_c23_public_development_diagnostic,access_code,R4
access_code,access_lock_screen_code,access_code,,accept,c23-development:validation:access_code:access_lock_screen_code:validation-f1:validation-e2,known,historical_c23_public_development_diagnostic,access_code,R4
access_code,access_lock_screen_code,access_code,,accept,c23-development:validation:access_code:access_lock_screen_code:validation-f2:validation-e3,known,historical_c23_public_development_diagnostic,access_code,R4
access_code,access_lock_screen_code,access_code,,accept,c23-development:validation:access_code:access_lock_screen_code:validation-f3:validation-e4,known,historical_c23_public_development_diagnostic,access_code,R4
access_code,access_lock_screen_code,access_code,,accept,c23-development:validation:access_code:access_lock_screen_code:validation-f4:validation-e5,known,historical_c23_public_development_diagnostic,access_code,R4
access_code,access_lock_screen_code,access_code,,accept,c23-development:validation:access_code:access_lock_screen_code:validation-f5:validation-e0,known,historical_c23_public_development_diagnostic,access_code,R4
access_code,access_secure_gate_pin,access_code,,accept,c23-development:validation:access_code:access_secure_gate_pin:validation-f0:validation-e2,known,historical_c23_public_development_diagnostic,access_code,R4
access_code,access_secure_gate_pin,access_code,,accept,c23-development:validation:access_code:access_secure_gate_pin:validation-f1:validation-e3,known,historical_c23_public_development_diagnostic,access_code,R4
access_code,access_secure_gate_pin,access_code,,accept,c23-development:validation:access_code:access_secure_gate_pin:validation-f2:validation-e4,known,historical_c23_public_development_diagnostic,access_code,R4
access_code,access_secure_gate_pin,access_code,,accept,c23-development:validation:access_code:access_secure_gate_pin:validation-f3:validation-e5,known,historical_c23_public_development_diagnostic,access_code,R4
access_code,access_secure_gate_pin,access_code,,accept,c23-development:validation:access_code:access_secure_gate_pin:validation-f4:validation-e0,known,historical_c23_public_development_diagnostic,access_code,R4
access_code,access_secure_gate_pin,access_code,,accept,c23-development:validation:access_code:access_secure_gate_pin:validation-f5:validation-e1,known,historical_c23_public_development_diagnostic,access_code,R4
,access_resource_unlock_combination,,unknown,reject,c23-development:validation:access_code:access_resource_unlock_combination:validation-f0:validation-e3,known,historical_c23_public_development_diagnostic,access_code,R4
,access_resource_unlock_combination,,unknown,reject,c23-development:validation:access_code:access_resource_unlock_combination:validation-f1:validation-e4,known,historical_c23_public_development_diagnostic,access_code,R4
,access_resource_unlock_combination,,unknown,reject,c23-development:validation:access_code:access_resource_unlock_combination:validation-f2:validation-e5,known,historical_c23_public_development_diagnostic,access_code,R4
,access_resource_unlock_combination,,unknown,reject,c23-development:validation:access_code:access_resource_unlock_combination:validation-f3:validation-e0,known,historical_c23_public_development_diagnostic,access_code,R4
,access_resource_unlock_combination,,unknown,reject,c23-development:validation:access_code:access_resource_unlock_combination:validation-f4:validation-e1,known,historical_c23_public_development_diagnostic,access_code,R4
,access_resource_unlock_combination,,unknown,reject,c23-development:validation:access_code:access_resource_unlock_combination:validation-f5:validation-e2,known,historical_c23_public_development_diagnostic,access_code,R4
access_code,access_account_keyphrase,access_code,,accept,c23-development:validation:access_code:access_account_keyphrase:validation-f0:validation-e4,known,historical_c23_public_development_diagnostic,access_code,R4
access_code,access_account_keyphrase,access_code,,accept,c23-development:validation:access_code:access_account_keyphrase:validation-f1:validation-e5,known,historical_c23_public_development_diagnostic,access_code,R4
access_code,access_account_keyphrase,access_code,,accept,c23-development:validation:access_code:access_account_keyphrase:validation-f2:validation-e0,known,historical_c23_public_development_diagnostic,access_code,R4
access_code,access_account_keyphrase,access_code,,accept,c23-development:validation:access_code:access_account_keyphrase:validation-f3:validation-e1,known,historical_c23_public_development_diagnostic,access_code,R4
access_code,access_account_keyphrase,access_code,,accept,c23-development:validation:access_code:access_account_keyphrase:validation-f4:validation-e2,known,historical_c23_public_development_diagnostic,access_code,R4
access_code,access_account_keyphrase,access_code,,accept,c23-development:validation:access_code:access_account_keyphrase:validation-f5:validation-e3,known,historical_c23_public_development_diagnostic,access_code,R4
access_code,access_secured_area_keypad_sequence,access_code,,accept,c23-development:validation:access_code:access_secured_area_keypad_sequence:validation-f0:validation-e5,known,historical_c23_public_development_diagnostic,access_code,R4
access_code,access_secured_area_keypad_sequence,access_code,,accept,c23-development:validation:access_code:access_secured_area_keypad_sequence:validation-f1:validation-e0,known,historical_c23_public_development_diagnostic,access_code,R4
access_code,access_secured_area_keypad_sequence,access_code,,accept,c23-development:validation:access_code:access_secured_area_keypad_sequence:validation-f2:validation-e1,known,historical_c23_public_development_diagnostic,access_code,R4
access_code,access_secured_area_keypad_sequence,access_code,,accept,c23-development:validation:access_code:access_secured_area_keypad_sequence:validation-f3:validation-e2,known,historical_c23_public_development_diagnostic,access_code,R4
access_code,access_secured_area_keypad_sequence,access_code,,accept,c23-development:validation:access_code:access_secured_area_keypad_sequence:validation-f4:validation-e3,known,historical_c23_public_development_diagnostic,access_code,R4
access_code,access_secured_area_keypad_sequence,access_code,,accept,c23-development:validation:access_code:access_secured_area_keypad_sequence:validation-f5:validation-e4,known,historical_c23_public_development_diagnostic,access_code,R4
access_code,access_lock_bearer_secret,access_code,,accept,c23-development:validation:access_code:access_lock_bearer_secret:validation-f0:validation-e0,known,historical_c23_public_development_diagnostic,access_code,R4
access_code,access_lock_bearer_secret,access_code,,accept,c23-development:validation:access_code:access_lock_bearer_secret:validation-f1:validation-e1,known,historical_c23_public_development_diagnostic,access_code,R4
access_code,access_lock_bearer_secret,access_code,,accept,c23-development:validation:access_code:access_lock_bearer_secret:validation-f2:validation-e2,known,historical_c23_public_development_diagnostic,access_code,R4
access_code,access_lock_bearer_secret,access_code,,accept,c23-development:validation:access_code:access_lock_bearer_secret:validation-f3:validation-e3,known,historical_c23_public_development_diagnostic,access_code,R4
access_code,access_lock_bearer_secret,access_code,,accept,c23-development:validation:access_code:access_lock_bearer_secret:validation-f4:validation-e4,known,historical_c23_public_development_diagnostic,access_code,R4
access_code,access_lock_bearer_secret,access_code,,accept,c23-development:validation:access_code:access_lock_bearer_secret:validation-f5:validation-e5,known,historical_c23_public_development_diagnostic,access_code,R4
,access_service_challenge_response,,unknown,reject,c23-development:validation:access_code:access_service_challenge_response:validation-f0:validation-e1,known,historical_c23_public_development_diagnostic,access_code,R4
,access_service_challenge_response,,unknown,reject,c23-development:validation:access_code:access_service_challenge_response:validation-f1:validation-e2,known,historical_c23_public_development_diagnostic,access_code,R4
,access_service_challenge_response,,unknown,reject,c23-development:validation:access_code:access_service_challenge_response:validation-f2:validation-e3,known,historical_c23_public_development_diagnostic,access_code,R4
,access_service_challenge_response,,unknown,reject,c23-development:validation:access_code:access_service_challenge_response:validation-f3:validation-e4,known,historical_c23_public_development_diagnostic,access_code,R4
,access_service_challenge_response,,unknown,reject,c23-development:validation:access_code:access_service_challenge_response:validation-f4:validation-e5,known,historical_c23_public_development_diagnostic,access_code,R4
,access_service_challenge_response,,unknown,reject,c23-development:validation:access_code:access_service_challenge_response:validation-f5:validation-e0,known,historical_c23_public_development_diagnostic,access_code,R4
,ambiguous_identifier,,unknown,reject,c23-development:reject:ambiguous:ambiguous_identifier:validation-f0:validation-e0,ambiguous,historical_c23_public_development_diagnostic,,R4
,ambiguous_identifier,,unknown,reject,c23-development:reject:ambiguous:ambiguous_identifier:validation-f1:validation-e1,ambiguous,historical_c23_public_development_diagnostic,,R4
,ambiguous_identifier,,unknown,reject,c23-development:reject:ambiguous:ambiguous_identifier:validation-f2:validation-e2,ambiguous,historical_c23_public_development_diagnostic,,R4
,ambiguous_identifier,,unknown,reject,c23-development:reject:ambiguous:ambiguous_identifier:validation-f3:validation-e3,ambiguous,historical_c23_public_development_diagnostic,,R4
,ambiguous_identifier,,unknown,reject,c23-development:reject:ambiguous:ambiguous_identifier:validation-f4:validation-e4,ambiguous,historical_c23_public_development_diagnostic,,R4
,ambiguous_identifier,,unknown,reject,c23-development:reject:ambiguous:ambiguous_identifier:validation-f5:validation-e5,ambiguous,historical_c23_public_development_diagnostic,,R4
registry_id,ambiguous_reference_number,registry_id,,accept,c23-development:reject:ambiguous:ambiguous_reference_number:validation-f0:validation-e1,ambiguous,historical_c23_public_development_diagnostic,,R4
registry_id,ambiguous_reference_number,registry_id,,accept,c23-development:reject:ambiguous:ambiguous_reference_number:validation-f1:validation-e2,ambiguous,historical_c23_public_development_diagnostic,,R4
registry_id,ambiguous_reference_number,registry_id,,accept,c23-development:reject:ambiguous:ambiguous_reference_number:validation-f2:validation-e3,ambiguous,historical_c23_public_development_diagnostic,,R4
registry_id,ambiguous_reference_number,registry_id,,accept,c23-development:reject:ambiguous:ambiguous_reference_number:validation-f3:validation-e4,ambiguous,historical_c23_public_development_diagnostic,,R4
registry_id,ambiguous_reference_number,registry_id,,accept,c23-development:reject:ambiguous:ambiguous_reference_number:validation-f4:validation-e5,ambiguous,historical_c23_public_development_diagnostic,,R4
registry_id,ambiguous_reference_number,registry_id,,accept,c23-development:reject:ambiguous:ambiguous_reference_number:validation-f5:validation-e0,ambiguous,historical_c23_public_development_diagnostic,,R4
,ambiguous_assigned_code,,unknown,reject,c23-development:reject:ambiguous:ambiguous_assigned_code:validation-f0:validation-e2,ambiguous,historical_c23_public_development_diagnostic,,R4
,ambiguous_assigned_code,,unknown,reject,c23-development:reject:ambiguous:ambiguous_assigned_code:validation-f1:validation-e3,ambiguous,historical_c23_public_development_diagnostic,,R4
,ambiguous_assigned_code,,unknown,reject,c23-development:reject:ambiguous:ambiguous_assigned_code:validation-f2:validation-e4,ambiguous,historical_c23_public_development_diagnostic,,R4
,ambiguous_assigned_code,,unknown,reject,c23-development:reject:ambiguous:ambiguous_assigned_code:validation-f3:validation-e5,ambiguous,historical_c23_public_development_diagnostic,,R4
,ambiguous_assigned_code,,unknown,reject,c23-development:reject:ambiguous:ambiguous_assigned_code:validation-f4:validation-e0,ambiguous,historical_c23_public_development_diagnostic,,R4
,ambiguous_assigned_code,,unknown,reject,c23-development:reject:ambiguous:ambiguous_assigned_code:validation-f5:validation-e1,ambiguous,historical_c23_public_development_diagnostic,,R4
,ambiguous_profile_key,,unknown,reject,c23-development:reject:ambiguous:ambiguous_profile_key:validation-f0:validation-e3,ambiguous,historical_c23_public_development_diagnostic,,R4
,ambiguous_profile_key,,unknown,reject,c23-development:reject:ambiguous:ambiguous_profile_key:validation-f1:validation-e4,ambiguous,historical_c23_public_development_diagnostic,,R4
,ambiguous_profile_key,,unknown,reject,c23-development:reject:ambiguous:ambiguous_profile_key:validation-f2:validation-e5,ambiguous,historical_c23_public_development_diagnostic,,R4
,ambiguous_profile_key,,unknown,reject,c23-development:reject:ambiguous:ambiguous_profile_key:validation-f3:validation-e0,ambiguous,historical_c23_public_development_diagnostic,,R4
,ambiguous_profile_key,,unknown,reject,c23-development:reject:ambiguous:ambiguous_profile_key:validation-f4:validation-e1,ambiguous,historical_c23_public_development_diagnostic,,R4
,ambiguous_profile_key,,unknown,reject,c23-development:reject:ambiguous:ambiguous_profile_key:validation-f5:validation-e2,ambiguous,historical_c23_public_development_diagnostic,,R4
,ambiguous_record_value,,unknown,reject,c23-development:reject:ambiguous:ambiguous_record_value:validation-f0:validation-e4,ambiguous,historical_c23_public_development_diagnostic,,R4
,ambiguous_record_value,,unknown,reject,c23-development:reject:ambiguous:ambiguous_record_value:validation-f1:validation-e5,ambiguous,historical_c23_public_development_diagnostic,,R4
,ambiguous_record_value,,unknown,reject,c23-development:reject:ambiguous:ambiguous_record_value:validation-f2:validation-e0,ambiguous,historical_c23_public_development_diagnostic,,R4
,ambiguous_record_value,,unknown,reject,c23-development:reject:ambiguous:ambiguous_record_value:validation-f3:validation-e1,ambiguous,historical_c23_public_development_diagnostic,,R4
,ambiguous_record_value,,unknown,reject,c23-development:reject:ambiguous:ambiguous_record_value:validation-f4:validation-e2,ambiguous,historical_c23_public_development_diagnostic,,R4
,ambiguous_record_value,,unknown,reject,c23-development:reject:ambiguous:ambiguous_record_value:validation-f5:validation-e3,ambiguous,historical_c23_public_development_diagnostic,,R4
registry_id,ambiguous_account_number,registry_id,,accept,c23-development:reject:ambiguous:ambiguous_account_number:validation-f0:validation-e5,ambiguous,historical_c23_public_development_diagnostic,,R4
registry_id,ambiguous_account_number,registry_id,,accept,c23-development:reject:ambiguous:ambiguous_account_number:validation-f1:validation-e0,ambiguous,historical_c23_public_development_diagnostic,,R4
registry_id,ambiguous_account_number,registry_id,,accept,c23-development:reject:ambiguous:ambiguous_account_number:validation-f2:validation-e1,ambiguous,historical_c23_public_development_diagnostic,,R4
registry_id,ambiguous_account_number,registry_id,,accept,c23-development:reject:ambiguous:ambiguous_account_number:validation-f3:validation-e2,ambiguous,historical_c23_public_development_diagnostic,,R4
registry_id,ambiguous_account_number,registry_id,,accept,c23-development:reject:ambiguous:ambiguous_account_number:validation-f4:validation-e3,ambiguous,historical_c23_public_development_diagnostic,,R4
registry_id,ambiguous_account_number,registry_id,,accept,c23-development:reject:ambiguous:ambiguous_account_number:validation-f5:validation-e4,ambiguous,historical_c23_public_development_diagnostic,,R4
,ambiguous_internal_tag,,unknown,reject,c23-development:reject:ambiguous:ambiguous_internal_tag:validation-f0:validation-e0,ambiguous,historical_c23_public_development_diagnostic,,R4
,ambiguous_internal_tag,,unknown,reject,c23-development:reject:ambiguous:ambiguous_internal_tag:validation-f1:validation-e1,ambiguous,historical_c23_public_development_diagnostic,,R4
,ambiguous_internal_tag,,unknown,reject,c23-development:reject:ambiguous:ambiguous_internal_tag:validation-f2:validation-e2,ambiguous,historical_c23_public_development_diagnostic,,R4
,ambiguous_internal_tag,,unknown,reject,c23-development:reject:ambiguous:ambiguous_internal_tag:validation-f3:validation-e3,ambiguous,historical_c23_public_development_diagnostic,,R4
,ambiguous_internal_tag,,unknown,reject,c23-development:reject:ambiguous:ambiguous_internal_tag:validation-f4:validation-e4,ambiguous,historical_c23_public_development_diagnostic,,R4
,ambiguous_internal_tag,,unknown,reject,c23-development:reject:ambiguous:ambiguous_internal_tag:validation-f5:validation-e5,ambiguous,historical_c23_public_development_diagnostic,,R4
,ambiguous_service_code,,unknown,reject,c23-development:reject:ambiguous:ambiguous_service_code:validation-f0:validation-e1,ambiguous,historical_c23_public_development_diagnostic,,R4
,ambiguous_service_code,,unknown,reject,c23-development:reject:ambiguous:ambiguous_service_code:validation-f1:validation-e2,ambiguous,historical_c23_public_development_diagnostic,,R4
,ambiguous_service_code,,unknown,reject,c23-development:reject:ambiguous:ambiguous_service_code:validation-f2:validation-e3,ambiguous,historical_c23_public_development_diagnostic,,R4
,ambiguous_service_code,,unknown,reject,c23-development:reject:ambiguous:ambiguous_service_code:validation-f3:validation-e4,ambiguous,historical_c23_public_development_diagnostic,,R4
,ambiguous_service_code,,unknown,reject,c23-development:reject:ambiguous:ambiguous_service_code:validation-f4:validation-e5,ambiguous,historical_c23_public_development_diagnostic,,R4
,ambiguous_service_code,,unknown,reject,c23-development:reject:ambiguous:ambiguous_service_code:validation-f5:validation-e0,ambiguous,historical_c23_public_development_diagnostic,,R4
,ambiguous_subject_marker,,unknown,reject,c23-development:reject:ambiguous:ambiguous_subject_marker:validation-f0:validation-e2,ambiguous,historical_c23_public_development_diagnostic,,R4
,ambiguous_subject_marker,,unknown,reject,c23-development:reject:ambiguous:ambiguous_subject_marker:validation-f1:validation-e3,ambiguous,historical_c23_public_development_diagnostic,,R4
,ambiguous_subject_marker,,unknown,reject,c23-development:reject:ambiguous:ambiguous_subject_marker:validation-f2:validation-e4,ambiguous,historical_c23_public_development_diagnostic,,R4
,ambiguous_subject_marker,,unknown,reject,c23-development:reject:ambiguous:ambiguous_subject_marker:validation-f3:validation-e5,ambiguous,historical_c23_public_development_diagnostic,,R4
,ambiguous_subject_marker,,unknown,reject,c23-development:reject:ambiguous:ambiguous_subject_marker:validation-f4:validation-e0,ambiguous,historical_c23_public_development_diagnostic,,R4
,ambiguous_subject_marker,,unknown,reject,c23-development:reject:ambiguous:ambiguous_subject_marker:validation-f5:validation-e1,ambiguous,historical_c23_public_development_diagnostic,,R4
,ambiguous_database_key,,unknown,reject,c23-development:reject:ambiguous:ambiguous_database_key:validation-f0:validation-e3,ambiguous,historical_c23_public_development_diagnostic,,R4
,ambiguous_database_key,,unknown,reject,c23-development:reject:ambiguous:ambiguous_database_key:validation-f1:validation-e4,ambiguous,historical_c23_public_development_diagnostic,,R4
,ambiguous_database_key,,unknown,reject,c23-development:reject:ambiguous:ambiguous_database_key:validation-f2:validation-e5,ambiguous,historical_c23_public_development_diagnostic,,R4
,ambiguous_database_key,,unknown,reject,c23-development:reject:ambiguous:ambiguous_database_key:validation-f3:validation-e0,ambiguous,historical_c23_public_development_diagnostic,,R4
,ambiguous_database_key,,unknown,reject,c23-development:reject:ambiguous:ambiguous_database_key:validation-f4:validation-e1,ambiguous,historical_c23_public_development_diagnostic,,R4
,ambiguous_database_key,,unknown,reject,c23-development:reject:ambiguous:ambiguous_database_key:validation-f5:validation-e2,ambiguous,historical_c23_public_development_diagnostic,,R4
,ambiguous_lookup_handle,,unknown,reject,c23-development:reject:ambiguous:ambiguous_lookup_handle:validation-f0:validation-e4,ambiguous,historical_c23_public_development_diagnostic,,R4
,ambiguous_lookup_handle,,unknown,reject,c23-development:reject:ambiguous:ambiguous_lookup_handle:validation-f1:validation-e5,ambiguous,historical_c23_public_development_diagnostic,,R4
,ambiguous_lookup_handle,,unknown,reject,c23-development:reject:ambiguous:ambiguous_lookup_handle:validation-f2:validation-e0,ambiguous,historical_c23_public_development_diagnostic,,R4
,ambiguous_lookup_handle,,unknown,reject,c23-development:reject:ambiguous:ambiguous_lookup_handle:validation-f3:validation-e1,ambiguous,historical_c23_public_development_diagnostic,,R4
,ambiguous_lookup_handle,,unknown,reject,c23-development:reject:ambiguous:ambiguous_lookup_handle:validation-f4:validation-e2,ambiguous,historical_c23_public_development_diagnostic,,R4
,ambiguous_lookup_handle,,unknown,reject,c23-development:reject:ambiguous:ambiguous_lookup_handle:validation-f5:validation-e3,ambiguous,historical_c23_public_development_diagnostic,,R4
,ambiguous_verification_value,,unknown,reject,c23-development:reject:ambiguous:ambiguous_verification_value:validation-f0:validation-e5,ambiguous,historical_c23_public_development_diagnostic,,R4
,ambiguous_verification_value,,unknown,reject,c23-development:reject:ambiguous:ambiguous_verification_value:validation-f1:validation-e0,ambiguous,historical_c23_public_development_diagnostic,,R4
,ambiguous_verification_value,,unknown,reject,c23-development:reject:ambiguous:ambiguous_verification_value:validation-f2:validation-e1,ambiguous,historical_c23_public_development_diagnostic,,R4
,ambiguous_verification_value,,unknown,reject,c23-development:reject:ambiguous:ambiguous_verification_value:validation-f3:validation-e2,ambiguous,historical_c23_public_development_diagnostic,,R4
,ambiguous_verification_value,,unknown,reject,c23-development:reject:ambiguous:ambiguous_verification_value:validation-f4:validation-e3,ambiguous,historical_c23_public_development_diagnostic,,R4
,ambiguous_verification_value,,unknown,reject,c23-development:reject:ambiguous:ambiguous_verification_value:validation-f5:validation-e4,ambiguous,historical_c23_public_development_diagnostic,,R4
,unrelated_birth_date,,unknown,reject,c23-development:reject:unrelated:unrelated_birth_date:validation-f0:validation-e0,unrelated,historical_c23_public_development_diagnostic,,R4
,unrelated_birth_date,,unknown,reject,c23-development:reject:unrelated:unrelated_birth_date:validation-f1:validation-e1,unrelated,historical_c23_public_development_diagnostic,,R4
,unrelated_birth_date,,unknown,reject,c23-development:reject:unrelated:unrelated_birth_date:validation-f2:validation-e2,unrelated,historical_c23_public_development_diagnostic,,R4
,unrelated_birth_date,,unknown,reject,c23-development:reject:unrelated:unrelated_birth_date:validation-f3:validation-e3,unrelated,historical_c23_public_development_diagnostic,,R4
,unrelated_birth_date,,unknown,reject,c23-development:reject:unrelated:unrelated_birth_date:validation-f4:validation-e4,unrelated,historical_c23_public_development_diagnostic,,R4
,unrelated_birth_date,,unknown,reject,c23-development:reject:unrelated:unrelated_birth_date:validation-f5:validation-e5,unrelated,historical_c23_public_development_diagnostic,,R4
,unrelated_contact_email,,unknown,reject,c23-development:reject:unrelated:unrelated_contact_email:validation-f0:validation-e1,unrelated,historical_c23_public_development_diagnostic,,R4
,unrelated_contact_email,,unknown,reject,c23-development:reject:unrelated:unrelated_contact_email:validation-f1:validation-e2,unrelated,historical_c23_public_development_diagnostic,,R4
,unrelated_contact_email,,unknown,reject,c23-development:reject:unrelated:unrelated_contact_email:validation-f2:validation-e3,unrelated,historical_c23_public_development_diagnostic,,R4
,unrelated_contact_email,,unknown,reject,c23-development:reject:unrelated:unrelated_contact_email:validation-f3:validation-e4,unrelated,historical_c23_public_development_diagnostic,,R4
,unrelated_contact_email,,unknown,reject,c23-development:reject:unrelated:unrelated_contact_email:validation-f4:validation-e5,unrelated,historical_c23_public_development_diagnostic,,R4
,unrelated_contact_email,,unknown,reject,c23-development:reject:unrelated:unrelated_contact_email:validation-f5:validation-e0,unrelated,historical_c23_public_development_diagnostic,,R4
,unrelated_telephone_number,,unknown,reject,c23-development:reject:unrelated:unrelated_telephone_number:validation-f0:validation-e2,unrelated,historical_c23_public_development_diagnostic,,R4
,unrelated_telephone_number,,unknown,reject,c23-development:reject:unrelated:unrelated_telephone_number:validation-f1:validation-e3,unrelated,historical_c23_public_development_diagnostic,,R4
,unrelated_telephone_number,,unknown,reject,c23-development:reject:unrelated:unrelated_telephone_number:validation-f2:validation-e4,unrelated,historical_c23_public_development_diagnostic,,R4
,unrelated_telephone_number,,unknown,reject,c23-development:reject:unrelated:unrelated_telephone_number:validation-f3:validation-e5,unrelated,historical_c23_public_development_diagnostic,,R4
,unrelated_telephone_number,,unknown,reject,c23-development:reject:unrelated:unrelated_telephone_number:validation-f4:validation-e0,unrelated,historical_c23_public_development_diagnostic,,R4
,unrelated_telephone_number,,unknown,reject,c23-development:reject:unrelated:unrelated_telephone_number:validation-f5:validation-e1,unrelated,historical_c23_public_development_diagnostic,,R4
,unrelated_postal_address,,unknown,reject,c23-development:reject:unrelated:unrelated_postal_address:validation-f0:validation-e3,unrelated,historical_c23_public_development_diagnostic,,R4
,unrelated_postal_address,,unknown,reject,c23-development:reject:unrelated:unrelated_postal_address:validation-f1:validation-e4,unrelated,historical_c23_public_development_diagnostic,,R4
,unrelated_postal_address,,unknown,reject,c23-development:reject:unrelated:unrelated_postal_address:validation-f2:validation-e5,unrelated,historical_c23_public_development_diagnostic,,R4
,unrelated_postal_address,,unknown,reject,c23-development:reject:unrelated:unrelated_postal_address:validation-f3:validation-e0,unrelated,historical_c23_public_development_diagnostic,,R4
,unrelated_postal_address,,unknown,reject,c23-development:reject:unrelated:unrelated_postal_address:validation-f4:validation-e1,unrelated,historical_c23_public_development_diagnostic,,R4
,unrelated_postal_address,,unknown,reject,c23-development:reject:unrelated:unrelated_postal_address:validation-f5:validation-e2,unrelated,historical_c23_public_development_diagnostic,,R4
,unrelated_account_balance,,unknown,reject,c23-development:reject:unrelated:unrelated_account_balance:validation-f0:validation-e4,unrelated,historical_c23_public_development_diagnostic,,R4
,unrelated_account_balance,,unknown,reject,c23-development:reject:unrelated:unrelated_account_balance:validation-f1:validation-e5,unrelated,historical_c23_public_development_diagnostic,,R4
,unrelated_account_balance,,unknown,reject,c23-development:reject:unrelated:unrelated_account_balance:validation-f2:validation-e0,unrelated,historical_c23_public_development_diagnostic,,R4
,unrelated_account_balance,,unknown,reject,c23-development:reject:unrelated:unrelated_account_balance:validation-f3:validation-e1,unrelated,historical_c23_public_development_diagnostic,,R4
,unrelated_account_balance,,unknown,reject,c23-development:reject:unrelated:unrelated_account_balance:validation-f4:validation-e2,unrelated,historical_c23_public_development_diagnostic,,R4
,unrelated_account_balance,,unknown,reject,c23-development:reject:unrelated:unrelated_account_balance:validation-f5:validation-e3,unrelated,historical_c23_public_development_diagnostic,,R4
,unrelated_favorite_color,,unknown,reject,c23-development:reject:unrelated:unrelated_favorite_color:validation-f0:validation-e5,unrelated,historical_c23_public_development_diagnostic,,R4
,unrelated_favorite_color,,unknown,reject,c23-development:reject:unrelated:unrelated_favorite_color:validation-f1:validation-e0,unrelated,historical_c23_public_development_diagnostic,,R4
,unrelated_favorite_color,,unknown,reject,c23-development:reject:unrelated:unrelated_favorite_color:validation-f2:validation-e1,unrelated,historical_c23_public_development_diagnostic,,R4
,unrelated_favorite_color,,unknown,reject,c23-development:reject:unrelated:unrelated_favorite_color:validation-f3:validation-e2,unrelated,historical_c23_public_development_diagnostic,,R4
,unrelated_favorite_color,,unknown,reject,c23-development:reject:unrelated:unrelated_favorite_color:validation-f4:validation-e3,unrelated,historical_c23_public_development_diagnostic,,R4
,unrelated_favorite_color,,unknown,reject,c23-development:reject:unrelated:unrelated_favorite_color:validation-f5:validation-e4,unrelated,historical_c23_public_development_diagnostic,,R4
,unrelated_preferred_language,,unknown,reject,c23-development:reject:unrelated:unrelated_preferred_language:validation-f0:validation-e0,unrelated,historical_c23_public_development_diagnostic,,R4
,unrelated_preferred_language,,unknown,reject,c23-development:reject:unrelated:unrelated_preferred_language:validation-f1:validation-e1,unrelated,historical_c23_public_development_diagnostic,,R4
,unrelated_preferred_language,,unknown,reject,c23-development:reject:unrelated:unrelated_preferred_language:validation-f2:validation-e2,unrelated,historical_c23_public_development_diagnostic,,R4
,unrelated_preferred_language,,unknown,reject,c23-development:reject:unrelated:unrelated_preferred_language:validation-f3:validation-e3,unrelated,historical_c23_public_development_diagnostic,,R4
,unrelated_preferred_language,,unknown,reject,c23-development:reject:unrelated:unrelated_preferred_language:validation-f4:validation-e4,unrelated,historical_c23_public_development_diagnostic,,R4
,unrelated_preferred_language,,unknown,reject,c23-development:reject:unrelated:unrelated_preferred_language:validation-f5:validation-e5,unrelated,historical_c23_public_development_diagnostic,,R4
,unrelated_owner_name,,unknown,reject,c23-development:reject:unrelated:unrelated_owner_name:validation-f0:validation-e1,unrelated,historical_c23_public_development_diagnostic,,R4
,unrelated_owner_name,,unknown,reject,c23-development:reject:unrelated:unrelated_owner_name:validation-f1:validation-e2,unrelated,historical_c23_public_development_diagnostic,,R4
,unrelated_owner_name,,unknown,reject,c23-development:reject:unrelated:unrelated_owner_name:validation-f2:validation-e3,unrelated,historical_c23_public_development_diagnostic,,R4
,unrelated_owner_name,,unknown,reject,c23-development:reject:unrelated:unrelated_owner_name:validation-f3:validation-e4,unrelated,historical_c23_public_development_diagnostic,,R4
,unrelated_owner_name,,unknown,reject,c23-development:reject:unrelated:unrelated_owner_name:validation-f4:validation-e5,unrelated,historical_c23_public_development_diagnostic,,R4
,unrelated_owner_name,,unknown,reject,c23-development:reject:unrelated:unrelated_owner_name:validation-f5:validation-e0,unrelated,historical_c23_public_development_diagnostic,,R4
,unrelated_creation_timestamp,,unknown,reject,c23-development:reject:unrelated:unrelated_creation_timestamp:validation-f0:validation-e2,unrelated,historical_c23_public_development_diagnostic,,R4
,unrelated_creation_timestamp,,unknown,reject,c23-development:reject:unrelated:unrelated_creation_timestamp:validation-f1:validation-e3,unrelated,historical_c23_public_development_diagnostic,,R4
,unrelated_creation_timestamp,,unknown,reject,c23-development:reject:unrelated:unrelated_creation_timestamp:validation-f2:validation-e4,unrelated,historical_c23_public_development_diagnostic,,R4
,unrelated_creation_timestamp,,unknown,reject,c23-development:reject:unrelated:unrelated_creation_timestamp:validation-f3:validation-e5,unrelated,historical_c23_public_development_diagnostic,,R4
,unrelated_creation_timestamp,,unknown,reject,c23-development:reject:unrelated:unrelated_creation_timestamp:validation-f4:validation-e0,unrelated,historical_c23_public_development_diagnostic,,R4
,unrelated_creation_timestamp,,unknown,reject,c23-development:reject:unrelated:unrelated_creation_timestamp:validation-f5:validation-e1,unrelated,historical_c23_public_development_diagnostic,,R4
,unrelated_current_status,,unknown,reject,c23-development:reject:unrelated:unrelated_current_status:validation-f0:validation-e3,unrelated,historical_c23_public_development_diagnostic,,R4
,unrelated_current_status,,unknown,reject,c23-development:reject:unrelated:unrelated_current_status:validation-f1:validation-e4,unrelated,historical_c23_public_development_diagnostic,,R4
,unrelated_current_status,,unknown,reject,c23-development:reject:unrelated:unrelated_current_status:validation-f2:validation-e5,unrelated,historical_c23_public_development_diagnostic,,R4
,unrelated_current_status,,unknown,reject,c23-development:reject:unrelated:unrelated_current_status:validation-f3:validation-e0,unrelated,historical_c23_public_development_diagnostic,,R4
,unrelated_current_status,,unknown,reject,c23-development:reject:unrelated:unrelated_current_status:validation-f4:validation-e1,unrelated,historical_c23_public_development_diagnostic,,R4
,unrelated_current_status,,unknown,reject,c23-development:reject:unrelated:unrelated_current_status:validation-f5:validation-e2,unrelated,historical_c23_public_development_diagnostic,,R4
,unrelated_category_description,,unknown,reject,c23-development:reject:unrelated:unrelated_category_description:validation-f0:validation-e4,unrelated,historical_c23_public_development_diagnostic,,R4
,unrelated_category_description,,unknown,reject,c23-development:reject:unrelated:unrelated_category_description:validation-f1:validation-e5,unrelated,historical_c23_public_development_diagnostic,,R4
,unrelated_category_description,,unknown,reject,c23-development:reject:unrelated:unrelated_category_description:validation-f2:validation-e0,unrelated,historical_c23_public_development_diagnostic,,R4
,unrelated_category_description,,unknown,reject,c23-development:reject:unrelated:unrelated_category_description:validation-f3:validation-e1,unrelated,historical_c23_public_development_diagnostic,,R4
,unrelated_category_description,,unknown,reject,c23-development:reject:unrelated:unrelated_category_description:validation-f4:validation-e2,unrelated,historical_c23_public_development_diagnostic,,R4
,unrelated_category_description,,unknown,reject,c23-development:reject:unrelated:unrelated_category_description:validation-f5:validation-e3,unrelated,historical_c23_public_development_diagnostic,,R4
,unrelated_last_update_date,,unknown,reject,c23-development:reject:unrelated:unrelated_last_update_date:validation-f0:validation-e5,unrelated,historical_c23_public_development_diagnostic,,R4
,unrelated_last_update_date,,unknown,reject,c23-development:reject:unrelated:unrelated_last_update_date:validation-f1:validation-e0,unrelated,historical_c23_public_development_diagnostic,,R4
,unrelated_last_update_date,,unknown,reject,c23-development:reject:unrelated:unrelated_last_update_date:validation-f2:validation-e1,unrelated,historical_c23_public_development_diagnostic,,R4
,unrelated_last_update_date,,unknown,reject,c23-development:reject:unrelated:unrelated_last_update_date:validation-f3:validation-e2,unrelated,historical_c23_public_development_diagnostic,,R4
,unrelated_last_update_date,,unknown,reject,c23-development:reject:unrelated:unrelated_last_update_date:validation-f4:validation-e3,unrelated,historical_c23_public_development_diagnostic,,R4
,unrelated_last_update_date,,unknown,reject,c23-development:reject:unrelated:unrelated_last_update_date:validation-f5:validation-e4,unrelated,historical_c23_public_development_diagnostic,,R4
